model,step,loss,rolling_loss,correct,running_accuracy,window_accuracy,category,target_index,name,predicted_category,predicted_index
RNN,1,2.99587082862854,2.99587082862854,0,0.0,0.0,Dutch,3,Kees de Jong,French,5
RNN,2,2.921863555908203,2.9588671922683716,0,0.0,0.0,Irish,8,Liam Walsh,French,5
RNN,3,2.9223175048828125,2.946683963139852,0,0.0,0.0,Greek,7,Ευάγγελος Παπαδάκης,Japanese,10
RNN,4,2.890740394592285,2.93269807100296,0,0.0,0.0,Dutch,3,Ruben Smit,German,6
RNN,5,2.9413795471191406,2.9344343662261965,0,0.0,0.0,Vietnamese,17,Trần Cường,Japanese,10
RNN,6,2.91658616065979,2.931459665298462,0,0.0,0.0,Portuguese,13,Jorge Silva,German,6
RNN,7,2.8911783695220947,2.9257051944732666,0,0.0,0.0,Arabic,0,عمر الخطيب,Irish,8
RNN,8,2.779388189315796,2.9074155688285828,0,0.0,0.0,German,6,Hannah Schneider,Irish,8
RNN,9,3.049494743347168,2.923202143775092,0,0.0,0.0,Spanish,16,Miguel Pérez,Irish,8
RNN,10,2.9279489517211914,2.9236768245697022,0,0.0,0.0,Arabic,0,عمر المالكي,Greek,7
RNN,11,2.8040828704833984,2.9128046469254927,0,0.0,0.0,German,6,Wolfgang Hoffmann,Dutch,3
RNN,12,2.8185782432556152,2.9049524466196694,0,0.0,0.0,Vietnamese,17,Huỳnh Hoàng,Dutch,3
RNN,13,2.863896608352661,2.901794305214515,0,0.0,0.0,Greek,7,Στέφανος Αθανασίου,Dutch,3
RNN,14,2.8611648082733154,2.898892198290144,0,0.0,0.0,Irish,8,Patrick Murphy,Dutch,3
RNN,15,2.9192399978637695,2.900248718261719,0,0.0,0.0,French,5,Jean-Luc d'Aubigné,Dutch,3
RNN,16,2.777509927749634,2.8925775438547134,0,0.0,0.0,Portuguese,13,Rui Oliveira,German,6
RNN,17,2.7547740936279297,2.8844714585472557,0,0.0,0.0,Irish,8,Aoife Kelly,German,6
RNN,18,2.672553062438965,2.8726982143190174,1,0.05555555555555555,0.05555555555555555,German,6,Maximilian Hoffmann,German,6
RNN,19,2.8666186332702637,2.872378236369083,0,0.05263157894736842,0.05263157894736842,Japanese,10,鈴木翔,Irish,8
RNN,20,3.086717128753662,2.883095180988312,0,0.05,0.05,Czech,2,Štěpán Černý,Dutch,3
RNN,21,2.6964430809020996,2.874206985746111,0,0.047619047619047616,0.047619047619047616,Dutch,3,Sander van Dijk,Irish,8
RNN,22,3.079043388366699,2.8835177313197744,0,0.045454545454545456,0.045454545454545456,Korean,11,윤수빈,Irish,8
RNN,23,2.607337713241577,2.871509904446809,0,0.043478260869565216,0.043478260869565216,Irish,8,Brendan Murphy,German,6
RNN,24,2.995265483856201,2.8766663869222007,0,0.041666666666666664,0.041666666666666664,Russian,14,Роман Васильев,Irish,8
RNN,25,2.611898422241211,2.866075668334961,0,0.04,0.04,Dutch,3,Finn van Dijk,Irish,8
RNN,26,2.9729859828948975,2.870187603510343,0,0.038461538461538464,0.038461538461538464,Czech,2,Petr Veselý,German,6
RNN,27,3.1793811321258545,2.881639215681288,0,0.037037037037037035,0.037037037037037035,Italian,9,Alessandro Marino,Dutch,3
RNN,28,3.018479824066162,2.8865263802664622,0,0.03571428571428571,0.03571428571428571,Korean,11,윤상현,German,6
RNN,29,2.5215041637420654,2.873939407282862,0,0.034482758620689655,0.034482758620689655,German,6,Hans Hoffmann,Irish,8
RNN,30,3.0002634525299072,2.878150208791097,0,0.03333333333333333,0.03333333333333333,Czech,2,Marek Novák,Irish,8
RNN,31,2.769571304321289,2.8746476634856193,0,0.03225806451612903,0.03225806451612903,Greek,7,Ελένη Σταυρίδης,Irish,8
RNN,32,3.1508870124816895,2.8832801431417465,0,0.03125,0.03125,Italian,9,Alessandro Russo,Irish,8
RNN,33,2.6852285861968994,2.8772785808100845,0,0.030303030303030304,0.030303030303030304,Greek,7,Αλέξανδρος Παπαδάκης,Irish,8
RNN,34,3.1766481399536133,2.8860835678437176,0,0.029411764705882353,0.029411764705882353,Polish,12,Wojciech Wójcik,Dutch,3
RNN,35,2.9400362968444824,2.8876250743865968,0,0.02857142857142857,0.02857142857142857,Russian,14,Андрей Михайлов,Irish,8
RNN,36,2.941065788269043,2.889109538661109,0,0.027777777777777776,0.027777777777777776,Korean,11,박지훈,Irish,8
RNN,37,2.918776035308838,2.8899113358678044,0,0.02702702702702703,0.02702702702702703,Korean,11,정서준,Irish,8
RNN,38,2.5822224617004395,2.8818142602318213,0,0.02631578947368421,0.02631578947368421,German,6,Matthias Schulz,Irish,8
RNN,39,2.561699151992798,2.873606180533385,1,0.05128205128205128,0.05128205128205128,Irish,8,Aoife O'Connor,Irish,8
RNN,40,2.707364320755005,2.8694501340389253,0,0.05,0.05,Czech,2,Daniel Veselý,German,6
RNN,41,2.8801615238189697,2.8697113874481945,0,0.04878048780487805,0.04878048780487805,French,5,Noël Durand,Irish,8
RNN,42,2.6644744873046875,2.864824794587635,0,0.047619047619047616,0.047619047619047616,Greek,7,Δημήτριος Γεωργίου,Irish,8
RNN,43,2.832148313522339,2.864064876423326,0,0.046511627906976744,0.046511627906976744,Russian,14,Роман Кузнецов,Irish,8
RNN,44,2.4918594360351562,2.855605661869049,1,0.06818181818181818,0.06818181818181818,Irish,8,Conor O'Connor,Irish,8
RNN,45,2.790614604949951,2.854161416159736,0,0.06666666666666667,0.06666666666666667,Vietnamese,17,Lê Phong,Irish,8
RNN,46,2.9645559787750244,2.8565612979557202,0,0.06521739130434782,0.06521739130434782,Japanese,10,加藤悠斗,Greek,7
RNN,47,3.2363808155059814,2.864642564286577,0,0.06382978723404255,0.06382978723404255,Chinese,1,张霞,Irish,8
RNN,48,3.247763156890869,2.872624243299166,0,0.0625,0.0625,Chinese,1,陈伟,Irish,8
RNN,49,3.0288398265838623,2.8758123164274254,0,0.061224489795918366,0.061224489795918366,Polish,12,Jakub Wójcik,Irish,8
RNN,50,2.682368755340576,2.8719434452056887,0,0.06,0.06,Czech,2,Filip Novotný,Irish,8
RNN,51,2.906576156616211,2.870157551765442,0,0.058823529411764705,0.06,Japanese,10,高橋誠,Irish,8
RNN,52,3.3536925315856934,2.8787941312789918,0,0.057692307692307696,0.06,Scottish,15,Angus Murray,Irish,8
RNN,53,2.7303004264831543,2.8749537897109985,0,0.05660377358490566,0.06,Russian,14,Павел Петров,Irish,8
RNN,54,2.4026966094970703,2.865192914009094,1,0.07407407407407407,0.08,Irish,8,Michael Kelly,Irish,8
RNN,55,2.488187313079834,2.856129069328308,1,0.09090909090909091,0.1,Greek,7,Μιχάλης Σταυρίδης,Greek,7
RNN,56,2.9129858016967773,2.856057062149048,0,0.08928571428571429,0.1,Vietnamese,17,Phan Quân,German,6
RNN,57,2.419450044631958,2.846622495651245,1,0.10526315789473684,0.12,Irish,8,Brendan Kennedy,Irish,8
RNN,58,3.005643129348755,2.8511475944519042,0,0.10344827586206896,0.12,Portuguese,13,Luís Martins,Irish,8
RNN,59,2.9096224308013916,2.8483501482009888,0,0.1016949152542373,0.12,Polish,12,Grzegorz Kowalczyk,Irish,8
RNN,60,2.382429838180542,2.837439765930176,1,0.11666666666666667,0.14,Greek,7,Ευάγγελος Παπαδάκης,Greek,7
RNN,61,3.0811004638671875,2.8429801177978518,0,0.11475409836065574,0.14,Spanish,16,Fernando Sánchez,Irish,8
RNN,62,2.725780963897705,2.8411241722106935,0,0.11290322580645161,0.14,Czech,2,Adam Němec,Irish,8
RNN,63,3.0805270671844482,2.845456781387329,0,0.1111111111111111,0.14,Chinese,1,李军,Irish,8
RNN,64,3.522176742553711,2.8586770200729372,0,0.109375,0.14,English,4,James Taylor,Irish,8
RNN,65,2.7936289310455322,2.856164798736572,0,0.1076923076923077,0.14,French,5,Mathieu d'Aubigné,Irish,8
RNN,66,2.921879529953003,2.8590521907806394,0,0.10606060606060606,0.14,Portuguese,13,Diogo Martins,Irish,8
RNN,67,2.462646245956421,2.8532096338272095,1,0.11940298507462686,0.16,Czech,2,Břetislav Černý,Czech,2
RNN,68,2.906363010406494,2.85788583278656,0,0.11764705882352941,0.14,Polish,12,Grzegorz Zieliński,Irish,8
RNN,69,2.648859739303589,2.8535306549072263,0,0.11594202898550725,0.14,Russian,14,Олег Васильев,Irish,8
RNN,70,2.424269437789917,2.8402817010879517,1,0.12857142857142856,0.16,Irish,8,Patrick Gallagher,Irish,8
RNN,71,2.970839262008667,2.845769624710083,0,0.1267605633802817,0.16,Arabic,0,ماجد الشمري,Irish,8
RNN,72,2.8083078861236572,2.8403549146652223,0,0.125,0.16,Dutch,3,Lucas Smit,Irish,8
RNN,73,2.651500940322876,2.841238179206848,0,0.1232876712328767,0.16,Vietnamese,17,Đặng Long,Irish,8
RNN,74,2.270813226699829,2.8267491340637205,1,0.13513513513513514,0.18,Irish,8,Brian Kennedy,Irish,8
RNN,75,2.786632776260376,2.830243821144104,0,0.13333333333333333,0.18,Japanese,10,鈴木蓮,Irish,8
RNN,76,2.9791414737701416,2.830366930961609,0,0.13157894736842105,0.18,Italian,9,Luca Romano,Irish,8
RNN,77,2.7891018390655518,2.822561345100403,0,0.12987012987012986,0.18,French,5,Noël Richard,Irish,8
RNN,78,2.864372968673706,2.8194792079925537,0,0.1282051282051282,0.18,Arabic,0,خالد القحطاني,Irish,8
RNN,79,2.212151288986206,2.8132921504974364,1,0.13924050632911392,0.2,Irish,8,Ronan McCarthy,Irish,8
RNN,80,2.630906343460083,2.80590500831604,0,0.1375,0.2,French,5,Hugo Durand,Irish,8
RNN,81,2.651872396469116,2.8035510301589968,0,0.13580246913580246,0.2,Dutch,3,Jan Smit,Irish,8
RNN,82,2.881956100463867,2.79817241191864,0,0.13414634146341464,0.2,Italian,9,Carlo Marino,Irish,8
RNN,83,2.907191038131714,2.8026116609573366,0,0.13253012048192772,0.2,Spanish,16,Pablo Pérez,Irish,8
RNN,84,2.758899688720703,2.794256691932678,0,0.13095238095238096,0.2,German,6,Hannah Schmidt,Irish,8
RNN,85,2.8032538890838623,2.791521043777466,0,0.12941176470588237,0.2,Korean,11,임지민,Irish,8
RNN,86,2.438657283782959,2.7814728736877443,0,0.12790697674418605,0.2,French,5,Jean-Luc Durand,Irish,8
RNN,87,3.061410427093506,2.7843255615234375,0,0.12643678160919541,0.2,Spanish,16,Alejandro García,Irish,8
RNN,88,2.9002037048339844,2.790685186386108,0,0.125,0.2,Japanese,10,山本裕子,Irish,8
RNN,89,2.74013090133667,2.794253821372986,0,0.12359550561797752,0.18,Arabic,0,إبراهيم الخطيب,Irish,8
RNN,90,2.942967176437378,2.798965878486633,0,0.12222222222222222,0.18,Korean,11,최예은,Irish,8
RNN,91,2.585836410522461,2.793079376220703,0,0.12087912087912088,0.18,Greek,7,Στέφανος Παπαδόπουλος,Irish,8
RNN,92,2.6164345741271973,2.792118577957153,0,0.11956521739130435,0.18,Greek,7,Αλέξανδρος Βασιλείου,Irish,8
RNN,93,2.8007211685180664,2.791490035057068,0,0.11827956989247312,0.18,Czech,2,Petr Svoboda,Irish,8
RNN,94,3.3667428493499756,2.808987703323364,0,0.11702127659574468,0.16,Scottish,15,Stuart MacDonald,Irish,8
RNN,95,2.563720464706421,2.8044498205184936,0,0.11578947368421053,0.16,Vietnamese,17,Đặng Phong,French,5
RNN,96,3.243985176086426,2.8100384044647218,0,0.11458333333333333,0.16,English,4,Matthew Johnson,Irish,8
RNN,97,3.115006923675537,2.807610926628113,0,0.1134020618556701,0.16,Scottish,15,Alasdair Graham,French,5
RNN,98,2.6830785274505615,2.7963172340393068,0,0.11224489795918367,0.16,French,5,Gabriel Petit,Irish,8
RNN,99,2.5584192276000977,2.7869088220596314,0,0.1111111111111111,0.16,Spanish,16,Pablo Pérez,French,5
RNN,100,2.813873767852783,2.7895389223098754,0,0.11,0.16,Portuguese,13,André Ferreira,French,5
RNN,101,2.7048959732055664,2.7855053186416625,0,0.10891089108910891,0.16,Vietnamese,17,Đặng Minh,French,5
RNN,102,2.5401341915130615,2.76923415184021,0,0.10784313725490197,0.16,German,6,Klaus Hoffmann,French,5
RNN,103,2.6560981273651123,2.767750105857849,0,0.10679611650485436,0.16,Italian,9,Antonio Romano,French,5
RNN,104,2.779096841812134,2.7752781105041504,0,0.10576923076923077,0.14,Korean,11,강예준,Irish,8
RNN,105,2.6134486198425293,2.7777833366394042,0,0.10476190476190476,0.12,Spanish,16,Pablo Martínez,French,5
RNN,106,2.748222827911377,2.774488077163696,0,0.10377358490566038,0.12,Dutch,3,Hendrik van den Berg,Vietnamese,17
RNN,107,2.1688239574432373,2.769475555419922,1,0.11214953271028037,0.12,Greek,7,Μαρία Παπαδόπουλος,Greek,7
RNN,108,2.744270086288452,2.764248094558716,0,0.1111111111111111,0.12,Japanese,10,佐藤裕子,Irish,8
RNN,109,2.4407804012298584,2.754871253967285,0,0.11009174311926606,0.12,Vietnamese,17,Lê Thành,French,5
RNN,110,1.8436325788497925,2.74409530878067,1,0.11818181818181818,0.12,Greek,7,Δημήτριος Παπαδόπουλος,Greek,7
RNN,111,2.78377103805542,2.738148720264435,0,0.11711711711711711,0.12,Czech,2,Petr Němec,Spanish,16
RNN,112,2.9799158573150635,2.743231418132782,0,0.11607142857142858,0.12,Chinese,1,张霞,Irish,8
RNN,113,2.659376621246338,2.7348084092140197,0,0.11504424778761062,0.12,Czech,2,Jiří Novák,Spanish,16
RNN,114,2.6563029289245605,2.7174909329414367,0,0.11403508771929824,0.12,Japanese,10,佐藤健一,Greek,7
RNN,115,2.716062545776367,2.7159396052360534,0,0.11304347826086956,0.12,Spanish,16,Alejandro Rodríguez,Chinese,1
RNN,116,3.196514129638672,2.7214322972297667,0,0.11206896551724138,0.12,Irish,8,Brendan O'Connor,French,5
RNN,117,3.149076223373413,2.7351608967781065,0,0.1111111111111111,0.1,Scottish,15,Ross MacKenzie,French,5
RNN,118,2.1992669105529785,2.7210189747810363,0,0.11016949152542373,0.1,Vietnamese,17,Trần Minh,Greek,7
RNN,119,3.1475369930267334,2.730992519855499,0,0.1092436974789916,0.1,Scottish,15,Callum Campbell,Czech,2
RNN,120,3.1212241649627686,2.7449316143989564,0,0.10833333333333334,0.08,Scottish,15,Ewan Murray,Vietnamese,17
RNN,121,2.640061140060425,2.7383160519599916,0,0.10743801652892562,0.08,German,6,Jürgen Schmidt,Vietnamese,17
RNN,122,2.127645254135132,2.724702799320221,1,0.11475409836065574,0.1,Dutch,3,Daan Smit,Dutch,3
RNN,123,2.818239688873291,2.7280375742912293,0,0.11382113821138211,0.1,Portuguese,13,Francisco Oliveira,French,5
RNN,124,3.0863137245178223,2.7443475842475893,0,0.11290322580645161,0.08,Portuguese,13,Pedro Costa,Czech,2
RNN,125,2.915804862976074,2.746931025981903,0,0.112,0.08,Russian,14,Виктор Новиков,French,5
RNN,126,3.057610273361206,2.7485004019737245,0,0.1111111111111111,0.08,Chinese,1,吴杰,Greek,7
RNN,127,2.7637619972229004,2.7479936051368714,0,0.11023622047244094,0.08,Dutch,3,Sem de Jong,Vietnamese,17
RNN,128,3.0370655059814453,2.751447455883026,0,0.109375,0.08,Polish,12,Michał Woźniak,Greek,7
RNN,129,2.570800542831421,2.7586204409599304,1,0.11627906976744186,0.08,Japanese,10,鈴木愛,Japanese,10
RNN,130,1.7567553520202637,2.741137421131134,1,0.12307692307692308,0.1,Greek,7,Ανδρέας Γεωργίου,Greek,7
RNN,131,2.6152613162994385,2.7404051995277405,0,0.12213740458015267,0.1,German,6,Felix Wagner,Irish,8
RNN,132,2.5590734481811523,2.7339475464820864,1,0.12878787878787878,0.12,Russian,14,Олег Петров,Russian,14
RNN,133,2.54254150390625,2.7266545557975768,1,0.13533834586466165,0.14,Portuguese,13,Miguel Ferreira,Portuguese,13
RNN,134,2.5137758255004883,2.721752078533173,0,0.13432835820895522,0.14,Irish,8,Saoirse Doyle,Greek,7
RNN,135,2.361358404159546,2.7129141688346863,0,0.13333333333333333,0.14,Greek,7,Σοφία Παπαδόπουλος,Scottish,15
RNN,136,2.9376254081726074,2.7228935313224794,0,0.1323529411764706,0.14,Russian,14,Александр Соколов,Greek,7
RNN,137,2.3852412700653076,2.7093701481819155,1,0.1386861313868613,0.16,Dutch,3,Joris de Jong,Dutch,3
RNN,138,2.392587661743164,2.699217827320099,0,0.13768115942028986,0.16,Vietnamese,17,Nguyễn Dũng,Dutch,3
RNN,139,2.5120303630828857,2.694655816555023,1,0.14388489208633093,0.18,Czech,2,David Němec,Czech,2
RNN,140,1.8562918901443481,2.6729223108291627,1,0.15,0.2,Greek,7,Ιωάννης Γεωργίου,Greek,7
RNN,141,2.726689338684082,2.675739369392395,0,0.14893617021276595,0.2,Portuguese,13,Carlos Rodrigues,German,6
RNN,142,3.0914366245269775,2.6852394104003907,0,0.14788732394366197,0.2,Scottish,15,Ross MacKenzie,Irish,8
RNN,143,2.996760845184326,2.689160203933716,0,0.14685314685314685,0.2,Polish,12,Kamil Nowak,Greek,7
RNN,144,2.913457155227661,2.6800944900512693,0,0.14583333333333334,0.2,French,5,Pierre Robert,Greek,7
RNN,145,2.874636650085449,2.68631281375885,0,0.14482758620689656,0.2,Arabic,0,مصطفى الغامدي,Greek,7
RNN,146,2.6356725692749023,2.6741465616226194,0,0.14383561643835616,0.2,Irish,8,Brian Doyle,Greek,7
RNN,147,2.681856870651245,2.6654835605621336,0,0.14285714285714285,0.2,Italian,9,Gabriele Romano,Greek,7
RNN,148,2.2386770248413086,2.6565955305099487,1,0.14864864864864866,0.22,Vietnamese,17,Võ Khang,Vietnamese,17
RNN,149,3.0115976333618164,2.665659098625183,0,0.1476510067114094,0.22,Scottish,15,Isla MacLeod,Greek,7
RNN,150,2.67675518989563,2.66291672706604,0,0.14666666666666667,0.22,German,6,Maximilian Fischer,Greek,7
RNN,151,2.6668622493743896,2.6621560525894163,0,0.1456953642384106,0.22,German,6,Friedrich Müller,Irish,8
RNN,152,2.6253228187561035,2.6638598251342773,0,0.14473684210526316,0.22,Vietnamese,17,Nguyễn Ngọc,Greek,7
RNN,153,2.5398075580596924,2.661534013748169,1,0.1503267973856209,0.24,Japanese,10,佐藤誠,Japanese,10
RNN,154,2.9055111408233643,2.6640622997283936,0,0.14935064935064934,0.24,Chinese,1,赵洋,Irish,8
RNN,155,2.986668109893799,2.671526689529419,0,0.14838709677419354,0.24,Scottish,15,Hamish Fraser,German,6
RNN,156,2.675100564956665,2.670064244270325,0,0.14743589743589744,0.24,Spanish,16,Alejandro González,German,6
RNN,157,3.009434700012207,2.686876459121704,0,0.1464968152866242,0.22,Chinese,1,黄勇,Irish,8
RNN,158,2.463608741760254,2.68126323223114,1,0.1518987341772152,0.24,Czech,2,Ondřej Novotný,Czech,2
RNN,159,2.6418018341064453,2.685283660888672,0,0.1509433962264151,0.24,Czech,2,David Veselý,Dutch,3
RNN,160,2.384169340133667,2.6960943961143493,1,0.15625,0.24,Czech,2,David Horák,Czech,2
RNN,161,1.9306797981262207,2.679032571315765,1,0.16149068322981366,0.26,Greek,7,Νικόλαος Αθανασίου,Greek,7
RNN,162,2.7318763732910156,2.6740717816352846,0,0.16049382716049382,0.26,Dutch,3,Dirk Visser,German,6
RNN,163,1.8666590452194214,2.658217430114746,1,0.1656441717791411,0.28,Greek,7,Βασίλειος Βασιλείου,Greek,7
RNN,164,2.710263729095459,2.659296646118164,0,0.16463414634146342,0.28,Chinese,1,赵霞,Irish,8
RNN,165,2.681487798690796,2.658605151176453,0,0.16363636363636364,0.28,Czech,2,Ondřej Procházka,Portuguese,13
RNN,166,2.682810068130493,2.648331069946289,0,0.16265060240963855,0.28,Spanish,16,Alejandro López,German,6
RNN,167,2.786487340927124,2.641079292297363,0,0.16167664670658682,0.28,Irish,8,Ciarán O'Brien,German,6
RNN,168,2.6219561100006104,2.649533076286316,0,0.16071428571428573,0.28,Japanese,10,田中花子,Greek,7
RNN,169,2.3337879180908203,2.633258094787598,0,0.15976331360946747,0.28,Irish,8,Patrick Doyle,Czech,2
RNN,170,3.405392646789551,2.6389414644241334,0,0.1588235294117647,0.28,English,4,Daniel Taylor,Irish,8
RNN,171,2.533843755722046,2.6368171167373657,0,0.15789473684210525,0.28,Italian,9,Stefano Romano,Vietnamese,17
RNN,172,2.5575997829437256,2.6454162073135374,1,0.16279069767441862,0.28,Japanese,10,加藤大輔,Japanese,10
RNN,173,1.9863499402999878,2.6287784123420717,1,0.1676300578034682,0.3,Czech,2,Pavel Novák,Czech,2
RNN,174,2.1633241176605225,2.6103186202049256,1,0.1724137931034483,0.32,Russian,14,Юрий Соколов,Russian,14
RNN,175,1.9275212287902832,2.5905529475212097,0,0.17142857142857143,0.32,Dutch,3,Anne de Jong,Vietnamese,17
RNN,176,2.897460699081421,2.587349956035614,0,0.17045454545454544,0.32,Vietnamese,17,Lê Nam,Irish,8
RNN,177,2.428351402282715,2.5806417441368104,0,0.1694915254237288,0.32,Spanish,16,Francisco Rodríguez,Dutch,3
RNN,178,3.2704310417175293,2.585309054851532,0,0.16853932584269662,0.32,English,4,Charles Jones,Czech,2
RNN,179,3.129478931427002,2.5964826226234434,0,0.16759776536312848,0.3,Czech,2,Pavel Dvořák,Dutch,3
RNN,180,2.65838885307312,2.6145152926445006,0,0.16666666666666666,0.28,Korean,11,최예준,Japanese,10
RNN,181,2.685046911239624,2.6159110045433045,0,0.16574585635359115,0.28,French,5,Lucien Richard,Irish,8
RNN,182,2.3477883338928223,2.6116853022575377,1,0.17032967032967034,0.28,Vietnamese,17,Đặng Anh,Vietnamese,17
RNN,183,3.1281821727752686,2.6233981156349184,0,0.16939890710382513,0.26,Italian,9,Riccardo Ricci,Czech,2
RNN,184,2.7410271167755127,2.6279431414604186,0,0.16847826086956522,0.26,Spanish,16,Carlos García,Dutch,3
RNN,185,2.0658555030822754,2.622033083438873,1,0.17297297297297298,0.28,Vietnamese,17,Phạm Phong,Vietnamese,17
RNN,186,2.2675271034240723,2.6086311173439025,1,0.1774193548387097,0.3,Dutch,3,Lucas Jansen,Dutch,3
RNN,187,2.2298974990844727,2.605524241924286,1,0.18181818181818182,0.3,Irish,8,Eoin Kelly,Irish,8
RNN,188,2.242824077606201,2.6025289702415466,1,0.18617021276595744,0.32,Dutch,3,Thomas Meijer,Dutch,3
RNN,189,2.391508102416992,2.6001185250282286,0,0.18518518518518517,0.3,Vietnamese,17,Trần Tuấn,Dutch,3
RNN,190,2.1740784645080566,2.606474256515503,1,0.18947368421052632,0.3,Irish,8,Ciarán Walsh,Irish,8
RNN,191,2.374568462371826,2.5994318389892577,0,0.18848167539267016,0.3,German,6,Wolfgang Hoffmann,Czech,2
RNN,192,2.312636137008667,2.5838558292388916,1,0.19270833333333334,0.32,Japanese,10,高橋大輔,Japanese,10
RNN,193,2.354246139526367,2.5710055351257326,0,0.19170984455958548,0.32,Irish,8,Eoin McCarthy,Dutch,3
RNN,194,2.8013858795166016,2.5687641096115112,0,0.19072164948453607,0.32,Scottish,15,Ewan Campbell,Dutch,3
RNN,195,2.665609121322632,2.564583559036255,1,0.19487179487179487,0.34,Chinese,1,李敏,Chinese,1
RNN,196,2.859497547149658,2.56906005859375,0,0.19387755102040816,0.34,Portuguese,13,Francisco Pereira,Irish,8
RNN,197,2.6841824054718018,2.5691065692901613,0,0.19289340101522842,0.34,Chinese,1,王伟,Japanese,10
RNN,198,2.2679734230041504,2.569692497253418,1,0.19696969696969696,0.34,Japanese,10,加藤彩,Japanese,10
RNN,199,3.0079972743988037,2.5696204900741577,0,0.19597989949748743,0.34,English,4,Michael Taylor,Irish,8
RNN,200,1.8020251989364624,2.5521258902549744,1,0.2,0.36,Irish,8,Patrick O'Brien,Irish,8
RNN,201,1.8285959959030151,2.535360565185547,1,0.20398009950248755,0.38,Russian,14,Алексей Соколов,Russian,14
RNN,202,3.656985282897949,2.555993814468384,0,0.20297029702970298,0.38,Portuguese,13,Manuel Martins,Dutch,3
RNN,203,2.9688291549682617,2.564574246406555,0,0.2019704433497537,0.36,Arabic,0,إبراهيم الخطيب,Dutch,3
RNN,204,1.9327383041381836,2.5451187896728515,0,0.20098039215686275,0.36,Czech,2,Matěj Horák,Irish,8
RNN,205,3.795243978500366,2.561290307044983,0,0.2,0.36,English,4,J.R. Davis,Dutch,3
RNN,206,2.649092674255371,2.560770149230957,0,0.19902912621359223,0.36,Chinese,1,陈涛,Japanese,10
RNN,207,1.8630993366241455,2.537843441963196,0,0.19806763285024154,0.36,Vietnamese,17,Trần Quân,Dutch,3
RNN,208,2.9373369216918945,2.5473180055618285,0,0.1971153846153846,0.34,Portuguese,13,Diogo Santos,Irish,8
RNN,209,2.447706460952759,2.5434360980987547,1,0.20095693779904306,0.36,Chinese,1,刘霞,Chinese,1
RNN,210,2.566122531890869,2.5470751619338987,0,0.2,0.34,Korean,11,김서준,Japanese,10
RNN,211,2.622767686843872,2.560916919708252,0,0.1990521327014218,0.32,Korean,11,박지호,Japanese,10
RNN,212,1.7288812398910522,2.5408570170402527,1,0.2028301886792453,0.34,Greek,7,Μιχάλης Αλεξίου,Greek,7
RNN,213,1.7376987934112549,2.538277812004089,1,0.20657276995305165,0.34,Dutch,3,Thomas van Dijk,Dutch,3
RNN,214,2.3880631923675537,2.5318338012695314,0,0.205607476635514,0.34,Vietnamese,17,Huỳnh Đức,Czech,2
RNN,215,3.339691162109375,2.544997868537903,0,0.20465116279069767,0.34,English,4,James Brown,Vietnamese,17
RNN,216,3.2249884605407715,2.5558414363861086,0,0.2037037037037037,0.34,French,5,Étienne Thomas,Irish,8
RNN,217,2.596357822418213,2.5520388460159302,0,0.20276497695852536,0.34,Portuguese,13,Miguel Silva,Vietnamese,17
RNN,218,3.0655136108398438,2.5609099960327146,0,0.2018348623853211,0.34,French,5,Georges L'Hôpital,Irish,8
RNN,219,1.8276398181915283,2.550787034034729,1,0.2054794520547945,0.36,Japanese,10,渡辺裕子,Japanese,10
RNN,220,1.2776601314544678,2.508232383728027,1,0.20909090909090908,0.38,Greek,7,Βασίλειος Δημητρίου,Greek,7
RNN,221,2.975576877593994,2.5170670461654665,0,0.2081447963800905,0.38,French,5,J.-P. d'Aubigné,Dutch,3
RNN,222,1.5131471157073975,2.4961779928207397,1,0.21171171171171171,0.38,Dutch,3,Sophie van Dijk,Dutch,3
RNN,223,2.1964385509490967,2.500379765033722,1,0.21524663677130046,0.38,Chinese,1,黄伟,Chinese,1
RNN,224,1.1549569368362427,2.4802124214172365,1,0.21875,0.38,Greek,7,Θεόδωρος Γεωργίου,Greek,7
RNN,225,2.5046591758728027,2.491755180358887,0,0.21777777777777776,0.38,Russian,14,Евгений Кузнецов,Greek,7
RNN,226,2.799100399017334,2.489787974357605,0,0.2168141592920354,0.38,Italian,9,Vincenzo Ferrari,Vietnamese,17
RNN,227,1.0579314231872559,2.462379574775696,1,0.22026431718061673,0.4,Greek,7,Παναγιώτης Παπαδόπουλος,Greek,7
RNN,228,2.613774538040161,2.4492464447021485,0,0.21929824561403508,0.4,German,6,Klaus Meyer,Vietnamese,17
RNN,229,1.3615872859954834,2.413888611793518,1,0.22270742358078602,0.42,Japanese,10,田中陽子,Japanese,10
RNN,230,1.9272387027740479,2.3992656087875366,1,0.22608695652173913,0.44,Czech,2,Štěpán Němec,Czech,2
RNN,231,3.3825554847717285,2.4132157802581786,0,0.22510822510822512,0.44,Irish,8,Eoin O'Sullivan,Spanish,16
RNN,232,2.0262279510498047,2.4067845726013184,1,0.22844827586206898,0.44,Spanish,16,Carlos Martínez,Spanish,16
RNN,233,1.8776775598526,2.381774480342865,0,0.22746781115879827,0.44,Vietnamese,17,Hoàng Đức,Greek,7
RNN,234,2.329402208328247,2.37354198217392,0,0.2264957264957265,0.44,Arabic,0,عبدالله الخطيب,Greek,7
RNN,235,2.439513921737671,2.3810151505470274,0,0.225531914893617,0.42,Irish,8,Declan O'Brien,German,6
RNN,236,2.41682767868042,2.3840011620521544,0,0.2245762711864407,0.4,Irish,8,Eoin Murphy,Greek,7
RNN,237,2.7122702598571777,2.393648617267609,0,0.22362869198312235,0.38,Dutch,3,Joris Visser,Vietnamese,17
RNN,238,2.348451614379883,2.3957611680030824,0,0.22268907563025211,0.36,Portuguese,13,Jorge Oliveira,Spanish,16
RNN,239,1.1455888748168945,2.37084278345108,1,0.22594142259414227,0.38,Japanese,10,渡辺陽子,Japanese,10
RNN,240,2.255075216293335,2.3724627184867857,1,0.22916666666666666,0.38,Spanish,16,Jorge Fernández,Spanish,16
RNN,241,3.103224277496338,2.387035834789276,0,0.22821576763485477,0.38,Polish,12,Marcin Zieliński,Czech,2
RNN,242,2.2676608562469482,2.386136329174042,0,0.22727272727272727,0.36,German,6,Dieter Fischer,Irish,8
RNN,243,2.2271642684936523,2.3835946917533875,1,0.23045267489711935,0.38,Chinese,1,周芳,Chinese,1
RNN,244,2.4688496589660645,2.3769439673423767,0,0.22950819672131148,0.38,Portuguese,13,João Silva,Dutch,3
RNN,245,2.0875558853149414,2.365382902622223,0,0.22857142857142856,0.36,Spanish,16,Rafael Sánchez,German,6
RNN,246,2.442058801651001,2.3570341277122497,0,0.22764227642276422,0.36,German,6,Johannes Weber,Spanish,16
RNN,247,2.408412218093872,2.3515187239646913,0,0.22672064777327935,0.36,Portuguese,13,Filipe Silva,German,6
RNN,248,1.2047284841537476,2.330253825187683,1,0.22983870967741934,0.36,Japanese,10,中村さくら,Japanese,10
RNN,249,1.3575897216796875,2.297245674133301,1,0.23293172690763053,0.38,Japanese,10,小林美咲,Japanese,10
RNN,250,2.991976261138916,2.32104469537735,0,0.232,0.36,Dutch,3,Johan Meijer,Spanish,16
RNN,251,3.3114891052246094,2.350702557563782,0,0.23107569721115537,0.34,Italian,9,Giovanni Colombo,Japanese,10
RNN,252,2.1879405975341797,2.3213216638565064,0,0.23015873015873015,0.34,Italian,9,Lorenzo Marino,Spanish,16
RNN,253,1.9946309328079224,2.3018376994132996,0,0.22924901185770752,0.34,Portuguese,13,Manuel Oliveira,Spanish,16
RNN,254,2.9664902687072754,2.3225127387046816,0,0.2283464566929134,0.34,Polish,12,Zbigniew Szymański,Chinese,1
RNN,255,3.0671157836914062,2.3079501748085023,0,0.22745098039215686,0.34,Italian,9,Andrea Ricci,Vietnamese,17
RNN,256,3.264346122741699,2.3202552437782287,0,0.2265625,0.34,English,4,Charles Williams,Portuguese,13
RNN,257,1.9247636795043945,2.321488530635834,1,0.22957198443579765,0.36,Portuguese,13,Francisco Jesus,Portuguese,13
RNN,258,3.3986566066741943,2.3307149243354797,0,0.22868217054263565,0.36,Polish,12,Adam Szymański,Dutch,3
RNN,259,2.6803483963012695,2.33536776304245,0,0.2277992277992278,0.34,French,5,Pierre Dubois,Dutch,3
RNN,260,2.7446765899658203,2.338938844203949,0,0.22692307692307692,0.34,Italian,9,Carlo Romano,Japanese,10
RNN,261,2.139525890350342,2.329274008274078,0,0.2260536398467433,0.34,Vietnamese,17,Nguyễn Anh,Japanese,10
RNN,262,2.2893893718719482,2.340484170913696,0,0.22519083969465647,0.32,Italian,9,Matteo Esposito,Portuguese,13
RNN,263,1.913332223892212,2.3439968395233155,1,0.22813688212927757,0.32,German,6,Christian Meyer,German,6
RNN,264,0.46697157621383667,2.305575007200241,1,0.23106060606060605,0.34,Japanese,10,渡辺さくら,Japanese,10
RNN,265,3.0752010345458984,2.3002852046489717,0,0.23018867924528302,0.34,Russian,14,Михаил Попов,Portuguese,13
RNN,266,2.3008241653442383,2.2818019187450407,0,0.22932330827067668,0.34,German,6,Christian Wagner,Spanish,16
RNN,267,3.156162977218628,2.2929980218410493,0,0.22846441947565543,0.34,Scottish,15,Hamish Robertson,Russian,14
RNN,268,2.5831737518310547,2.2833512246608736,0,0.22761194029850745,0.34,French,5,Georges d'Aubigné,Italian,9
RNN,269,2.2791056632995605,2.292380541563034,0,0.22676579925650558,0.32,Czech,2,David Dvořák,Portuguese,13
RNN,270,2.440589189529419,2.315639122724533,0,0.22592592592592592,0.3,Spanish,16,Jorge Gómez,German,6
RNN,271,0.5399556159973145,2.2669266974925995,1,0.22878228782287824,0.32,Japanese,10,鈴木直子,Japanese,10
RNN,272,2.5446929931640625,2.2875576150417327,0,0.22794117647058823,0.3,Greek,7,Σπυρίδων Αλεξίου,Portuguese,13
RNN,273,2.063981533050537,2.284908474683762,0,0.2271062271062271,0.28,Italian,9,Stefano Ferrari,Portuguese,13
RNN,274,1.868944525718689,2.2991882264614105,1,0.22992700729927007,0.28,German,6,Felix Schmidt,German,6
RNN,275,3.5294573307037354,2.3196841895580294,0,0.2290909090909091,0.28,Arabic,0,طارق الحداد,Japanese,10
RNN,276,1.9459739923477173,2.3026216614246366,1,0.2318840579710145,0.3,Greek,7,Δημήτριος Κωνσταντίνου,Greek,7
RNN,277,2.6476423740386963,2.3344158804416657,0,0.23104693140794225,0.28,Czech,2,Matěj Procházka,Portuguese,13
RNN,278,2.4012508392333984,2.3301654064655306,0,0.2302158273381295,0.28,Portuguese,13,José Jesus,Japanese,10
RNN,279,1.8060517311096191,2.339054695367813,1,0.23297491039426524,0.28,German,6,Wolfgang Hoffmann,German,6
RNN,280,3.112090587615967,2.3627517330646515,0,0.23214285714285715,0.26,Polish,12,Michał Lewandowski,Czech,2
RNN,281,3.1819891929626465,2.3587404072284697,0,0.2313167259786477,0.26,Polish,12,Andrzej Wójcik,Dutch,3
RNN,282,2.8155999183654785,2.374527846574783,0,0.23049645390070922,0.24,English,4,Joseph Taylor,Dutch,3
RNN,283,3.1039459705352783,2.3990532147884367,0,0.22968197879858657,0.24,Arabic,0,كريم القحطاني,Japanese,10
RNN,284,2.1137099266052246,2.3947393691539762,0,0.22887323943661972,0.24,Dutch,3,Lotte Meijer,Japanese,10
RNN,285,1.6746845245361328,2.3794427812099457,1,0.23157894736842105,0.26,Portuguese,13,Bruno Ferreira,Portuguese,13
RNN,286,2.2522640228271484,2.3761515080928803,0,0.23076923076923078,0.26,French,5,Jean-Luc d'Aubigné,German,6
RNN,287,2.1488606929779053,2.3648833167552947,0,0.22996515679442509,0.26,Spanish,16,Sergio Martínez,German,6
RNN,288,1.9944837093353271,2.3578039586544035,1,0.2326388888888889,0.28,Chinese,1,赵娜,Chinese,1
RNN,289,1.3405866622924805,2.3617039144039156,1,0.23529411764705882,0.28,Greek,7,Θεόδωρος Παπαδάκης,Greek,7
RNN,290,2.3081130981445312,2.362764672040939,1,0.23793103448275862,0.28,Russian,14,Николай Петров,Russian,14
RNN,291,2.1856729984283447,2.3444136464595795,1,0.24054982817869416,0.3,Russian,14,Иван Михайлов,Russian,14
RNN,292,1.5819672346115112,2.3306997740268707,1,0.24315068493150685,0.32,Spanish,16,Daniel Pérez,Spanish,16
RNN,293,0.4367227852344513,2.2948909443616867,1,0.24573378839590443,0.32,Japanese,10,加藤京子,Japanese,10
RNN,294,2.0300636291503906,2.286115223765373,0,0.24489795918367346,0.32,Russian,14,Павел Соколов,Japanese,10
RNN,295,1.7502710819244385,2.279369527697563,1,0.24745762711864408,0.34,Spanish,16,Jorge Martínez,Spanish,16
RNN,296,1.938584327697754,2.269300038218498,1,0.25,0.36,Vietnamese,17,Huỳnh Nam,Vietnamese,17
RNN,297,2.3601181507110596,2.268334156870842,1,0.25252525252525254,0.38,French,5,Jules L'Hôpital,French,5
RNN,298,2.888671398162842,2.302013015151024,0,0.2516778523489933,0.36,Scottish,15,Rory Murray,German,6
RNN,299,2.4362573623657227,2.3235863679647446,0,0.2508361204013378,0.34,Irish,8,Ciarán Kennedy,German,6
RNN,300,0.8809333443641663,2.2813655096292496,1,0.25333333333333335,0.36,Greek,7,Νικόλαος Αλεξίου,Greek,7
RNN,301,1.976991057395935,2.254675548672676,1,0.2558139534883721,0.38,Irish,8,Brian Kennedy,Irish,8
RNN,302,2.727412223815918,2.2654649811983107,0,0.25496688741721857,0.38,Spanish,16,David Sánchez,Irish,8
RNN,303,0.8494789004325867,2.242561940550804,1,0.25742574257425743,0.4,Greek,7,Μιχάλης Δημητρίου,Greek,7
RNN,304,2.412186861038208,2.231475872397423,0,0.2565789473684211,0.4,Russian,14,Юрий Иванов,Japanese,10
RNN,305,1.9492602348327637,2.20911876142025,0,0.25573770491803277,0.4,Italian,9,Alessandro Esposito,Spanish,16
RNN,306,3.1760010719299316,2.2073518604040148,0,0.2549019607843137,0.4,Irish,8,Declan O'Sullivan,Spanish,16
RNN,307,0.6251006126403809,2.1813585990667343,1,0.25732899022801303,0.4,Japanese,10,山本健一,Japanese,10
RNN,308,2.6334352493286133,2.1660541719198227,0,0.2564935064935065,0.4,Czech,2,Daniel Svoboda,Spanish,16
RNN,309,3.1342272758483887,2.175131749510765,0,0.255663430420712,0.4,English,4,J.R. Williams,Spanish,16
RNN,310,2.5578222274780273,2.1713946622610094,0,0.25483870967741934,0.4,Polish,12,Stanisław Szymański,Chinese,1
RNN,311,3.1850688457489014,2.1923055213689806,0,0.2540192926045016,0.4,English,4,James St. John,Spanish,16
RNN,312,2.0160322189331055,2.1868383783102034,1,0.2564102564102564,0.42,German,6,Lukas Müller,German,6
RNN,313,2.6483840942382812,2.201539415717125,0,0.25559105431309903,0.4,Portuguese,13,Carlos Costa,Czech,2
RNN,314,0.482394814491272,2.2018478804826738,1,0.25796178343949044,0.4,Japanese,10,山本健一,Japanese,10
RNN,315,2.1902198791503906,2.1841482573747637,0,0.2571428571428571,0.4,Russian,14,Виктор Попов,Czech,2
RNN,316,1.9886689186096191,2.177905152440071,1,0.25949367088607594,0.42,Chinese,1,张杰,Chinese,1
RNN,317,1.6996718645095825,2.1487753301858903,1,0.2618296529968454,0.44,Portuguese,13,Inês Oliveira,Portuguese,13
RNN,318,3.3717572689056396,2.164547000527382,0,0.2610062893081761,0.44,Arabic,0,ياسر القحطاني,German,6
RNN,319,2.6304914951324463,2.17157471716404,0,0.2601880877742947,0.44,Polish,12,Andrzej Lewandowski,Chinese,1
RNN,320,2.884671449661255,2.180456362366676,0,0.259375,0.44,Arabic,0,سعيد الغامدي,Czech,2
RNN,321,2.4899134635925293,2.2194555193185805,0,0.2585669781931464,0.42,Italian,9,Marco Greco,Irish,8
RNN,322,2.7693586349487305,2.223948832154274,0,0.2577639751552795,0.42,Polish,12,Marcin Kamiński,Vietnamese,17
RNN,323,1.661669373512268,2.2159025889635084,1,0.26006191950464397,0.44,Vietnamese,17,Đặng Linh,Vietnamese,17
RNN,324,2.030935525894165,2.219142408967018,0,0.25925925925925924,0.42,Vietnamese,17,Vũ Nam,Japanese,10
RNN,325,1.3987302780151367,2.1765278679132463,0,0.25846153846153846,0.42,Greek,7,Κωνσταντίνος Κωνσταντίνου,Japanese,10
RNN,326,0.8017387390136719,2.1536431628465653,1,0.2607361963190184,0.42,Greek,7,Ανδρέας Δημητρίου,Greek,7
RNN,327,2.482600212097168,2.1503423196077347,0,0.2599388379204893,0.42,Portuguese,13,Carlos Rodrigues,Spanish,16
RNN,328,2.0730087757110596,2.143777478337288,1,0.2621951219512195,0.44,Arabic,0,مصطفى الغامدي,Arabic,0
RNN,329,0.494215726852417,2.1175407582521437,1,0.26443768996960487,0.44,Japanese,10,小林陽子,Japanese,10
RNN,330,2.636634588241577,2.1080316382646562,0,0.2636363636363636,0.44,Polish,12,Paweł Woźniak,Irish,8
RNN,331,2.485891103744507,2.094109676480293,0,0.2628398791540785,0.44,French,5,J.-P. Richard,Italian,9
RNN,332,2.621781826019287,2.0902333146333696,0,0.2620481927710843,0.44,English,4,J.R. Wilson,Russian,14
RNN,333,1.9310296773910522,2.0667749887704847,1,0.26426426426426425,0.46,Vietnamese,17,Nguyễn Hiếu,Vietnamese,17
RNN,334,2.5977840423583984,2.076456471085548,0,0.2634730538922156,0.46,Polish,12,Wojciech Zieliński,Greek,7
RNN,335,1.7418261766433716,2.077799304127693,1,0.2656716417910448,0.46,Arabic,0,أحمد الخطيب,Arabic,0
RNN,336,2.4537582397460938,2.081829188466072,0,0.2648809523809524,0.46,Portuguese,13,André Santos,Greek,7
RNN,337,1.2665081024169922,2.064182136654854,1,0.26706231454005935,0.48,Russian,14,Виктор Сидоров,Russian,14
RNN,338,2.0303611755371094,2.0648996859788893,1,0.2692307692307692,0.48,Chinese,1,刘强,Chinese,1
RNN,339,2.3909924030303955,2.0859078007936476,1,0.2713864306784661,0.48,Polish,12,Krzysztof Kowalczyk,Polish,12
RNN,340,2.4874236583709717,2.0894940119981764,0,0.27058823529411763,0.46,German,6,Lukas Meyer,Czech,2
RNN,341,0.9865401983261108,2.065511355996132,1,0.2727272727272727,0.46,Japanese,10,伊藤翔,Japanese,10
RNN,342,2.0850729942321777,2.0755734711885454,1,0.27485380116959063,0.46,Polish,12,Wojciech Wójcik,Polish,12
RNN,343,1.7476803064346313,2.1017926216125487,1,0.27696793002915454,0.46,Portuguese,13,Carlos Pereira,Portuguese,13
RNN,344,3.002807140350342,2.121247491836548,0,0.2761627906976744,0.46,Czech,2,Jan Kučera,Portuguese,13
RNN,345,1.4719538688659668,2.1156811475753785,1,0.2782608695652174,0.46,Arabic,0,طارق القحطاني,Arabic,0
RNN,346,1.6340525150299072,2.1095905113220215,1,0.28034682080924855,0.46,Vietnamese,17,Nguyễn Minh,Vietnamese,17
RNN,347,2.7171828746795654,2.1167318058013915,0,0.27953890489913547,0.44,Korean,11,박하은,Japanese,10
RNN,348,1.93681001663208,2.0976945781707763,1,0.28160919540229884,0.46,Czech,2,Václav Němec,Czech,2
RNN,349,1.8679869174957275,2.0863291692733763,1,0.2836676217765043,0.48,Chinese,1,周娟,Chinese,1
RNN,350,1.3200132846832275,2.0951107680797576,1,0.2857142857142857,0.48,Arabic,0,عمر العتيبي,Arabic,0
RNN,351,2.460571765899658,2.104782382249832,0,0.2849002849002849,0.46,German,6,Dieter Müller,Arabic,0
RNN,352,2.40643572807312,2.098362852334976,0,0.2840909090909091,0.46,English,4,John Brown,Arabic,0
RNN,353,2.422699451446533,2.129827263355255,0,0.28328611898017,0.44,English,4,John Davis,Arabic,0
RNN,354,3.484164237976074,2.1512668108940125,0,0.2824858757062147,0.44,Dutch,3,Johan Visser,Arabic,0
RNN,355,2.230680227279663,2.1568952107429507,0,0.28169014084507044,0.44,German,6,Hannah Meyer,Portuguese,13
RNN,356,2.26301908493042,2.1386355710029603,0,0.2808988764044944,0.44,Irish,8,Brian Kennedy,Portuguese,13
RNN,357,2.4882943630218506,2.1758994460105896,0,0.2801120448179272,0.42,Korean,11,박현우,Japanese,10
RNN,358,3.173300266265869,2.1866967463493348,0,0.27932960893854747,0.42,Dutch,3,Lotte Meijer,Czech,2
RNN,359,3.425403118133545,2.192520263195038,0,0.2785515320334262,0.42,French,5,J.-P. Petit,Arabic,0
RNN,360,2.3645761013031006,2.188655340671539,0,0.2777777777777778,0.42,Dutch,3,Daan Visser,Vietnamese,17
RNN,361,2.0528974533081055,2.1660119128227233,0,0.2770083102493075,0.42,Arabic,0,مصطفى العتيبي,Czech,2
RNN,362,1.8886243104934692,2.1634637546539306,1,0.27900552486187846,0.42,Polish,12,Piotr Kamiński,Polish,12
RNN,363,1.9380970001220703,2.1492580127716066,1,0.2809917355371901,0.44,German,6,Hannah Müller,German,6
RNN,364,1.7058302164077759,2.1737267208099365,1,0.28296703296703296,0.44,Greek,7,Παναγιώτης Παπαδάκης,Greek,7
RNN,365,1.9366503953933716,2.1686553311347962,1,0.28493150684931506,0.46,Italian,9,Pietro Marino,Italian,9
RNN,366,1.5627105236053467,2.1601361632347107,0,0.28415300546448086,0.44,Dutch,3,Johan Visser,Vietnamese,17
RNN,367,1.6213103532791138,2.1585689330101014,1,0.28610354223433243,0.44,Chinese,1,陈军,Chinese,1
RNN,368,1.1403992176055908,2.1139417719841003,1,0.28804347826086957,0.46,Vietnamese,17,Huỳnh Khang,Vietnamese,17
RNN,369,2.1082139015197754,2.103496220111847,0,0.2872628726287263,0.46,Korean,11,김하은,Japanese,10
RNN,370,2.1315131187438965,2.0884330534934996,1,0.2891891891891892,0.48,Spanish,16,Diego Gómez,Spanish,16
RNN,371,0.27537789940834045,2.044142342209816,1,0.29110512129380056,0.5,Japanese,10,佐藤直子,Japanese,10
RNN,372,2.454122304916382,2.037837615609169,1,0.29301075268817206,0.52,Portuguese,13,Pedro Rodrigues,Portuguese,13
RNN,373,1.4245753288269043,2.0330957347154617,1,0.2949061662198391,0.52,Dutch,3,Thomas Bakker,Dutch,3
RNN,374,2.05206298828125,2.0335182839632036,0,0.29411764705882354,0.52,Korean,11,장현우,Japanese,10
RNN,375,1.3592222929000854,2.0327281242609025,1,0.296,0.54,Russian,14,Алексей Новиков,Russian,14
RNN,376,3.154662847518921,2.0797866064310075,0,0.29521276595744683,0.52,English,4,Daniel Miller,German,6
RNN,377,2.735804319381714,2.084850688576698,0,0.29442970822281167,0.52,French,5,Gabriel L'Hôpital,Russian,14
RNN,378,1.6842504739761353,2.0770755225419997,1,0.2962962962962963,0.52,Spanish,16,Fernando Gómez,Spanish,16
RNN,379,2.1044414043426514,2.1092800360918047,0,0.2955145118733509,0.5,Irish,8,Maeve Gallagher,German,6
RNN,380,1.4004088640213013,2.084555521607399,1,0.29736842105263156,0.52,Vietnamese,17,Đặng Thành,Vietnamese,17
RNN,381,2.7576904296875,2.089991508126259,0,0.29658792650918636,0.52,Scottish,15,Isla Murray,German,6
RNN,382,2.4234566688537598,2.0860250049829485,0,0.29581151832460734,0.52,Portuguese,13,Rui Sousa,German,6
RNN,383,3.1569738388061523,2.11054388821125,0,0.2950391644908616,0.5,Irish,8,Liam O'Sullivan,Japanese,10
RNN,384,1.5703706741333008,2.0899956208467483,0,0.2942708333333333,0.5,Greek,7,Ιωάννης Παπαδάκης,Japanese,10
RNN,385,2.575441360473633,2.1066679245233537,0,0.2935064935064935,0.48,Irish,8,Michael Doyle,Japanese,10
RNN,386,1.2140971422195435,2.0818747025728226,1,0.29533678756476683,0.5,Greek,7,Σπυρίδων Σταυρίδης,Greek,7
RNN,387,0.6117982864379883,2.0687805062532423,1,0.2971576227390181,0.5,Russian,14,Борис Соколов,Russian,14
RNN,388,2.4770476818084717,2.07771423637867,0,0.2963917525773196,0.48,Polish,12,Michał Kowalczyk,Russian,14
RNN,389,2.249748706817627,2.0748893624544142,0,0.29562982005141386,0.46,Arabic,0,حسين الحسيني,German,6
RNN,390,1.1318913698196411,2.047778716683388,1,0.29743589743589743,0.48,Japanese,10,高橋翔,Japanese,10
RNN,391,2.801145553588867,2.0840708237886427,0,0.2966751918158568,0.46,Scottish,15,Ross MacKenzie,Chinese,1
RNN,392,1.8023600578308105,2.0784165650606155,0,0.29591836734693877,0.44,Korean,11,최동현,Japanese,10
RNN,393,0.37427690625190735,2.050948497056961,1,0.29770992366412213,0.44,Japanese,10,田中陽子,Japanese,10
RNN,394,2.4965832233428955,2.0408240187168123,0,0.2969543147208122,0.44,Irish,8,Liam Gallagher,German,6
RNN,395,1.5389015674591064,2.0421629726886747,1,0.29873417721518986,0.44,Arabic,0,كريم الحسيني,Arabic,0
RNN,396,1.5882173776626587,2.04124626994133,1,0.3005050505050505,0.44,German,6,Peter Schmidt,German,6
RNN,397,0.5315174460411072,1.9975329613685608,1,0.3022670025188917,0.46,Greek,7,Κωνσταντίνος Σταυρίδης,Greek,7
RNN,398,1.8902910947799683,1.9966025829315186,1,0.30402010050251255,0.46,Portuguese,13,Pedro Rodrigues,Portuguese,13
RNN,399,1.224076747894287,1.9837243795394897,1,0.3057644110275689,0.46,Vietnamese,17,Đặng Nam,Vietnamese,17
RNN,400,0.5822030901908875,1.9689681756496429,1,0.3075,0.46,Greek,7,Μαρία Αλεξίου,Greek,7
RNN,401,3.1272003650665283,1.9823007476329804,0,0.30673316708229426,0.46,Scottish,15,Fergus Douglas,German,6
RNN,402,2.7324934005737305,1.9888219010829926,0,0.30597014925373134,0.46,Scottish,15,Ross Murray,German,6
RNN,403,0.8749532699584961,1.9578669774532318,1,0.3076923076923077,0.48,Arabic,0,عمر الخطيب,Arabic,0
RNN,404,2.463824987411499,1.9374601924419403,0,0.3069306930693069,0.48,Italian,9,Riccardo Ferrari,Portuguese,13
RNN,405,1.9152562618255615,1.9311517131328584,1,0.30864197530864196,0.5,Polish,12,Stanisław Szymański,Polish,12
RNN,406,0.08185334503650665,1.88752839833498,1,0.3103448275862069,0.52,Greek,7,Αικατερίνη Δημητρίου,Greek,7
RNN,407,1.6697760820388794,1.8711580327153206,0,0.3095823095823096,0.52,Korean,11,조지훈,Japanese,10
RNN,408,1.9908543825149536,1.8475091150403022,0,0.3088235294117647,0.52,Vietnamese,17,Phan Ngọc,Arabic,0
RNN,409,1.574482798576355,1.8104907086491584,0,0.3080684596577017,0.52,Korean,11,강재현,Japanese,10
RNN,410,2.0014989376068115,1.8032291653752326,0,0.3073170731707317,0.52,Vietnamese,17,Hoàng Đức,Arabic,0
RNN,411,1.5129802227020264,1.7924308207631112,0,0.30656934306569344,0.52,Korean,11,장민지,Japanese,10
RNN,412,1.3161728382110596,1.7809817913174628,1,0.308252427184466,0.52,Russian,14,Евгений Смирнов,Russian,14
RNN,413,2.31166934967041,1.7884532383084297,0,0.3075060532687651,0.5,Italian,9,Davide Esposito,Arabic,0
RNN,414,0.08346263319253922,1.756005886644125,1,0.30917874396135264,0.5,Greek,7,Μιχάλης Παπαδάκης,Greek,7
RNN,415,2.0304644107818604,1.7578821669518947,1,0.3108433734939759,0.5,German,6,Hans Weber,German,6
RNN,416,1.9095046520233154,1.7648180495202541,1,0.3125,0.52,Dutch,3,Thomas Meijer,Dutch,3
RNN,417,1.565537452697754,1.7637025915086268,0,0.3117505995203837,0.5,Vietnamese,17,Đặng Ngọc,Greek,7
RNN,418,2.5910582542419434,1.792715772241354,0,0.31100478468899523,0.48,French,5,Hugo Thomas,German,6
RNN,419,1.9100825786590576,1.7887531457841397,1,0.3126491646778043,0.5,German,6,Stefan Hoffmann,German,6
RNN,420,2.675497531890869,1.799632834047079,0,0.3119047619047619,0.48,Scottish,15,Lachlan Campbell,Portuguese,13
RNN,421,1.6952229738235474,1.8280297355353832,1,0.31353919239904987,0.48,Spanish,16,Luis Pérez,Spanish,16
RNN,422,1.801871418952942,1.8149847178161145,1,0.31516587677725116,0.48,Italian,9,Domenico Russo,Italian,9
RNN,423,1.3243274688720703,1.8129797606170177,1,0.31678486997635935,0.48,German,6,Maximilian Fischer,German,6
RNN,424,1.6040223836898804,1.8040189485251903,1,0.31839622641509435,0.5,Greek,7,Σπυρίδων Νικολάου,Greek,7
RNN,425,2.1351518630981445,1.8195375399291516,0,0.3176470588235294,0.48,French,5,Pierre Petit,Portuguese,13
RNN,426,2.1605899333953857,1.799656081646681,1,0.3192488262910798,0.5,Arabic,0,أحمد القحطاني,Arabic,0
RNN,427,0.6125158667564392,1.7571903125941752,1,0.32084309133489464,0.52,Vietnamese,17,Trần Long,Vietnamese,17
RNN,428,2.938934087753296,1.7822839848697185,0,0.32009345794392524,0.5,Irish,8,Brendan Murphy,Dutch,3
RNN,429,1.3279223442077637,1.7667536036670208,1,0.32167832167832167,0.52,Chinese,1,赵芳,Chinese,1
RNN,430,1.440323829650879,1.7675519029796123,1,0.32325581395348835,0.52,Italian,9,Vincenzo Marino,Italian,9
RNN,431,2.320965051651001,1.7588173954188824,0,0.3225058004640371,0.52,English,4,Michael Taylor,German,6
RNN,432,2.5010557174682617,1.7603693763911723,0,0.32175925925925924,0.52,Scottish,15,Fraser MacLeod,French,5
RNN,433,1.937412142753601,1.7359781424701213,1,0.3233256351039261,0.54,Arabic,0,حسين المالكي,Arabic,0
RNN,434,1.6435942649841309,1.737442614287138,1,0.3248847926267281,0.56,Italian,9,Alessandro Colombo,Italian,9
RNN,435,1.9490346908569336,1.724914480894804,0,0.32413793103448274,0.56,Scottish,15,Murdo Murray,French,5
RNN,436,1.2194852828979492,1.7250222437083722,0,0.32339449541284404,0.54,Japanese,10,高橋愛,Korean,11
RNN,437,1.4651850461959839,1.742089978903532,1,0.32494279176201374,0.54,Chinese,1,刘静,Chinese,1
RNN,438,2.6255836486816406,1.7450606982409953,0,0.3242009132420091,0.54,Scottish,15,Iain MacLeod,German,6
RNN,439,2.792844295501709,1.755922610014677,0,0.3234624145785877,0.54,Czech,2,Pavel Procházka,Portuguese,13
RNN,440,1.8633288145065308,1.7705513589084148,1,0.325,0.54,Scottish,15,Aileen MacDonald,Scottish,15
RNN,441,1.2560721635818481,1.7396498911082745,1,0.32653061224489793,0.56,Chinese,1,李霞,Chinese,1
RNN,442,2.476736307144165,1.7531374160945417,0,0.3257918552036199,0.56,English,4,William Wilson,Scottish,15
RNN,443,1.2881550788879395,1.7714149795472622,1,0.327313769751693,0.56,Italian,9,Andrea Russo,Italian,9
RNN,444,0.1810406744480133,1.7251041285693645,1,0.32882882882882886,0.58,Greek,7,Μιχάλης Παπαδάκης,Greek,7
RNN,445,0.4655916094779968,1.7036379294097423,1,0.3303370786516854,0.58,Vietnamese,17,Đặng Ngọc,Vietnamese,17
RNN,446,2.083900213241577,1.7135515861213206,0,0.3295964125560538,0.56,Portuguese,13,Ricardo Martins,Italian,9
RNN,447,0.4371885359287262,1.7116650079190732,1,0.33109619686800895,0.56,Greek,7,Αικατερίνη Σταυρίδης,Greek,7
RNN,448,2.0100841522216797,1.7140608690679073,0,0.33035714285714285,0.54,Spanish,16,Rafael López,Scottish,15
RNN,449,1.3925316333770752,1.717429966777563,1,0.33184855233853006,0.54,Russian,14,Михаил Попов,Russian,14
RNN,450,1.6418030261993408,1.7386219654977322,1,0.3333333333333333,0.54,Italian,9,Lorenzo Ricci,Italian,9
RNN,451,1.3766299486160278,1.7036105571687221,1,0.3348115299334812,0.56,Portuguese,13,Mário Pereira,Portuguese,13
RNN,452,1.0000886917114258,1.668962462991476,1,0.336283185840708,0.58,Chinese,1,赵超,Chinese,1
RNN,453,2.704057455062866,1.7055445466935635,0,0.3355408388520971,0.56,Dutch,3,Sem Meijer,German,6
RNN,454,2.0891246795654297,1.6980505405366422,0,0.33480176211453744,0.56,German,6,Hans Schulz,Scottish,15
RNN,455,1.9153798818588257,1.6980530129373073,1,0.3362637362637363,0.56,German,6,Thomas Fischer,German,6
RNN,456,2.996647834777832,1.756348902732134,0,0.3355263157894737,0.54,Czech,2,Jan Novotný,Italian,9
RNN,457,0.1081552729010582,1.7251164865493775,1,0.33698030634573306,0.56,Greek,7,Κωνσταντίνος Γεωργίου,Greek,7
RNN,458,0.7271130084991455,1.6998416590690613,1,0.3384279475982533,0.58,Vietnamese,17,Nguyễn Tuấn,Vietnamese,17
RNN,459,2.7567105293273926,1.723486213684082,0,0.33769063180827885,0.58,French,5,Arthur Martin,German,6
RNN,460,2.406219959259033,1.7315806341171265,0,0.33695652173913043,0.58,Portuguese,13,Ricardo Costa,German,6
RNN,461,2.1377761363983154,1.7440765523910522,1,0.3383947939262473,0.6,Scottish,15,Ross Campbell,Scottish,15
RNN,462,1.1603457927703857,1.7409600114822388,1,0.3398268398268398,0.6,Chinese,1,张平,Chinese,1
RNN,463,1.104004144668579,1.7168067073822022,1,0.3412526997840173,0.62,Italian,9,Alessandro Greco,Italian,9
RNN,464,0.7827996611595154,1.7307934479415417,1,0.3426724137931034,0.62,Italian,9,Giuseppe Marino,Italian,9
RNN,465,0.9905813932418823,1.7099957875907421,1,0.34408602150537637,0.62,Russian,14,Сергей Иванов,Russian,14
RNN,466,0.14017802476882935,1.6746092550456524,1,0.34549356223175964,0.62,Greek,7,Χρήστος Δημητρίου,Greek,7
RNN,467,1.2220791578292847,1.667740089148283,1,0.3468950749464668,0.64,German,6,Andreas Meyer,German,6
RNN,468,4.1317853927612305,1.6985546319186688,0,0.34615384615384615,0.64,Dutch,3,Lotte Janssen,German,6
RNN,469,0.08800269663333893,1.6621130342781543,1,0.34754797441364604,0.64,Greek,7,Αλέξανδρος Αλεξίου,Greek,7
RNN,470,2.4130237102508545,1.656863557845354,0,0.3468085106382979,0.64,English,4,Thomas Brown,German,6
RNN,471,2.8825809955596924,1.680610718280077,0,0.346072186836518,0.62,English,4,Andrew Smith,Italian,9
RNN,472,0.8503971099853516,1.6615812321007253,1,0.3474576271186441,0.62,Chinese,1,张娜,Chinese,1
RNN,473,1.410166621208191,1.6632980151474477,1,0.3488372093023256,0.62,Italian,9,Marco Ricci,Italian,9
RNN,474,0.5566369891166687,1.6423503072559833,1,0.350210970464135,0.62,Italian,9,Marco Romano,Italian,9
RNN,475,1.9793353080749512,1.6392339761555195,0,0.3494736842105263,0.62,Dutch,3,Lotte Bakker,Italian,9
RNN,476,0.44765913486480713,1.604975360184908,1,0.35084033613445376,0.62,Italian,9,Giuseppe Marino,Italian,9
RNN,477,3.6158018112182617,1.6650410790741443,0,0.350104821802935,0.6,Polish,12,Mateusz Wójcik,Italian,9
RNN,478,2.2509632110595703,1.65128166154027,0,0.3493723849372385,0.6,Spanish,16,Sergio Sánchez,Italian,9
RNN,479,1.6180548667907715,1.65708431199193,0,0.348643006263048,0.58,Scottish,15,Murdo Murray,Italian,9
RNN,480,2.9826173782348633,1.6879301829636097,0,0.34791666666666665,0.56,Czech,2,Adam Veselý,Italian,9
RNN,481,0.9989587664604187,1.6614900572597981,1,0.3492723492723493,0.58,Chinese,1,杨勇,Chinese,1
RNN,482,1.1387178897857666,1.634243300706148,1,0.3506224066390041,0.6,Japanese,10,中村誠,Japanese,10
RNN,483,3.864044189453125,1.6727759416401387,0,0.3498964803312629,0.58,Irish,8,Oisín Murphy,Italian,9
RNN,484,2.4485602378845215,1.6888752610981463,0,0.34917355371900827,0.56,Czech,2,Břetislav Novotný,Italian,9
RNN,485,2.138901948928833,1.6926726062595845,0,0.34845360824742266,0.56,Arabic,0,ياسر القحطاني,Italian,9
RNN,486,2.3294992446899414,1.7148728854954243,0,0.3477366255144033,0.56,Irish,8,Fionn Gallagher,German,6
RNN,487,0.8201074600219727,1.701971333771944,1,0.3490759753593429,0.56,Chinese,1,周明,Chinese,1
RNN,488,2.4045770168304443,1.69755120113492,0,0.3483606557377049,0.56,French,5,Arthur Durand,Italian,9
RNN,489,0.895352303981781,1.6596013613045215,1,0.3496932515337423,0.58,Spanish,16,Fernando Gómez,Spanish,16
RNN,490,1.1488564014434814,1.6453119130432605,1,0.3510204081632653,0.58,Russian,14,Игорь Смирнов,Russian,14
RNN,491,2.566702127456665,1.671524512320757,0,0.35030549898167007,0.56,French,5,Hugo Dubois,Scottish,15
RNN,492,1.920229196548462,1.6603943701088428,1,0.3516260162601626,0.58,Portuguese,13,António Jesus,Portuguese,13
RNN,493,2.356275796890259,1.6817567844688892,0,0.3509127789046653,0.56,Scottish,15,Duncan MacLeod,Chinese,1
RNN,494,3.2339229583740234,1.7428144301474093,0,0.35020242914979755,0.54,Scottish,15,Iain Stewart,Chinese,1
RNN,495,1.4788331985473633,1.7630792619287967,1,0.3515151515151515,0.54,Portuguese,13,Pedro Oliveira,Portuguese,13
RNN,496,0.31342244148254395,1.7276697064936162,1,0.3528225806451613,0.56,Japanese,10,小林陽子,Japanese,10
RNN,497,2.8164660930633545,1.7752552576363088,0,0.352112676056338,0.54,Dutch,3,Pieter de Vries,Spanish,16
RNN,498,0.33684101700782776,1.7417903949320317,1,0.3534136546184739,0.56,Japanese,10,渡辺裕子,Japanese,10
RNN,499,1.7125729322433472,1.748191220909357,1,0.35470941883767537,0.56,Scottish,15,Niall Campbell,Scottish,15
RNN,500,2.3687777519226074,1.7627307154238223,0,0.354,0.54,Polish,12,Bartosz Woźniak,Russian,14
RNN,501,1.4614992141723633,1.7644281007349492,1,0.35528942115768464,0.54,Vietnamese,17,Nguyễn Khang,Vietnamese,17
RNN,502,0.9014958143234253,1.762456243187189,1,0.3565737051792829,0.54,Russian,14,Андрей Петров,Russian,14
RNN,503,0.9277244210243225,1.7269295825064181,1,0.35785288270377735,0.56,Japanese,10,田中健,Japanese,10
RNN,504,0.40015271306037903,1.6931501431763172,1,0.35912698412698413,0.58,Japanese,10,鈴木美咲,Japanese,10
RNN,505,2.0804340839385986,1.6964512272179126,1,0.3603960396039604,0.58,Polish,12,Wojciech Lewandowski,Polish,12
RNN,506,1.9369035959243774,1.6752563424408435,1,0.3616600790513834,0.6,Arabic,0,إبراهيم الشمري,Arabic,0
RNN,507,0.6112124919891357,1.685317486822605,1,0.3629191321499014,0.6,Vietnamese,17,Huỳnh Thành,Vietnamese,17
RNN,508,2.554389476776123,1.7218630161881447,0,0.36220472440944884,0.58,Portuguese,13,Tiago Silva,Vietnamese,17
RNN,509,2.143881320953369,1.7096064320206643,0,0.3614931237721022,0.58,German,6,Markus Wagner,Spanish,16
RNN,510,1.6478500366210938,1.6944390335679054,0,0.3607843137254902,0.58,Korean,11,윤민지,Japanese,10
RNN,511,2.5741090774536133,1.7031656923890113,0,0.36007827788649704,0.56,Scottish,15,Alasdair Douglas,English,4
RNN,512,0.28806397318840027,1.6857200559973717,1,0.361328125,0.56,Russian,14,Николай Новиков,Russian,14
RNN,513,0.46900439262390137,1.673020060956478,1,0.36257309941520466,0.56,Chinese,1,张杰,Chinese,1
RNN,514,2.3534183502197266,1.7044324347376822,0,0.36186770428015563,0.54,Irish,8,Seán Gallagher,German,6
RNN,515,2.329840660095215,1.7312176200747489,0,0.3611650485436893,0.52,English,4,Anthony Brown,Vietnamese,17
RNN,516,0.28548431396484375,1.7341237458586694,1,0.3624031007751938,0.52,Russian,14,Сергей Михайлов,Russian,14
RNN,517,1.5189284086227417,1.7400607308745384,1,0.36363636363636365,0.52,Scottish,15,Malcolm MacLeod,Scottish,15
RNN,518,1.2279813289642334,1.6819846495985984,1,0.36486486486486486,0.54,Arabic,0,أحمد الشمري,Arabic,0
RNN,519,0.2581314146518707,1.6853872239589691,1,0.36608863198458574,0.54,Greek,7,Δημήτριος Σταυρίδης,Greek,7
RNN,520,3.275298833847046,1.702632726430893,0,0.36538461538461536,0.54,French,5,J.-P. Petit,Russian,14
RNN,521,0.4161284565925598,1.6533036756515502,1,0.3666026871401152,0.56,Vietnamese,17,Nguyễn Dũng,Vietnamese,17
RNN,522,1.646957278251648,1.6692348790168763,1,0.367816091954023,0.56,Vietnamese,17,Huỳnh Đức,Vietnamese,17
RNN,523,1.9394798278808594,1.6798211431503296,1,0.3690248565965583,0.56,Czech,2,Štěpán Novotný,Czech,2
RNN,524,1.7407993078231812,1.70350438952446,0,0.3683206106870229,0.54,Dutch,3,Anne Bakker,Vietnamese,17
RNN,525,2.03466796875,1.7046110427379608,0,0.3676190476190476,0.54,Dutch,3,Dirk Smit,Vietnamese,17
RNN,526,2.3841071128845215,1.7433400022983552,0,0.3669201520912547,0.52,English,4,Joseph Davis,Italian,9
RNN,527,2.1352243423461914,1.7137284529209138,0,0.36622390891840606,0.52,Italian,9,Lorenzo Colombo,Scottish,15
RNN,528,3.1254186630249023,1.7312175619602204,0,0.36553030303030304,0.52,Irish,8,Oisín Doyle,Vietnamese,17
RNN,529,1.843490481376648,1.735726274251938,1,0.3667296786389414,0.54,Scottish,15,Alasdair Fraser,Scottish,15
RNN,530,0.14545157551765442,1.6789829581975937,1,0.36792452830188677,0.56,Greek,7,Μαρία Αθανασίου,Greek,7
RNN,531,0.8890212178230286,1.6767842072248458,1,0.3691148775894539,0.56,Vietnamese,17,Trần Quân,Vietnamese,17
RNN,532,1.7698498964309692,1.68940684735775,1,0.37030075187969924,0.56,Polish,12,Jakub Wiśniewski,Polish,12
RNN,533,3.395498275756836,1.6800359290838243,0,0.3696060037523452,0.56,Spanish,16,Juan Díaz,Vietnamese,17
RNN,534,2.0088226795196533,1.6712411779165268,1,0.3707865168539326,0.58,English,4,Paul Smith,English,4
RNN,535,1.8976494073867798,1.6664161270856857,0,0.37009345794392523,0.58,Irish,8,Maeve Kennedy,Italian,9
RNN,536,0.9696914553642273,1.6392199712991715,1,0.3712686567164179,0.6,Portuguese,13,Rui Oliveira,Portuguese,13
RNN,537,1.2565075159072876,1.6479479724168777,1,0.37243947858473,0.6,Spanish,16,Javier Rodríguez,Spanish,16
RNN,538,1.3497027158737183,1.6268504863977433,1,0.3736059479553903,0.62,Arabic,0,كريم العتيبي,Arabic,0
RNN,539,1.881614089012146,1.6465757220983506,0,0.37291280148423006,0.6,Italian,9,Lorenzo Ricci,English,4
RNN,540,0.7753017544746399,1.6391046291589737,1,0.37407407407407406,0.6,Scottish,15,Aileen MacLeod,Scottish,15
RNN,541,1.7946691513061523,1.6236639696359634,1,0.3752310536044362,0.62,Russian,14,Роман Васильев,Russian,14
RNN,542,1.3361399173736572,1.6119821840524673,1,0.3763837638376384,0.62,Scottish,15,Hamish Stewart,Scottish,15
RNN,543,0.15595707297325134,1.5679758095741272,1,0.3775322283609576,0.64,Japanese,10,中村花子,Japanese,10
RNN,544,1.6931403875350952,1.5371601581573486,0,0.37683823529411764,0.64,Vietnamese,17,Hoàng Phong,Italian,9
RNN,545,0.7717308402061462,1.5230181109905243,1,0.3779816513761468,0.64,Russian,14,Андрей Кузнецов,Russian,14
RNN,546,2.8569774627685547,1.5738892114162446,0,0.3772893772893773,0.62,German,6,Sophie Schulz,Scottish,15
RNN,547,0.2713965177536011,1.5229878199100495,1,0.37842778793418647,0.64,Greek,7,Παναγιώτης Βασιλείου,Greek,7
RNN,548,1.3033087253570557,1.542317174077034,1,0.3795620437956204,0.64,Polish,12,Szymon Wiśniewski,Polish,12
RNN,549,2.6324734687805176,1.5607151848077774,0,0.3788706739526412,0.62,Portuguese,13,Gonçalo Silva,Italian,9
RNN,550,0.17877888679504395,1.5169152075052261,1,0.38,0.64,Japanese,10,加藤拓也,Japanese,10
RNN,551,1.997392177581787,1.5276330667734146,0,0.3793103448275862,0.62,Scottish,15,Alasdair Robertson,Polish,12
RNN,552,1.3954861164093018,1.5375128728151322,1,0.3804347826086957,0.62,Polish,12,Zbigniew Kowalczyk,Polish,12
RNN,553,1.9930921792984009,1.5588202279806138,0,0.379746835443038,0.6,English,4,Richard Davis,Italian,9
RNN,554,0.4342750012874603,1.5595026737451554,1,0.38086642599277976,0.6,Chinese,1,李杰,Chinese,1
RNN,555,1.3855361938476562,1.5456047159433366,1,0.38198198198198197,0.6,Spanish,16,Juan Pérez,Spanish,16
RNN,556,0.08285930007696152,1.5085238300263881,1,0.3830935251798561,0.6,Japanese,10,鈴木裕子,Japanese,10
RNN,557,0.4706181287765503,1.5057119427621364,1,0.38420107719928187,0.6,Russian,14,Борис Петров,Russian,14
RNN,558,1.0175970792770386,1.4749760948121549,1,0.38530465949820786,0.62,Spanish,16,Pedro Martínez,Spanish,16
RNN,559,0.6056470274925232,1.4442114089429379,1,0.38640429338103754,0.64,Arabic,0,خالد القحطاني,Arabic,0
RNN,560,2.9758176803588867,1.4707707618176937,0,0.38571428571428573,0.64,English,4,William Miller,Spanish,16
RNN,561,1.548828363418579,1.450265147536993,1,0.3868092691622103,0.66,English,4,J.R. Smith,English,4
RNN,562,0.7513130307197571,1.45953012868762,1,0.3879003558718861,0.66,Scottish,15,Gordon Campbell,Scottish,15
RNN,563,0.21642932295799255,1.454478627294302,1,0.38898756660746003,0.66,Japanese,10,中村さくら,Japanese,10
RNN,564,1.0695557594299316,1.428801375478506,1,0.3900709219858156,0.68,Polish,12,Michał Szymański,Polish,12
RNN,565,1.9726943969726562,1.421658450216055,0,0.3893805309734513,0.68,Czech,2,Martin Černý,English,4
RNN,566,0.990713357925415,1.4357630310952663,1,0.39045936395759717,0.68,Vietnamese,17,Hoàng Quân,Vietnamese,17
RNN,567,0.16026026010513306,1.4085896681249142,1,0.3915343915343915,0.68,Japanese,10,小林太郎,Japanese,10
RNN,568,1.8780157566070557,1.4215903566777706,1,0.3926056338028169,0.68,Scottish,15,Aileen Fraser,Scottish,15
RNN,569,0.245256245136261,1.4213328532874585,1,0.3936731107205624,0.68,Chinese,1,赵霞,Chinese,1
RNN,570,2.078903913497925,1.397404954880476,0,0.3929824561403509,0.68,Czech,2,Jan Dvořák,English,4
RNN,571,2.1736831665039062,1.4325560490787028,0,0.3922942206654991,0.66,Italian,9,Vincenzo Ferrari,Scottish,15
RNN,572,3.0808908939361572,1.461234721392393,0,0.3916083916083916,0.64,Czech,2,Marek Procházka,Polish,12
RNN,573,2.2283010482788086,1.467011145800352,0,0.39092495636998253,0.62,Dutch,3,Lucas Meijer,Scottish,15
RNN,574,1.4303245544433594,1.4608016507327557,1,0.39198606271777003,0.64,Dutch,3,Ruben Bakker,Dutch,3
RNN,575,2.63053035736084,1.4727188985049724,0,0.391304347826087,0.64,French,5,Pierre d'Aubigné,Scottish,15
RNN,576,2.5094492435455322,1.4752257411181926,0,0.390625,0.64,Italian,9,Francesco Rossi,English,4
RNN,577,0.48758041858673096,1.4422728626430035,1,0.39168110918544197,0.66,Chinese,1,陈敏,Chinese,1
RNN,578,0.39533138275146484,1.3876711170375347,1,0.39273356401384085,0.68,Chinese,1,刘明,Chinese,1
RNN,579,1.6853387355804443,1.3845080821216107,0,0.3920552677029361,0.66,Korean,11,정지민,Japanese,10
RNN,580,2.8868908882141113,1.4393368683755399,0,0.3913793103448276,0.64,Portuguese,13,Filipe Santos,Scottish,15
RNN,581,0.11546716839075089,1.4238657873868943,1,0.3924268502581756,0.64,Greek,7,Ευάγγελος Κωνσταντίνου,Greek,7
RNN,582,2.8552496433258057,1.445573782324791,0,0.3917525773195876,0.62,Portuguese,13,Carlos Martins,Italian,9
RNN,583,2.796203851699829,1.4335878938436508,0,0.3910806174957118,0.62,French,5,Charles Thomas,Vietnamese,17
RNN,584,2.5848093032836914,1.4451076263189315,0,0.3904109589041096,0.6,French,5,Arthur Bernard,Italian,9
RNN,585,0.6031416058540344,1.4192174702882767,1,0.39145299145299145,0.62,Polish,12,Zbigniew Zieliński,Polish,12
RNN,586,0.08856431394815445,1.4015949274599553,1,0.3924914675767918,0.62,Greek,7,Χρήστος Κωνσταντίνου,Greek,7
RNN,587,2.2270846366882324,1.4210064698755742,0,0.39182282793867124,0.6,English,4,J.R. Williams,Portuguese,13
RNN,588,0.22791919112205505,1.3985707993805407,1,0.39285714285714285,0.6,Russian,14,Антон Михайлов,Russian,14
RNN,589,2.898003101348877,1.4188985796272755,0,0.3921901528013582,0.6,Irish,8,Maeve Doyle,Vietnamese,17
RNN,590,2.347135066986084,1.4503352458775043,0,0.39152542372881355,0.58,Irish,8,Niall O'Connor,Greek,7
RNN,591,0.9438222646713257,1.4333183081448078,1,0.3925549915397631,0.58,Arabic,0,مصطفى الهاشمي,Arabic,0
RNN,592,1.1997116804122925,1.4305897434055805,1,0.3935810810810811,0.58,Italian,9,Matteo Marino,Italian,9
RNN,593,0.7452882528305054,1.4423763670027256,1,0.3946037099494098,0.58,Vietnamese,17,Lê Anh,Vietnamese,17
RNN,594,2.6078248023986816,1.4606700552999974,0,0.3939393939393939,0.58,Czech,2,Adam Procházka,Portuguese,13
RNN,595,1.2163519859313965,1.4695624782145023,0,0.39327731092436974,0.56,Korean,11,윤서준,Japanese,10
RNN,596,1.0123456716537476,1.4326698423922062,1,0.39429530201342283,0.58,Italian,9,Carlo Marino,Italian,9
RNN,597,1.7000741958618164,1.4612433959543705,1,0.3953098827470687,0.58,Portuguese,13,Bruno Jesus,Portuguese,13
RNN,598,2.4083640575408936,1.4833445025980472,0,0.39464882943143814,0.56,Irish,8,Brian Doyle,Czech,2
RNN,599,1.5164507627487183,1.4610240484774113,1,0.39565943238731216,0.58,Italian,9,Lorenzo Ferrari,Italian,9
RNN,600,1.8836097717285156,1.4951206661760807,0,0.395,0.56,Polish,12,Krzysztof Lewandowski,Japanese,10
RNN,601,2.0587291717529297,1.4963474060595034,0,0.39434276206322794,0.56,Dutch,3,Jan van den Berg,Vietnamese,17
RNN,602,0.4275190830230713,1.4769880653917788,1,0.3953488372093023,0.56,Polish,12,Michał Zieliński,Polish,12
RNN,603,0.9574841856956482,1.4562759055197239,1,0.3963515754560531,0.58,Korean,11,윤상현,Korean,11
RNN,604,0.5728453397750854,1.4590473122894765,1,0.3973509933774834,0.58,Italian,9,Giuseppe Marino,Italian,9
RNN,605,1.030179500579834,1.45194017842412,1,0.39834710743801655,0.58,Italian,9,Domenico Rossi,Italian,9
RNN,606,2.582641363143921,1.501935819685459,0,0.3976897689768977,0.56,Polish,12,Łukasz Wójcik,Italian,9
RNN,607,1.0352683067321777,1.5132288232445716,1,0.3986820428336079,0.56,Arabic,0,خالد المالكي,Arabic,0
RNN,608,0.18045233190059662,1.4964859282970429,1,0.3996710526315789,0.56,Chinese,1,赵明,Chinese,1
RNN,609,0.9315789341926575,1.5030045664310456,1,0.4006568144499179,0.56,Scottish,15,Niall Campbell,Scottish,15
RNN,610,0.02659521996974945,1.4440201172232627,1,0.4016393442622951,0.58,Greek,7,Ευάγγελος Βασιλείου,Greek,7
RNN,611,0.741586446762085,1.427875278890133,1,0.4026186579378069,0.58,Korean,11,박서연,Korean,11
RNN,612,2.789152145385742,1.4686320611834527,0,0.4019607843137255,0.56,German,6,Sophie Becker,Dutch,3
RNN,613,3.1597366333007812,1.5274982073903083,0,0.401305057096248,0.54,Irish,8,Darragh O'Connor,Scottish,15
RNN,614,1.9499081373214722,1.5451052549481392,0,0.4006514657980456,0.52,English,4,James Taylor,Italian,9
RNN,615,1.0168588161468506,1.5259885433316231,1,0.4016260162601626,0.54,Dutch,3,Jan Smit,Dutch,3
RNN,616,0.265775591135025,1.5114897879958153,1,0.4025974025974026,0.54,Chinese,1,刘平,Chinese,1
RNN,617,0.8410949110984802,1.5251064810156822,1,0.4035656401944895,0.54,Russian,14,Дмитрий Иванов,Russian,14
RNN,618,0.5720675587654114,1.4989875170588494,1,0.4045307443365696,0.54,Korean,11,임상현,Korean,11
RNN,619,2.0058250427246094,1.5341988930106163,0,0.40387722132471726,0.52,English,4,Michael Johnson,Italian,9
RNN,620,0.9347020387649536,1.5113148555159568,1,0.40483870967741936,0.54,Italian,9,Carlo Bianchi,Italian,9
RNN,621,1.3089796304702759,1.4940207847952842,1,0.4057971014492754,0.56,Portuguese,13,Carlos Ferreira,Portuguese,13
RNN,622,2.8995866775512695,1.4903947004675866,0,0.40514469453376206,0.56,German,6,Johannes Schmidt,Italian,9
RNN,623,1.047745943069458,1.4667835983633994,1,0.406099518459069,0.58,Vietnamese,17,Hoàng Minh,Vietnamese,17
RNN,624,1.4166693687438965,1.4665104946494103,1,0.40705128205128205,0.58,Spanish,16,Javier Sánchez,Spanish,16
RNN,625,2.393568515777588,1.4617712578177453,0,0.4064,0.58,Irish,8,Liam O'Brien,Dutch,3
RNN,626,2.449390411376953,1.4605700811743736,0,0.4057507987220447,0.58,Irish,8,Conor McCarthy,Italian,9
RNN,627,0.6930783987045288,1.4646800407767295,1,0.40669856459330145,0.58,Italian,9,Luca Greco,Italian,9
RNN,628,0.3580228090286255,1.4639338693022728,1,0.40764331210191085,0.58,Japanese,10,鈴木美咲,Japanese,10
RNN,629,0.2801755666732788,1.4358306059241295,1,0.40858505564387915,0.6,Russian,14,Юрий Иванов,Russian,14
RNN,630,2.0463480949401855,1.419019750058651,0,0.40793650793650793,0.6,English,4,Anthony St. John,Italian,9
RNN,631,0.09055852144956589,1.4185215771198272,1,0.40887480190174325,0.6,Greek,7,Αθανάσιος Αλεξίου,Greek,7
RNN,632,0.7136608362197876,1.375689800977707,1,0.4098101265822785,0.62,Polish,12,Andrzej Zieliński,Polish,12
RNN,633,0.8356145024299622,1.3364780139923096,1,0.4107424960505529,0.64,Korean,11,이준영,Korean,11
RNN,634,2.338101625442505,1.331543860435486,0,0.41009463722397477,0.64,Polish,12,Krzysztof Nowak,Russian,14
RNN,635,2.36763334274292,1.3668336951732636,0,0.4094488188976378,0.62,Irish,8,Maeve McCarthy,Scottish,15
RNN,636,1.2749841213226318,1.390562091320753,1,0.41037735849056606,0.62,Dutch,3,Finn Bakker,Dutch,3
RNN,637,0.3749917447566986,1.3535202334821224,1,0.41130298273155413,0.64,Korean,11,장예준,Korean,11
RNN,638,2.045612096786499,1.3898740915954113,1,0.4122257053291536,0.64,Irish,8,Eoin Gallagher,Irish,8
RNN,639,0.602739155292511,1.343968812674284,1,0.4131455399061033,0.66,Polish,12,Krzysztof Szymański,Polish,12
RNN,640,0.32452818751335144,1.3035166750848293,1,0.4140625,0.68,Korean,11,이상현,Korean,11
RNN,641,0.06968587636947632,1.2860339473187923,1,0.41497659906396256,0.68,Greek,7,Γεώργιος Κωνσταντίνου,Greek,7
RNN,642,0.45441046357154846,1.2711279229819774,1,0.4158878504672897,0.68,Arabic,0,نورالدين المالكي,Arabic,0
RNN,643,0.3792446255683899,1.2638070504367351,1,0.416796267496112,0.68,Vietnamese,17,Hoàng Dũng,Vietnamese,17
RNN,644,0.06351310759782791,1.2129208165407181,1,0.41770186335403725,0.7,Greek,7,Αλέξανδρος Αλεξίου,Greek,7
RNN,645,1.9269161224365234,1.2271320992708206,0,0.4170542635658915,0.7,Czech,2,Pavel Horák,Irish,8
RNN,646,0.19177605211734772,1.2107207068800927,1,0.4179566563467492,0.7,Russian,14,Юрий Михайлов,Russian,14
RNN,647,0.5651021003723145,1.1880212649703026,1,0.4188562596599691,0.7,Italian,9,Fabio Marino,Italian,9
RNN,648,2.0119926929473877,1.1800938376784325,0,0.4182098765432099,0.7,Portuguese,13,Luís Santos,English,4
RNN,649,1.8676568269729614,1.1871179589629173,0,0.41756548536209553,0.68,English,4,Daniel Smith,Irish,8
RNN,650,3.5185608863830566,1.2198169812560082,0,0.4169230769230769,0.68,Chinese,1,刘秀英,Korean,11
RNN,651,1.819161295890808,1.2150256237387658,0,0.4162826420890937,0.68,Scottish,15,Iain MacLeod,English,4
RNN,652,1.6639864444732666,1.2397549709677695,0,0.4156441717791411,0.66,Dutch,3,Jan van den Berg,Italian,9
RNN,653,1.7036577463150024,1.2546784421801567,1,0.4165390505359878,0.66,Vietnamese,17,Trần Nam,Vietnamese,17
RNN,654,0.5451265573501587,1.2541240665316582,1,0.41743119266055045,0.66,Polish,12,Marek Kamiński,Polish,12
RNN,655,0.39389753341674805,1.2413984271883964,1,0.4183206106870229,0.66,Korean,11,장도윤,Korean,11
RNN,656,1.7162857055664062,1.2240713140368462,0,0.4176829268292683,0.66,Vietnamese,17,Huỳnh Hoàng,Italian,9
RNN,657,2.4164865016937256,1.251695677936077,0,0.4170471841704718,0.64,English,4,Richard Miller,Spanish,16
RNN,658,2.5870606899261475,1.299827845096588,0,0.41641337386018235,0.62,Dutch,3,Dirk Janssen,English,4
RNN,659,0.7456647753715515,1.296109561920166,1,0.417298937784522,0.62,Portuguese,13,Gonçalo Pereira,Portuguese,13
RNN,660,0.49198368191719055,1.3054173311591148,1,0.41818181818181815,0.62,Chinese,1,吴超,Chinese,1
RNN,661,0.16195857524871826,1.2938247737288475,1,0.41906202723146746,0.62,Korean,11,박지민,Korean,11
RNN,662,0.30969667434692383,1.2442356643080712,1,0.4199395770392749,0.64,Russian,14,Михаил Попов,Russian,14
RNN,663,0.26085206866264343,1.1862579730153084,1,0.42081447963800905,0.66,Greek,7,Σπυρίδων Νικολάου,Greek,7
RNN,664,0.8452293276786804,1.1641643968224527,1,0.42168674698795183,0.68,Dutch,3,Sem Smit,Dutch,3
RNN,665,0.2587798833847046,1.1490028181672096,1,0.42255639097744363,0.68,Korean,11,조민지,Korean,11
RNN,666,0.18663282692432404,1.1474199628829955,1,0.42342342342342343,0.68,Korean,11,김지민,Korean,11
RNN,667,1.3782377243041992,1.15816281914711,1,0.424287856071964,0.68,Polish,12,Łukasz Wójcik,Polish,12
RNN,668,2.4023568630218506,1.1947686052322388,0,0.4236526946107784,0.66,German,6,Matthias Schmidt,Irish,8
RNN,669,0.110431969165802,1.1568607437610625,1,0.42451420029895365,0.68,Russian,14,Антон Петров,Russian,14
RNN,670,2.8439576625823975,1.1950458562374116,0,0.42388059701492536,0.66,German,6,Jürgen Schulz,Portuguese,13
RNN,671,1.9038126468658447,1.206942516565323,0,0.4232488822652757,0.64,Arabic,0,كريم الحداد,Russian,14
RNN,672,0.5986072421073914,1.1609229278564452,1,0.42410714285714285,0.66,Japanese,10,田中一郎,Japanese,10
RNN,673,2.337101459503174,1.1867100381851197,0,0.4234769687964339,0.64,English,4,William Wilson,Polish,12
RNN,674,1.9879933595657349,1.1981365180015564,0,0.4228486646884273,0.62,German,6,Felix Müller,Dutch,3
RNN,675,0.5116304159164429,1.1604977560043335,1,0.4237037037037037,0.64,Vietnamese,17,Lê Minh,Vietnamese,17
RNN,676,3.400080442428589,1.1795115566253662,0,0.4230769230769231,0.64,German,6,Hannah Schneider,Dutch,3
RNN,677,0.501746654510498,1.1756849217414855,1,0.4239290989660266,0.64,Japanese,10,加藤健一,Japanese,10
RNN,678,1.9819151163101196,1.2081627678871154,0,0.42330383480825956,0.62,English,4,Matthew Wilson,Polish,12
RNN,679,0.19584737718105316,1.206476204097271,1,0.42415316642120765,0.62,Arabic,0,سعيد العتيبي,Arabic,0
RNN,680,1.783137321472168,1.2012119886279107,1,0.425,0.64,English,4,Anthony Johnson,English,4
RNN,681,0.8030839562416077,1.2154624973237516,1,0.42584434654919234,0.64,Vietnamese,17,Phạm Đức,Vietnamese,17
RNN,682,2.6007790565490723,1.253204861730337,0,0.4252199413489736,0.62,French,5,Georges Bernard,Portuguese,13
RNN,683,0.2441699504852295,1.2413759706914425,1,0.4260614934114202,0.62,Arabic,0,فهد الخطيب,Arabic,0
RNN,684,0.11326014250516891,1.1968791410326958,1,0.4269005847953216,0.64,Arabic,0,طارق الغامدي,Arabic,0
RNN,685,0.016204554587602615,1.1498505652695894,1,0.42773722627737226,0.66,Greek,7,Μιχάλης Βασιλείου,Greek,7
RNN,686,1.7012946605682373,1.1583767760545016,0,0.4271137026239067,0.64,Japanese,10,佐藤健,Korean,11
RNN,687,3.042031764984131,1.2117175764590502,0,0.4264919941775837,0.62,French,5,Gabriel Petit,English,4
RNN,688,0.16453851759433746,1.174096104875207,1,0.4273255813953488,0.62,Chinese,1,李杰,Chinese,1
RNN,689,1.6676948070526123,1.195395217910409,1,0.4281567489114659,0.62,Portuguese,13,André Rodrigues,Portuguese,13
RNN,690,1.5047122240066528,1.218998898640275,1,0.4289855072463768,0.62,Dutch,3,Thomas Meijer,Dutch,3
RNN,691,2.7946300506591797,1.2734977821260691,0,0.4283646888567294,0.6,Czech,2,Petr Kučera,Portuguese,13
RNN,692,0.3336333930492401,1.2710822407156228,1,0.4291907514450867,0.6,Russian,14,Юрий Новиков,Russian,14
RNN,693,0.4464492201805115,1.2724263326078653,1,0.43001443001443,0.6,Korean,11,조도윤,Korean,11
RNN,694,0.7500338554382324,1.2861567475646734,1,0.430835734870317,0.6,Dutch,3,Sem Bakker,Dutch,3
RNN,695,1.1085923910140991,1.269790272936225,1,0.4316546762589928,0.62,Spanish,16,Pedro González,Spanish,16
RNN,696,0.2522377371788025,1.270999506637454,1,0.4324712643678161,0.62,Chinese,1,周强,Chinese,1
RNN,697,0.8473138809204102,1.276643742248416,1,0.4332855093256815,0.62,Spanish,16,Rafael Rodríguez,Spanish,16
RNN,698,0.07865495979785919,1.2379769875854254,1,0.4340974212034384,0.64,Russian,14,Артём Михайлов,Russian,14
RNN,699,0.5153259038925171,1.2109303691238165,1,0.43490701001430615,0.66,Arabic,0,ياسر الحداد,Arabic,0
RNN,700,1.204552412033081,1.164650199636817,1,0.4357142857142857,0.68,Scottish,15,Callum Murray,Scottish,15
RNN,701,0.7547149062156677,1.1433612718433142,1,0.43651925820256776,0.7,Portuguese,13,Ricardo Jesus,Portuguese,13
RNN,702,2.4194350242614746,1.1584702434390783,0,0.4358974358974359,0.7,Dutch,3,Dirk Janssen,Spanish,16
RNN,703,0.0369548536837101,1.1251361855864526,1,0.4366998577524893,0.7,Russian,14,Сергей Иванов,Russian,14
RNN,704,1.4079620838165283,1.1423928961157799,1,0.4375,0.7,Czech,2,Pavel Černý,Czech,2
RNN,705,2.0204169750213623,1.1749232849478721,0,0.4368794326241135,0.68,English,4,Steven Smith,Czech,2
RNN,706,2.49532151222229,1.1905040010809897,0,0.43626062322946174,0.68,English,4,Christopher Brown,Korean,11
RNN,707,0.7034637928009033,1.1562435469031334,1,0.43705799151343705,0.7,Vietnamese,17,Đặng Cường,Vietnamese,17
RNN,708,0.9450753331184387,1.1234038397669792,0,0.4364406779661017,0.7,Japanese,10,伊藤彩,Korean,11
RNN,709,0.49141988158226013,1.1183189418911934,1,0.43723554301833567,0.7,Spanish,16,Pablo Rodríguez,Spanish,16
RNN,710,0.45763030648231506,1.1176318743824958,1,0.43802816901408453,0.7,Russian,14,Евгений Васильев,Russian,14
RNN,711,1.552036166191101,1.1454334262013435,1,0.4388185654008439,0.7,Portuguese,13,Pedro Santos,Portuguese,13
RNN,712,1.744233250617981,1.1741241577267647,0,0.43820224719101125,0.68,Dutch,3,Bram Smit,Vietnamese,17
RNN,713,0.2410847693681717,1.1737288117408753,1,0.43899018232819076,0.68,Vietnamese,17,Đặng Đức,Vietnamese,17
RNN,714,2.0054779052734375,1.1969337832927704,0,0.438375350140056,0.66,German,6,Christian Meyer,Spanish,16
RNN,715,0.06699179112911224,1.1930980214476585,1,0.43916083916083914,0.66,Russian,14,Сергей Сидоров,Russian,14
RNN,716,0.445206880569458,1.1982695025205612,1,0.4399441340782123,0.66,Portuguese,13,Miguel Oliveira,Portuguese,13
RNN,717,0.06585422158241272,1.1720218324661256,1,0.4407252440725244,0.66,Russian,14,Андрей Попов,Russian,14
RNN,718,2.0405287742614746,1.1647852706909179,0,0.4401114206128134,0.66,Portuguese,13,Miguel Sousa,English,4
RNN,719,0.7249045372009277,1.1770747220516204,1,0.44089012517385257,0.66,Dutch,3,Jan van Dijk,Dutch,3
RNN,720,0.3259544372558594,1.1267146575450897,1,0.44166666666666665,0.68,Portuguese,13,João Oliveira,Portuguese,13
RNN,721,2.589815616607666,1.140434716939926,0,0.44105409153952846,0.68,Irish,8,Michael O'Sullivan,Scottish,15
RNN,722,1.5880959033966064,1.1602244901657104,1,0.44182825484764543,0.68,English,4,Mark Taylor,English,4
RNN,723,1.72252357006073,1.1479329323768617,0,0.4412171507607192,0.68,Scottish,15,Stuart MacDonald,Portuguese,13
RNN,724,2.580179214477539,1.1597766494750976,0,0.44060773480662985,0.68,Czech,2,Petr Svoboda,Dutch,3
RNN,725,2.3859283924102783,1.1972626090049743,0,0.44,0.66,Czech,2,Josef Procházka,Portuguese,13
RNN,726,0.5955633521080017,1.1411722671985627,1,0.44077134986225897,0.68,Dutch,3,Thomas Meijer,Dutch,3
RNN,727,0.5019831657409668,1.141176997423172,1,0.44154057771664373,0.68,Korean,11,이지호,Korean,11
RNN,728,0.3287917673587799,1.108114530444145,1,0.4423076923076923,0.7,Vietnamese,17,Nguyễn Ngọc,Vietnamese,17
RNN,729,0.10167809575796127,1.1062311448156834,1,0.4430727023319616,0.7,Vietnamese,17,Vũ Dũng,Vietnamese,17
RNN,730,0.08839311450719833,1.072336260676384,1,0.4438356164383562,0.7,Japanese,10,小林陽子,Japanese,10
RNN,731,0.4356328547000885,1.0649872386455537,1,0.44459644322845415,0.7,Dutch,3,Dirk Bakker,Dutch,3
RNN,732,0.3155628740787506,1.019282914996147,1,0.4453551912568306,0.72,Korean,11,장서준,Korean,11
RNN,733,1.3577793836593628,1.0415551036596298,1,0.4461118690313779,0.72,Portuguese,13,Carlos Sousa,Portuguese,13
RNN,734,0.18442997336387634,1.042978500276804,1,0.44686648501362397,0.72,Chinese,1,刘娟,Chinese,1
RNN,735,2.0781712532043457,1.0842178342491389,0,0.44625850340136053,0.7,Italian,9,Lorenzo Bianchi,Scottish,15
RNN,736,0.234322652220726,1.0548783940821886,1,0.4470108695652174,0.72,Dutch,3,Bram Visser,Dutch,3
RNN,737,0.6885452270507812,1.0078086633235217,1,0.44776119402985076,0.74,Spanish,16,Miguel González,Spanish,16
RNN,738,1.5132886171340942,1.0347836653143168,0,0.44715447154471544,0.72,English,4,Thomas Taylor,Portuguese,13
RNN,739,0.7914332747459412,1.0172584346681832,1,0.4479025710419486,0.72,Scottish,15,Stuart MacKenzie,Scottish,15
RNN,740,0.34878626465797424,0.9941399154812097,1,0.4486486486486487,0.72,Dutch,3,Lars van Dijk,Dutch,3
RNN,741,0.30863213539123535,0.9444199571758509,1,0.4493927125506073,0.74,Vietnamese,17,Hoàng Nam,Vietnamese,17
RNN,742,0.4104044437408447,0.945955378189683,1,0.4501347708894879,0.74,Dutch,3,Sem Meijer,Dutch,3
RNN,743,2.1843349933624268,0.9807130936533213,0,0.44952893674293404,0.72,Irish,8,Oisín Gallagher,Spanish,16
RNN,744,0.1228102296590805,0.9681686211377383,1,0.45026881720430106,0.72,Greek,7,Ανδρέας Αθανασίου,Greek,7
RNN,745,0.0459064356982708,0.9469149020314217,1,0.45100671140939597,0.72,Vietnamese,17,Đặng Phong,Vietnamese,17
RNN,746,0.18929067254066467,0.9456559607386589,1,0.4517426273458445,0.72,Vietnamese,17,Nguyễn Hiếu,Vietnamese,17
RNN,747,2.653895616531372,0.9817875954508781,0,0.45113788487282463,0.7,Irish,8,Fionn Murphy,Russian,14
RNN,748,3.93477725982666,1.058910041451454,0,0.4505347593582888,0.68,French,5,Hugo Petit,Vietnamese,17
RNN,749,1.3588989973068237,1.0757815033197402,1,0.4512683578104139,0.68,Italian,9,Fabio Bianchi,Italian,9
RNN,750,0.2554694712162018,1.0567998445034028,1,0.452,0.68,Korean,11,김지훈,Korean,11
RNN,751,2.6128273010253906,1.0939620923995972,0,0.45139813581890814,0.66,French,5,Noël Bernard,Portuguese,13
RNN,752,2.6257729530334473,1.0980888509750366,0,0.4507978723404255,0.66,Polish,12,Stanisław Nowak,Czech,2
RNN,753,2.954087734222412,1.1564315085858106,0,0.450199203187251,0.64,English,4,Charles St. John,Chinese,1
RNN,754,0.33866241574287415,1.1350455152243375,1,0.4509283819628647,0.64,Arabic,0,عمر الخطيب,Arabic,0
RNN,755,0.1616491973400116,1.0978701596707106,1,0.45165562913907287,0.66,Spanish,16,Pablo González,Spanish,16
RNN,756,0.7636921405792236,1.0632375722378493,1,0.4523809523809524,0.68,Polish,12,Marcin Kamiński,Polish,12
RNN,757,0.4778102934360504,1.0587245022505523,1,0.45310435931307796,0.68,Russian,14,Владимир Кузнецов,Russian,14
RNN,758,2.7712724208831787,1.095248444005847,0,0.4525065963060686,0.68,French,5,Mathieu Robert,Scottish,15
RNN,759,1.0277570486068726,1.1059751873463393,1,0.45322793148880103,0.68,Italian,9,Davide Greco,Italian,9
RNN,760,0.14134594798088074,1.0996495001763105,1,0.45394736842105265,0.68,Japanese,10,加藤健一,Japanese,10
RNN,761,1.403151035308838,1.0966717975586653,1,0.45466491458607095,0.68,Czech,2,Adam Novák,Czech,2
RNN,762,2.5565438270568848,1.1129180090874433,0,0.4540682414698163,0.68,English,4,James Williams,Portuguese,13
RNN,763,0.22317826747894287,1.1125598790496587,1,0.45478374836173,0.68,Chinese,1,吴杰,Chinese,1
RNN,764,1.9609029293060303,1.1116683795303106,0,0.45418848167539266,0.68,Czech,2,Michal Dvořák,Dutch,3
RNN,765,0.04589220508933067,1.111246387809515,1,0.4549019607843137,0.68,Russian,14,Евгений Михайлов,Russian,14
RNN,766,2.5803780555725098,1.153949811309576,0,0.45430809399477806,0.66,Portuguese,13,Carlos Rodrigues,Spanish,16
RNN,767,0.08082570135593414,1.1542492409050464,1,0.455019556714472,0.66,Russian,14,Виктор Попов,Russian,14
RNN,768,2.3315067291259766,1.1600688000023365,0,0.4544270833333333,0.66,Irish,8,Michael O'Brien,English,4
RNN,769,1.4225190877914429,1.1740210910141469,0,0.4538361508452536,0.64,Spanish,16,Jorge Fernández,Dutch,3
RNN,770,0.2188231498003006,1.1718784652650356,1,0.45454545454545453,0.64,Korean,11,강서준,Korean,11
RNN,771,0.5505149960517883,1.1310924528539181,1,0.45525291828793774,0.66,Dutch,3,Joris van den Berg,Dutch,3
RNN,772,2.4838201999664307,1.1490069387853146,0,0.45466321243523317,0.64,Scottish,15,Ross Fraser,Dutch,3
RNN,773,1.9431102275848389,1.1534186719357968,0,0.4540750323415265,0.64,Italian,9,Luca Rossi,English,4
RNN,774,0.019679885357618332,1.1022086853533983,1,0.45478036175710596,0.66,Greek,7,Δημήτριος Αθανασίου,Greek,7
RNN,775,0.30848363041877747,1.0606597901135684,1,0.45548387096774196,0.68,Chinese,1,王芳,Chinese,1
RNN,776,2.3457961082458496,1.0956644452363253,0,0.45489690721649484,0.66,German,6,Felix Fischer,Dutch,3
RNN,777,2.4477949142456055,1.134580680206418,0,0.4543114543114543,0.64,German,6,Lukas Hoffmann,Italian,9
RNN,778,1.2889041900634766,1.153782928660512,1,0.455012853470437,0.64,English,4,Mark St. John,English,4
RNN,779,2.5827138423919678,1.203403643593192,0,0.4544287548138639,0.62,Irish,8,Aidan Walsh,English,4
RNN,780,0.17878815531730652,1.2052115444093943,1,0.4551282051282051,0.62,Japanese,10,鈴木拓也,Japanese,10
RNN,781,0.18370862305164337,1.2001730597764253,1,0.4558258642765685,0.62,Arabic,0,يوسف الحسيني,Arabic,0
RNN,782,0.5153159499168396,1.2041681212931872,1,0.45652173913043476,0.62,Portuguese,13,Carlos Ferreira,Portuguese,13
RNN,783,2.286665439605713,1.222745842412114,0,0.4559386973180077,0.6,English,4,Paul Jones,Czech,2
RNN,784,0.13355344533920288,1.2217283118516207,1,0.45663265306122447,0.6,Vietnamese,17,Đặng Anh,Vietnamese,17
RNN,785,0.06601526588201523,1.181485192105174,1,0.4573248407643312,0.62,Greek,7,Βασίλειος Κωνσταντίνου,Greek,7
RNN,786,0.2187531292438507,1.1811738016456366,1,0.4580152671755725,0.62,Vietnamese,17,Võ Linh,Vietnamese,17
RNN,787,0.2551857829093933,1.1725066127628088,1,0.45870393900889456,0.62,Korean,11,김예은,Korean,11
RNN,788,2.3507637977600098,1.189256116375327,0,0.4581218274111675,0.62,Polish,12,Mateusz Woźniak,Scottish,15
RNN,789,0.29201599955558777,1.17926777087152,1,0.458808618504436,0.62,Chinese,1,杨艳,Chinese,1
RNN,790,0.11385743319988251,1.1745691942423582,1,0.45949367088607596,0.62,Arabic,0,سليم الهاشمي,Arabic,0
RNN,791,1.0243754386901855,1.1888840603083373,1,0.46017699115044247,0.62,Czech,2,Jan Černý,Czech,2
RNN,792,2.412540912628174,1.2289267896860838,0,0.4595959595959596,0.6,Portuguese,13,Miguel Martins,Italian,9
RNN,793,2.0366621017456055,1.2259733318537474,0,0.45901639344262296,0.6,Polish,12,Piotr Woźniak,Scottish,15
RNN,794,0.8663123250007629,1.240843373760581,1,0.4596977329974811,0.6,Portuguese,13,André Pereira,Portuguese,13
RNN,795,0.4419352114200592,1.2487639492750169,1,0.46037735849056605,0.6,Dutch,3,Hendrik Bakker,Dutch,3
RNN,796,0.045091088861227036,1.2458799576014281,1,0.4610552763819096,0.6,Arabic,0,عمر الغامدي,Arabic,0
RNN,797,2.340524196624756,1.2396125292032958,0,0.4604767879548306,0.6,French,5,Jean-Luc Dubois,Portuguese,13
RNN,798,0.03591449558734894,1.1616352739185094,1,0.46115288220551376,0.62,Russian,14,Павел Михайлов,Russian,14
RNN,799,0.2233627736568451,1.1389245494455098,1,0.4618272841051314,0.62,Korean,11,이현우,Korean,11
RNN,800,1.03437077999115,1.1545025756210088,1,0.4625,0.62,Portuguese,13,Rui Santos,Portuguese,13
RNN,801,0.013806791044771671,1.1025221654213966,1,0.4631710362047441,0.64,Greek,7,Θεόδωρος Αθανασίου,Greek,7
RNN,802,0.45118293166160583,1.0590303649939596,1,0.46384039900249374,0.66,Polish,12,Bartosz Lewandowski,Polish,12
RNN,803,2.9137935638427734,1.0582244815863668,0,0.46326276463262767,0.66,Czech,2,Petr Procházka,Polish,12
RNN,804,0.9105082154273987,1.0696613975800573,1,0.4639303482587065,0.66,Italian,9,Lorenzo Greco,Italian,9
RNN,805,0.2504127025604248,1.0714366676844655,1,0.4645962732919255,0.66,Japanese,10,高橋悠斗,Japanese,10
RNN,806,0.7156862020492554,1.0704765489138663,1,0.4652605459057072,0.66,Japanese,10,加藤さくら,Japanese,10
RNN,807,2.561309814453125,1.1121465393342078,0,0.4646840148698885,0.64,French,5,J.-P. Martin,Italian,9
RNN,808,1.316388487815857,1.0830488606728614,1,0.46534653465346537,0.66,Spanish,16,Carlos Gómez,Spanish,16
RNN,809,1.4270254373550415,1.0910342284478247,1,0.46600741656365885,0.66,Dutch,3,Sem Janssen,Dutch,3
RNN,810,0.8101027011871338,1.1044093635119498,1,0.4666666666666667,0.66,Spanish,16,Jorge González,Spanish,16
RNN,811,0.4645910859107971,1.085638164523989,1,0.46732429099876693,0.66,Korean,11,정우진,Korean,11
RNN,812,1.8318802118301392,1.071144892219454,0,0.4667487684729064,0.66,English,4,James Brown,Italian,9
RNN,813,2.423638343811035,1.115154093746096,0,0.4661746617466175,0.64,Dutch,3,Sophie Jansen,Irish,8
RNN,814,1.47539222240448,1.1054438796080648,1,0.4668304668304668,0.66,Irish,8,Niall O'Brien,Irish,8
RNN,815,2.3006715774536133,1.1505394670553506,0,0.4662576687116564,0.64,French,5,Mathieu Dubois,Portuguese,13
RNN,816,1.7458076477050781,1.133848058898002,0,0.46568627450980393,0.64,English,4,Donald St. John,Dutch,3
RNN,817,2.2120165824890137,1.1764718765206634,0,0.46511627906976744,0.62,Czech,2,Lukáš Novotný,Vietnamese,17
RNN,818,1.4417448043823242,1.1586766380257905,1,0.46577017114914426,0.64,Scottish,15,Aileen Murray,Scottish,15
RNN,819,0.03717552125453949,1.1309697666950524,1,0.46642246642246643,0.66,Russian,14,Николай Михайлов,Russian,14
RNN,820,0.1251554638147354,1.1290964129753411,1,0.46707317073170734,0.66,Japanese,10,小林太郎,Japanese,10
RNN,821,0.06921645253896713,1.1194704421050847,1,0.46772228989037756,0.66,Japanese,10,鈴木健一,Japanese,10
RNN,822,0.05224677175283432,1.0708389735408128,1,0.4683698296836983,0.68,Russian,14,Роман Иванов,Russian,14
RNN,823,1.189961552619934,1.0557760000415146,1,0.4690157958687728,0.7,Scottish,15,Niall Murray,Scottish,15
RNN,824,1.5658621788024902,1.0866996459104121,1,0.4696601941747573,0.7,Italian,9,Lorenzo Esposito,Italian,9
RNN,825,0.13453927636146545,1.083220758829266,1,0.4703030303030303,0.7,Chinese,1,陈勇,Chinese,1
RNN,826,2.4392929077148438,1.0850906948186456,0,0.46973365617433416,0.7,Spanish,16,Sergio García,Scottish,15
RNN,827,0.8969359397888184,1.05407351532951,1,0.4703748488512696,0.72,Italian,9,Vincenzo Romano,Italian,9
RNN,828,0.06731192767620087,1.0296416700817645,1,0.47101449275362317,0.72,Russian,14,Евгений Иванов,Russian,14
RNN,829,0.16297291219234467,0.981246851477772,1,0.47165259348612787,0.74,Chinese,1,陈涛,Chinese,1
RNN,830,1.4352787733078003,1.006376663837582,1,0.472289156626506,0.74,Italian,9,Giuseppe Rossi,Italian,9
RNN,831,2.811945676803589,1.0589414049126207,0,0.4717208182912154,0.72,Czech,2,Štěpán Veselý,Scottish,15
RNN,832,0.2666914165019989,1.053968914244324,1,0.4723557692307692,0.72,Spanish,16,Sergio López,Spanish,16
RNN,833,0.032169751822948456,1.0088790004886687,1,0.4729891956782713,0.74,Russian,14,Дмитрий Соколов,Russian,14
RNN,834,0.8542703986167908,1.0232933395542205,1,0.473621103117506,0.74,Vietnamese,17,Đặng Khang,Vietnamese,17
RNN,835,0.11826304346323013,1.0243382951058448,1,0.474251497005988,0.74,Chinese,1,杨明,Chinese,1
RNN,836,2.074944496154785,1.0614621224440635,0,0.47368421052631576,0.72,German,6,Klaus Weber,Spanish,16
RNN,837,1.5862667560577393,1.0880837419070304,1,0.4743130227001195,0.72,Scottish,15,Hamish Fraser,Scottish,15
RNN,838,1.7711929082870483,1.076492324117571,0,0.4737470167064439,0.72,English,4,Mark Smith,Italian,9
RNN,839,0.04004700481891632,1.0714529442228378,1,0.47437425506555425,0.72,Russian,14,Виктор Петров,Russian,14
RNN,840,0.06770315021276474,1.0705298585630953,1,0.475,0.72,Japanese,10,加藤一郎,Japanese,10
RNN,841,2.3706986904144287,1.0974563235975803,0,0.47443519619500596,0.7,Czech,2,Michal Kučera,Portuguese,13
RNN,842,2.1230525970458984,1.0916665572859348,0,0.47387173396674587,0.7,French,5,Jules Martin,Scottish,15
RNN,843,0.14024828374385834,1.0537382809258997,1,0.4744958481613286,0.72,Greek,7,Δημήτριος Σταυρίδης,Greek,7
RNN,844,0.09563104063272476,1.038324655238539,1,0.47511848341232227,0.72,Russian,14,Максим Попов,Russian,14
RNN,845,0.7060803771018982,1.0436075585521758,1,0.4757396449704142,0.72,Spanish,16,Manuel Sánchez,Spanish,16
RNN,846,2.264195680618286,1.087989650387317,0,0.475177304964539,0.7,French,5,Marcel Robert,Scottish,15
RNN,847,0.15175841748714447,1.0442143348045647,1,0.4757969303423849,0.72,Korean,11,최예준,Korean,11
RNN,848,0.979577898979187,1.0630876028724014,1,0.47641509433962265,0.72,Polish,12,Tomasz Kamiński,Polish,12
RNN,849,0.0703100934624672,1.060026549268514,1,0.47703180212014135,0.72,Japanese,10,小林京子,Japanese,10
RNN,850,0.09653005003929138,1.0412697346694768,1,0.4776470588235294,0.72,Chinese,1,吴芳,Chinese,1
RNN,851,0.06842824816703796,1.042362163811922,1,0.4782608695652174,0.72,Japanese,10,佐藤悠斗,Japanese,10
RNN,852,1.3275426626205444,1.0598893584311009,0,0.47769953051643194,0.7,Japanese,10,鈴木健,Korean,11
RNN,853,0.08002568781375885,1.0032140009105206,1,0.4783118405627198,0.72,Vietnamese,17,Võ Minh,Vietnamese,17
RNN,854,0.8594600558280945,1.0021930377185344,1,0.47892271662763464,0.72,Polish,12,Grzegorz Wójcik,Polish,12
RNN,855,1.1172142028808594,1.0195290677249431,1,0.47953216374269003,0.72,Irish,8,Declan Kennedy,Irish,8
RNN,856,2.093837022781372,1.0470920841395854,0,0.47897196261682246,0.7,English,4,David Jones,German,6
RNN,857,1.5086711645126343,1.0260393111407757,0,0.47841306884480744,0.7,Czech,2,Michal Veselý,Scottish,15
RNN,858,3.1379199028015137,1.0624699394404888,0,0.47785547785547783,0.68,English,4,Charles Jones,Portuguese,13
RNN,859,0.7851703763008118,1.0496328382194042,1,0.47846332945285214,0.68,Italian,9,Francesco Marino,Italian,9
RNN,860,0.9853987693786621,1.0531387595832349,1,0.4790697674418605,0.68,Polish,12,Adam Kowalski,Polish,12
RNN,861,1.8195477724075317,1.0802378933131696,0,0.47851335656213706,0.66,Czech,2,Václav Dvořák,Russian,14
RNN,862,0.09141705930233002,1.0454286302626132,1,0.4791183294663573,0.68,Vietnamese,17,Hoàng Phong,Vietnamese,17
RNN,863,0.030773276463150978,0.9975713289156556,1,0.4797219003476246,0.7,Japanese,10,鈴木大輔,Japanese,10
RNN,864,0.4431990087032318,0.9769274646416306,1,0.48032407407407407,0.7,Spanish,16,Daniel Fernández,Spanish,16
RNN,865,3.0136609077453613,0.9911872512474657,0,0.4797687861271676,0.7,Portuguese,13,Francisco Rodrigues,Spanish,16
RNN,866,0.26532283425331116,0.9615775549784302,1,0.48036951501154734,0.72,Korean,11,김성민,Korean,11
RNN,867,0.2629929184913635,0.9225970816984773,1,0.4809688581314879,0.74,Korean,11,최민지,Korean,11
RNN,868,2.122169017791748,0.9362055659666657,0,0.4804147465437788,0.72,French,5,Mathieu Thomas,Czech,2
RNN,869,0.02456906996667385,0.9359534369409084,1,0.4810126582278481,0.72,Japanese,10,加藤悠斗,Japanese,10
RNN,870,1.4305250644683838,0.9620608289539814,0,0.4804597701149425,0.7,Scottish,15,Iain MacKenzie,Polish,12
RNN,871,0.07096479088068008,0.9620957957208156,1,0.48105625717566014,0.7,Greek,7,Ευάγγελος Παπαδάκης,Greek,7
RNN,872,0.9250023365020752,0.9795509070158005,1,0.481651376146789,0.7,English,4,J.R. Smith,English,4
RNN,873,1.007533073425293,0.9759023374319077,1,0.4822451317296678,0.7,Italian,9,Domenico Russo,Italian,9
RNN,874,1.4906601905822754,0.9743982976675034,1,0.482837528604119,0.7,Spanish,16,Rafael Díaz,Spanish,16
RNN,875,0.41726064682006836,0.9800527250766754,1,0.48342857142857143,0.7,Vietnamese,17,Đặng Khang,Vietnamese,17
RNN,876,2.387498617172241,0.9790168392658234,0,0.4828767123287671,0.7,Spanish,16,Jorge García,French,5
RNN,877,0.02269124425947666,0.9615319453552366,1,0.48346636259977194,0.7,Japanese,10,加藤悠斗,Japanese,10
RNN,878,1.9125146865844727,0.998436000533402,0,0.48291571753986334,0.68,English,4,Matthew Wilson,Scottish,15
RNN,879,1.0513721704483032,1.0162039856985212,1,0.48350398179749715,0.68,Polish,12,Szymon Kowalski,Polish,12
RNN,880,1.8749045133590698,1.0249965004995465,0,0.48295454545454547,0.66,French,5,François Thomas,Spanish,16
RNN,881,2.065234899520874,1.0100622849538923,0,0.48240635641316687,0.66,French,5,Émile L'Hôpital,Scottish,15
RNN,882,0.9992303848266602,1.0247130643203854,1,0.48299319727891155,0.66,Russian,14,Игорь Иванов,Russian,14
RNN,883,0.8736092448234558,1.0415418541803956,1,0.48357870894677235,0.66,Portuguese,13,Tiago Oliveira,Portuguese,13
RNN,884,0.18981634080410004,1.0282527730241418,1,0.4841628959276018,0.66,Greek,7,Αθανάσιος Αθανασίου,Greek,7
RNN,885,0.5838573575019836,1.0375646593049168,1,0.4847457627118644,0.66,Italian,9,Marco Greco,Italian,9
RNN,886,0.21071793138980865,1.0002801280096174,1,0.4853273137697517,0.68,Russian,14,Юрий Сидоров,Russian,14
RNN,887,1.658632755279541,1.0017274479940534,1,0.4859075535512965,0.68,Vietnamese,17,Phạm Bình,Vietnamese,17
RNN,888,0.9747348427772522,0.9857982866838575,1,0.4864864864864865,0.7,Italian,9,Alessandro Colombo,Italian,9
RNN,889,1.871761441230774,1.0224325754120946,0,0.4859392575928009,0.68,German,6,Friedrich Weber,English,4
RNN,890,0.0557284951210022,1.0221930823102594,1,0.48651685393258426,0.68,Russian,14,Сергей Попов,Russian,14
RNN,891,1.2808008193969727,1.0003951248899101,1,0.48709315375982043,0.7,Italian,9,Giuseppe Greco,Italian,9
RNN,892,0.7612371444702148,0.9731588158383966,1,0.4876681614349776,0.72,Polish,12,Jakub Lewandowski,Polish,12
RNN,893,0.532218337059021,0.9809982169046998,1,0.48824188129899215,0.72,Spanish,16,Francisco Martínez,Spanish,16
RNN,894,1.5648587942123413,1.0103827719762921,1,0.4888143176733781,0.72,French,5,Louis Thomas,French,5
RNN,895,0.6701574325561523,1.0096643130853773,1,0.4893854748603352,0.72,English,4,William Brown,English,4
RNN,896,0.12489256262779236,0.9668782507255673,1,0.48995535714285715,0.74,Chinese,1,吴静,Chinese,1
RNN,897,3.2785465717315674,1.0294140138104557,0,0.48940914158305465,0.72,Scottish,15,Rory Stewart,Italian,9
RNN,898,0.4390404522418976,1.01860326487571,1,0.48997772828507796,0.72,Vietnamese,17,Trần Hiếu,Vietnamese,17
RNN,899,0.684377908706665,1.030884621180594,1,0.4905450500556173,0.72,Spanish,16,Juan Fernández,Spanish,16
RNN,900,0.9593446254730225,1.0481409126892687,1,0.4911111111111111,0.72,Italian,9,Andrea Russo,Italian,9
RNN,901,2.0111148357391357,1.0869946444407106,0,0.49056603773584906,0.7,French,5,Hugo Petit,English,4
RNN,902,0.13575667142868042,1.0631589246168733,1,0.4911308203991131,0.72,Russian,14,Игорь Васильев,Russian,14
RNN,903,1.461051344871521,1.0907794377580284,1,0.49169435215946844,0.72,English,4,Daniel Miller,English,4
RNN,904,1.621376395225525,1.1060177645459772,0,0.4911504424778761,0.7,Czech,2,Matěj Novotný,French,5
RNN,905,0.027392491698265076,1.0842213303223251,1,0.49171270718232046,0.7,Russian,14,Евгений Кузнецов,Russian,14
RNN,906,0.3269442021846771,1.0488834739103914,1,0.4922737306843267,0.72,Arabic,0,حسين الهاشمي,Arabic,0
RNN,907,0.07678092271089554,1.0202456690743567,1,0.4928335170893054,0.74,Chinese,1,杨芳,Chinese,1
RNN,908,0.5547528266906738,0.9685823275521398,1,0.4933920704845815,0.76,Spanish,16,Pablo López,Spanish,16
RNN,909,0.025344479829072952,0.953385809622705,1,0.49394939493949397,0.76,Greek,7,Αικατερίνη Νικολάου,Greek,7
RNN,910,1.5725390911102295,0.9651286160573364,1,0.4945054945054945,0.76,Czech,2,Daniel Černý,Czech,2
RNN,911,0.7391471862792969,0.9435206043347716,1,0.4950603732162459,0.78,Greek,7,Χρήστος Παπαδόπουλος,Greek,7
RNN,912,0.021132193505764008,0.9421149070188403,1,0.4956140350877193,0.78,Japanese,10,鈴木裕子,Japanese,10
RNN,913,0.619545042514801,0.9538903423398734,1,0.49616648411829134,0.78,Japanese,10,鈴木彩,Japanese,10
RNN,914,0.6182765960693359,0.9573918940871954,1,0.49671772428884026,0.78,English,4,Charles Smith,English,4
RNN,915,0.7138411402702332,0.9113954987376929,1,0.4972677595628415,0.8,Italian,9,Alessandro Colombo,Italian,9
RNN,916,1.1886000633239746,0.9298610433191061,1,0.4978165938864629,0.8,English,4,Donald St. John,English,4
RNN,917,1.0142966508865356,0.9448871179670095,1,0.4983642311886587,0.8,Scottish,15,Ross Murray,Scottish,15
RNN,918,0.12159575521945953,0.9048756527155638,1,0.4989106753812636,0.82,Arabic,0,محمد الخطيب,Arabic,0
RNN,919,0.10760091245174408,0.9065362895652652,1,0.499455930359086,0.82,Arabic,0,حسن العتيبي,Arabic,0
RNN,920,2.2132315635681152,0.9221904195472598,0,0.4989130434782609,0.82,German,6,Sophie Schmidt,English,4
RNN,921,0.3205723762512207,0.9271825712546706,1,0.499457111834962,0.82,Vietnamese,17,Đặng Hiếu,Vietnamese,17
RNN,922,0.4315907061100006,0.9173143386468291,1,0.5,0.82,Spanish,16,Javier Martínez,Spanish,16
RNN,923,1.048080563545227,0.9181252884492278,1,0.5005417118093174,0.82,Dutch,3,Anne Meijer,Dutch,3
RNN,924,1.157472014427185,0.911461524926126,1,0.5010822510822511,0.82,Italian,9,Alessandro Esposito,Italian,9
RNN,925,0.6344570517539978,0.9158054530248045,1,0.5016216216216216,0.82,Italian,9,Luca Russo,Italian,9
RNN,926,0.061762213706970215,0.8692907249554992,1,0.5021598272138229,0.84,Chinese,1,刘芳,Chinese,1
RNN,927,1.1748058795928955,0.8923330176621675,1,0.5026968716289104,0.84,Portuguese,13,Manuel Jesus,Portuguese,13
RNN,928,0.03696071356534958,0.8548219382017851,1,0.5032327586206896,0.86,Russian,14,Павел Иванов,Russian,14
RNN,929,2.741814613342285,0.8886307870596647,0,0.5026910656620022,0.84,Dutch,3,Bram Janssen,Spanish,16
RNN,930,0.3511781096458435,0.8581562589854002,1,0.5032258064516129,0.86,Vietnamese,17,Nguyễn Đức,Vietnamese,17
RNN,931,0.09629470854997635,0.8187774551659822,1,0.5037593984962406,0.88,Spanish,16,Francisco Pérez,Spanish,16
RNN,932,0.04947755113244057,0.7997823984920979,1,0.5042918454935622,0.88,Greek,7,Νικόλαος Σταυρίδης,Greek,7
RNN,933,0.6147663593292236,0.7946055407822132,1,0.5048231511254019,0.88,English,4,Donald Brown,English,4
RNN,934,2.043844223022461,0.8316860984265805,0,0.5042826552462527,0.86,Portuguese,13,João Silva,English,4
RNN,935,0.22307440638542175,0.8244704394042492,1,0.5048128342245989,0.86,Korean,11,최지훈,Korean,11
RNN,936,0.16270336508750916,0.8235101480782032,1,0.5053418803418803,0.86,Portuguese,13,Rui Ferreira,Portuguese,13
RNN,937,1.4178105592727661,0.8186937041580677,1,0.5058697972251868,0.86,Czech,2,Filip Kučera,Czech,2
RNN,938,0.1839507520198822,0.8028780223429203,1,0.5063965884861408,0.86,Korean,11,김하은,Korean,11
RNN,939,0.19261422753334045,0.7692950780689717,1,0.5069222577209798,0.88,Spanish,16,Álvaro Sánchez,Spanish,16
RNN,940,0.19786466658115387,0.7721378014981747,1,0.5074468085106383,0.88,Spanish,16,Jorge Sánchez,Spanish,16
RNN,941,0.675293505191803,0.7600276552140712,1,0.5079702444208289,0.88,Vietnamese,17,Nguyễn Hải,Vietnamese,17
RNN,942,0.6998333930969238,0.7587995801866054,1,0.5084925690021231,0.88,Polish,12,Jan Lewandowski,Polish,12
RNN,943,0.10635281354188919,0.7502822697162628,1,0.5090137857900318,0.88,Chinese,1,吴娜,Chinese,1
RNN,944,1.3935163021087646,0.7468554198741912,1,0.5095338983050848,0.88,Polish,12,Kamil Kowalczyk,Polish,12
RNN,945,1.5239266157150269,0.7639308035373688,1,0.5100529100529101,0.88,Irish,8,Brendan Kennedy,Irish,8
RNN,946,0.03779717534780502,0.7621888957917691,1,0.5105708245243129,0.88,Arabic,0,طارق الغامدي,Arabic,0
RNN,947,0.5955337882041931,0.7085286401212215,1,0.5110876451953538,0.9,Czech,2,Jiří Černý,Czech,2
RNN,948,0.02274799533188343,0.7002027909830213,1,0.5116033755274262,0.9,Greek,7,Χρήστος Σταυρίδης,Greek,7
RNN,949,0.6925884485244751,0.7003670017793775,1,0.512118018967334,0.9,Dutch,3,Sophie Meijer,Dutch,3
RNN,950,0.3666287362575531,0.688512683995068,1,0.5126315789473684,0.9,Japanese,10,鈴木誠,Japanese,10
RNN,951,0.07504262030124664,0.6497912396863103,1,0.5131440588853838,0.92,Chinese,1,陈勇,Chinese,1
RNN,952,0.34933072328567505,0.6540627207234502,1,0.5136554621848739,0.92,Vietnamese,17,Hoàng Hiếu,Vietnamese,17
RNN,953,1.8295599222183228,0.6614328922703863,0,0.5131164742917104,0.9,French,5,J.-P. L'Hôpital,Polish,12
RNN,954,0.008817191235721111,0.6291817081905902,1,0.5136268343815513,0.92,Russian,14,Сергей Михайлов,Russian,14
RNN,955,2.527956008911133,0.6791929785348475,0,0.5130890052356021,0.9,Scottish,15,Angus Douglas,Italian,9
RNN,956,2.028984546661377,0.7132337854243815,0,0.5125523012552301,0.88,French,5,Mathieu Bernard,Portuguese,13
RNN,957,1.0140842199325562,0.7319798513688147,1,0.5130616509926855,0.88,Czech,2,Tomáš Němec,Czech,2
RNN,958,0.014431740157306194,0.7211734296381473,1,0.5135699373695198,0.88,Russian,14,Евгений Иванов,Russian,14
RNN,959,1.1017510890960693,0.7427015618234872,1,0.5140771637122002,0.88,Italian,9,Luca Ferrari,Italian,9
RNN,960,0.08612435311079025,0.7129732670634985,1,0.5145833333333333,0.88,Chinese,1,张艳,Chinese,1
RNN,961,0.0771440714597702,0.699733204767108,1,0.5150884495317378,0.88,Chinese,1,陈伟,Chinese,1
RNN,962,0.44332441687583923,0.7081770492345094,1,0.5155925155925156,0.88,Italian,9,Luca Colombo,Italian,9
RNN,963,0.748139500617981,0.710748938396573,1,0.5160955347871236,0.88,Polish,12,Szymon Lewandowski,Polish,12
RNN,964,1.340006709098816,0.7251835406571626,1,0.516597510373444,0.88,Scottish,15,Ewan Campbell,Scottish,15
RNN,965,0.061865758150815964,0.7121440330147744,1,0.5170984455958549,0.88,Chinese,1,周杰,Chinese,1
RNN,966,2.4706809520721436,0.7377856507897377,0,0.5165631469979296,0.86,German,6,Johannes Fischer,Spanish,16
RNN,967,0.22484269738197327,0.7219965717196465,1,0.5170630816959669,0.86,Korean,11,임민지,Korean,11
RNN,968,0.12447762489318848,0.722054209113121,1,0.5175619834710744,0.86,Chinese,1,吴磊,Chinese,1
RNN,969,0.03403333202004433,0.720582857504487,1,0.5180598555211559,0.86,Japanese,10,田中美咲,Japanese,10
RNN,970,2.0485470294952393,0.7172891668230296,0,0.5175257731958763,0.86,Dutch,3,Lucas van Dijk,Italian,9
RNN,971,1.833422064781189,0.7475461605936289,0,0.5169927909371782,0.84,Portuguese,13,António Costa,English,4
RNN,972,0.025796381756663322,0.7394302741065621,1,0.5174897119341564,0.84,Russian,14,Сергей Кузнецов,Russian,14
RNN,973,0.6503102779388428,0.7314748683944344,1,0.5179856115107914,0.84,Japanese,10,高橋愛,Japanese,10
RNN,974,1.619510531425476,0.7407156387344003,0,0.5174537987679672,0.82,Scottish,15,Stuart Douglas,Italian,9
RNN,975,2.3892712593078613,0.7758119228854775,0,0.5169230769230769,0.8,Scottish,15,Ross Stewart,Italian,9
RNN,976,0.08686759322881699,0.7763140304759145,1,0.5174180327868853,0.8,Spanish,16,Javier Rodríguez,Spanish,16
RNN,977,1.1962089538574219,0.776742091961205,1,0.5179119754350051,0.8,Czech,2,Jakub Němec,Czech,2
RNN,978,1.8366761207580566,0.8127364001050591,0,0.5173824130879345,0.78,Portuguese,13,João Santos,Scottish,15
RNN,979,1.4918943643569946,0.7877379951253534,1,0.5178753830439223,0.8,Portuguese,13,André Martins,Portuguese,13
RNN,980,1.5116673707962036,0.8109477803483606,0,0.5173469387755102,0.78,French,5,J.-P. Durand,Italian,9
RNN,981,0.6558725833892822,0.8221393378451467,1,0.5178389398572885,0.78,Italian,9,Antonio Bianchi,Italian,9
RNN,982,1.621823787689209,0.853586262576282,0,0.5173116089613035,0.76,Dutch,3,Jan Jansen,Spanish,16
RNN,983,0.02523278072476387,0.8417955910041929,1,0.5178026449643948,0.76,Japanese,10,小林美咲,Japanese,10
RNN,984,0.5797572135925293,0.8125138508155942,1,0.5182926829268293,0.78,Italian,9,Vincenzo Esposito,Italian,9
RNN,985,0.05576322227716446,0.809167627133429,1,0.5187817258883248,0.78,Russian,14,Николай Соколов,Russian,14
RNN,986,0.06604059785604477,0.8072343717887998,1,0.5192697768762677,0.78,Portuguese,13,António Ferreira,Portuguese,13
RNN,987,0.04869361221790314,0.7798520328477025,1,0.5197568389057751,0.78,Russian,14,Евгений Кузнецов,Russian,14
RNN,988,0.07630068808794022,0.7776990315690636,1,0.520242914979757,0.78,Russian,14,Иван Иванов,Russian,14
RNN,989,0.3226509690284729,0.7802997663989664,1,0.5207280080889788,0.78,Korean,11,윤하은,Korean,11
RNN,990,0.4803656041622162,0.7859497851505876,1,0.5212121212121212,0.78,Portuguese,13,Francisco Pereira,Portuguese,13
RNN,991,0.13799896836280823,0.7752038944140076,1,0.5216952573158425,0.78,Chinese,1,王平,Chinese,1
RNN,992,0.3944876492023468,0.7690969795361161,1,0.5221774193548387,0.78,Polish,12,Adam Kowalczyk,Polish,12
RNN,993,1.3374930620193481,0.7937197845056653,0,0.5216515609264853,0.76,Spanish,16,Juan Díaz,Dutch,3
RNN,994,2.0479848384857178,0.8068091552332044,0,0.5211267605633803,0.74,French,5,Gabriel Martin,Italian,9
RNN,995,1.4684960842132568,0.805700544603169,1,0.521608040201005,0.74,English,4,Mark Wilson,English,4
RNN,996,0.05732913315296173,0.8060911837592721,1,0.5220883534136547,0.74,Russian,14,Дмитрий Иванов,Russian,14
RNN,997,0.830400288105011,0.8107885137572884,1,0.522567703109328,0.74,English,4,Paul Smith,English,4
RNN,998,0.07445299625396729,0.8118226137757302,1,0.5230460921843687,0.74,Greek,7,Σοφία Σταυρίδης,Greek,7
RNN,999,0.26872923970222473,0.8033454295992851,1,0.5235235235235235,0.74,Korean,11,정예준,Korean,11
RNN,1000,0.1575971394777298,0.7991647976636886,1,0.524,0.74,Polish,12,Paweł Zieliński,Polish,12
RNN,1001,0.05114031955599785,0.7986867516487837,1,0.5244755244755245,0.74,Chinese,1,赵涛,Chinese,1
RNN,1002,0.6306027770042419,0.804312192723155,1,0.5249500998003992,0.74,English,4,Anthony Taylor,English,4
RNN,1003,0.09533924609422684,0.7696277792006732,1,0.5254237288135594,0.76,Russian,14,Николай Кузнецов,Russian,14
RNN,1004,0.2527706027030945,0.7745068474300205,1,0.5258964143426295,0.76,Korean,11,강지호,Korean,11
RNN,1005,1.2329469919204712,0.7486066670902073,1,0.5263681592039801,0.78,Czech,2,Jakub Veselý,Czech,2
RNN,1006,2.163470506668091,0.7512963862903416,0,0.525844930417495,0.78,English,4,Mark Davis,French,5
RNN,1007,0.19836308062076569,0.7349819635041058,1,0.5263157894736842,0.78,Korean,11,강지훈,Korean,11
RNN,1008,0.799668550491333,0.7506866997107864,1,0.5267857142857143,0.78,Japanese,10,小林翔,Japanese,10
RNN,1009,2.83469295501709,0.7853455370292067,0,0.5262636273538157,0.76,Irish,8,Conor Walsh,English,4
RNN,1010,1.644239068031311,0.8165078313276172,0,0.5257425742574258,0.74,Dutch,3,Kees de Jong,Vietnamese,17
RNN,1011,1.411909818649292,0.8432031462714076,0,0.5252225519287834,0.72,French,5,Gabriel Durand,Portuguese,13
RNN,1012,0.8524410724639893,0.8513854793831706,1,0.525691699604743,0.72,Spanish,16,Álvaro López,Spanish,16
RNN,1013,0.4841444492340088,0.8461055783554912,1,0.5261599210266535,0.72,Vietnamese,17,Trần Khôi,Vietnamese,17
RNN,1014,2.0170083045959473,0.8596456102654337,0,0.5256410256410257,0.7,Irish,8,Saoirse Kennedy,Scottish,15
RNN,1015,1.2498316764831543,0.8834049286320805,1,0.5261083743842364,0.7,Irish,8,Seán Kennedy,Irish,8
RNN,1016,0.01786990277469158,0.8343487076461316,1,0.5265748031496063,0.72,Russian,14,Николай Сидоров,Russian,14
RNN,1017,0.6008449792861938,0.841868753284216,1,0.5270403146509341,0.72,Italian,9,Stefano Marino,Italian,9
RNN,1018,1.4818873405456543,0.8690169475972652,0,0.5265225933202358,0.7,Scottish,15,Malcolm MacKenzie,Polish,12
RNN,1019,2.1287102699279785,0.9109104863554239,0,0.5260058881256133,0.68,Dutch,3,Lucas Jansen,Portuguese,13
RNN,1020,1.6745067834854126,0.9034296814352274,1,0.5264705882352941,0.7,Czech,2,Daniel Procházka,Czech,2
RNN,1021,1.958045482635498,0.9059221497923136,0,0.5259549461312438,0.7,French,5,Benoît L'Hôpital,Czech,2
RNN,1022,0.024830281734466553,0.9059028277918696,1,0.5264187866927593,0.7,Russian,14,Андрей Петров,Russian,14
RNN,1023,0.019592801108956337,0.8932884782552719,1,0.5268817204301075,0.7,Japanese,10,小林拓也,Japanese,10
RNN,1024,0.11963452398777008,0.8632909581065178,1,0.52734375,0.72,Korean,11,임지훈,Korean,11
RNN,1025,1.6616301536560059,0.8487381359934807,0,0.526829268292683,0.72,Czech,2,Jan Veselý,Vietnamese,17
RNN,1026,0.2386976033449173,0.8517747361958027,1,0.5272904483430799,0.72,Vietnamese,17,Phạm Nam,Vietnamese,17
RNN,1027,0.5970654487609863,0.839791866093874,1,0.5277507302823758,0.72,Italian,9,Alessandro Ferrari,Italian,9
RNN,1028,1.9066815376281738,0.8411919744312764,0,0.5272373540856031,0.72,French,5,Lucien Robert,Czech,2
RNN,1029,0.0353570319712162,0.8120612277835607,1,0.5276967930029155,0.72,Spanish,16,Rafael González,Spanish,16
RNN,1030,3.2985854148864746,0.8477995886653662,0,0.5271844660194175,0.72,Dutch,3,Sander de Vries,English,4
RNN,1031,0.5279950499534607,0.8452420379966498,1,0.527643064985451,0.72,English,4,James Brown,English,4
RNN,1032,1.273619294166565,0.8382779481261968,0,0.5271317829457365,0.72,Scottish,15,Fraser MacDonald,French,5
RNN,1033,0.08647231757640839,0.8395027388632298,1,0.5275895450145208,0.72,Korean,11,윤지훈,Korean,11
RNN,1034,0.11684036254882812,0.8302444018423557,1,0.528046421663443,0.72,Korean,11,강민지,Korean,11
RNN,1035,0.05340014025568962,0.8301971402019263,1,0.5285024154589372,0.72,Vietnamese,17,Trần Minh,Vietnamese,17
RNN,1036,0.6476839780807495,0.8418300078064204,1,0.528957528957529,0.72,Czech,2,Matěj Novák,Czech,2
RNN,1037,0.4237375557422638,0.8493308866769076,1,0.5294117647058824,0.72,Italian,9,Andrea Romano,Italian,9
RNN,1038,1.9501665830612183,0.8868082045763731,0,0.5289017341040463,0.7,Scottish,15,Ross Fraser,Dutch,3
RNN,1039,2.6313722133636475,0.9329826294630766,0,0.5283926852743022,0.68,Portuguese,13,Bruno Sousa,Czech,2
RNN,1040,1.4317694902420044,0.9520107071846724,0,0.5278846153846154,0.66,Portuguese,13,Rui Martins,French,5
RNN,1041,2.0157618522644043,0.9895659648627043,0,0.5273775216138329,0.64,Czech,2,David Svoboda,French,5
RNN,1042,0.3710511028766632,0.9890972339361906,1,0.527831094049904,0.64,Japanese,10,小林健,Japanese,10
RNN,1043,3.1914422512054443,1.0261762177199125,0,0.5273250239693192,0.64,Czech,2,Daniel Procházka,Polish,12
RNN,1044,0.027994636446237564,0.9857764136791229,1,0.5277777777777778,0.66,Russian,14,Николай Михайлов,Russian,14
RNN,1045,0.12354376912117004,0.9588773673772812,1,0.5282296650717704,0.66,Spanish,16,Javier López,Spanish,16
RNN,1046,1.6414999961853027,0.990560784637928,0,0.5277246653919694,0.64,English,4,J.R. St. John,Dutch,3
RNN,1047,0.038954369723796844,0.9747318662703037,1,0.5281757402101241,0.64,Vietnamese,17,Võ Dũng,Vietnamese,17
RNN,1048,1.7082768678665161,1.0074083437025547,0,0.5276717557251909,0.62,French,5,Noël L'Hôpital,Scottish,15
RNN,1049,1.7502351999282837,1.037038462907076,0,0.5271687321258341,0.6,English,4,Christopher Miller,Dutch,3
RNN,1050,3.466958522796631,1.1032256905734539,0,0.5266666666666666,0.58,Spanish,16,Miguel García,Italian,9
RNN,1051,1.0786027908325195,1.1237749399989843,1,0.527117031398668,0.58,Dutch,3,Joris Janssen,Dutch,3
RNN,1052,0.3203517496585846,1.1175699194520712,1,0.5275665399239544,0.58,English,4,Paul Brown,English,4
RNN,1053,1.0840237140655518,1.1373436088114977,1,0.5280151946818613,0.58,French,5,Augustin Thomas,French,5
RNN,1054,0.013073914684355259,1.1325496750511228,1,0.5284629981024668,0.58,Japanese,10,加藤花子,Japanese,10
RNN,1055,0.0425100214779377,1.1087409356422722,1,0.5289099526066351,0.58,Greek,7,Βασίλειος Νικολάου,Greek,7
RNN,1056,0.19324840605258942,1.0693364936299623,1,0.5293560606060606,0.6,Spanish,16,Luis Rodríguez,Spanish,16
RNN,1057,0.7696449756622314,1.0807621315307916,1,0.5298013245033113,0.6,Czech,2,Martin Dvořák,Czech,2
RNN,1058,3.033780097961426,1.1254443624801933,0,0.5293005671077504,0.58,German,6,Klaus Schulz,Spanish,16
RNN,1059,0.49724021553993225,1.0786953076906503,1,0.5297450424929179,0.6,Vietnamese,17,Phạm Khôi,Vietnamese,17
RNN,1060,0.519134521484375,1.0561932167597115,1,0.530188679245283,0.62,English,4,James Taylor,English,4
RNN,1061,1.5719196796417236,1.0593934139795602,0,0.529688972667295,0.62,Italian,9,Stefano Ricci,English,4
RNN,1062,0.020476732403039932,1.0427541271783412,1,0.5301318267419962,0.62,Vietnamese,17,Trần Dũng,Vietnamese,17
RNN,1063,0.1824464648962021,1.036720167491585,1,0.5305738476011289,0.62,Spanish,16,David Gómez,Spanish,16
RNN,1064,1.0313371419906616,1.0170067442394792,1,0.5310150375939849,0.64,French,5,Louis Dubois,French,5
RNN,1065,2.542316436767578,1.0428564394451678,0,0.5305164319248826,0.62,English,4,Michael Williams,Italian,9
RNN,1066,0.2240924835205078,1.0469808910600842,1,0.5309568480300187,0.62,Japanese,10,中村健,Japanese,10
RNN,1067,0.11779352277517319,1.0373198619298636,1,0.5313964386129335,0.62,Chinese,1,王磊,Chinese,1
RNN,1068,0.7092940211296082,1.0218679955415428,1,0.5318352059925093,0.64,Czech,2,Marek Novák,Czech,2
RNN,1069,2.1966140270233154,1.0232260706834495,0,0.5313376987839102,0.64,Irish,8,Oisín O'Connor,English,4
RNN,1070,2.6427698135375977,1.0425913312844932,0,0.5308411214953271,0.62,German,6,Lukas Hoffmann,English,4
RNN,1071,0.9095481038093567,1.0216213837079704,1,0.5312791783380019,0.64,Portuguese,13,Mário Martins,Portuguese,13
RNN,1072,0.0938059464097023,1.023000897001475,1,0.5317164179104478,0.64,Arabic,0,يوسف الحسيني,Arabic,0
RNN,1073,0.09189281612634659,1.0244468973018228,1,0.53215284249767,0.64,Vietnamese,17,Phạm Nam,Vietnamese,17
RNN,1074,1.1607481241226196,1.04526916930452,1,0.5325884543761639,0.64,Italian,9,Carlo Colombo,Italian,9
RNN,1075,0.011875055730342865,1.0122740673460067,1,0.5330232558139535,0.66,Greek,7,Ευάγγελος Αλεξίου,Greek,7
RNN,1076,1.463706135749817,1.0367742379941047,0,0.5325278810408922,0.64,Polish,12,Marek Wójcik,Italian,9
RNN,1077,0.006691429764032364,1.0249667576141654,1,0.5329619312906221,0.64,Russian,14,Сергей Иванов,Russian,14
RNN,1078,0.06670545786619186,0.9881672360189259,1,0.5333951762523191,0.66,Chinese,1,张伟,Chinese,1
RNN,1079,0.02549370378255844,0.9879699694551527,1,0.5338276181649676,0.66,Russian,14,Виктор Попов,Russian,14
RNN,1080,1.214470386505127,0.9462876688875258,1,0.5342592592592592,0.68,Scottish,15,Aileen Murray,Scottish,15
RNN,1081,2.039626121520996,0.9765202903188765,0,0.5337650323774283,0.66,German,6,Thomas Weber,Czech,2
RNN,1082,2.7680015563964844,1.006407935563475,0,0.533271719038817,0.66,English,4,James Jones,Czech,2
RNN,1083,0.2567005455493927,1.0098125001229346,1,0.5337026777469991,0.66,Japanese,10,加藤愛,Japanese,10
RNN,1084,0.23331446945667267,1.0121419822610915,1,0.5341328413284133,0.66,Korean,11,강현우,Korean,11
RNN,1085,1.0520778894424438,1.0321155372448265,1,0.5345622119815668,0.66,English,4,Donald St. John,English,4
RNN,1086,0.5046281218528748,1.0292544201202691,1,0.5349907918968693,0.66,Korean,11,조도윤,Korean,11
RNN,1087,0.10634155571460724,1.022906500119716,1,0.5354185832566697,0.66,Vietnamese,17,Trần Hoàng,Vietnamese,17
RNN,1088,0.00963076576590538,0.9840957837738097,1,0.5358455882352942,0.68,Japanese,10,田中花子,Japanese,10
RNN,1089,0.008518313057720661,0.9316387057676911,1,0.5362718089990818,0.7,Russian,14,Игорь Петров,Russian,14
RNN,1090,2.4043545722961426,0.9510904074087739,0,0.5357798165137615,0.7,Irish,8,Michael Doyle,English,4
RNN,1091,0.05702662095427513,0.9119157027825713,1,0.536205316223648,0.72,Greek,7,Μαρία Παπαδάκης,Greek,7
RNN,1092,1.0719306468963623,0.9259332936629653,1,0.5366300366300366,0.72,Dutch,3,Joris de Jong,Dutch,3
RNN,1093,0.9795249700546265,0.881694948039949,1,0.5370539798719122,0.74,Italian,9,Vincenzo Bianchi,Italian,9
RNN,1094,0.20242564380168915,0.885183568187058,1,0.5374771480804388,0.74,Portuguese,13,Manuel Pereira,Portuguese,13
RNN,1095,1.1699165105819702,0.906111023016274,1,0.5378995433789955,0.74,French,5,Charles Robert,French,5
RNN,1096,0.20803925395011902,0.8774418081715702,1,0.5383211678832117,0.76,Japanese,10,高橋蓮,Japanese,10
RNN,1097,1.0076792240142822,0.89681630525738,0,0.5378304466727438,0.74,French,5,Gabriel Durand,Italian,9
RNN,1098,0.03993086516857147,0.8634493852034211,1,0.5382513661202186,0.76,Spanish,16,Álvaro Martínez,Spanish,16
RNN,1099,2.7360715866088867,0.8831661129370332,0,0.5377616014558689,0.76,Scottish,15,Aileen Campbell,Czech,2
RNN,1100,0.9335082769393921,0.8324971080198884,1,0.5381818181818182,0.78,Scottish,15,Fergus MacDonald,Scottish,15
RNN,1101,1.0450737476348877,0.8318265271559357,1,0.5386012715712988,0.78,Czech,2,Jan Procházka,Czech,2
RNN,1102,0.02811877802014351,0.825981867723167,1,0.5390199637023594,0.78,Spanish,16,Rafael Martínez,Spanish,16
RNN,1103,0.007009794935584068,0.8044415893405676,1,0.5394378966455122,0.78,Greek,7,Ευάγγελος Γεωργίου,Greek,7
RNN,1104,0.05825265869498253,0.8053451642207802,1,0.5398550724637681,0.78,Korean,11,김예준,Korean,11
RNN,1105,0.0405900739133358,0.8053067652694881,1,0.5402714932126697,0.78,Chinese,1,刘杰,Chinese,1
RNN,1106,1.2741492986679077,0.8269247831217945,1,0.5406871609403255,0.78,Scottish,15,Murdo Graham,Scottish,15
RNN,1107,0.8944342136383057,0.8294205678813159,1,0.5411020776874436,0.78,Scottish,15,Niall Campbell,Scottish,15
RNN,1108,0.4735625684261322,0.7782162172906101,1,0.5415162454873647,0.8,Vietnamese,17,Nguyễn Cường,Vietnamese,17
RNN,1109,0.6977829337120056,0.7822270716540516,1,0.5419296663660956,0.8,Dutch,3,Thomas Bakker,Dutch,3
RNN,1110,0.48340532183647156,0.7815124876610935,1,0.5423423423423424,0.8,English,4,Joseph Brown,English,4
RNN,1111,0.05818450450897217,0.7512377841584384,1,0.5427542754275427,0.82,Korean,11,임지민,Korean,11
RNN,1112,2.419555187225342,0.7992193532548845,0,0.5422661870503597,0.8,Polish,12,Adam Kowalczyk,Czech,2
RNN,1113,0.07016751915216446,0.7969737743400037,1,0.5426774483378257,0.8,Chinese,1,杨娜,Chinese,1
RNN,1114,0.06090518832206726,0.7775651352666318,1,0.5430879712746858,0.8,Chinese,1,赵丽,Chinese,1
RNN,1115,0.02162298373878002,0.7271512662060559,1,0.5434977578475336,0.82,Vietnamese,17,Lê Khang,Vietnamese,17
RNN,1116,0.049175262451171875,0.7236529217846691,1,0.5439068100358423,0.82,Korean,11,윤지훈,Korean,11
RNN,1117,1.6325130462646484,0.7539473122544587,1,0.5443151298119964,0.82,Italian,9,Vincenzo Rossi,Italian,9
RNN,1118,0.21949118375778198,0.7441512555070221,1,0.5447227191413238,0.82,Polish,12,Mateusz Lewandowski,Polish,12
RNN,1119,0.014753054827451706,0.7005140360631049,1,0.5451295799821269,0.84,Russian,14,Олег Новиков,Russian,14
RNN,1120,0.010248064063489437,0.6478636010736227,1,0.5455357142857142,0.86,Vietnamese,17,Phạm Linh,Vietnamese,17
RNN,1121,1.9482733011245728,0.668638105019927,0,0.5450490633363069,0.84,Dutch,3,Joris Jansen,French,5
RNN,1122,0.32540562748908997,0.6732700986415148,1,0.5454545454545454,0.84,Dutch,3,Jan Bakker,Dutch,3
RNN,1123,0.1369694620370865,0.6741716315597296,1,0.5458593054318789,0.84,Korean,11,정동현,Korean,11
RNN,1124,0.0078547652810812,0.6511137643828988,1,0.5462633451957295,0.84,Vietnamese,17,Hoàng Minh,Vietnamese,17
RNN,1125,1.8412011861801147,0.6877002869918942,0,0.5457777777777778,0.82,English,4,Christopher Williams,Italian,9
RNN,1126,0.0691102147102356,0.6598083685711026,1,0.5461811722912966,0.84,Spanish,16,Carlos Martínez,Spanish,16
RNN,1127,3.0653955936431885,0.7209824518486857,0,0.5456965394853593,0.82,Spanish,16,José García,Scottish,15
RNN,1128,0.07965169847011566,0.7212413766607643,1,0.5460992907801419,0.82,Chinese,1,王洋,Chinese,1
RNN,1129,0.5169478058815002,0.731070458702743,1,0.5465013286093888,0.82,English,4,Robert St. John,English,4
RNN,1130,0.011489061638712883,0.7070108322054147,1,0.5469026548672566,0.82,Japanese,10,山本花子,Japanese,10
RNN,1131,0.074281245470047,0.6677039346843958,1,0.5473032714412025,0.84,Spanish,16,Pedro Martínez,Spanish,16
RNN,1132,0.5070076584815979,0.6224840567260981,1,0.5477031802120141,0.86,English,4,Mark Wilson,English,4
RNN,1133,0.09805604815483093,0.6193111667782069,1,0.5481023830538394,0.86,Spanish,16,Pablo Fernández,Spanish,16
RNN,1134,0.024276025593280792,0.615130397900939,1,0.5485008818342152,0.86,Japanese,10,中村悠斗,Japanese,10
RNN,1135,0.011278210207819939,0.5943144043162465,1,0.5488986784140969,0.86,Japanese,10,高橋花子,Japanese,10
RNN,1136,0.08521275967359543,0.585926097072661,1,0.5492957746478874,0.86,Polish,12,Stanisław Zieliński,Polish,12
RNN,1137,1.4144071340560913,0.6120874086394906,0,0.5488126649076517,0.84,Italian,9,Luca Ricci,English,4
RNN,1138,0.015265886671841145,0.6122001110576093,1,0.5492091388400703,0.84,Japanese,10,山本美咲,Japanese,10
RNN,1139,0.3437788784503937,0.6189053223654628,1,0.5496049165935031,0.84,Spanish,16,Pedro Sánchez,Spanish,16
RNN,1140,1.7036956548690796,0.6048921440169215,0,0.5491228070175439,0.84,Scottish,15,Angus Robertson,Spanish,16
RNN,1141,1.170818567276001,0.6271679829433561,1,0.5495179666958808,0.84,Italian,9,Andrea Colombo,Italian,9
RNN,1142,0.19792227447032928,0.6096878154948354,1,0.5499124343257443,0.84,Arabic,0,ماجد الغامدي,Arabic,0
RNN,1143,0.017600540071725845,0.5904493268951774,1,0.5503062117235346,0.84,Japanese,10,小林大輔,Japanese,10
RNN,1144,0.2700841426849365,0.5918024968728424,1,0.5506993006993007,0.84,Dutch,3,Kees Bakker,Dutch,3
RNN,1145,0.46636104583740234,0.577731387577951,1,0.5510917030567686,0.84,Italian,9,Domenico Greco,Italian,9
RNN,1146,0.11134359240531921,0.575797474347055,1,0.5514834205933682,0.84,Arabic,0,كريم المالكي,Arabic,0
RNN,1147,0.44767728447914124,0.5645974355563521,1,0.5518744551002616,0.86,Scottish,15,Gordon Campbell,Scottish,15
RNN,1148,0.039092402905225754,0.5645806663110853,1,0.5522648083623694,0.86,Greek,7,Κωνσταντίνος Σταυρίδης,Greek,7
RNN,1149,0.03409508988261223,0.5105411363765597,1,0.5526544821583986,0.88,Chinese,1,赵洋,Chinese,1
RNN,1150,0.32545962929725647,0.49838016342371705,1,0.5530434782608695,0.88,Scottish,15,Duncan MacKenzie,Scottish,15
RNN,1151,0.032146431505680084,0.4781216171011329,1,0.5534317984361424,0.88,Spanish,16,Antonio Gómez,Spanish,16
RNN,1152,0.16446197032928467,0.4808484809473157,1,0.5538194444444444,0.88,Polish,12,Stanisław Kowalski,Polish,12
RNN,1153,0.31033089756965637,0.4869149029999971,1,0.5542064180398959,0.88,Greek,7,Βασίλειος Παπαδόπουλος,Greek,7
RNN,1154,2.608128547668457,0.5379124207794667,0,0.5537261698440208,0.86,Dutch,3,Daan de Vries,Spanish,16
RNN,1155,0.030496500432491302,0.5377105493098497,1,0.5541125541125541,0.86,Arabic,0,كريم الهاشمي,Arabic,0
RNN,1156,0.7062726020812988,0.5263530153781175,1,0.5544982698961938,0.86,Japanese,10,渡辺愛,Japanese,10
RNN,1157,1.7608217000961304,0.543680765107274,0,0.554019014693172,0.84,English,4,David Miller,Dutch,3
RNN,1158,1.7345576286315918,0.5689006663113833,0,0.5535405872193437,0.82,German,6,Dieter Meyer,English,4
RNN,1159,0.9693414568901062,0.5743318367749453,1,0.5539257981018119,0.82,Spanish,16,Sergio Díaz,Spanish,16
RNN,1160,2.6129937171936035,0.6169236046820878,0,0.553448275862069,0.8,Scottish,15,Hamish Robertson,Polish,12
RNN,1161,0.05229349806904793,0.6168057845532894,1,0.553832902670112,0.8,Chinese,1,周伟,Chinese,1
RNN,1162,1.5152231454849243,0.5987191437184811,1,0.5542168674698795,0.82,English,4,Matthew Davis,English,4
RNN,1163,3.2513813972473145,0.662343421280384,0,0.5537403267411866,0.8,German,6,Wolfgang Becker,Dutch,3
RNN,1164,0.008027906529605389,0.6612858756445348,1,0.5541237113402062,0.8,Japanese,10,小林美咲,Japanese,10
RNN,1165,1.7666012048721313,0.6961854400672018,0,0.5536480686695279,0.78,Scottish,15,Ross Fraser,Dutch,3
RNN,1166,0.4623812735080719,0.7044495602883398,1,0.5540308747855918,0.78,Polish,12,Jan Kowalczyk,Polish,12
RNN,1167,1.7592326402664185,0.7069839521683753,0,0.5535561268209083,0.76,French,5,Pierre Richard,Italian,9
RNN,1168,0.08027666062116623,0.704199661705643,1,0.5539383561643836,0.76,Vietnamese,17,Hoàng Hoàng,Vietnamese,17
RNN,1169,0.35901856422424316,0.7110849718935788,1,0.5543199315654406,0.76,Vietnamese,17,Hoàng Khôi,Vietnamese,17
RNN,1170,2.601515293121338,0.7629103164747357,0,0.5538461538461539,0.74,Irish,8,Brian Gallagher,Spanish,16
RNN,1171,0.41776153445243835,0.7323000811412931,1,0.5542271562766866,0.76,Scottish,15,Iain MacKenzie,Scottish,15
RNN,1172,0.010130535811185837,0.7259945793077349,1,0.5546075085324232,0.76,Greek,7,Θεόδωρος Δημητρίου,Greek,7
RNN,1173,0.01682390458881855,0.7235916681587696,1,0.5549872122762148,0.76,Vietnamese,17,Phạm Phong,Vietnamese,17
RNN,1174,0.007698745932430029,0.7235885477717966,1,0.555366269165247,0.76,Greek,7,Μαρία Δημητρίου,Greek,7
RNN,1175,0.07489574700593948,0.6882624389883131,1,0.5557446808510639,0.78,Italian,9,Alessandro Greco,Italian,9
RNN,1176,2.8615970611572266,0.7441121759172529,0,0.5552721088435374,0.76,German,6,Lukas Schulz,Dutch,3
RNN,1177,1.9732333421707153,0.7222689308878034,0,0.5548003398470688,0.76,Scottish,15,Angus Stewart,Italian,9
RNN,1178,3.029881238937378,0.7812735216971487,0,0.5543293718166383,0.74,Scottish,15,Iain Stewart,Italian,9
RNN,1179,0.04116510599851608,0.771757867699489,1,0.55470737913486,0.74,Vietnamese,17,Đặng Đức,Vietnamese,17
RNN,1180,3.423933506011963,0.840006756586954,0,0.5542372881355933,0.72,Irish,8,Darragh Walsh,Scottish,15
RNN,1181,1.0402485132217407,0.8593261019419879,1,0.554614733276884,0.72,Dutch,3,Kees Visser,Dutch,3
RNN,1182,0.021215058863162994,0.8496102499496192,1,0.5549915397631133,0.72,Vietnamese,17,Hoàng Quân,Vietnamese,17
RNN,1183,0.30489301681518555,0.8537469893228262,1,0.555367709213863,0.72,Polish,12,Jakub Kowalczyk,Polish,12
RNN,1184,0.3625837564468384,0.8605131439398974,1,0.5557432432432432,0.72,English,4,Donald Brown,English,4
RNN,1185,0.04779166728258133,0.8612434130813926,1,0.5561181434599156,0.72,Chinese,1,刘娟,Chinese,1
RNN,1186,0.7161138653755188,0.8738614351954311,1,0.5564924114671164,0.72,Czech,2,Jiří Černý,Czech,2
RNN,1187,0.017703844234347343,0.8459273693989963,1,0.556866048862679,0.74,Russian,14,Владимир Михайлов,Russian,14
RNN,1188,1.109886884689331,0.867819789359346,0,0.5563973063973064,0.72,Irish,8,Brendan Kennedy,Scottish,15
RNN,1189,0.132045716047287,0.8635851261112839,1,0.5567703952901598,0.72,Scottish,15,Ross MacKenzie,Scottish,15
RNN,1190,1.7845100164413452,0.8652014133427293,0,0.5563025210084034,0.72,German,6,Felix Wagner,Spanish,16
RNN,1191,1.75732421875,0.8769315263722092,0,0.5558354324097398,0.7,Irish,8,Conor Gallagher,Scottish,15
RNN,1192,2.673123836517334,0.9264355576131493,0,0.5553691275167785,0.68,Irish,8,Michael Kelly,English,4
RNN,1193,2.1492879390716553,0.9690693055931479,0,0.5549036043587594,0.66,Dutch,3,Sophie Visser,English,4
RNN,1194,0.009444675408303738,0.9638565162476153,1,0.5552763819095478,0.66,Greek,7,Ιωάννης Δημητρίου,Greek,7
RNN,1195,0.046856947243213654,0.9554664342757314,1,0.5556485355648536,0.66,Chinese,1,吴艳,Chinese,1
RNN,1196,0.07234232872724533,0.95468640900217,1,0.5560200668896321,0.66,Spanish,16,Rafael González,Spanish,16
RNN,1197,0.05169618874788284,0.9467667870875448,1,0.556390977443609,0.66,Greek,7,Αθανάσιος Παπαδόπουλος,Greek,7
RNN,1198,0.25293993949890137,0.9510437378194183,1,0.5567612687813022,0.66,Dutch,3,Dirk Bakker,Dutch,3
RNN,1199,0.0038715661503374577,0.9504392673447728,1,0.5571309424520434,0.66,Japanese,10,加藤直子,Japanese,10
RNN,1200,0.5335067510604858,0.9546002097800375,1,0.5575,0.66,Scottish,15,Fergus MacLeod,Scottish,15
RNN,1201,1.0259501934051514,0.9744762850180269,1,0.5578684429641965,0.66,English,4,John Smith,English,4
RNN,1202,0.05365980789065361,0.9722602417692542,1,0.5582362728785357,0.66,Vietnamese,17,Lê Anh,Vietnamese,17
RNN,1203,0.6636605262756348,0.9793268343433738,1,0.5586034912718204,0.66,Portuguese,13,Rui Jesus,Portuguese,13
RNN,1204,0.8228285908699036,0.9436208352074027,1,0.5589700996677741,0.68,Scottish,15,Callum Fraser,Scottish,15
RNN,1205,1.9952118396759033,0.9829151419922709,0,0.5585062240663901,0.66,German,6,Johannes Hoffmann,Italian,9
RNN,1206,1.0431256294250488,0.989652202539146,1,0.5588723051409619,0.66,Italian,9,Antonio Bianchi,Italian,9
RNN,1207,0.21268638968467712,0.9586894963309169,1,0.5592377796188898,0.68,Italian,9,Domenico Marino,Italian,9
RNN,1208,0.05055932328104973,0.9250095302239061,1,0.5596026490066225,0.7,Chinese,1,周超,Chinese,1
RNN,1209,0.3405582010746002,0.9124338651075959,1,0.5599669148056244,0.7,Czech,2,Jakub Horák,Czech,2
RNN,1210,0.03416110575199127,0.8608572128787637,1,0.5603305785123966,0.72,Greek,7,Μαρία Κωνσταντίνου,Greek,7
RNN,1211,0.05097867548465729,0.8608309164270759,1,0.5606936416184971,0.72,Chinese,1,张静,Chinese,1
RNN,1212,0.19246160984039307,0.8343756857141852,1,0.5610561056105611,0.72,Portuguese,13,Pedro Ferreira,Portuguese,13
RNN,1213,0.03709661215543747,0.7700899900123477,1,0.5614179719703215,0.74,Chinese,1,杨芳,Chinese,1
RNN,1214,0.21644333004951477,0.7742582984827459,1,0.5617792421746294,0.74,Scottish,15,Gordon MacKenzie,Scottish,15
RNN,1215,0.995223879814148,0.7588307519815862,1,0.5621399176954732,0.76,Italian,9,Giovanni Rossi,Italian,9
RNN,1216,0.03326520696282387,0.7502484306506813,1,0.5625,0.76,Arabic,0,وليد العتيبي,Arabic,0
RNN,1217,1.0338793992996216,0.7357413658313453,1,0.5628594905505341,0.78,Dutch,3,Dirk van Dijk,Dutch,3
RNN,1218,0.6437638401985168,0.7470111094228923,1,0.5632183908045977,0.78,Italian,9,Riccardo Romano,Italian,9
RNN,1219,0.714792788028717,0.7541265938989818,1,0.5635767022149303,0.78,Vietnamese,17,Phan Nam,Vietnamese,17
RNN,1220,0.3377592861652374,0.7088514737598598,1,0.5639344262295082,0.8,Scottish,15,Ross MacLeod,Scottish,15
RNN,1221,0.08057057112455368,0.7021076544933021,1,0.5642915642915642,0.8,Spanish,16,Álvaro Martínez,Spanish,16
RNN,1222,0.9845824837684631,0.7215966934524477,1,0.5646481178396072,0.8,Irish,8,Eoin O'Brien,Irish,8
RNN,1223,0.253702312707901,0.7263342616148293,1,0.5650040883074408,0.8,Dutch,3,Johan van Dijk,Dutch,3
RNN,1224,1.7640622854232788,0.7614615324046463,0,0.5645424836601307,0.78,French,5,Gabriel L'Hôpital,Scottish,15
RNN,1225,0.029092708602547646,0.7605454716365785,1,0.5648979591836735,0.78,Russian,14,Борис Михайлов,Russian,14
RNN,1226,0.3117085099220276,0.7095477006118744,1,0.5652528548123981,0.8,Irish,8,Conor Kennedy,Irish,8
RNN,1227,2.306321382522583,0.7162094614189118,0,0.5647921760391198,0.8,French,5,Charles Martin,English,4
RNN,1228,0.011116947047412395,0.6558341755811125,1,0.5651465798045603,0.82,Japanese,10,田中由美,Japanese,10
RNN,1229,3.1831071376800537,0.7186730162147432,0,0.564686737184703,0.8,German,6,Jürgen Schneider,Spanish,16
RNN,1230,0.07177896052598953,0.6516299253050238,1,0.5650406504065041,0.82,Polish,12,Mateusz Kamiński,Polish,12
RNN,1231,0.11432093381881714,0.6331113737169654,1,0.5653939886271324,0.82,Spanish,16,Daniel López,Spanish,16
RNN,1232,1.482036828994751,0.6623278091195971,0,0.564935064935065,0.8,Czech,2,Pavel Procházka,Polish,12
RNN,1233,2.0484089851379395,0.6971981284860521,0,0.5644768856447688,0.78,Dutch,3,Bram de Vries,English,4
RNN,1234,2.1138718128204346,0.732223889613524,0,0.5640194489465153,0.76,English,4,Robert Davis,Irish,8
RNN,1235,0.004642541520297527,0.7313609070982784,1,0.5643724696356275,0.76,Japanese,10,田中直子,Japanese,10
RNN,1236,0.08030548691749573,0.7186447395291179,1,0.5647249190938511,0.76,Arabic,0,حسين العتيبي,Arabic,0
RNN,1237,1.1581511497497559,0.7414536856394262,1,0.5650767987065481,0.76,Polish,12,Jan Wójcik,Polish,12
RNN,1238,0.017495235428214073,0.7196058526542037,1,0.5654281098546042,0.78,Russian,14,Максим Новиков,Russian,14
RNN,1239,2.757713794708252,0.772119214227423,0,0.5649717514124294,0.76,Irish,8,Cian O'Sullivan,German,6
RNN,1240,1.0431050062179565,0.7572911140229553,1,0.5653225806451613,0.78,Italian,9,Giovanni Ricci,Italian,9
RNN,1241,0.044274281710386276,0.723030115282163,1,0.5656728444802579,0.8,Arabic,0,حسين العتيبي,Arabic,0
RNN,1242,0.18065793812274933,0.6731807973142714,1,0.5660225442834138,0.82,Korean,11,장하은,Korean,11
RNN,1243,0.15719443559646606,0.6333389272447676,1,0.5663716814159292,0.84,Greek,7,Ευάγγελος Παπαδόπουλος,Greek,7
RNN,1244,0.11591006815433502,0.6354682350996882,1,0.5667202572347267,0.84,Dutch,3,Lotte Bakker,Dutch,3
RNN,1245,1.0481390953063965,0.6554938780609518,1,0.5670682730923695,0.84,Italian,9,Alessandro Ferrari,Italian,9
RNN,1246,0.3568955659866333,0.6611849428061396,1,0.5674157303370787,0.84,Polish,12,Kamil Szymański,Polish,12
RNN,1247,0.8443426489830017,0.677037872010842,1,0.5677626303127506,0.84,Spanish,16,Alejandro Díaz,Spanish,16
RNN,1248,0.2921276092529297,0.6778216254059225,1,0.5681089743589743,0.84,Italian,9,Riccardo Marino,Italian,9
RNN,1249,0.6807183623313904,0.6913585613295435,1,0.5684547638110489,0.84,Dutch,3,Hendrik Smit,Dutch,3
RNN,1250,0.6225297451019287,0.6931390212103724,1,0.5688,0.84,Italian,9,Paolo Bianchi,Italian,9
RNN,1251,0.036993108689785004,0.6733598795160651,1,0.5691446842525979,0.84,Greek,7,Μαρία Γεωργίου,Greek,7
RNN,1252,0.45955345034599304,0.6814777523651719,1,0.5694888178913738,0.84,English,4,Robert Davis,English,4
RNN,1253,0.9058727622032166,0.6863219970837235,1,0.5698324022346368,0.84,English,4,Steven Miller,English,4
RNN,1254,0.09794201701879501,0.6718242656067014,1,0.5701754385964912,0.84,Korean,11,강동현,Korean,11
RNN,1255,0.1434861272573471,0.6347897513583303,1,0.5705179282868525,0.86,Vietnamese,17,Phan Anh,Vietnamese,17
RNN,1256,0.20178449153900146,0.6179629286006093,1,0.570859872611465,0.86,Vietnamese,17,Võ Khôi,Vietnamese,17
RNN,1257,2.493878126144409,0.6635867633298039,0,0.5704057279236276,0.84,German,6,Maximilian Hoffmann,English,4
RNN,1258,0.006735833827406168,0.6627102935407311,1,0.5707472178060413,0.84,Greek,7,Στέφανος Αλεξίου,Greek,7
RNN,1259,1.0236291885375977,0.676371713289991,1,0.5710881652104846,0.84,Czech,2,Filip Kučera,Czech,2
RNN,1260,0.3454076945781708,0.6825966450665146,1,0.5714285714285714,0.84,Russian,14,Олег Васильев,Russian,14
RNN,1261,0.04540407285094261,0.6824851530138403,1,0.5717684377478192,0.84,Korean,11,김민지,Korean,11
RNN,1262,1.2597768306732178,0.7038314574304968,0,0.5713153724247226,0.82,Dutch,3,Sem de Jong,Vietnamese,17
RNN,1263,0.12636719644069672,0.705616869116202,1,0.5716547901821061,0.82,Vietnamese,17,Phan Khang,Vietnamese,17
RNN,1264,2.3889267444610596,0.7490665374044329,0,0.5712025316455697,0.8,German,6,Michael Becker,Dutch,3
RNN,1265,0.05975550413131714,0.7303571698907763,1,0.5715415019762846,0.8,Vietnamese,17,Trần Thành,Vietnamese,17
RNN,1266,1.2633185386657715,0.7549582365248352,1,0.5718799368088467,0.8,French,5,Charles Robert,French,5
RNN,1267,0.08245936781167984,0.7359298358950764,1,0.5722178374112076,0.8,Spanish,16,Manuel Martínez,Spanish,16
RNN,1268,0.33963674306869507,0.7298472939524799,1,0.5725552050473186,0.8,Dutch,3,Lucas Smit,Dutch,3
RNN,1269,1.837264060974121,0.7522967194113881,0,0.5721040189125296,0.78,German,6,Wolfgang Hoffmann,Chinese,1
RNN,1270,0.49213075637817383,0.7553841488156467,1,0.5724409448818898,0.78,Scottish,15,Duncan MacLeod,Scottish,15
RNN,1271,0.0841459333896637,0.755455656060949,1,0.5727773406766326,0.78,Spanish,16,Miguel Martínez,Spanish,16
RNN,1272,0.0400967113673687,0.7365659406129271,1,0.5731132075471698,0.78,Chinese,1,杨超,Chinese,1
RNN,1273,0.8372247815132141,0.7482363899890333,1,0.5734485467399842,0.78,English,4,Daniel Davis,English,4
RNN,1274,1.546581506729126,0.7438867744151503,0,0.5729984301412873,0.78,Portuguese,13,Bruno Costa,English,4
RNN,1275,0.027626529335975647,0.7438574508298188,1,0.5733333333333334,0.78,Chinese,1,赵敏,Chinese,1
RNN,1276,0.03611653670668602,0.738345611365512,1,0.5736677115987461,0.78,Russian,14,Максим Михайлов,Russian,14
RNN,1277,0.08436673134565353,0.6939065183419735,1,0.5740015661707126,0.8,Italian,9,Domenico Greco,Italian,9
RNN,1278,0.06534458696842194,0.6949910711403936,1,0.5743348982785602,0.8,Arabic,0,أحمد الهاشمي,Arabic,0
RNN,1279,2.920112133026123,0.689731171047315,0,0.5738858483189992,0.8,Irish,8,Seán Murphy,French,5
RNN,1280,2.936713933944702,0.7470298705156893,0,0.5734375,0.78,German,6,Andreas Becker,Dutch,3
RNN,1281,1.195238709449768,0.7686482260283083,1,0.5737704918032787,0.78,Czech,2,Marek Novák,Czech,2
RNN,1282,0.3718092143535614,0.7464436737354845,1,0.5741029641185648,0.8,Portuguese,13,Jorge Oliveira,Portuguese,13
RNN,1283,1.1669292449951172,0.7288140789326281,0,0.573655494933749,0.8,Czech,2,Břetislav Kučera,Portuguese,13
RNN,1284,3.7931559085845947,0.7623997608479113,0,0.573208722741433,0.8,Chinese,1,王秀英,Korean,11
RNN,1285,0.4272688925266266,0.7708522878680378,1,0.5735408560311284,0.8,Scottish,15,Hamish MacDonald,Scottish,15
RNN,1286,0.10249895602464676,0.7712961572501809,1,0.5738724727838258,0.8,Italian,9,Davide Romano,Italian,9
RNN,1287,2.027735710144043,0.7886878484580666,0,0.5734265734265734,0.78,French,5,Noël L'Hôpital,Scottish,15
RNN,1288,1.3105852603912354,0.814549648957327,0,0.5729813664596274,0.76,English,4,Steven St. John,Dutch,3
RNN,1289,0.18264669179916382,0.7630483068991453,1,0.5733126454615981,0.78,Portuguese,13,Ricardo Oliveira,Portuguese,13
RNN,1290,0.038923297077417374,0.7429646727163345,1,0.5736434108527132,0.78,Polish,12,Bartosz Kamiński,Polish,12
RNN,1291,0.12273114919662476,0.7445338100660592,1,0.5739736638264911,0.78,Polish,12,Marek Kowalczyk,Polish,12
RNN,1292,0.8247507214546204,0.7574156657326967,1,0.5743034055727554,0.78,Czech,2,Filip Horák,Czech,2
RNN,1293,0.030024738982319832,0.7548722718004137,1,0.5746326372776489,0.78,Vietnamese,17,Trần Nam,Vietnamese,17
RNN,1294,0.0813724547624588,0.7541815195325762,1,0.5749613601236476,0.78,Korean,11,이서준,Korean,11
RNN,1295,1.2468048334121704,0.7581548342946917,0,0.5745173745173745,0.76,French,5,Pierre Durand,Italian,9
RNN,1296,0.22128014266490936,0.7554425258282572,1,0.5748456790123457,0.76,Polish,12,Kamil Lewandowski,Polish,12
RNN,1297,0.5942816734313965,0.750441306317225,1,0.5751734772552043,0.76,English,4,Richard St. John,English,4
RNN,1298,0.008373510092496872,0.7447662243340164,1,0.5755007704160247,0.76,Greek,7,Γεώργιος Παπαδόπουλος,Greek,7
RNN,1299,0.18754658102989197,0.7349027887079864,1,0.5758275596612779,0.76,Arabic,0,وليد العتيبي,Arabic,0
RNN,1300,0.016824960708618164,0.7227886930201203,1,0.5761538461538461,0.76,Russian,14,Максим Михайлов,Russian,14
RNN,1301,0.02180565521121025,0.7224849439505487,1,0.5764796310530361,0.76,Vietnamese,17,Huỳnh Hùng,Vietnamese,17
RNN,1302,0.04414733871817589,0.7141768217179925,1,0.5768049155145929,0.76,Vietnamese,17,Hoàng Quân,Vietnamese,17
RNN,1303,0.0030888249166309834,0.6961211429722607,1,0.5771297006907138,0.76,Greek,7,Νικόλαος Δημητρίου,Greek,7
RNN,1304,0.02243203856050968,0.694610943403095,1,0.5774539877300614,0.76,Russian,14,Дмитрий Кузнецов,Russian,14
RNN,1305,0.5230774283409119,0.7022027694247663,1,0.5777777777777777,0.76,English,4,Christopher Brown,English,4
RNN,1306,1.6202892065048218,0.7305728637240827,0,0.5773353751914242,0.74,German,6,Dieter Hoffmann,English,4
RNN,1307,1.1530933380126953,0.7037571679614484,1,0.5776587605202754,0.76,Dutch,3,Daan de Jong,Dutch,3
RNN,1308,1.1603718996047974,0.7268298892769962,1,0.5779816513761468,0.76,Portuguese,13,Filipe Martins,Portuguese,13
RNN,1309,0.02009766735136509,0.7067592588532716,1,0.5783040488922842,0.76,Arabic,0,أحمد العتيبي,Arabic,0
RNN,1310,1.2439830303192139,0.7247307655680925,1,0.5786259541984733,0.76,German,6,Felix Müller,German,6
RNN,1311,0.44560861587524414,0.7327348564285785,1,0.5789473684210527,0.76,Dutch,3,Joris Visser,Dutch,3
RNN,1312,0.03650544211268425,0.7082694286573679,1,0.5792682926829268,0.78,Chinese,1,杨涛,Chinese,1
RNN,1313,0.02937554568052292,0.7063295956421644,1,0.5795887281035796,0.78,Chinese,1,刘娜,Chinese,1
RNN,1314,0.03002358227968216,0.6591515323985369,1,0.5799086757990868,0.8,Chinese,1,杨娜,Chinese,1
RNN,1315,0.017342939972877502,0.658303281115368,1,0.5802281368821293,0.8,Russian,14,Юрий Сидоров,Russian,14
RNN,1316,0.03903026878833771,0.6338175157178193,1,0.5805471124620061,0.8,Vietnamese,17,Lê Ngọc,Vietnamese,17
RNN,1317,0.03303444758057594,0.6328290173131973,1,0.5808656036446469,0.8,Chinese,1,李明,Chinese,1
RNN,1318,0.06640755385160446,0.6273644335288554,1,0.5811836115326252,0.8,Spanish,16,Miguel Rodríguez,Spanish,16
RNN,1319,0.06233562156558037,0.5918658647406846,1,0.5815011372251706,0.82,Greek,7,Χρήστος Σταυρίδης,Greek,7
RNN,1320,0.23710837960243225,0.5867654172051698,1,0.5818181818181818,0.82,Japanese,10,中村愛,Japanese,10
RNN,1321,0.01849501021206379,0.5854523987416178,1,0.5821347464042392,0.82,Japanese,10,田中太郎,Japanese,10
RNN,1322,0.6229190230369568,0.5971088449750096,1,0.5824508320726173,0.82,Italian,9,Riccardo Russo,Italian,9
RNN,1323,0.04634629562497139,0.5812912752572447,1,0.5827664399092971,0.82,Spanish,16,Pedro González,Spanish,16
RNN,1324,0.08156497031450272,0.5519909445289523,1,0.5830815709969789,0.84,Portuguese,13,Bruno Pereira,Portuguese,13
RNN,1325,1.555124282836914,0.582540899598971,1,0.5833962264150944,0.84,Irish,8,Michael Murphy,Irish,8
RNN,1326,0.016736922785639763,0.58215330732055,1,0.583710407239819,0.84,Vietnamese,17,Vũ Linh,Vietnamese,17
RNN,1327,1.7340550422668457,0.6151470735389739,1,0.5840241145440844,0.84,French,5,Arthur d'Aubigné,French,5
RNN,1328,0.2596896290779114,0.6190339743811637,1,0.5843373493975904,0.84,Portuguese,13,António Martins,Portuguese,13
RNN,1329,0.608091413974762,0.5727935600001365,1,0.5846501128668171,0.86,Scottish,15,Murdo MacDonald,Scottish,15
RNN,1330,0.15655449032783508,0.5171903711277992,1,0.5849624060150376,0.88,Korean,11,장성민,Korean,11
RNN,1331,0.027728917077183723,0.49384017528034746,1,0.585274229902329,0.88,Polish,12,Bartosz Lewandowski,Polish,12
RNN,1332,0.017641067504882812,0.48675681234337387,1,0.5855855855855856,0.88,Japanese,10,小林健一,Japanese,10
RNN,1333,0.8684782981872559,0.48078779340721667,1,0.5858964741185296,0.9,Portuguese,13,Carlos Costa,Portuguese,13
RNN,1334,0.5075528621673584,0.4150757324788719,1,0.5862068965517241,0.92,English,4,Steven Brown,English,4
RNN,1335,0.08492754399776459,0.4082289055082947,1,0.5865168539325842,0.92,Polish,12,Marcin Wiśniewski,Polish,12
RNN,1336,0.05119842290878296,0.40720289484597744,1,0.5868263473053892,0.92,Vietnamese,17,Phan Bình,Vietnamese,17
RNN,1337,0.0045502218417823315,0.3667391850799322,1,0.587135377711294,0.94,Greek,7,Ελένη Γεωργίου,Greek,7
RNN,1338,0.4508229196071625,0.34954393826425073,1,0.5874439461883408,0.96,Italian,9,Andrea Greco,Italian,9
RNN,1339,2.1956329345703125,0.38980366311967374,0,0.5870052277819268,0.94,English,4,Andrew Miller,German,6
RNN,1340,0.01910826563835144,0.3894073624908924,1,0.5873134328358209,0.94,Chinese,1,赵敏,Chinese,1
RNN,1341,0.8684017658233643,0.4043207748234272,1,0.5876211782252051,0.94,Portuguese,13,Miguel Costa,Portuguese,13
RNN,1342,0.0958474725484848,0.3897427098453045,1,0.5879284649776453,0.94,Vietnamese,17,Phan Ngọc,Vietnamese,17
RNN,1343,1.7254211902618408,0.42365063887089494,0,0.5874906924795235,0.92,English,4,J.R. Jones,Portuguese,13
RNN,1344,0.017040738835930824,0.42236400455236434,1,0.5877976190476191,0.92,Greek,7,Αλέξανδρος Δημητρίου,Greek,7
RNN,1345,1.2981449365615845,0.4233908066153526,1,0.5881040892193309,0.94,German,6,Jürgen Weber,German,6
RNN,1346,2.2757728099823,0.46448065996170046,0,0.587667161961367,0.92,Czech,2,Daniel Procházka,Polish,12
RNN,1347,0.24266095459461212,0.4574482455849648,1,0.5879732739420935,0.92,Korean,11,이준영,Korean,11
RNN,1348,0.034255221486091614,0.45796587981283665,1,0.5882789317507419,0.92,Vietnamese,17,Đặng Hải,Vietnamese,17
RNN,1349,1.4571843147277832,0.48335863448679445,0,0.5878428465530022,0.9,German,6,Johannes Müller,English,4
RNN,1350,2.7291033267974854,0.5376042018085718,0,0.5874074074074074,0.88,Irish,8,Brian O'Sullivan,English,4
RNN,1351,0.03798793628811836,0.53792784743011,1,0.5877128053293856,0.88,Chinese,1,王霞,Chinese,1
RNN,1352,1.1901142597198486,0.5608471858501435,1,0.5880177514792899,0.88,German,6,Friedrich Hoffmann,German,6
RNN,1353,0.032666806131601334,0.5614387454744428,1,0.5883222468588323,0.88,Vietnamese,17,Lê Ngọc,Vietnamese,17
RNN,1354,0.09286113828420639,0.5628473274689167,1,0.5886262924667651,0.88,Scottish,15,Niall MacKenzie,Scottish,15
RNN,1355,0.4422609806060791,0.5612309985142201,1,0.588929889298893,0.88,Japanese,10,田中彩,Japanese,10
RNN,1356,0.9628928899765015,0.5480830721836537,1,0.5892330383480826,0.9,Arabic,0,ماجد النجار,Arabic,0
RNN,1357,0.7347543239593506,0.5397162919025869,1,0.5895357406042742,0.9,German,6,Stefan Hoffmann,German,6
RNN,1358,1.6637821197509766,0.5497844963055104,0,0.5891016200294551,0.88,Dutch,3,Sander Meijer,Scottish,15
RNN,1359,0.21530738472938538,0.5536886906530708,1,0.5894039735099338,0.88,Scottish,15,Callum Campbell,Scottish,15
RNN,1360,0.6823710799217224,0.542456451645121,1,0.5897058823529412,0.88,German,6,Peter Meyer,German,6
RNN,1361,0.008664513006806374,0.5337175695877522,1,0.5900073475385745,0.88,Greek,7,Δημήτριος Βασιλείου,Greek,7
RNN,1362,0.00918968953192234,0.533171254536137,1,0.5903083700440529,0.88,Japanese,10,加藤健一,Japanese,10
RNN,1363,0.6418014168739319,0.5454197719600051,1,0.5906089508437271,0.88,Italian,9,Stefano Bianchi,Italian,9
RNN,1364,0.07672087103128433,0.5463537177350372,1,0.5909090909090909,0.88,Russian,14,Павел Васильев,Russian,14
RNN,1365,0.0923798680305481,0.5478544562961907,1,0.5912087912087912,0.88,Korean,11,최예은,Korean,11
RNN,1366,1.4267669916152954,0.5756091907527298,0,0.5907759882869692,0.86,Irish,8,Ciarán O'Sullivan,German,6
RNN,1367,0.1350707858800888,0.5776499175187201,1,0.5910753474762254,0.86,Spanish,16,Francisco Sánchez,Spanish,16
RNN,1368,0.014947790652513504,0.5766207222547383,1,0.591374269005848,0.86,Russian,14,Борис Петров,Russian,14
RNN,1369,2.0659117698669434,0.6166922452207655,0,0.5909422936449964,0.84,Scottish,15,Ross Robertson,English,4
RNN,1370,0.025107815861701965,0.6124522339459508,1,0.5912408759124088,0.84,Japanese,10,高橋大輔,Japanese,10
RNN,1371,0.13842910528182983,0.6148509158473462,1,0.5915390226112327,0.84,Korean,11,정민수,Korean,11
RNN,1372,0.9862111806869507,0.622116759000346,1,0.5918367346938775,0.84,Portuguese,13,Gonçalo Silva,Portuguese,13
RNN,1373,0.022862419486045837,0.6216470814775675,1,0.5921340131099782,0.84,Greek,7,Ανδρέας Σταυρίδης,Greek,7
RNN,1374,1.6101319789886475,0.6522184216510505,0,0.5917030567685589,0.82,English,4,William Smith,German,6
RNN,1375,1.2151082754135132,0.6454181015025824,0,0.5912727272727273,0.8,Irish,8,Patrick Gallagher,German,6
RNN,1376,0.10974418371915817,0.6472782467212528,1,0.5915697674418605,0.8,Portuguese,13,Ricardo Pereira,Portuguese,13
RNN,1377,0.8961521983146667,0.6305201898422093,1,0.5918663761801016,0.8,English,4,Christopher Williams,English,4
RNN,1378,0.017310602590441704,0.6256726093124598,1,0.5921625544267054,0.8,Japanese,10,高橋健一,Japanese,10
RNN,1379,0.0762476697564125,0.6150357344280928,1,0.5924583031182016,0.8,Polish,12,Paweł Zieliński,Polish,12
RNN,1380,0.035031333565711975,0.6126052712928504,1,0.5927536231884057,0.8,Greek,7,Χρήστος Κωνσταντίνου,Greek,7
RNN,1381,0.02102457545697689,0.6124711844604462,1,0.5930485155684286,0.8,Vietnamese,17,Võ Hoàng,Vietnamese,17
RNN,1382,0.008236370980739594,0.6122830905299633,1,0.5933429811866859,0.8,Japanese,10,田中裕子,Japanese,10
RNN,1383,1.867749571800232,0.6322685160022229,0,0.5929139551699205,0.78,Scottish,15,Fergus Robertson,Korean,11
RNN,1384,0.5909361243247986,0.6339361812453717,1,0.5932080924855492,0.78,Scottish,15,Stuart Murray,Scottish,15
RNN,1385,1.3172868490219116,0.6585833673458547,1,0.5935018050541516,0.78,French,5,Gabriel L'Hôpital,French,5
RNN,1386,0.1384018063545227,0.6603274350147694,1,0.5937950937950938,0.78,Korean,11,박준영,Korean,11
RNN,1387,0.3478672504425049,0.6671937755867838,1,0.5940879596250901,0.78,English,4,William St. John,English,4
RNN,1388,0.07780732959508896,0.6597334637865424,1,0.5943804034582133,0.78,Vietnamese,17,Phan Hải,Vietnamese,17
RNN,1389,0.7296268939971924,0.63041334297508,1,0.5946724262059035,0.8,French,5,Jean-Luc Durand,French,5
RNN,1390,0.10001881420612335,0.6320315539464354,1,0.5949640287769784,0.8,Chinese,1,黄涛,Chinese,1
RNN,1391,0.04574064165353775,0.615578331463039,1,0.595255212077642,0.8,Chinese,1,王平,Chinese,1
RNN,1392,0.029549630358815193,0.6142523746192455,1,0.5955459770114943,0.8,Chinese,1,周明,Chinese,1
RNN,1393,0.01018387358635664,0.5799476282857359,1,0.5958363244795406,0.82,Arabic,0,حسن الهاشمي,Arabic,0
RNN,1394,1.1148371696472168,0.6019035569019615,1,0.5961262553802008,0.82,English,4,John Taylor,English,4
RNN,1395,0.028943441808223724,0.5765195270068944,1,0.596415770609319,0.82,Greek,7,Ελένη Παπαδόπουλος,Greek,7
RNN,1396,0.28442472219467163,0.5366925652511418,1,0.5967048710601719,0.84,English,4,Robert Smith,English,4
RNN,1397,1.5178800821304321,0.5621969478018581,1,0.5969935576234788,0.84,German,6,Stefan Wagner,German,6
RNN,1398,0.007481887470930815,0.561661481121555,1,0.5972818311874106,0.84,Russian,14,Олег Кузнецов,Russian,14
RNN,1399,0.015186283737421036,0.5328215205017477,1,0.5975696926375983,0.86,Chinese,1,赵霞,Chinese,1
RNN,1400,1.8018056154251099,0.5142755662743003,0,0.5971428571428572,0.86,Scottish,15,Hamish Douglas,French,5
RNN,1401,0.4926530420780182,0.5233688683900982,1,0.5974304068522484,0.86,Scottish,15,Ewan MacDonald,Scottish,15
RNN,1402,0.008229867555201054,0.49973118054680526,1,0.5977175463623395,0.86,Arabic,0,وليد الحسيني,Arabic,0
RNN,1403,0.05034090578556061,0.5000846625398845,1,0.5980042765502495,0.86,Vietnamese,17,Huỳnh Hải,Vietnamese,17
RNN,1404,0.07007072120904922,0.4996288541983813,1,0.5982905982905983,0.86,Arabic,0,خالد الحداد,Arabic,0
RNN,1405,1.3334580659866333,0.5174527959059924,0,0.597864768683274,0.84,Spanish,16,David Díaz,German,6
RNN,1406,1.5697883367538452,0.5295907048415393,1,0.5981507823613087,0.84,Irish,8,Maeve McCarthy,Irish,8
RNN,1407,1.0434242486953735,0.5357641033362597,1,0.5984363894811656,0.84,Italian,9,Davide Rossi,Italian,9
RNN,1408,0.24860039353370667,0.5074604688119143,1,0.5987215909090909,0.86,Spanish,16,Sergio Gómez,Spanish,16
RNN,1409,0.0448729582130909,0.5040517802815885,1,0.5990063875088716,0.86,Portuguese,13,Pedro Ferreira,Portuguese,13
RNN,1410,1.3313862085342407,0.5170320828538388,1,0.599290780141844,0.86,Dutch,3,Johan Jansen,Dutch,3
RNN,1411,0.27322596311569214,0.5223233118560165,1,0.5995747696669029,0.86,Spanish,16,Sergio Fernández,Spanish,16
RNN,1412,0.004082322586327791,0.5222211645171047,1,0.5998583569405099,0.86,Greek,7,Ανδρέας Γεωργίου,Greek,7
RNN,1413,0.122410349547863,0.5118333431705833,1,0.6001415428167021,0.86,Spanish,16,David Rodríguez,Spanish,16
RNN,1414,0.07241351902484894,0.5117471961304545,1,0.6004243281471005,0.86,Korean,11,최재현,Korean,11
RNN,1415,1.2055774927139282,0.5340111486241221,1,0.6007067137809188,0.86,Polish,12,Jan Kowalski,Polish,12
RNN,1416,0.05271743983030319,0.5065301575884223,1,0.6009887005649718,0.88,Korean,11,강준영,Korean,11
RNN,1417,0.02272748574614525,0.5042832915857435,1,0.6012702893436839,0.88,Russian,14,Артём Соколов,Russian,14
RNN,1418,0.005278104450553656,0.5040898978617042,1,0.6015514809590973,0.88,Greek,7,Αικατερίνη Αλεξίου,Greek,7
RNN,1419,0.0017929683672264218,0.46280752183170987,1,0.6018322762508809,0.9,Greek,7,Μαρία Δημητρίου,Greek,7
RNN,1420,0.30679208040237427,0.46844120712252335,1,0.602112676056338,0.9,Czech,2,Ondřej Horák,Czech,2
RNN,1421,0.0328647755086422,0.46632992052705957,1,0.6023926812104152,0.9,Chinese,1,李敏,Chinese,1
RNN,1422,1.5347774028778076,0.4773012449708767,0,0.6019690576652602,0.88,Polish,12,Stanisław Kowalczyk,Spanish,16
RNN,1423,0.11023756861686707,0.47904874795349317,1,0.6022487702037947,0.88,Polish,12,Piotr Zieliński,Polish,12
RNN,1424,0.3221283257007599,0.4532886748877354,1,0.6025280898876404,0.9,Scottish,15,Ross MacDonald,Scottish,15
RNN,1425,0.009299888275563717,0.4291725071449764,1,0.6028070175438597,0.92,Arabic,0,مصطفى الشمري,Arabic,0
RNN,1426,2.7977850437164307,0.48293332434492187,0,0.6023842917251052,0.9,French,5,Augustin Bernard,Irish,8
RNN,1427,0.4757158160209656,0.47452459669904784,1,0.6026629292221444,0.9,Scottish,15,Malcolm Murray,Scottish,15
RNN,1428,0.10142748057842255,0.47620693425880745,1,0.6029411764705882,0.9,Japanese,10,中村健,Japanese,10
RNN,1429,1.4992225170135498,0.5046664312039502,0,0.602519244226732,0.88,Dutch,3,Sem Janssen,English,4
RNN,1430,0.023688051849603653,0.504439565569628,1,0.6027972027972028,0.88,Chinese,1,张霞,Chinese,1
RNN,1431,2.4859097003936768,0.553737268068362,0,0.6023759608665269,0.86,German,6,Felix Schulz,Spanish,16
RNN,1432,0.19728264212608337,0.5575181934912689,1,0.6026536312849162,0.86,Scottish,15,Iain Campbell,Scottish,15
RNN,1433,0.033555399626493454,0.5208343100477941,1,0.6029309141660851,0.88,Chinese,1,王平,Chinese,1
RNN,1434,1.4220489263534546,0.5374565660883672,0,0.602510460251046,0.86,Irish,8,Aoife McCarthy,Scottish,15
RNN,1435,0.03091048076748848,0.5117290387232788,1,0.6027874564459931,0.86,Chinese,1,张丽,Chinese,1
RNN,1436,0.15421542525291443,0.5120453111012466,1,0.6030640668523677,0.86,Japanese,10,佐藤健,Japanese,10
RNN,1437,2.767397880554199,0.5604359237034805,0,0.6026443980514962,0.84,German,6,Christian Becker,Dutch,3
RNN,1438,0.4794979989528656,0.5684697370906361,1,0.6029207232267038,0.84,English,4,Matthew St. John,English,4
RNN,1439,0.9307620525360107,0.5724924402614124,1,0.6031966643502432,0.84,Polish,12,Szymon Nowak,Polish,12
RNN,1440,0.8271426558494568,0.5870349170942791,1,0.6034722222222222,0.84,Italian,9,Andrea Ferrari,Italian,9
RNN,1441,0.004068313166499138,0.5862014705245383,1,0.6037473976405274,0.84,Greek,7,Αλέξανδρος Βασιλείου,Greek,7
RNN,1442,0.030776051804423332,0.5862259989534505,1,0.6040221914008321,0.84,Polish,12,Adam Szymański,Polish,12
RNN,1443,0.06046450510621071,0.5872316115838475,1,0.6042966042966043,0.84,Vietnamese,17,Hoàng Đức,Vietnamese,17
RNN,1444,1.5075287818908691,0.5950854438287206,0,0.6038781163434903,0.82,Polish,12,Adam Woźniak,Scottish,15
RNN,1445,0.1937440186738968,0.598381455366034,1,0.6041522491349481,0.82,English,4,Steven Taylor,English,4
RNN,1446,1.5286089181900024,0.6232651392859406,1,0.6044260027662517,0.82,Czech,2,Jiří Kučera,Czech,2
RNN,1447,0.02034241147339344,0.5933143858727999,1,0.6046993780234969,0.82,Korean,11,김지호,Korean,11
RNN,1448,0.15330936014652252,0.5962309353263118,1,0.6049723756906077,0.82,Dutch,3,Sander Bakker,Dutch,3
RNN,1449,0.05594630166888237,0.5970461356849409,1,0.6052449965493444,0.82,Greek,7,Σοφία Παπαδόπουλος,Greek,7
RNN,1450,0.06726790219545364,0.5623553814203478,1,0.6055172413793104,0.84,Japanese,10,中村誠,Japanese,10
RNN,1451,1.1437654495239258,0.575377629569266,1,0.6057891109579601,0.84,Polish,12,Zbigniew Woźniak,Polish,12
RNN,1452,0.05987531319260597,0.5764105384820141,1,0.6060606060606061,0.84,Japanese,10,佐藤愛,Japanese,10
RNN,1453,2.23518705368042,0.6201074614399112,0,0.6056434962147281,0.82,Irish,8,Michael Doyle,English,4
RNN,1454,0.12663589417934418,0.6212387648993172,1,0.6059147180192572,0.82,Scottish,15,Aileen MacKenzie,Scottish,15
RNN,1455,0.030099930241703987,0.5951716021844186,1,0.6061855670103092,0.84,Korean,11,윤지훈,Korean,11
RNN,1456,0.006599299143999815,0.5639078214322217,1,0.6064560439560439,0.84,Polish,12,Łukasz Kamiński,Polish,12
RNN,1457,1.2892489433288574,0.5688243153248913,1,0.606726149622512,0.84,French,5,Mathieu d'Aubigné,French,5
RNN,1458,0.03415016084909439,0.5645353106711991,1,0.6069958847736625,0.84,Polish,12,Piotr Kowalski,Polish,12
RNN,1459,1.6834677457809448,0.5973072064225562,0,0.6065798492117889,0.82,Italian,9,Carlo Esposito,English,4
RNN,1460,2.174727439880371,0.6141740310494788,0,0.6061643835616438,0.8,Czech,2,Petr Svoboda,Spanish,16
RNN,1461,1.548927903175354,0.6396880698506721,1,0.6064339493497605,0.8,Irish,8,Aoife Kelly,Irish,8
RNN,1462,0.47820305824279785,0.6491704845638014,1,0.606703146374829,0.8,Polish,12,Andrzej Woźniak,Polish,12
RNN,1463,0.3107398748397827,0.6529370750696398,1,0.606971975393028,0.8,English,4,Charles St. John,English,4
RNN,1464,0.01718687079846859,0.6518325421051122,1,0.60724043715847,0.8,Polish,12,Piotr Kowalczyk,Polish,12
RNN,1465,0.04471087083220482,0.6286152096674777,1,0.6075085324232082,0.8,Korean,11,이상현,Korean,11
RNN,1466,0.2421075999736786,0.6324030128703453,1,0.6077762619372442,0.8,Czech,2,Petr Novák,Czech,2
RNN,1467,0.3491131365299225,0.6389307258860208,1,0.6080436264485344,0.8,Italian,9,Matteo Romano,Italian,9
RNN,1468,0.2680601179599762,0.6441863661562093,1,0.6083106267029973,0.8,Korean,11,임수빈,Korean,11
RNN,1469,1.2024340629577637,0.66819918804802,1,0.6085772634445201,0.8,Irish,8,Oisín Kelly,Irish,8
RNN,1470,2.111107349395752,0.7042854934278876,0,0.6081632653061224,0.78,English,4,Robert Johnson,Polish,12
RNN,1471,1.4325240850448608,0.7322786796186119,1,0.6084296397008837,0.78,French,5,Jules Richard,French,5
RNN,1472,0.010332544334232807,0.7017897824477405,1,0.6086956521739131,0.8,Russian,14,Андрей Соколов,Russian,14
RNN,1473,0.20785963535308838,0.7037422237824649,1,0.6089613034623218,0.8,Vietnamese,17,Phan Linh,Vietnamese,17
RNN,1474,2.106597900390625,0.7394316152762621,0,0.6085481682496607,0.78,Portuguese,13,Miguel Santos,English,4
RNN,1475,0.05213135853409767,0.7402882446814328,1,0.6088135593220338,0.78,Arabic,0,علي الخطيب,Arabic,0
RNN,1476,0.021980946883559227,0.6847721627447754,1,0.6090785907859079,0.8,Korean,11,윤지훈,Korean,11
RNN,1477,0.7309746742248535,0.6898773399088531,1,0.6093432633716994,0.8,Czech,2,David Veselý,Czech,2
RNN,1478,0.012788546271622181,0.6881045612227171,1,0.6096075778078485,0.8,Japanese,10,伊藤健一,Japanese,10
RNN,1479,0.04758674278855324,0.6590718457382172,1,0.6098715348208249,0.82,Arabic,0,ماجد العتيبي,Arabic,0
RNN,1480,0.07383379340171814,0.6600747605692595,1,0.6101351351351352,0.82,Portuguese,13,Inês Oliveira,Portuguese,13
RNN,1481,1.1917665004730225,0.6341918965708464,1,0.6103983794733289,0.84,Czech,2,Lukáš Němec,Czech,2
RNN,1482,0.05483502149581909,0.6313429441582411,1,0.6106612685560054,0.84,Vietnamese,17,Phạm Cường,Vietnamese,17
RNN,1483,0.07389358431100845,0.6321497078519315,1,0.6109238031018206,0.84,Spanish,16,Daniel González,Spanish,16
RNN,1484,0.019644469022750854,0.6041016187053174,1,0.6111859838274932,0.86,Polish,12,Krzysztof Wiśniewski,Polish,12
RNN,1485,0.1821662187576294,0.6071267334651202,1,0.6114478114478115,0.86,English,4,Thomas Brown,English,4
RNN,1486,0.5096125602722168,0.6142346761655062,1,0.6117092866756393,0.86,Italian,9,Gabriele Esposito,Italian,9
RNN,1487,1.0892109870910645,0.5806709382962435,0,0.6112979152656355,0.86,Scottish,15,Stuart MacLeod,Czech,2
RNN,1488,0.272034615278244,0.5765216706227512,1,0.6115591397849462,0.86,Czech,2,Pavel Novotný,Czech,2
RNN,1489,0.08673020452260971,0.5596410336624831,1,0.6118200134318335,0.86,Portuguese,13,Francisco Pereira,Portuguese,13
RNN,1490,0.10998556762933731,0.5452978918980808,1,0.6120805369127517,0.86,Portuguese,13,Bruno Pereira,Portuguese,13
RNN,1491,0.1329113394021988,0.5478747524227947,1,0.6123407109322603,0.86,Scottish,15,Isla MacDonald,Scottish,15
RNN,1492,0.03585296496748924,0.547976290686056,1,0.6126005361930295,0.86,Korean,11,최성민,Korean,11
RNN,1493,0.005968960002064705,0.5468863797839731,1,0.6128600133958473,0.86,Greek,7,Κωνσταντίνος Σταυρίδης,Greek,7
RNN,1494,1.8994625806808472,0.5547250557597727,0,0.6124497991967871,0.86,Scottish,15,Murdo Graham,Portuguese,13
RNN,1495,0.5575605630874634,0.562001386648044,1,0.6127090301003344,0.86,German,6,Felix Meyer,German,6
RNN,1496,1.5799211263656616,0.5630276308115572,1,0.6129679144385026,0.86,Dutch,3,Lucas Jansen,Dutch,3
RNN,1497,0.275981068611145,0.5681404039543122,1,0.6132264529058116,0.86,Italian,9,Andrea Rossi,Italian,9
RNN,1498,0.0941598191857338,0.5669574131350964,1,0.6134846461949266,0.86,Polish,12,Paweł Kowalczyk,Polish,12
RNN,1499,0.10436282306909561,0.5679257435631007,1,0.6137424949966644,0.86,Polish,12,Tomasz Kowalczyk,Polish,12
RNN,1500,0.0183702539652586,0.5669477905984968,1,0.614,0.86,Russian,14,Борис Кузнецов,Russian,14
RNN,1501,0.45328792929649353,0.5531382401939482,1,0.6142571618920719,0.86,Portuguese,13,Miguel Jesus,Portuguese,13
RNN,1502,0.08680091798305511,0.5536767522897571,1,0.6145139813581891,0.86,English,4,Steven Brown,English,4
RNN,1503,0.05947338044643402,0.5101624788250774,1,0.6147704590818364,0.88,Japanese,10,中村誠,Japanese,10
RNN,1504,0.9630206823348999,0.5268901745881885,1,0.6150265957446809,0.88,German,6,Klaus Wagner,German,6
RNN,1505,0.01107191201299429,0.5265096142236143,1,0.6152823920265781,0.88,Japanese,10,高橋裕子,Japanese,10
RNN,1506,0.07521125674247742,0.5278818533755839,1,0.6155378486055777,0.88,Polish,12,Piotr Kowalczyk,Polish,12
RNN,1507,0.4021221399307251,0.5101393173076212,1,0.6157929661579297,0.88,Italian,9,Gabriele Greco,Italian,9
RNN,1508,0.27574485540390015,0.5149712111987174,1,0.6160477453580901,0.88,Scottish,15,Gordon Graham,Scottish,15
RNN,1509,0.009632418863475323,0.481494504660368,1,0.6163021868787276,0.9,Greek,7,Νικόλαος Νικολάου,Greek,7
RNN,1510,0.2390933781862259,0.4427818234264851,1,0.6165562913907284,0.92,Polish,12,Wojciech Wójcik,Polish,12
RNN,1511,0.04327210783958435,0.4126687075197697,1,0.6168100595632032,0.92,Polish,12,Adam Kowalczyk,Polish,12
RNN,1512,0.1770315319299698,0.4066452769935131,1,0.6170634920634921,0.92,Dutch,3,Johan Visser,Dutch,3
RNN,1513,1.5208989381790161,0.4308484582602978,0,0.6166556510244547,0.9,German,6,Matthias Becker,Dutch,3
RNN,1514,0.04982783645391464,0.43150127757340667,1,0.6169088507265522,0.9,Vietnamese,17,Lê Hiếu,Vietnamese,17
RNN,1515,0.3713941276073456,0.4380349427089095,1,0.6171617161716172,0.9,Vietnamese,17,Nguyễn Hiếu,Vietnamese,17
RNN,1516,0.004565292503684759,0.4332840965595096,1,0.6174142480211082,0.9,Russian,14,Алексей Новиков,Russian,14
RNN,1517,0.3012164235115051,0.4323261622991413,1,0.6176664469347396,0.9,German,6,Markus Meyer,German,6
RNN,1518,0.10950189083814621,0.4291549977567047,1,0.6179183135704874,0.9,Italian,9,Stefano Marino,Italian,9
RNN,1519,1.5811712741851807,0.43672974198125303,0,0.6175115207373272,0.88,Czech,2,Martin Procházka,Polish,12
RNN,1520,0.2933436632156372,0.4003744682576507,1,0.6177631578947368,0.9,Scottish,15,Rory MacLeod,Scottish,15
RNN,1521,0.06355394423007965,0.37299506544135513,1,0.6180144641683103,0.9,Italian,9,Andrea Esposito,Italian,9
RNN,1522,0.9310477375984192,0.39140936930663883,1,0.6182654402102497,0.9,Irish,8,Ronan O'Connor,Irish,8
RNN,1523,0.23006241023540497,0.39185342480428514,1,0.618516086671044,0.9,English,4,Michael St. John,English,4
RNN,1524,0.026819346472620964,0.3502578537259251,1,0.618766404199475,0.92,Portuguese,13,Bruno Oliveira,Portuguese,13
RNN,1525,0.624596118927002,0.3617071489337832,1,0.6190163934426229,0.92,Czech,2,Filip Procházka,Czech,2
RNN,1526,0.7426849603652954,0.3761212292034179,1,0.6192660550458715,0.92,Scottish,15,Iain Graham,Scottish,15
RNN,1527,0.11678499728441238,0.3638374356646091,1,0.6195153896529142,0.92,Polish,12,Marek Lewandowski,Polish,12
RNN,1528,0.3402305543422699,0.370386275826022,1,0.6197643979057592,0.92,Spanish,16,Rafael Gómez,Spanish,16
RNN,1529,4.179861068725586,0.45303176234476267,0,0.6193590582079791,0.9,Portuguese,13,Inês Rodrigues,Spanish,16
RNN,1530,0.018640460446476936,0.45192789568565783,1,0.6196078431372549,0.9,Chinese,1,陈杰,Chinese,1
RNN,1531,0.0140783516690135,0.4283741327095777,1,0.6198563030698889,0.9,Vietnamese,17,Vũ Long,Vietnamese,17
RNN,1532,3.3455123901367188,0.49418768008239566,0,0.6194516971279374,0.88,Czech,2,Ondřej Svoboda,Dutch,3
RNN,1533,0.00926339253783226,0.49289507624693213,1,0.6196999347684279,0.88,Greek,7,Βασίλειος Αλεξίου,Greek,7
RNN,1534,0.03127564862370491,0.4931276998389512,1,0.6199478487614081,0.88,Korean,11,박현우,Korean,11
RNN,1535,0.01539748627692461,0.48979232518933713,1,0.6201954397394137,0.88,Chinese,1,赵静,Chinese,1
RNN,1536,0.4805888533592224,0.48921185105107723,1,0.6204427083333334,0.88,Polish,12,Grzegorz Woźniak,Polish,12
RNN,1537,0.01985800452530384,0.467824791399762,1,0.6206896551724138,0.9,Japanese,10,渡辺拓也,Japanese,10
RNN,1538,1.8693263530731201,0.49977062615565954,0,0.6202860858257477,0.88,Dutch,3,Willem de Jong,Vietnamese,17
RNN,1539,1.9086863994598389,0.5362097500544042,0,0.6198830409356725,0.86,Dutch,3,Kees van den Berg,Czech,2
RNN,1540,0.007546252105385065,0.5341609637439251,1,0.6201298701298701,0.86,Greek,7,Μιχάλης Κωνσταντίνου,Greek,7
RNN,1541,0.2177458107471466,0.535857653170824,1,0.6203763789746918,0.86,Spanish,16,Carlos Pérez,Spanish,16
RNN,1542,0.017191089689731598,0.5354844156652689,1,0.6206225680933852,0.86,Greek,7,Στέφανος Αθανασίου,Greek,7
RNN,1543,0.02720770612359047,0.5359091905876994,1,0.6208684381075826,0.86,Korean,11,강민수,Korean,11
RNN,1544,0.04716243967413902,0.4988631877675653,1,0.6211139896373057,0.88,Russian,14,Роман Новиков,Russian,14
RNN,1545,0.26562899351119995,0.49302455637604,1,0.6213592233009708,0.88,Spanish,16,Sergio Fernández,Spanish,16
RNN,1546,0.019546976312994957,0.4618170733749867,1,0.6216041397153945,0.88,Korean,11,김동현,Korean,11
RNN,1547,0.11073935031890869,0.4585122390091419,1,0.6218487394957983,0.88,Scottish,15,Fraser MacLeod,Scottish,15
RNN,1548,0.09697666019201279,0.4585685758292675,1,0.622093023255814,0.88,Italian,9,Fabio Romano,Italian,9
RNN,1549,2.3571815490722656,0.5036249503493309,0,0.6216914138153647,0.86,Czech,2,Michal Svoboda,Scottish,15
RNN,1550,3.093348503112793,0.5651245153322816,0,0.6212903225806452,0.84,English,4,Charles Jones,Spanish,16
RNN,1551,1.4944992065429688,0.585948740877211,0,0.620889748549323,0.82,Italian,9,Francesco Bianchi,Polish,12
RNN,1552,0.009021828882396221,0.584393159095198,1,0.6211340206185567,0.82,Russian,14,Максим Сидоров,Russian,14
RNN,1553,0.1793958991765976,0.5867916094698011,1,0.6213779781068899,0.82,Spanish,16,Daniel Sánchez,Spanish,16
RNN,1554,0.020374882966279984,0.5679386934824288,1,0.6216216216216216,0.82,Korean,11,조지훈,Korean,11
RNN,1555,0.30002760887145996,0.5737178074195981,1,0.6218649517684888,0.82,Dutch,3,Joris Bakker,Dutch,3
RNN,1556,0.01604420132935047,0.5725344663113355,1,0.622107969151671,0.82,Russian,14,Алексей Кузнецов,Russian,14
RNN,1557,0.21675732731819153,0.5688271700590849,1,0.6223506743737958,0.82,Czech,2,Matěj Dvořák,Czech,2
RNN,1558,0.019778765738010406,0.5637078482657671,1,0.6225930680359435,0.82,Chinese,1,周芳,Chinese,1
RNN,1559,0.32512035965919495,0.5700176070816815,1,0.6228351507376524,0.82,Dutch,3,Dirk de Jong,Dutch,3
RNN,1560,0.00950844120234251,0.5654259083420038,1,0.6230769230769231,0.82,Japanese,10,小林裕子,Japanese,10
RNN,1561,0.40273794531822205,0.5726152250915766,1,0.6233183856502242,0.82,Dutch,3,Ruben Smit,Dutch,3
RNN,1562,1.5819348096847534,0.6007132906466722,0,0.6229193341869398,0.8,French,5,Hugo L'Hôpital,Scottish,15
RNN,1563,0.017409484833478928,0.5706435015797615,1,0.6231605886116443,0.82,Greek,7,Σπυρίδων Κωνσταντίνου,Greek,7
RNN,1564,2.0694022178649902,0.611034989207983,0,0.6227621483375959,0.8,French,5,Augustin Dubois,Polish,12
RNN,1565,1.8340802192687988,0.6402887110412121,0,0.6223642172523962,0.78,French,5,Émile Robert,Italian,9
RNN,1566,0.10516581684350967,0.6423007215280085,1,0.6226053639846744,0.78,Vietnamese,17,Huỳnh Khang,Vietnamese,17
RNN,1567,0.012233344838023186,0.6365210599545389,1,0.6228462029355456,0.78,Russian,14,Юрий Сидоров,Russian,14
RNN,1568,0.02383868582546711,0.6348077958542854,1,0.6230867346938775,0.78,Polish,12,Piotr Szymański,Polish,12
RNN,1569,0.8219763040542603,0.6196238964516669,1,0.6233269598470363,0.8,French,5,Gabriel Thomas,French,5
RNN,1570,0.9302935600280762,0.6323628943879157,1,0.6235668789808917,0.8,Portuguese,13,José Costa,Portuguese,13
RNN,1571,0.12954509258270264,0.6336827173549682,1,0.6238064926798218,0.8,Arabic,0,إبراهيم القحطاني,Arabic,0
RNN,1572,1.1829982995986938,0.6387217285949737,0,0.6234096692111959,0.78,German,6,Maximilian Meyer,English,4
RNN,1573,0.03970015048980713,0.6349144834000617,1,0.6236490781945327,0.78,Portuguese,13,Inês Oliveira,Portuguese,13
RNN,1574,0.04502943903207779,0.6352786852512509,1,0.6238881829733164,0.78,Arabic,0,محمد القحطاني,Arabic,0
RNN,1575,1.4896278381347656,0.6525793196354062,0,0.6234920634920635,0.76,German,6,Markus Schneider,Spanish,16
RNN,1576,1.204759955406189,0.661820819536224,0,0.6230964467005076,0.74,Irish,8,Ciarán Kennedy,Scottish,15
RNN,1577,0.42142853140830994,0.667913690218702,1,0.6233354470513633,0.74,Czech,2,Ondřej Veselý,Czech,2
RNN,1578,0.19666334986686707,0.6650423461291939,1,0.623574144486692,0.74,Dutch,3,Sophie Janssen,Dutch,3
RNN,1579,0.6285166144371033,0.5940154570434243,1,0.6238125395820139,0.76,French,5,Marcel Robert,French,5
RNN,1580,0.011450642719864845,0.593871660688892,1,0.6240506329113924,0.76,Japanese,10,高橋拓也,Japanese,10
RNN,1581,0.018670180812478065,0.5939634972717613,1,0.6242884250474383,0.76,Russian,14,Евгений Петров,Russian,14
RNN,1582,0.9240862131118774,0.5455349737312645,1,0.6245259165613148,0.78,Irish,8,Brendan O'Connor,Irish,8
RNN,1583,3.554117441177368,0.6164320547040552,0,0.624131396083386,0.76,Scottish,15,Rory Fraser,Dutch,3
RNN,1584,0.03280986472964287,0.616462739026174,1,0.6243686868686869,0.76,Japanese,10,中村大輔,Japanese,10
RNN,1585,0.015056886710226536,0.61645592703484,1,0.6246056782334385,0.76,Polish,12,Marek Zieliński,Polish,12
RNN,1586,0.01012475322932005,0.6070466450322419,1,0.6248423707440101,0.76,Polish,12,Łukasz Zieliński,Polish,12
RNN,1587,0.23827366530895233,0.6114149582479149,1,0.6250787649653434,0.76,Dutch,3,Lars van Dijk,Dutch,3
RNN,1588,0.018385937437415123,0.5743961499352008,1,0.6253148614609572,0.78,Korean,11,강하은,Korean,11
RNN,1589,0.4516844153404236,0.5452561102528125,1,0.6255506607929515,0.8,French,5,Lucien d'Aubigné,French,5
RNN,1590,0.8104553818702698,0.5613142928481102,1,0.6257861635220126,0.8,Italian,9,Stefano Ricci,Italian,9
RNN,1591,0.08755829185247421,0.5587105424702168,1,0.6260213702074168,0.8,Czech,2,David Horák,Czech,2
RNN,1592,1.8668889999389648,0.5957045006752014,0,0.6256281407035176,0.78,English,4,James Jones,Portuguese,13
RNN,1593,0.3013090491294861,0.6011865275353193,1,0.6258631512868801,0.78,Dutch,3,Pieter van den Berg,Dutch,3
RNN,1594,0.03911590576171875,0.6010255968570709,1,0.6260978670012547,0.78,Italian,9,Giovanni Russo,Italian,9
RNN,1595,0.3385086953639984,0.6024831908941269,1,0.6263322884012539,0.78,French,5,Nicolas Robert,French,5
RNN,1596,1.532018780708313,0.6327326269820333,0,0.6259398496240601,0.76,English,4,Christopher Davis,Polish,12
RNN,1597,0.017423424869775772,0.6308663084730506,1,0.6261740763932373,0.76,Polish,12,Marcin Kamiński,Polish,12
RNN,1598,1.7094413042068481,0.6631156013533474,0,0.6257822277847309,0.74,English,4,Joseph Wilson,Polish,12
RNN,1599,0.028027556836605072,0.6165325215086341,1,0.6260162601626016,0.76,Polish,12,Jakub Kamiński,Polish,12
RNN,1600,0.22939248383045197,0.5592534011229873,1,0.62625,0.78,French,5,Émile Durand,French,5
RNN,1601,0.05540023371577263,0.5304714216664433,1,0.6264834478450968,0.8,Vietnamese,17,Võ Quân,Vietnamese,17
RNN,1602,0.24849236011505127,0.5352608322910964,1,0.6267166042446941,0.8,French,5,Benoît Dubois,French,5
RNN,1603,0.5439342260360718,0.542551598828286,1,0.6269494697442296,0.8,French,5,Étienne Durand,French,5
RNN,1604,0.0667954534292221,0.5434800102375448,1,0.6271820448877805,0.8,Italian,9,Pietro Russo,Italian,9
RNN,1605,0.10285718739032745,0.5395366018079222,1,0.6274143302180686,0.8,French,5,Arthur Robert,French,5
RNN,1606,0.0025234543718397617,0.5392661868687719,1,0.6276463262764632,0.8,Russian,14,Сергей Соколов,Russian,14
RNN,1607,0.022228378802537918,0.5353756078984588,1,0.6278780336029869,0.8,Chinese,1,陈艳,Chinese,1
RNN,1608,0.012984135188162327,0.5352397152874618,1,0.6281094527363185,0.8,Arabic,0,خالد الحسيني,Arabic,0
RNN,1609,1.4210231304168701,0.5571577707026154,0,0.6277190801740211,0.78,English,4,Charles Williams,Italian,9
RNN,1610,0.03774023801088333,0.5577224066387862,1,0.6279503105590062,0.78,Polish,12,Krzysztof Zieliński,Polish,12
RNN,1611,0.5961126685142517,0.5615899011027068,1,0.6281812538795779,0.78,Spanish,16,Francisco Gómez,Spanish,16
RNN,1612,2.144387722015381,0.5728389593493194,0,0.6277915632754343,0.78,Scottish,15,Ewan Murray,French,5
RNN,1613,2.2044925689697266,0.6165806210320443,0,0.6274023558586485,0.76,Scottish,15,Fraser Murray,French,5
RNN,1614,0.07716978341341019,0.5767359723430127,1,0.627633209417596,0.78,Russian,14,Борис Васильев,Russian,14
RNN,1615,1.6222304105758667,0.572498976169154,0,0.6272445820433437,0.78,French,5,Augustin Bernard,Italian,9
RNN,1616,0.006237444467842579,0.5705204087216407,1,0.6274752475247525,0.78,Arabic,0,ماجد القحطاني,Arabic,0
RNN,1617,0.005632600747048855,0.5703883938398212,1,0.6277056277056277,0.78,Greek,7,Στέφανος Δημητρίου,Greek,7
RNN,1618,0.022825367748737335,0.5703681274782866,1,0.6279357231149567,0.78,Chinese,1,刘勇,Chinese,1
RNN,1619,0.013781159184873104,0.5542042245808989,1,0.62816553428042,0.78,Greek,7,Ελένη Κωνσταντίνου,Greek,7
RNN,1620,0.8732661604881287,0.5530636765900999,1,0.6283950617283951,0.78,Italian,9,Carlo Ferrari,Italian,9
RNN,1621,0.0021742768585681915,0.5505162602756173,1,0.6286243059839605,0.78,Russian,14,Артём Соколов,Russian,14
RNN,1622,0.4680601954460144,0.5362174981925637,1,0.6288532675709001,0.8,Scottish,15,Alasdair Graham,Scottish,15
RNN,1623,0.08222859352827072,0.5370680670533329,1,0.6290819470117067,0.8,Spanish,16,Javier Fernández,Spanish,16
RNN,1624,0.16983899474143982,0.5395642581675202,1,0.6293103448275862,0.8,Dutch,3,Daan van den Berg,Dutch,3
RNN,1625,0.05724256485700607,0.510916552701965,1,0.6295384615384615,0.82,Vietnamese,17,Hoàng Minh,Vietnamese,17
RNN,1626,0.014351366087794304,0.4871083809155971,1,0.6297662976629766,0.84,Vietnamese,17,Đặng Minh,Vietnamese,17
RNN,1627,0.02367757447063923,0.47915336177684364,1,0.6299938537185003,0.84,Chinese,1,周涛,Chinese,1
RNN,1628,0.02360771968960762,0.4756922491732985,1,0.6302211302211302,0.84,Russian,14,Юрий Васильев,Russian,14
RNN,1629,0.6204813718795776,0.47553154432214795,1,0.6304481276856968,0.84,German,6,Andreas Meyer,German,6
RNN,1630,0.43725672364234924,0.48404766594059767,1,0.6306748466257669,0.84,Dutch,3,Daan Meijer,Dutch,3
RNN,1631,0.00316690094769001,0.4837376003433019,1,0.630901287553648,0.84,Greek,7,Μαρία Δημητρίου,Greek,7
RNN,1632,0.019940156489610672,0.46565467921085657,1,0.6311274509803921,0.84,Chinese,1,杨明,Chinese,1
RNN,1633,1.5529921054840088,0.42563217249698937,1,0.6313533374157991,0.86,Irish,8,Eoin O'Sullivan,Irish,8
RNN,1634,0.986572265625,0.44470742051489653,1,0.631578947368421,0.86,Czech,2,David Procházka,Czech,2
RNN,1635,0.418047696352005,0.45276723670773206,1,0.6318042813455658,0.86,Dutch,3,Anne Meijer,Dutch,3
RNN,1636,0.005501250270754099,0.45267476664856077,1,0.6320293398533008,0.86,Greek,7,Αθανάσιος Γεωργίου,Greek,7
RNN,1637,0.013168862089514732,0.448172670584172,1,0.6322541233964569,0.86,Korean,11,임지훈,Korean,11
RNN,1638,0.07702939957380295,0.4493455398268998,1,0.6324786324786325,0.86,Portuguese,13,António Ferreira,Portuguese,13
RNN,1639,1.3102182149887085,0.46651621581986547,1,0.6327028676021964,0.86,English,4,Matthew Williams,English,4
RNN,1640,1.357532024383545,0.47745774867013097,0,0.6323170731707317,0.84,German,6,Maximilian Müller,Dutch,3
RNN,1641,0.04300504922866821,0.4765666838176548,1,0.6325411334552102,0.84,Korean,11,조서연,Korean,11
RNN,1642,1.0321792364120483,0.45987248854711654,1,0.6327649208282582,0.86,Irish,8,Ciarán Gallagher,Irish,8
RNN,1643,0.02203155681490898,0.454286938700825,1,0.6329884357881923,0.86,Vietnamese,17,Lê Dũng,Vietnamese,17
RNN,1644,0.0115497512742877,0.45373561561107634,1,0.6332116788321168,0.86,Japanese,10,加藤太郎,Japanese,10
RNN,1645,0.531562328338623,0.4575966882705689,1,0.6334346504559271,0.86,Italian,9,Paolo Esposito,Italian,9
RNN,1646,0.8338191509246826,0.4436326956748962,1,0.6336573511543135,0.88,Irish,8,Brendan McCarthy,Irish,8
RNN,1647,0.18467935919761658,0.44697781436145306,1,0.6338797814207651,0.88,Dutch,3,Lucas Jansen,Dutch,3
RNN,1648,1.580317497253418,0.4443953382223845,0,0.633495145631068,0.88,Portuguese,13,Ricardo Silva,English,4
RNN,1649,0.39595746994018555,0.45175393648445605,1,0.6337174044875682,0.88,Irish,8,Fionn O'Connor,Irish,8
RNN,1650,0.5210524201393127,0.45758713521063327,1,0.6339393939393939,0.88,English,4,J.R. Taylor,English,4
RNN,1651,0.09926705062389374,0.4584644715487957,1,0.6341611144760751,0.88,English,4,Michael Brown,English,4
RNN,1652,0.2904852032661438,0.45930432841181756,1,0.6343825665859564,0.88,English,4,Robert St. John,English,4
RNN,1653,0.006674495991319418,0.4485591338109225,1,0.6346037507562009,0.88,Japanese,10,田中直子,Japanese,10
RNN,1654,0.18049871921539307,0.45083319912664593,1,0.6348246674727932,0.88,Polish,12,Paweł Lewandowski,Polish,12
RNN,1655,0.48831331729888916,0.4585423217248172,1,0.6350453172205438,0.88,English,4,Joseph Wilson,English,4
RNN,1656,0.16481485962867737,0.4617881498299539,1,0.6352657004830918,0.88,Irish,8,Seán O'Connor,Irish,8
RNN,1657,0.1801215559244156,0.46494601337239144,1,0.6354858177429089,0.88,Portuguese,13,Bruno Oliveira,Portuguese,13
RNN,1658,0.011466080322861671,0.46491565227508547,1,0.6357056694813028,0.88,Russian,14,Юрий Иванов,Russian,14
RNN,1659,0.3353562355041504,0.44320231437683105,1,0.6359252561784208,0.9,Czech,2,Tomáš Procházka,Czech,2
RNN,1660,0.6682183742523193,0.45581187710165977,1,0.636144578313253,0.9,Spanish,16,Juan Díaz,Spanish,16
RNN,1661,0.1998855173587799,0.44788733407855036,1,0.6363636363636364,0.9,Irish,8,Maeve O'Connor,Irish,8
RNN,1662,0.023211320862174034,0.4054638060554862,1,0.6365824308062575,0.92,Korean,11,강서연,Korean,11
RNN,1663,3.233222484588623,0.4260384043678641,0,0.6361996392062538,0.92,Scottish,15,Duncan Stewart,Dutch,3
RNN,1664,0.016458695754408836,0.42482418261468413,1,0.6364182692307693,0.92,Arabic,0,نورالدين القحطاني,Arabic,0
RNN,1665,1.0443977117538452,0.4132675286382437,1,0.6366366366366366,0.94,Czech,2,Ondřej Němec,Czech,2
RNN,1666,0.0028917661402374506,0.4132006150716916,1,0.6368547418967587,0.94,Russian,14,Андрей Михайлов,Russian,14
RNN,1667,0.018778754398226738,0.41346353814471515,1,0.6370725854829035,0.94,Korean,11,김서연,Korean,11
RNN,1668,0.04016461968421936,0.41381032318342476,1,0.6372901678657075,0.94,Vietnamese,17,Huỳnh Bình,Vietnamese,17
RNN,1669,0.9972662925720215,0.43348002585116774,1,0.6375074895146795,0.94,German,6,Stefan Meyer,German,6
RNN,1670,0.9914641976356506,0.43584398659411816,1,0.6377245508982036,0.94,German,6,Michael Wagner,German,6
RNN,1671,1.4524518251419067,0.464849537559785,0,0.6373429084380611,0.92,Irish,8,Liam O'Sullivan,Scottish,15
RNN,1672,0.3883633613586426,0.4632556008780375,1,0.6375598086124402,0.92,Italian,9,Fabio Bianchi,Italian,9
RNN,1673,0.14401589334011078,0.4644913468742743,1,0.6377764494919307,0.92,Vietnamese,17,Vũ Hoàng,Vietnamese,17
RNN,1674,0.2698603570461273,0.4664917741203681,1,0.6379928315412187,0.92,English,4,William Wilson,English,4
RNN,1675,1.0848608016967773,0.48704413885716347,1,0.6382089552238805,0.92,Scottish,15,Gordon Stewart,Scottish,15
RNN,1676,0.025560520589351654,0.48726832194719466,1,0.6384248210023866,0.92,Chinese,1,王艳,Chinese,1
RNN,1677,0.1539679318666458,0.48987412909511474,1,0.6386404293381037,0.92,Dutch,3,Jan Smit,Dutch,3
RNN,1678,0.004531709477305412,0.4894926088908687,1,0.6388557806912991,0.92,Russian,14,Артём Иванов,Russian,14
RNN,1679,1.6615970134735107,0.5103149217227474,0,0.6384752829064919,0.9,Dutch,3,Jan de Vries,English,4
RNN,1680,0.015382461249828339,0.501877436474897,1,0.6386904761904761,0.9,Russian,14,Павел Попов,Russian,14
RNN,1681,0.06870852410793304,0.5031882689381019,1,0.6389054134443783,0.9,Arabic,0,عبدالله الهاشمي,Arabic,0
RNN,1682,1.5341663360595703,0.533472792529501,0,0.638525564803805,0.88,German,6,Lukas Schulz,Spanish,16
RNN,1683,0.15090209245681763,0.5054309922689572,1,0.6387403446226976,0.88,English,4,Richard Taylor,English,4
RNN,1684,0.214043989777565,0.4899804267520085,1,0.6389548693586699,0.88,Italian,9,Alessandro Ferrari,Italian,9
RNN,1685,1.7190836668014526,0.5160011461609975,0,0.6385756676557863,0.86,Irish,8,Conor Kelly,English,4
RNN,1686,0.02649422362446785,0.5164210056280717,1,0.6387900355871886,0.86,Korean,11,최성민,Korean,11
RNN,1687,0.24021071195602417,0.5209618426254019,1,0.6390041493775933,0.86,Czech,2,Daniel Černý,Czech,2
RNN,1688,1.6409046649932861,0.5522393479337916,0,0.6386255924170616,0.84,French,5,Marcel Martin,English,4
RNN,1689,0.0875156968832016,0.5277852975716815,1,0.6388395500296034,0.84,Polish,12,Jan Szymański,Polish,12
RNN,1690,0.14782129228115082,0.5035910829296335,1,0.6390532544378699,0.86,Italian,9,Domenico Greco,Italian,9
RNN,1691,0.025755371898412704,0.5032460893830284,1,0.6392667060910704,0.86,Greek,7,Ανδρέας Αθανασίου,Greek,7
RNN,1692,0.11806623637676239,0.48496382938232274,1,0.6394799054373522,0.86,Czech,2,Jan Němec,Czech,2
RNN,1693,0.6947581768035889,0.4984183617820963,1,0.6396928529238038,0.86,Dutch,3,Jan de Jong,Dutch,3
RNN,1694,0.31334227323532104,0.504454212221317,1,0.6399055489964581,0.86,German,6,Klaus Wagner,German,6
RNN,1695,3.322798013687134,0.5602789259282872,0,0.6395280235988201,0.84,Czech,2,Adam Svoboda,Italian,9
RNN,1696,0.021242016926407814,0.5440273832483217,1,0.6397405660377359,0.84,Greek,7,Σπυρίδων Κωνσταντίνου,Greek,7
RNN,1697,0.0037691995967179537,0.5404091800563038,1,0.6399528579846788,0.84,Russian,14,Андрей Иванов,Russian,14
RNN,1698,0.01529781986027956,0.5091087865084409,1,0.6401648998822144,0.86,Arabic,0,نورالدين الشمري,Arabic,0
RNN,1699,0.007699455600231886,0.5013436262216419,1,0.6403766921718658,0.86,Japanese,10,鈴木拓也,Japanese,10
RNN,1700,1.7579786777496338,0.5260821513738483,0,0.64,0.84,Portuguese,13,Filipe Jesus,Dutch,3
RNN,1701,0.8135678768157959,0.5403681678976864,1,0.6402116402116402,0.84,English,4,Robert Davis,English,4
RNN,1702,0.6965328454971313,0.5484891207423062,1,0.6404230317273796,0.84,Czech,2,Břetislav Novotný,Czech,2
RNN,1703,0.23806960880756378,0.553117022998631,1,0.64063417498532,0.84,Polish,12,Andrzej Kowalski,Polish,12
RNN,1704,1.2906994819641113,0.5753210382536054,0,0.6402582159624414,0.82,Dutch,3,Kees Jansen,German,6
RNN,1705,0.15682294964790344,0.5686912309005856,1,0.6404692082111437,0.82,Japanese,10,伊藤誠,Japanese,10
RNN,1706,0.324586421251297,0.5718866621330381,1,0.6406799531066822,0.82,Italian,9,Pietro Russo,Italian,9
RNN,1707,0.5079589486122131,0.578443409986794,1,0.6408904510837727,0.82,Polish,12,Zbigniew Woźniak,Polish,12
RNN,1708,0.311940997838974,0.5844529083371163,1,0.6411007025761124,0.82,English,4,William Taylor,English,4
RNN,1709,0.15392327308654785,0.5808242490887642,1,0.6413107080163839,0.82,English,4,Paul Smith,English,4
RNN,1710,0.20557022094726562,0.5715712860226632,1,0.6415204678362573,0.82,Spanish,16,David Pérez,Spanish,16
RNN,1711,0.015932515263557434,0.5678922259807586,1,0.6417299824663939,0.82,Arabic,0,وليد المالكي,Arabic,0
RNN,1712,0.5735821723937988,0.5788996430113912,1,0.6419392523364486,0.82,French,5,Lucien Richard,French,5
RNN,1713,0.026021964848041534,0.5147556326165795,1,0.642148277875073,0.84,Korean,11,임성민,Korean,11
RNN,1714,1.31529700756073,0.540732398852706,0,0.6417736289381564,0.82,German,6,Hans Schulz,Spanish,16
RNN,1715,1.2383360862731934,0.5446111663430929,0,0.641399416909621,0.8,English,4,David Miller,German,6
RNN,1716,0.019819438457489014,0.544949719789438,1,0.6416083916083916,0.8,Russian,14,Олег Сидоров,Russian,14
RNN,1717,1.6394097805023193,0.5773623403115198,0,0.6412347117064647,0.78,Czech,2,Lukáš Svoboda,French,5
RNN,1718,0.10781081765890121,0.5787152642710134,1,0.6414435389988359,0.78,English,4,Matthew St. John,English,4
RNN,1719,0.4495517909526825,0.5677609742386267,1,0.641652123327516,0.78,Dutch,3,Thomas Visser,Dutch,3
RNN,1720,0.013705789111554623,0.5482058060681447,1,0.641860465116279,0.78,Polish,12,Mateusz Kowalczyk,Polish,12
RNN,1721,0.04736188054084778,0.5201040071761236,1,0.642068564787914,0.8,Portuguese,13,João Oliveira,Portuguese,13
RNN,1722,0.02947254665195942,0.5129261908819899,1,0.6422764227642277,0.8,English,4,Michael Brown,English,4
RNN,1723,0.637737512588501,0.5228006232669578,1,0.6424840394660476,0.8,Irish,8,Declan O'Connor,Irish,8
RNN,1724,0.12401080876588821,0.5198836323013529,1,0.642691415313225,0.8,Czech,2,Tomáš Dvořák,Czech,2
RNN,1725,0.08958087861537933,0.49997803383972494,1,0.6428985507246376,0.8,Vietnamese,17,Vũ Minh,Vietnamese,17
RNN,1726,0.06441250443458557,0.5007550735166296,1,0.6431054461181923,0.8,Italian,9,Giuseppe Greco,Italian,9
RNN,1727,0.014925124123692513,0.49797421736177055,1,0.643312101910828,0.8,Arabic,0,إبراهيم الشمري,Arabic,0
RNN,1728,0.12170827388763428,0.5003177486499771,1,0.6435185185185185,0.8,Italian,9,Marco Ferrari,Italian,9
RNN,1729,0.16994038224220276,0.47048461602535097,1,0.6437246963562753,0.82,Spanish,16,Pablo Pérez,Spanish,16
RNN,1730,0.12449930608272552,0.47266695292200894,1,0.6439306358381502,0.82,Spanish,16,Javier González,Spanish,16
RNN,1731,0.053989656269550323,0.47237257556524126,1,0.6441363373772386,0.82,Polish,12,Kamil Wójcik,Polish,12
RNN,1732,0.016027309000492096,0.44200979502405974,1,0.6443418013856813,0.84,Chinese,1,刘芳,Chinese,1
RNN,1733,2.4123780727386475,0.48723931462969633,0,0.6439699942296595,0.82,Scottish,15,Aileen Stewart,French,5
RNN,1734,0.04353053495287895,0.4838290455332026,1,0.6441753171856978,0.82,Dutch,3,Pieter van den Berg,Dutch,3
RNN,1735,0.5697559118270874,0.4608424904337153,1,0.6443804034582132,0.84,Scottish,15,Duncan Douglas,Scottish,15
RNN,1736,0.6720873117446899,0.4737543521961197,1,0.6445852534562212,0.84,Czech,2,Daniel Kučera,Czech,2
RNN,1737,0.0060585420578718185,0.46907130879815667,1,0.644789867587795,0.84,Arabic,0,كريم الغامدي,Arabic,0
RNN,1738,0.005470781121402979,0.436362631120719,1,0.6449942462600691,0.86,Japanese,10,鈴木京子,Japanese,10
RNN,1739,0.010224937461316586,0.43481681593228133,1,0.6451983898792409,0.86,Polish,12,Paweł Zieliński,Polish,12
RNN,1740,0.0344926118850708,0.43255024232435973,1,0.6454022988505748,0.86,Portuguese,13,Tiago Oliveira,Portuguese,13
RNN,1741,0.11243453621864319,0.43428382561076434,1,0.6456059735784032,0.86,Vietnamese,17,Võ Nam,Vietnamese,17
RNN,1742,1.4895868301391602,0.46171423748601226,0,0.6452353616532721,0.84,French,5,Nicolas L'Hôpital,Dutch,3
RNN,1743,4.290053844451904,0.5336201508389786,0,0.6448651749856569,0.82,Scottish,15,Stuart Robertson,Polish,12
RNN,1744,0.02479725517332554,0.5278492504777387,1,0.6450688073394495,0.82,Czech,2,Martin Novák,Czech,2
RNN,1745,0.020448116585612297,0.4618022525357082,1,0.645272206303725,0.84,Czech,2,Tomáš Novák,Czech,2
RNN,1746,1.5423822402954102,0.4922250570030883,0,0.6449026345933563,0.82,Irish,8,Michael O'Brien,Scottish,15
RNN,1747,0.023347236216068268,0.4926166177354753,1,0.6451058958214081,0.82,Chinese,1,王明,Chinese,1
RNN,1748,0.18073983490467072,0.4959254580363631,1,0.6453089244851259,0.82,Polish,12,Mateusz Lewandowski,Polish,12
RNN,1749,0.5119840502738953,0.5060111499298364,1,0.6455117209834191,0.82,Italian,9,Alessandro Marino,Italian,9
RNN,1750,0.3441467583179474,0.47773451154120267,1,0.6457142857142857,0.84,Spanish,16,Pedro Díaz,Spanish,16
RNN,1751,0.35664692521095276,0.4685960925091058,1,0.6459166190748143,0.84,Portuguese,13,Jorge Costa,Portuguese,13
RNN,1752,0.037508901208639145,0.45541561362333594,1,0.6461187214611872,0.84,Polish,12,Piotr Kowalski,Polish,12
RNN,1753,0.031450096517801285,0.45128322337754073,1,0.6463205932686823,0.84,Vietnamese,17,Phan Quân,Vietnamese,17
RNN,1754,0.03727981075644493,0.4262148299533874,1,0.6465222348916762,0.86,English,4,Daniel Brown,English,4
RNN,1755,0.04366736859083176,0.42395171833224593,1,0.6467236467236467,0.86,Czech,2,Václav Dvořák,Czech,2
RNN,1756,0.045399513095617294,0.41836798016913235,1,0.6469248291571754,0.86,Czech,2,Josef Kučera,Czech,2
RNN,1757,2.691739082336426,0.46204358284361663,0,0.6465566306203756,0.84,German,6,Hannah Schmidt,Irish,8
RNN,1758,0.020717879757285118,0.4562191204819828,1,0.6467576791808873,0.84,Vietnamese,17,Hoàng Dũng,Vietnamese,17
RNN,1759,0.01581764593720436,0.45345700793899596,1,0.6469584991472428,0.84,Polish,12,Łukasz Zieliński,Polish,12
RNN,1760,0.05166517198085785,0.4503789069596678,1,0.647159090909091,0.84,Czech,2,Václav Dvořák,Czech,2
RNN,1761,1.522130012512207,0.4805028569046408,0,0.6467915956842702,0.82,Portuguese,13,Miguel Sousa,Czech,2
RNN,1762,0.08284734189510345,0.47068816029466687,1,0.6469920544835415,0.82,Greek,7,Στέφανος Παπαδόπουλος,Greek,7
RNN,1763,0.06169799342751503,0.47140168086625633,1,0.6471922858763471,0.82,Greek,7,Ιωάννης Παπαδάκης,Greek,7
RNN,1764,1.548335075378418,0.4760624422226101,1,0.6473922902494331,0.84,Portuguese,13,Luís Santos,Portuguese,13
RNN,1765,0.009251818060874939,0.45148075685836375,1,0.6475920679886685,0.86,Russian,14,Павел Соколов,Russian,14
RNN,1766,0.019837552681565285,0.4514811191428453,1,0.6477916194790487,0.86,Chinese,1,刘平,Chinese,1
RNN,1767,1.2586760520935059,0.443866444574669,0,0.6474250141482739,0.86,French,5,Jules Bernard,Scottish,15
RNN,1768,0.011679367162287235,0.4419438155647367,1,0.6476244343891403,0.86,Arabic,0,أحمد القحطاني,Arabic,0
RNN,1769,0.1003900095820427,0.43496057993732395,1,0.647823629169022,0.86,English,4,J.R. Taylor,English,4
RNN,1770,0.9305002093315125,0.4532964683417231,0,0.6474576271186441,0.84,Arabic,0,أحمد النجار,Vietnamese,17
RNN,1771,1.5626792907714844,0.4836028165463358,1,0.6476566911349521,0.84,Scottish,15,Hamish Stewart,Scottish,15
RNN,1772,0.19108076393604279,0.4868349808920175,1,0.6478555304740407,0.84,Spanish,16,Luis Sánchez,Spanish,16
RNN,1773,1.7759695053100586,0.5095996207464486,0,0.6474901297236323,0.82,Irish,8,Liam O'Brien,German,6
RNN,1774,0.019207904115319252,0.5075035626534372,1,0.6476888387824127,0.82,Korean,11,이예준,Korean,11
RNN,1775,0.3312787711620331,0.5123375205043703,1,0.647887323943662,0.82,Irish,8,Fionn Kennedy,Irish,8
RNN,1776,0.5132718682289124,0.5213147077802569,1,0.6480855855855856,0.82,Dutch,3,Sophie Meijer,Dutch,3
RNN,1777,0.004167206585407257,0.5210995494294912,1,0.6482836240855374,0.82,Arabic,0,حسن الغامدي,Arabic,0
RNN,1778,0.09858309477567673,0.520637045847252,1,0.6484814398200225,0.82,Portuguese,13,Luís Pereira,Portuguese,13
RNN,1779,3.2568347454071045,0.58237493311055,0,0.6481169196177627,0.8,Spanish,16,Pedro García,Italian,9
RNN,1780,0.26642942428588867,0.5852135354746133,1,0.648314606741573,0.8,Irish,8,Liam Kennedy,Irish,8
RNN,1781,0.07125856727361679,0.5855589136946946,1,0.6485120718697361,0.8,Czech,2,Ondřej Kučera,Czech,2
RNN,1782,0.10816425830125809,0.58740165268071,1,0.6487093153759821,0.8,Russian,14,Иван Васильев,Russian,14
RNN,1783,0.03889325633645058,0.539931956352666,1,0.6489063376332025,0.82,Korean,11,김수빈,Korean,11
RNN,1784,1.2365669012069702,0.5637926836777478,1,0.649103139013453,0.82,Scottish,15,Fergus Graham,Scottish,15
RNN,1785,0.6275094151496887,0.5649477537441999,1,0.6492997198879552,0.82,French,5,Mathieu Robert,French,5
RNN,1786,2.256040096282959,0.5966268094349653,0,0.648936170212766,0.8,French,5,Étienne Petit,Portuguese,13
RNN,1787,0.1041242703795433,0.5985881240013987,1,0.6491326245103526,0.8,Dutch,3,Kees Visser,Dutch,3
RNN,1788,2.6879734992980957,0.6522381783649326,0,0.6487695749440716,0.78,Dutch,3,Anne de Vries,Portuguese,13
RNN,1789,2.2959675788879395,0.697953031193465,0,0.6484069312465064,0.76,Spanish,16,Alejandro García,Italian,9
RNN,1790,0.0288678165525198,0.697840535286814,1,0.6486033519553073,0.76,Chinese,1,王敏,Chinese,1
RNN,1791,0.014956715516746044,0.6958909788727761,1,0.6487995533221664,0.76,Greek,7,Θεόδωρος Παπαδόπουλος,Greek,7
RNN,1792,0.7380277514457703,0.6808597972989082,1,0.6489955357142857,0.78,Scottish,15,Niall Stewart,Scottish,15
RNN,1793,0.03197129815816879,0.5956981463730335,1,0.649191299498048,0.8,Polish,12,Zbigniew Kowalski,Polish,12
RNN,1794,2.5398776531219482,0.645999754332006,0,0.6488294314381271,0.78,French,5,Hugo Martin,English,4
RNN,1795,0.11952398717403412,0.6479812717437744,1,0.649025069637883,0.78,Vietnamese,17,Đặng Cường,Vietnamese,17
RNN,1796,0.0717225968837738,0.6185680788755417,1,0.6492204899777283,0.8,Portuguese,13,Filipe Ferreira,Portuguese,13
RNN,1797,0.009418104775249958,0.6182894962467254,1,0.6494156928213689,0.8,Japanese,10,田中直子,Japanese,10
RNN,1798,1.0158852338790894,0.6349924042262137,1,0.6496106785317018,0.8,Portuguese,13,Carlos Sousa,Portuguese,13
RNN,1799,0.013547387905418873,0.6250236709788441,1,0.6498054474708171,0.8,Japanese,10,田中美咲,Japanese,10
RNN,1800,0.8106107115745544,0.6343529500439763,1,0.65,0.8,Czech,2,Jakub Veselý,Czech,2
RNN,1801,0.016193177551031113,0.6275438750907779,1,0.6501943364797335,0.8,Korean,11,이서준,Korean,11
RNN,1802,0.015173837542533875,0.6270971738174558,1,0.6503884572697003,0.8,Spanish,16,Luis Gómez,Spanish,16
RNN,1803,0.022653020918369293,0.6269212323054671,1,0.6505823627287853,0.8,Chinese,1,张丽,Chinese,1
RNN,1804,0.014527969062328339,0.6264661954715848,1,0.6507760532150776,0.8,Greek,7,Σπυρίδων Κωνσταντίνου,Greek,7
RNN,1805,0.0199419092386961,0.625991686284542,1,0.6509695290858726,0.8,Chinese,1,杨娜,Chinese,1
RNN,1806,0.1741221398115158,0.62856613881886,1,0.6511627906976745,0.8,Czech,2,Václav Procházka,Czech,2
RNN,1807,0.1835266798734665,0.5784018907696009,1,0.6513558384061982,0.82,Italian,9,Vincenzo Greco,Italian,9
RNN,1808,0.47870108485221863,0.5875615548714995,1,0.6515486725663717,0.82,Italian,9,Carlo Bianchi,Italian,9
RNN,1809,0.4625299870967865,0.5964958016946912,1,0.6517412935323383,0.82,Czech,2,Petr Veselý,Czech,2
RNN,1810,0.01488601416349411,0.5957602185383439,1,0.6519337016574586,0.82,Russian,14,Андрей Иванов,Russian,14
RNN,1811,0.028168730437755585,0.5658809928968549,1,0.6521258972943126,0.84,Korean,11,박도윤,Korean,11
RNN,1812,0.7630788683891296,0.5794856234267354,1,0.652317880794702,0.84,Italian,9,Davide Ricci,Italian,9
RNN,1813,0.11510024964809418,0.580553668551147,1,0.6525096525096525,0.84,Italian,9,Giovanni Greco,Italian,9
RNN,1814,0.0022646752186119556,0.5496322605479509,1,0.6527012127894156,0.84,Greek,7,Αικατερίνη Αθανασίου,Greek,7
RNN,1815,0.03456101939082146,0.5501384445745497,1,0.6528925619834711,0.84,Korean,11,윤도윤,Korean,11
RNN,1816,2.822160005569458,0.6061848936323077,0,0.6525330396475771,0.82,Scottish,15,Stuart Robertson,English,4
RNN,1817,1.1206344366073608,0.6034240613225847,1,0.6527242707760044,0.84,German,6,Thomas Hoffmann,German,6
RNN,1818,0.06521660834550858,0.6044948061462492,1,0.652915291529153,0.84,Vietnamese,17,Đặng Nam,Vietnamese,17
RNN,1819,0.008705757558345795,0.6026611211057752,1,0.6531061022539857,0.84,Greek,7,Αικατερίνη Παπαδάκης,Greek,7
RNN,1820,0.012958717532455921,0.5843102912697941,1,0.6532967032967033,0.86,Arabic,0,خالد الهاشمي,Arabic,0
RNN,1821,0.09923617541790009,0.5550414289627225,1,0.6534870950027457,0.86,Arabic,0,مصطفى النجار,Arabic,0
RNN,1822,0.028917847201228142,0.5517981706280262,1,0.6536772777167947,0.86,Vietnamese,17,Hoàng Hùng,Vietnamese,17
RNN,1823,0.004888131283223629,0.5163765431474894,1,0.6538672517827756,0.88,Arabic,0,حسن الغامدي,Arabic,0
RNN,1824,0.004542033653706312,0.5160832257382572,1,0.6540570175438597,0.88,Arabic,0,ماجد القحطاني,Arabic,0
RNN,1825,0.41342008113861084,0.5177260519377888,1,0.6542465753424658,0.88,Polish,12,Jakub Woźniak,Polish,12
RNN,1826,0.06241312250494957,0.5087088770233095,1,0.6544359255202629,0.88,Italian,9,Fabio Russo,Italian,9
RNN,1827,1.0887857675552368,0.5304012482427061,1,0.6546250684181719,0.88,German,6,Maximilian Wagner,German,6
RNN,1828,0.0017898743972182274,0.5284653838351369,1,0.6548140043763676,0.88,Greek,7,Χρήστος Αθανασίου,Greek,7
RNN,1829,0.23831526935100555,0.4680949943140149,1,0.655002733734281,0.9,Scottish,15,Rory MacDonald,Scottish,15
RNN,1830,0.6371713280677795,0.4755098323896527,1,0.6551912568306011,0.9,English,4,Robert St. John,English,4
RNN,1831,2.404209613800049,0.5221688533201814,0,0.6548334243582742,0.88,Irish,8,Conor Kelly,Portuguese,13
RNN,1832,0.019575968384742737,0.5203970875218511,1,0.6550218340611353,0.88,Chinese,1,张平,Chinese,1
RNN,1833,0.0442633330821991,0.520504489056766,1,0.6552100381887616,0.88,Spanish,16,Diego Martínez,Spanish,16
RNN,1834,0.01353609748184681,0.49604387298226355,1,0.6553980370774264,0.88,Korean,11,강하은,Korean,11
RNN,1835,0.01904323697090149,0.4838745494186878,1,0.6555858310626703,0.88,Czech,2,Jiří Veselý,Czech,2
RNN,1836,0.49357590079307556,0.44862526550889015,1,0.6557734204793029,0.9,Dutch,3,Lars Janssen,Dutch,3
RNN,1837,0.245936781167984,0.451461515724659,1,0.6559608056614045,0.9,English,4,Michael Taylor,English,4
RNN,1838,2.7079849243164062,0.4518617442250252,0,0.6556039173014145,0.9,Polish,12,Szymon Nowak,Czech,2
RNN,1839,0.013901669532060623,0.4062204260379076,1,0.6557911908646004,0.92,Chinese,1,杨艳,Chinese,1
RNN,1840,0.05749448016285896,0.4067929593101144,1,0.6559782608695652,0.92,English,4,James Brown,English,4
RNN,1841,0.0952518954873085,0.40839886290952565,1,0.6561651276480174,0.92,Italian,9,Fabio Esposito,Italian,9
RNN,1842,0.03478831797838211,0.39433407424017786,1,0.6563517915309446,0.92,Japanese,10,渡辺太郎,Japanese,10
RNN,1843,0.01875126175582409,0.39406967351213096,1,0.6565382528486163,0.92,Japanese,10,伊藤花子,Japanese,10
RNN,1844,0.006226782221347094,0.34339665609411896,1,0.6567245119305857,0.94,Russian,14,Евгений Смирнов,Russian,14
RNN,1845,0.1311442106962204,0.34362906056456266,1,0.656910569105691,0.94,Greek,7,Σοφία Παπαδόπουλος,Greek,7
RNN,1846,2.6016335487365723,0.39422727960161863,0,0.656554712892741,0.92,German,6,Friedrich Schmidt,Russian,14
RNN,1847,0.10338149964809418,0.39610654749907553,1,0.6567406605305901,0.92,Dutch,3,Lotte Jansen,Dutch,3
RNN,1848,1.8652598857879639,0.413094040537253,0,0.6563852813852814,0.9,Dutch,3,Willem de Vries,English,4
RNN,1849,0.008430724032223225,0.4129917072597891,1,0.6565711195240671,0.9,Russian,14,Юрий Попов,Russian,14
RNN,1850,0.30800700187683105,0.40293963306583463,1,0.6567567567567567,0.9,Japanese,10,渡辺健,Japanese,10
RNN,1851,0.30865246057510376,0.4087888187263161,1,0.6569421934089681,0.9,Dutch,3,Sophie Janssen,Dutch,3
RNN,1852,0.01244964636862278,0.4087343349028379,1,0.6571274298056156,0.9,Korean,11,임하은,Korean,11
RNN,1853,0.31155118346214294,0.4145122981537133,1,0.657312466270912,0.9,German,6,Maximilian Meyer,German,6
RNN,1854,0.3688323497772217,0.42159838576801123,1,0.6574973031283711,0.9,Italian,9,Vincenzo Romano,Italian,9
RNN,1855,0.6531574130058289,0.43426269584335386,1,0.6576819407008087,0.9,Irish,8,Niall Kelly,Irish,8
RNN,1856,0.21741101145744324,0.4351284732762724,1,0.6578663793103449,0.9,Czech,2,Jan Novotný,Czech,2
RNN,1857,0.02538132295012474,0.43196556613780557,1,0.658050619278406,0.9,Italian,9,Alessandro Greco,Italian,9
RNN,1858,0.015955274924635887,0.42271064993925395,1,0.6582346609257266,0.9,Chinese,1,张明,Chinese,1
RNN,1859,0.040320005267858505,0.4142664503026754,1,0.6584185045723507,0.9,Japanese,10,鈴木彩,Japanese,10
RNN,1860,0.5526199340820312,0.42502112870104614,1,0.6586021505376344,0.9,Czech,2,Pavel Němec,Czech,2
RNN,1861,0.006078921724110842,0.4245793325267732,1,0.6587855991402471,0.9,Greek,7,Θεόδωρος Νικολάου,Greek,7
RNN,1862,0.02165856398642063,0.409750926438719,1,0.658968850698174,0.9,Polish,12,Wojciech Lewandowski,Polish,12
RNN,1863,0.025192677974700928,0.4079527750052512,1,0.6591519055287172,0.9,Chinese,1,吴娟,Chinese,1
RNN,1864,0.04702460393309593,0.40884797357954084,1,0.6593347639484979,0.9,Italian,9,Fabio Esposito,Italian,9
RNN,1865,1.5120913982391357,0.43839858115650715,0,0.6589812332439678,0.88,French,5,Gabriel Martin,Italian,9
RNN,1866,0.0077306851744651794,0.3821099947486073,1,0.6591639871382636,0.9,Polish,12,Kamil Kamiński,Polish,12
RNN,1867,0.013142155483365059,0.35996014912612734,1,0.659346545259775,0.9,Vietnamese,17,Đặng Linh,Vietnamese,17
RNN,1868,0.033801596611738205,0.359331848891452,1,0.6595289079229122,0.9,Vietnamese,17,Phạm Dũng,Vietnamese,17
RNN,1869,0.17127376794815063,0.36258320909924807,1,0.6597110754414125,0.9,Dutch,3,Anne Bakker,Dutch,3
RNN,1870,0.03975067287683487,0.3631190482061356,1,0.6598930481283423,0.9,Dutch,3,Sem Jansen,Dutch,3
RNN,1871,2.6510732173919678,0.414155789045617,0,0.6595403527525387,0.88,Dutch,3,Hendrik de Jong,Czech,2
RNN,1872,0.01853339374065399,0.4139480999764055,1,0.6597222222222222,0.88,Chinese,1,周平,Chinese,1
RNN,1873,0.0627870112657547,0.4151060775760561,1,0.6599038974906567,0.88,Greek,7,Αθανάσιος Παπαδάκης,Greek,7
RNN,1874,0.17614290118217468,0.41853809492662547,1,0.66008537886873,0.88,German,6,Klaus Meyer,German,6
RNN,1875,0.014227384701371193,0.4105542409978807,1,0.6602666666666667,0.88,Korean,11,장지민,Korean,11
RNN,1876,0.06679556518793106,0.4106418898515403,1,0.6604477611940298,0.88,Czech,2,Michal Veselý,Czech,2
RNN,1877,0.9241690039634705,0.407349554579705,1,0.660628662759723,0.88,Irish,8,Aoife Murphy,Irish,8
RNN,1878,0.12456056475639343,0.4098049683868885,1,0.6608093716719915,0.88,Arabic,0,وليد الحداد,Arabic,0
RNN,1879,2.330172538757324,0.4516421137750149,0,0.660457690260777,0.86,German,6,Dieter Schulz,Dutch,3
RNN,1880,0.010267061181366444,0.43910402843728663,1,0.6606382978723404,0.86,Russian,14,Максим Петров,Russian,14
RNN,1881,0.09290742129087448,0.3928779845871031,1,0.6608187134502924,0.88,Czech,2,Martin Černý,Czech,2
RNN,1882,0.05650029331445694,0.3936164710856974,1,0.6609989373007439,0.88,Dutch,3,Thomas de Jong,Dutch,3
RNN,1883,0.006637312937527895,0.392863950682804,1,0.6611789697291556,0.88,Russian,14,Максим Иванов,Russian,14
RNN,1884,0.35522955656051636,0.39969781986437736,1,0.6613588110403397,0.88,French,5,François Dubois,French,5
RNN,1885,0.791735053062439,0.41515165618620814,1,0.6615384615384615,0.88,Portuguese,13,Pedro Sousa,Portuguese,13
RNN,1886,0.03044099733233452,0.4058889581169933,1,0.6617179215270413,0.88,Polish,12,Marcin Lewandowski,Polish,12
RNN,1887,0.003475817386060953,0.40103973884135485,1,0.661897191308956,0.88,Arabic,0,سليم الغامدي,Arabic,0
RNN,1888,0.15154607594013214,0.34991096187382936,1,0.6620762711864406,0.9,Portuguese,13,Carlos Ferreira,Portuguese,13
RNN,1889,0.06009311601519585,0.35083479080349206,1,0.6622551614610905,0.9,Korean,11,박수빈,Korean,11
RNN,1890,2.447523832321167,0.39863537784665826,0,0.6619047619047619,0.88,French,5,Jules Petit,German,6
RNN,1891,1.1006039381027222,0.4187424186989665,1,0.662083553675304,0.88,Irish,8,Aidan Doyle,Irish,8
RNN,1892,1.949847936630249,0.45704361107200386,0,0.6617336152219874,0.86,English,4,Thomas Smith,Italian,9
RNN,1893,0.003010267624631524,0.45672879118938,1,0.6619123085050185,0.86,Greek,7,Αλέξανδρος Αλεξίου,Greek,7
RNN,1894,1.009929895401001,0.4768028534529731,1,0.662090813093981,0.86,Italian,9,Francesco Colombo,Italian,9
RNN,1895,1.2133444547653198,0.49844685833435504,0,0.6617414248021108,0.84,Portuguese,13,João Martins,French,5
RNN,1896,0.4034439027309418,0.45448306541424244,1,0.6619198312236287,0.86,Scottish,15,Rory MacDonald,Scottish,15
RNN,1897,0.023043816909193993,0.45287631175946447,1,0.6620980495519241,0.86,Czech,2,Marek Dvořák,Czech,2
RNN,1898,0.024909120053052902,0.4160692964447662,1,0.6622760800842993,0.88,Polish,12,Kamil Kowalski,Polish,12
RNN,1899,0.03890598192811012,0.41667880160268395,1,0.6624539231174302,0.88,Portuguese,13,Gonçalo Ferreira,Portuguese,13
RNN,1900,0.05846294388175011,0.41168792044278235,1,0.6626315789473685,0.88,Spanish,16,Daniel Rodríguez,Spanish,16
RNN,1901,0.07483380287885666,0.4070115472888574,1,0.6628090478695423,0.88,Vietnamese,17,Nguyễn Đức,Vietnamese,17
RNN,1902,0.1177251785993576,0.4091170579334721,1,0.6629863301787592,0.88,Polish,12,Andrzej Woźniak,Polish,12
RNN,1903,0.04094462841749191,0.4037049268325791,1,0.6631634261692065,0.88,Korean,11,조현우,Korean,11
RNN,1904,0.014156044460833073,0.3966114007262513,1,0.6633403361344538,0.88,Vietnamese,17,Phan Đức,Vietnamese,17
RNN,1905,0.025423161685466766,0.38405671569984406,1,0.6635170603674541,0.88,Korean,11,윤성민,Korean,11
RNN,1906,0.07866442948579788,0.38128178406041113,1,0.6636935991605456,0.88,Spanish,16,Carlos López,Spanish,16
RNN,1907,0.09149190783500671,0.3826039957581088,1,0.6638699528054536,0.88,Polish,12,Mateusz Wójcik,Polish,12
RNN,1908,0.6909732818603516,0.39610435589682313,1,0.6640461215932913,0.88,French,5,François Martin,French,5
RNN,1909,0.020128628239035606,0.39570052835624664,1,0.6642221058145626,0.88,Japanese,10,中村大輔,Japanese,10
RNN,1910,0.0032480601221323013,0.3847130908770487,1,0.6643979057591624,0.88,Greek,7,Χρήστος Παπαδόπουλος,Greek,7
RNN,1911,0.7875417470932007,0.4003423473844305,1,0.6645735217163788,0.88,Irish,8,Aidan Murphy,Irish,8
RNN,1912,4.3896050453186035,0.48770127701107413,0,0.6642259414225942,0.86,Scottish,15,Rory Fraser,Dutch,3
RNN,1913,0.0172815453261137,0.48754305435810236,1,0.6644014636696288,0.86,Korean,11,임서연,Korean,11
RNN,1914,0.001576015492901206,0.48663408258929847,1,0.664576802507837,0.86,Greek,7,Γεώργιος Γεωργίου,Greek,7
RNN,1915,0.10952592641115189,0.4585827731527388,1,0.664751958224543,0.88,Dutch,3,Hendrik van den Berg,Dutch,3
RNN,1916,0.0006568658282049,0.4584412967658136,1,0.6649269311064718,0.88,Greek,7,Βασίλειος Δημητρίου,Greek,7
RNN,1917,0.003500764025375247,0.45824846893665383,1,0.6651017214397497,0.88,Vietnamese,17,Đặng Hùng,Vietnamese,17
RNN,1918,0.014431152492761612,0.4578610600542743,1,0.6652763295099061,0.88,Chinese,1,周明,Chinese,1
RNN,1919,0.0018059387803077698,0.4544717034709174,1,0.6654507556018759,0.88,Greek,7,Χρήστος Βασιλείου,Greek,7
RNN,1920,0.07847235351800919,0.4552461370837409,1,0.665625,0.88,Polish,12,Łukasz Kowalczyk,Polish,12
RNN,1921,1.8556790351867676,0.4393382534396369,0,0.6652785007808433,0.88,French,5,Étienne Thomas,Czech,2
RNN,1922,0.0033462028950452805,0.4390345096227247,1,0.6654526534859522,0.88,Greek,7,Θεόδωρος Βασιλείου,Greek,7
RNN,1923,0.17908638715744019,0.4413604971405584,1,0.6656266250650026,0.88,Japanese,10,加藤蓮,Japanese,10
RNN,1924,0.026505718007683754,0.43836775347706863,1,0.6658004158004158,0.88,Korean,11,윤도윤,Korean,11
RNN,1925,0.008578828535974026,0.4382547823537607,1,0.665974025974026,0.88,Arabic,0,محمد القحطاني,Arabic,0
RNN,1926,0.07170218229293823,0.4383529146958608,1,0.666147455867082,0.88,Korean,11,윤정훈,Korean,11
RNN,1927,0.3509314954280853,0.4268881645251531,1,0.666320705760249,0.88,English,4,William Wilson,English,4
RNN,1928,0.2629498243331909,0.4296559497166891,1,0.6664937759336099,0.88,German,6,Michael Wagner,German,6
RNN,1929,0.2589873969554901,0.3882322468806524,1,0.6666666666666666,0.9,Vietnamese,17,Phạm Tuấn,Vietnamese,17
RNN,1930,0.38984179496765137,0.39582374155637806,1,0.6668393782383419,0.9,French,5,Étienne Durand,French,5
RNN,1931,0.021405857056379318,0.3943937102716882,1,0.6670119109269809,0.9,Chinese,1,李敏,Chinese,1
RNN,1932,0.015276100486516953,0.39356922641512937,1,0.667184265010352,0.9,Chinese,1,张平,Chinese,1
RNN,1933,0.005118954926729202,0.3935388592549134,1,0.6673564407656493,0.9,Greek,7,Αλέξανδρος Παπαδόπουλος,Greek,7
RNN,1934,0.1383652687072754,0.38920157349784856,1,0.6675284384694933,0.9,Spanish,16,Carlos Sánchez,Spanish,16
RNN,1935,0.010083095170557499,0.37356853434001097,1,0.6677002583979328,0.9,Arabic,0,خالد الغامدي,Arabic,0
RNN,1936,1.5428457260131836,0.40381662891362796,1,0.6678719008264463,0.9,German,6,Johannes Schmidt,German,6
RNN,1937,0.003353925421833992,0.4038141910743434,1,0.6680433660299432,0.9,Japanese,10,加藤直子,Japanese,10
RNN,1938,0.2380550503730774,0.4055443705630023,1,0.6682146542827657,0.9,French,5,Benoît Robert,French,5
RNN,1939,0.015456883236765862,0.4046516459074337,1,0.66838576585869,0.9,Chinese,1,王丽,Chinese,1
RNN,1940,0.07509349286556244,0.35720303911832163,1,0.6685567010309278,0.92,English,4,Christopher Wilson,English,4
RNN,1941,0.10567004233598709,0.3373043612029869,1,0.6687274600721278,0.92,English,4,Andrew St. John,English,4
RNN,1942,0.04922519624233246,0.29929190639522857,1,0.668898043254377,0.94,Dutch,3,Lucas Janssen,Dutch,3
RNN,1943,0.008775360882282257,0.2994072082603816,1,0.6690684508492023,0.94,Korean,11,김예은,Korean,11
RNN,1944,0.015423898585140705,0.2795170883240644,1,0.6692386831275721,0.94,Korean,11,임민수,Korean,11
RNN,1945,0.0024090574588626623,0.25529838037793523,1,0.6694087403598972,0.96,Polish,12,Łukasz Zieliński,Polish,12
RNN,1946,0.6699730157852173,0.26062896263902074,1,0.6695786228160329,0.96,Dutch,3,Kees van Dijk,Dutch,3
RNN,1947,0.08775725960731506,0.2619232314929832,1,0.66974833076528,0.96,Italian,9,Antonio Bianchi,Italian,9
RNN,1948,2.01346492767334,0.30169434764538894,0,0.6694045174537988,0.94,English,4,James Williams,Italian,9
RNN,1949,1.0719650983810425,0.32235552997444755,0,0.6690610569522832,0.92,Portuguese,13,Manuel Jesus,English,4
RNN,1950,0.8911693096160889,0.33900965728913435,1,0.6692307692307692,0.92,Scottish,15,Fraser Douglas,Scottish,15
RNN,1951,0.03662990778684616,0.3382455793872941,1,0.6694003075345977,0.92,Japanese,10,高橋健,Japanese,10
RNN,1952,0.024595124647021294,0.3363829783082474,1,0.6695696721311475,0.92,Vietnamese,17,Võ Quân,Vietnamese,17
RNN,1953,0.009257014840841293,0.33574922603671437,1,0.6697388632872504,0.92,Korean,11,박하은,Korean,11
RNN,1954,0.2993704676628113,0.34145351450075395,1,0.6699078812691914,0.92,French,5,Noël Robert,French,5
RNN,1955,0.11612767726182938,0.3432676048122812,1,0.670076726342711,0.92,Italian,9,Francesco Greco,Italian,9
RNN,1956,0.782618522644043,0.3573466866754461,1,0.6702453987730062,0.92,Italian,9,Marco Russo,Italian,9
RNN,1957,0.0711442232131958,0.3569397329830099,1,0.6704138988247317,0.92,French,5,François L'Hôpital,French,5
RNN,1958,0.03007367253303528,0.34372174079646356,1,0.6705822267620021,0.92,Arabic,0,مصطفى الشمري,Arabic,0
RNN,1959,0.05160358548164368,0.3443512399413157,1,0.6707503828483921,0.92,Polish,12,Stanisław Woźniak,Polish,12
RNN,1960,0.018322501331567764,0.34465272876550446,1,0.6709183673469388,0.92,Chinese,1,张强,Chinese,1
RNN,1961,0.01810266636312008,0.32926394715090285,1,0.6710861805201428,0.92,Japanese,10,中村悠斗,Japanese,10
RNN,1962,0.011973886750638485,0.24171132397954354,1,0.6712538226299695,0.94,Greek,7,Νικόλαος Αλεξίου,Greek,7
RNN,1963,0.026868900284171104,0.24190307107870468,1,0.6714212939378502,0.94,Dutch,3,Bram Janssen,Dutch,3
RNN,1964,1.087498426437378,0.2636215192975942,1,0.6715885947046843,0.94,English,4,William Jones,English,4
RNN,1965,0.3886876702308655,0.2692047541739885,1,0.6717557251908397,0.94,Czech,2,Jan Dvořák,Czech,2
RNN,1966,0.011189447715878487,0.26941540581174195,1,0.6719226856561547,0.94,Korean,11,정지훈,Korean,11
RNN,1967,0.061075665056705475,0.27056690383236853,1,0.672089476359939,0.94,French,5,Benoît d'Aubigné,French,5
RNN,1968,0.6498887538909912,0.28327605586033316,1,0.6722560975609756,0.94,Czech,2,Petr Němec,Czech,2
RNN,1969,0.07093548029661179,0.2846586466906592,1,0.6724225495175216,0.94,Japanese,10,渡辺誠,Japanese,10
RNN,1970,0.017207728698849678,0.283433354194276,1,0.6725888324873096,0.94,Arabic,0,يوسف العتيبي,Arabic,0
RNN,1971,2.381263256072998,0.29394503861200066,0,0.6722475900558093,0.94,German,6,Wolfgang Fischer,Dutch,3
RNN,1972,0.22832590341567993,0.29844463262241333,1,0.6724137931034483,0.94,Czech,2,Michal Černý,Czech,2
RNN,1973,0.3375087082386017,0.30161307904403656,1,0.6725798276735935,0.94,Irish,8,Fionn Kelly,Irish,8
RNN,1974,0.08422812074422836,0.3027675270987675,1,0.6727456940222898,0.94,Arabic,0,كريم الحداد,Arabic,0
RNN,1975,0.010220217518508434,0.30280035487841817,1,0.6729113924050633,0.94,Polish,12,Grzegorz Kamiński,Polish,12
RNN,1976,0.011778688989579678,0.30160188501235097,1,0.6730769230769231,0.94,Portuguese,13,António Ferreira,Portuguese,13
RNN,1977,1.1879686117172241,0.31834262733813373,1,0.6732422862923622,0.94,Portuguese,13,Miguel Rodrigues,Portuguese,13
RNN,1978,0.08540825545787811,0.3147917959606275,1,0.673407482305359,0.94,Polish,12,Mateusz Kowalczyk,Polish,12
RNN,1979,0.0174578670412302,0.3099612053623423,1,0.6735725113693785,0.94,Vietnamese,17,Hoàng Phong,Vietnamese,17
RNN,1980,0.05763661861419678,0.3033171018352732,1,0.6737373737373737,0.94,Dutch,3,Willem Janssen,Dutch,3
RNN,1981,0.0032503176480531693,0.3029539910471067,1,0.673902069661787,0.94,Greek,7,Δημήτριος Γεωργίου,Greek,7
RNN,1982,0.006618602201342583,0.3027808410814032,1,0.6740665993945509,0.94,Russian,14,Сергей Иванов,Russian,14
RNN,1983,0.010872764512896538,0.30289591727312654,1,0.6742309631870903,0.94,Chinese,1,刘明,Chinese,1
RNN,1984,0.003078129142522812,0.3001901744818315,1,0.6743951612903226,0.94,Arabic,0,أحمد الغامدي,Arabic,0
RNN,1985,0.5537059307098389,0.3110626311926171,1,0.6745591939546599,0.94,Irish,8,Oisín Kelly,Irish,8
RNN,1986,0.12871836125850677,0.28278008389752357,1,0.67472306143001,0.94,Czech,2,Ondřej Černý,Czech,2
RNN,1987,0.22499939799308777,0.2872129933489487,1,0.6748867639657775,0.94,French,5,Noël Robert,French,5
RNN,1988,0.17444199323654175,0.28594073220621796,1,0.6750503018108652,0.94,French,5,Gabriel L'Hôpital,French,5
RNN,1989,0.013837830163538456,0.2859083511447534,1,0.6752136752136753,0.94,Czech,2,Jan Veselý,Czech,2
RNN,1990,0.02282140590250492,0.28486290940549225,1,0.6753768844221105,0.94,Czech,2,Jakub Černý,Czech,2
RNN,1991,3.676521062850952,0.35627992981579154,0,0.6750376695128076,0.92,Scottish,15,Alasdair Robertson,English,4
RNN,1992,0.007993257604539394,0.3554552910430357,1,0.6752008032128514,0.92,Arabic,0,سعيد الهاشمي,Arabic,0
RNN,1993,0.11286462098360062,0.35753707624506204,1,0.6753637732062218,0.92,French,5,Nicolas Dubois,French,5
RNN,1994,0.029094908386468887,0.35781049644108864,1,0.6755265797392177,0.92,Portuguese,13,João Ferreira,Portuguese,13
RNN,1995,0.011846075765788555,0.3579992368072271,1,0.6756892230576441,0.92,Chinese,1,李丽,Chinese,1
RNN,1996,0.00943499244749546,0.3447884763404727,1,0.6758517034068137,0.92,Japanese,10,高橋大輔,Japanese,10
RNN,1997,0.4621210992336273,0.35227575313299897,1,0.6760140210315473,0.92,German,6,Jürgen Meyer,German,6
RNN,1998,0.023803066462278366,0.31248251590877774,1,0.6761761761761762,0.94,Vietnamese,17,Đặng Đức,Vietnamese,17
RNN,1999,1.264695167541504,0.31633711729198694,1,0.6763381690845423,0.96,Vietnamese,17,Phạm Hoàng,Vietnamese,17
RNN,2000,0.12422055006027222,0.3009981421008706,1,0.6765,0.96,Italian,9,Riccardo Esposito,Italian,9
LSTM,1,2.9024171829223633,2.9024171829223633,0,0.0,0.0,Dutch,3,Kees de Jong,German,6
LSTM,2,2.8865861892700195,2.8945016860961914,0,0.0,0.0,Irish,8,Liam Walsh,Arabic,0
LSTM,3,2.9390366077423096,2.909346659978231,0,0.0,0.0,Greek,7,Ευάγγελος Παπαδάκης,Arabic,0
LSTM,4,2.8541462421417236,2.895546555519104,0,0.0,0.0,Dutch,3,Ruben Smit,German,6
LSTM,5,2.9559273719787598,2.907622718811035,0,0.0,0.0,Vietnamese,17,Trần Cường,German,6
LSTM,6,2.82863450050354,2.894458015759786,0,0.0,0.0,Portuguese,13,Jorge Silva,German,6
LSTM,7,2.829814910888672,2.885223286492484,0,0.0,0.0,Arabic,0,عمر الخطيب,Dutch,3
LSTM,8,2.809372901916504,2.8757419884204865,0,0.0,0.0,German,6,Hannah Schneider,Arabic,0
LSTM,9,2.946211338043213,2.883571916156345,0,0.0,0.0,Spanish,16,Miguel Pérez,Dutch,3
LSTM,10,2.801395893096924,2.8753543138504027,0,0.0,0.0,Arabic,0,عمر المالكي,Dutch,3
LSTM,11,2.7859232425689697,2.8672242164611816,0,0.0,0.0,German,6,Wolfgang Hoffmann,Dutch,3
LSTM,12,2.907435655593872,2.870575169722239,0,0.0,0.0,Vietnamese,17,Huỳnh Hoàng,Dutch,3
LSTM,13,2.8892338275909424,2.872010451096755,0,0.0,0.0,Greek,7,Στέφανος Αθανασίου,Dutch,3
LSTM,14,2.836552858352661,2.869477765900748,0,0.0,0.0,Irish,8,Patrick Murphy,Dutch,3
LSTM,15,2.9339020252227783,2.873772716522217,0,0.0,0.0,French,5,Jean-Luc d'Aubigné,Dutch,3
LSTM,16,2.786818742752075,2.868338093161583,0,0.0,0.0,Portuguese,13,Rui Oliveira,German,6
LSTM,17,2.8045101165771484,2.864583506303675,0,0.0,0.0,Irish,8,Aoife Kelly,German,6
LSTM,18,2.7258286476135254,2.8568749030431113,1,0.05555555555555555,0.05555555555555555,German,6,Maximilian Hoffmann,German,6
LSTM,19,2.8609507083892822,2.8570894191139624,0,0.05263157894736842,0.05263157894736842,Japanese,10,鈴木翔,Arabic,0
LSTM,20,2.945600986480713,2.8615149974823,0,0.05,0.05,Czech,2,Štěpán Černý,German,6
LSTM,21,2.7407114505767822,2.855762447629656,0,0.047619047619047616,0.047619047619047616,Dutch,3,Sander van Dijk,German,6
LSTM,22,3.0375680923461914,2.864026340571317,0,0.045454545454545456,0.045454545454545456,Korean,11,윤수빈,Arabic,0
LSTM,23,2.762721061706543,2.85962176322937,0,0.043478260869565216,0.043478260869565216,Irish,8,Brendan Murphy,German,6
LSTM,24,2.9969875812530518,2.8653453389803567,0,0.041666666666666664,0.041666666666666664,Russian,14,Роман Васильев,German,6
LSTM,25,2.7055165767669678,2.858952188491821,0,0.04,0.04,Dutch,3,Finn van Dijk,German,6
LSTM,26,2.922428846359253,2.8613935984097996,0,0.038461538461538464,0.038461538461538464,Czech,2,Petr Veselý,German,6
LSTM,27,3.007549285888672,2.8668067720201282,0,0.037037037037037035,0.037037037037037035,Italian,9,Alessandro Marino,German,6
LSTM,28,3.028205633163452,2.872571017060961,0,0.03571428571428571,0.03571428571428571,Korean,11,윤상현,German,6
LSTM,29,2.648081064224243,2.8648299842045226,1,0.06896551724137931,0.06896551724137931,German,6,Hans Hoffmann,German,6
LSTM,30,2.895498752593994,2.8658522764841714,0,0.06666666666666667,0.06666666666666667,Czech,2,Marek Novák,Dutch,3
LSTM,31,2.8191003799438477,2.8643441507893224,0,0.06451612903225806,0.06451612903225806,Greek,7,Ελένη Σταυρίδης,German,6
LSTM,32,2.9801743030548096,2.867963843047619,0,0.0625,0.0625,Italian,9,Alessandro Russo,Dutch,3
LSTM,33,2.8055408000946045,2.8660722356854063,0,0.06060606060606061,0.06060606060606061,Greek,7,Αλέξανδρος Παπαδάκης,German,6
LSTM,34,3.123594284057617,2.8736464135787068,0,0.058823529411764705,0.058823529411764705,Polish,12,Wojciech Wójcik,Dutch,3
LSTM,35,2.97633957862854,2.876580504008702,0,0.05714285714285714,0.05714285714285714,Russian,14,Андрей Михайлов,Dutch,3
LSTM,36,3.009960889816284,2.8802855147255793,0,0.05555555555555555,0.05555555555555555,Korean,11,박지훈,German,6
LSTM,37,2.9861695766448975,2.883147246128804,0,0.05405405405405406,0.05405405405405406,Korean,11,정서준,German,6
LSTM,38,2.6747095584869385,2.877662043822439,1,0.07894736842105263,0.07894736842105263,German,6,Matthias Schulz,German,6
LSTM,39,2.6984219551086426,2.873066144111829,0,0.07692307692307693,0.07692307692307693,Irish,8,Aoife O'Connor,German,6
LSTM,40,2.825089693069458,2.8718667328357697,0,0.075,0.075,Czech,2,Daniel Veselý,German,6
LSTM,41,2.932114839553833,2.8733361988532833,0,0.07317073170731707,0.07317073170731707,French,5,Noël Durand,German,6
LSTM,42,2.7476766109466553,2.8703443039031256,0,0.07142857142857142,0.07142857142857142,Greek,7,Δημήτριος Γεωργίου,German,6
LSTM,43,2.9306094646453857,2.8717458192692247,0,0.06976744186046512,0.06976744186046512,Russian,14,Роман Кузнецов,German,6
LSTM,44,2.6568663120269775,2.866862194104628,0,0.06818181818181818,0.06818181818181818,Irish,8,Conor O'Connor,German,6
LSTM,45,2.8635826110839844,2.866789314481947,0,0.06666666666666667,0.06666666666666667,Vietnamese,17,Lê Phong,German,6
LSTM,46,2.889648199081421,2.8672862467558486,0,0.06521739130434782,0.06521739130434782,Japanese,10,加藤悠斗,German,6
LSTM,47,3.081146001815796,2.8718364543103156,0,0.06382978723404255,0.06382978723404255,Chinese,1,张霞,German,6
LSTM,48,3.0823986530303955,2.876223166783651,0,0.0625,0.0625,Chinese,1,陈伟,German,6
LSTM,49,3.0916454792022705,2.88061954050648,0,0.061224489795918366,0.061224489795918366,Polish,12,Jakub Wójcik,German,6
LSTM,50,2.7582950592041016,2.878173050880432,0,0.06,0.06,Czech,2,Filip Novotný,German,6
LSTM,51,2.8733012676239014,2.877590732574463,0,0.058823529411764705,0.06,Japanese,10,高橋誠,German,6
LSTM,52,3.1847081184387207,2.883553171157837,0,0.057692307692307696,0.06,Scottish,15,Angus Murray,German,6
LSTM,53,2.878695011138916,2.882346339225769,0,0.05660377358490566,0.06,Russian,14,Павел Петров,German,6
LSTM,54,2.588296413421631,2.877029342651367,1,0.07407407407407407,0.08,Irish,8,Michael Kelly,Irish,8
LSTM,55,2.6315724849700928,2.870542244911194,0,0.07272727272727272,0.08,Greek,7,Μιχάλης Σταυρίδης,German,6
LSTM,56,2.8537673950195312,2.8710449028015135,0,0.07142857142857142,0.08,Vietnamese,17,Phan Quân,German,6
LSTM,57,2.5632712841033936,2.865714030265808,0,0.07017543859649122,0.08,Irish,8,Brendan Kennedy,German,6
LSTM,58,2.8104114532470703,2.8657348012924193,0,0.06896551724137931,0.08,Portuguese,13,Luís Martins,Irish,8
LSTM,59,3.0707406997680664,2.8682253885269167,0,0.06779661016949153,0.08,Polish,12,Grzegorz Kowalczyk,Irish,8
LSTM,60,2.5208091735839844,2.862613654136658,0,0.06666666666666667,0.08,Greek,7,Ευάγγελος Παπαδάκης,Irish,8
LSTM,61,3.1089186668395996,2.8690735626220705,0,0.06557377049180328,0.08,Spanish,16,Fernando Sánchez,Irish,8
LSTM,62,2.7382633686065674,2.865690116882324,0,0.06451612903225806,0.08,Czech,2,Adam Němec,Irish,8
LSTM,63,3.0592830181121826,2.869091100692749,0,0.06349206349206349,0.08,Chinese,1,李军,German,6
LSTM,64,3.619983673095703,2.88475971698761,0,0.0625,0.08,English,4,James Taylor,Irish,8
LSTM,65,2.968137741088867,2.8854444313049314,0,0.06153846153846154,0.08,French,5,Mathieu d'Aubigné,Irish,8
LSTM,66,2.7799105644226074,2.885306267738342,0,0.06060606060606061,0.08,Portuguese,13,Diogo Martins,Irish,8
LSTM,67,2.64067006111145,2.8820294666290285,0,0.05970149253731343,0.08,Czech,2,Břetislav Černý,Irish,8
LSTM,68,2.994955539703369,2.8874120044708254,0,0.058823529411764705,0.06,Polish,12,Grzegorz Zieliński,Irish,8
LSTM,69,2.832746982574463,2.886847929954529,0,0.057971014492753624,0.06,Russian,14,Олег Васильев,Irish,8
LSTM,70,2.478874921798706,2.8775134086608887,1,0.07142857142857142,0.08,Irish,8,Patrick Gallagher,Irish,8
LSTM,71,2.9257888793945312,2.8812149572372436,0,0.07042253521126761,0.08,Arabic,0,ماجد الشمري,Irish,8
LSTM,72,2.7137539386749268,2.8747386741638183,0,0.06944444444444445,0.08,Dutch,3,Lucas Smit,Irish,8
LSTM,73,2.7951602935791016,2.8753874588012693,0,0.0684931506849315,0.08,Vietnamese,17,Đặng Long,Irish,8
LSTM,74,2.426356315612793,2.8639748334884643,1,0.08108108108108109,0.1,Irish,8,Brian Kennedy,Irish,8
LSTM,75,2.8718504905700684,2.867301511764526,0,0.08,0.1,Japanese,10,鈴木蓮,Irish,8
LSTM,76,3.0271148681640625,2.8693952322006226,0,0.07894736842105263,0.1,Italian,9,Luca Romano,Irish,8
LSTM,77,2.9059228897094727,2.8673627042770384,0,0.07792207792207792,0.1,French,5,Noël Richard,Irish,8
LSTM,78,2.930438995361328,2.865407371520996,0,0.07692307692307693,0.1,Arabic,0,خالد القحطاني,Irish,8
LSTM,79,2.3550705909729004,2.859547162055969,1,0.08860759493670886,0.1,Irish,8,Ronan McCarthy,Irish,8
LSTM,80,2.8754453659057617,2.8591460943222047,0,0.0875,0.1,French,5,Hugo Durand,Irish,8
LSTM,81,2.6830501556396484,2.8564250898361205,0,0.08641975308641975,0.1,Dutch,3,Jan Smit,Irish,8
LSTM,82,3.0240135192871094,2.8573018741607665,0,0.08536585365853659,0.1,Italian,9,Carlo Marino,Irish,8
LSTM,83,3.0456924438476562,2.8621049070358278,0,0.08433734939759036,0.1,Spanish,16,Pablo Pérez,Irish,8
LSTM,84,2.6755001544952393,2.85314302444458,0,0.08333333333333333,0.1,German,6,Hannah Schmidt,Irish,8
LSTM,85,3.0096309185028076,2.8538088512420656,0,0.08235294117647059,0.1,Korean,11,임지민,Irish,8
LSTM,86,2.7951772212982178,2.849513177871704,0,0.08139534883720931,0.1,French,5,Jean-Luc Durand,Irish,8
LSTM,87,3.0951240062713623,2.8516922664642332,0,0.08045977011494253,0.1,Spanish,16,Alejandro García,Irish,8
LSTM,88,2.923609495162964,2.856670265197754,0,0.07954545454545454,0.08,Japanese,10,山本裕子,Irish,8
LSTM,89,2.8583173751831055,2.859868173599243,0,0.07865168539325842,0.08,Arabic,0,إبراهيم الخطيب,Irish,8
LSTM,90,2.988133430480957,2.863129048347473,0,0.07777777777777778,0.08,Korean,11,최예은,Irish,8
LSTM,91,2.4578964710235596,2.853644680976868,0,0.07692307692307693,0.08,Greek,7,Στέφανος Παπαδόπουλος,Irish,8
LSTM,92,2.4686014652252197,2.848063178062439,0,0.07608695652173914,0.08,Greek,7,Αλέξανδρος Βασιλείου,Irish,8
LSTM,93,2.6789770126342773,2.843030529022217,0,0.07526881720430108,0.08,Czech,2,Petr Svoboda,Irish,8
LSTM,94,3.5387799739837646,2.8606688022613525,0,0.07446808510638298,0.08,Scottish,15,Stuart MacDonald,Irish,8
LSTM,95,2.7710390090942383,2.8588179302215577,0,0.07368421052631578,0.08,Vietnamese,17,Đặng Phong,Irish,8
LSTM,96,3.68721342086792,2.8747692346572875,0,0.07291666666666667,0.08,English,4,Matthew Johnson,Irish,8
LSTM,97,3.313508987426758,2.8794164943695066,0,0.07216494845360824,0.08,Scottish,15,Alasdair Graham,Irish,8
LSTM,98,2.745570659637451,2.872679934501648,0,0.07142857142857142,0.08,French,5,Gabriel Petit,Irish,8
LSTM,99,2.895458221435547,2.8687561893463136,0,0.0707070707070707,0.08,Spanish,16,Pablo Pérez,Irish,8
LSTM,100,2.795372486114502,2.8694977378845214,0,0.07,0.08,Portuguese,13,André Ferreira,Irish,8
LSTM,101,2.8371469974517822,2.868774652481079,0,0.06930693069306931,0.08,Vietnamese,17,Đặng Minh,Irish,8
LSTM,102,2.6684272289276123,2.858449034690857,0,0.06862745098039216,0.08,German,6,Klaus Hoffmann,Irish,8
LSTM,103,2.8882975578308105,2.858641085624695,0,0.06796116504854369,0.08,Italian,9,Antonio Romano,Irish,8
LSTM,104,2.9301791191101074,2.8654787397384642,0,0.0673076923076923,0.06,Korean,11,강예준,Irish,8
LSTM,105,2.877044200897217,2.8703881740570067,0,0.06666666666666667,0.06,Spanish,16,Pablo Martínez,Irish,8
LSTM,106,2.7790088653564453,2.868893003463745,0,0.0660377358490566,0.06,Dutch,3,Hendrik van den Berg,Irish,8
LSTM,107,2.434175491333008,2.8663110876083375,1,0.07476635514018691,0.08,Greek,7,Μαρία Παπαδόπουλος,Greek,7
LSTM,108,2.8239991664886475,2.866582841873169,0,0.07407407407407407,0.08,Japanese,10,佐藤裕子,Irish,8
LSTM,109,2.8366951942443848,2.8619019317626955,0,0.07339449541284404,0.08,Vietnamese,17,Lê Thành,Irish,8
LSTM,110,2.319498300552368,2.8578757143020628,1,0.08181818181818182,0.1,Greek,7,Δημήτριος Παπαδόπουλος,Greek,7
LSTM,111,2.766497850418091,2.8510272979736326,0,0.08108108108108109,0.1,Czech,2,Petr Němec,Irish,8
LSTM,112,3.030658721923828,2.856875205039978,0,0.08035714285714286,0.1,Chinese,1,张霞,Irish,8
LSTM,113,2.753418445587158,2.8507579135894776,0,0.07964601769911504,0.1,Czech,2,Jiří Novák,Irish,8
LSTM,114,2.8453402519226074,2.8352650451660155,0,0.07894736842105263,0.1,Japanese,10,佐藤健一,Irish,8
LSTM,115,2.830883502960205,2.8325199604034426,0,0.0782608695652174,0.1,Spanish,16,Alejandro Rodríguez,Greek,7
LSTM,116,2.5016870498657227,2.826955490112305,0,0.07758620689655173,0.1,Irish,8,Brendan O'Connor,Greek,7
LSTM,117,3.138849973678589,2.8369190883636475,0,0.07692307692307693,0.1,Scottish,15,Ross MacKenzie,Greek,7
LSTM,118,2.7897186279296875,2.832814350128174,0,0.07627118644067797,0.1,Vietnamese,17,Trần Minh,Irish,8
LSTM,119,3.153726816177368,2.839233946800232,0,0.07563025210084033,0.1,Scottish,15,Callum Campbell,Greek,7
LSTM,120,3.0391619205474854,2.8504396867752075,0,0.075,0.08,Scottish,15,Ewan Murray,Irish,8
LSTM,121,2.6883838176727295,2.8456915855407714,0,0.0743801652892562,0.08,German,6,Jürgen Schmidt,Greek,7
LSTM,122,2.7143237590789795,2.8457029819488526,0,0.07377049180327869,0.08,Dutch,3,Daan Smit,Greek,7
LSTM,123,2.880894899368286,2.847417674064636,0,0.07317073170731707,0.08,Portuguese,13,Francisco Oliveira,Greek,7
LSTM,124,2.815065622329712,2.8551918601989748,0,0.07258064516129033,0.06,Portuguese,13,Pedro Costa,Greek,7
LSTM,125,2.9587297439575195,2.8569294452667235,0,0.072,0.06,Russian,14,Виктор Новиков,Greek,7
LSTM,126,3.046389579772949,2.8573149394989015,0,0.07142857142857142,0.06,Chinese,1,吴杰,Irish,8
LSTM,127,2.7142345905303955,2.85348117351532,0,0.07086614173228346,0.06,Dutch,3,Sem de Jong,Greek,7
LSTM,128,3.016371250152588,2.855199818611145,0,0.0703125,0.06,Polish,12,Michał Woźniak,Greek,7
LSTM,129,2.8054146766662598,2.864206700325012,0,0.06976744186046512,0.04,Japanese,10,鈴木愛,Irish,8
LSTM,130,1.563366413116455,2.8379651212692263,1,0.07692307692307693,0.06,Greek,7,Ανδρέας Γεωργίου,Greek,7
LSTM,131,2.6798410415649414,2.837900938987732,0,0.07633587786259542,0.06,German,6,Felix Wagner,Greek,7
LSTM,132,2.885828971862793,2.8351372480392456,0,0.07575757575757576,0.06,Russian,14,Олег Петров,Greek,7
LSTM,133,2.7639975547790527,2.8295033502578737,0,0.07518796992481203,0.06,Portuguese,13,Miguel Ferreira,Greek,7
LSTM,134,2.5845718383789062,2.827684783935547,0,0.07462686567164178,0.06,Irish,8,Saoirse Doyle,Greek,7
LSTM,135,0.3162083327770233,2.773816332221031,1,0.08148148148148149,0.08,Greek,7,Σοφία Παπαδόπουλος,Greek,7
LSTM,136,3.017666816711426,2.778266124129295,0,0.08088235294117647,0.08,Russian,14,Александр Соколов,Greek,7
LSTM,137,2.626082420349121,2.7688852924108507,0,0.08029197080291971,0.08,Dutch,3,Joris de Jong,Greek,7
LSTM,138,2.7014942169189453,2.76444298684597,0,0.07971014492753623,0.08,Vietnamese,17,Nguyễn Dũng,Greek,7
LSTM,139,2.6997454166412354,2.7612715476751326,0,0.07913669064748201,0.08,Czech,2,David Němec,Greek,7
LSTM,140,0.20008248090744019,2.7055105286836625,1,0.08571428571428572,0.1,Greek,7,Ιωάννης Γεωργίου,Greek,7
LSTM,141,2.7563886642456055,2.7114803725481034,0,0.0851063829787234,0.1,Portuguese,13,Carlos Rodrigues,Greek,7
LSTM,142,3.0597944259643555,2.723304231762886,0,0.08450704225352113,0.1,Scottish,15,Ross MacKenzie,Greek,7
LSTM,143,3.0434205532073975,2.7305931025743484,0,0.08391608391608392,0.1,Polish,12,Kamil Nowak,Greek,7
LSTM,144,2.805482864379883,2.7159271603822708,0,0.08333333333333333,0.1,French,5,Pierre Robert,Greek,7
LSTM,145,2.867168426513672,2.7178497487306594,0,0.08275862068965517,0.1,Arabic,0,مصطفى الغامدي,Greek,7
LSTM,146,2.552171468734741,2.6951489096879957,0,0.0821917808219178,0.1,Irish,8,Brian Doyle,Greek,7
LSTM,147,2.9981529712677,2.688841789364815,0,0.08163265306122448,0.1,Italian,9,Gabriele Romano,Greek,7
LSTM,148,2.7119812965393066,2.688170002102852,0,0.08108108108108109,0.1,Vietnamese,17,Võ Khang,Greek,7
LSTM,149,2.9565227031707764,2.6893912917375564,0,0.08053691275167785,0.1,Scottish,15,Isla MacLeod,Irish,8
LSTM,150,2.6904077529907227,2.687291997075081,0,0.08,0.1,German,6,Maximilian Fischer,Irish,8
LSTM,151,2.708749532699585,2.684724047780037,0,0.07947019867549669,0.1,German,6,Friedrich Müller,Irish,8
LSTM,152,2.7473785877227783,2.6863030749559402,0,0.07894736842105263,0.1,Vietnamese,17,Nguyễn Ngọc,Greek,7
LSTM,153,2.7305550575256348,2.6831482249498366,1,0.08496732026143791,0.12,Japanese,10,佐藤誠,Japanese,10
LSTM,154,3.0381288528442383,2.6853072196245193,0,0.08441558441558442,0.12,Chinese,1,赵洋,Irish,8
LSTM,155,2.9437942504882812,2.6866422206163407,0,0.08387096774193549,0.12,Scottish,15,Hamish Fraser,Irish,8
LSTM,156,2.858581781387329,2.6882336789369585,0,0.08333333333333333,0.12,Spanish,16,Alejandro González,Irish,8
LSTM,157,3.055753707885742,2.700665243268013,0,0.08280254777070063,0.1,Chinese,1,黄勇,Irish,8
LSTM,158,2.615813732147217,2.6965015345811842,0,0.08227848101265822,0.1,Czech,2,Ondřej Novotný,Greek,7
LSTM,159,2.683027982711792,2.6934281903505326,0,0.08176100628930817,0.1,Czech,2,David Veselý,Irish,8
LSTM,160,2.7134242057800293,2.701306708455086,0,0.08125,0.08,Czech,2,David Horák,Irish,8
LSTM,161,0.046839430928230286,2.6469135400652886,1,0.08695652173913043,0.1,Greek,7,Νικόλαος Αθανασίου,Greek,7
LSTM,162,2.75618577003479,2.6414240810275076,0,0.08641975308641975,0.1,Dutch,3,Dirk Visser,Irish,8
LSTM,163,0.042257845401763916,2.5872008690237998,1,0.09202453987730061,0.12,Greek,7,Βασίλειος Βασιλείου,Greek,7
LSTM,164,2.979707717895508,2.589888218343258,0,0.09146341463414634,0.12,Chinese,1,赵霞,Irish,8
LSTM,165,3.1876542568206787,2.5970236334204673,0,0.09090909090909091,0.12,Czech,2,Ondřej Procházka,Greek,7
LSTM,166,2.8610196113586426,2.6042102846503257,0,0.09036144578313253,0.12,Spanish,16,Alejandro López,Greek,7
LSTM,167,2.524177312850952,2.591916831433773,0,0.08982035928143713,0.12,Irish,8,Ciarán O'Brien,Greek,7
LSTM,168,2.8152971267700195,2.59242840141058,0,0.08928571428571429,0.12,Japanese,10,田中花子,Irish,8
LSTM,169,2.5711922645568848,2.58077771037817,1,0.09467455621301775,0.14,Irish,8,Patrick Doyle,Irish,8
LSTM,170,3.4611527919769287,2.589217527806759,0,0.09411764705882353,0.14,English,4,Daniel Taylor,Irish,8
LSTM,171,2.897552728652954,2.593400906026363,0,0.0935672514619883,0.14,Italian,9,Stefano Romano,Irish,8
LSTM,172,2.7761337757110596,2.594637106359005,0,0.09302325581395349,0.14,Japanese,10,加藤大輔,Irish,8
LSTM,173,2.617340326309204,2.5893660148978235,1,0.09826589595375723,0.16,Czech,2,Pavel Novák,Czech,2
LSTM,174,2.836923837661743,2.589803179204464,0,0.09770114942528736,0.16,Russian,14,Юрий Соколов,Irish,8
LSTM,175,2.6537864208221436,2.5837043127417565,0,0.09714285714285714,0.16,Dutch,3,Anne de Jong,Irish,8
LSTM,176,2.805427074432373,2.578885062634945,0,0.09659090909090909,0.16,Vietnamese,17,Lê Nam,Irish,8
LSTM,177,2.817211389541626,2.5809445986151696,0,0.096045197740113,0.16,Spanish,16,Francisco Rodríguez,Irish,8
LSTM,178,3.200990676879883,2.5846369871497155,0,0.09550561797752809,0.16,English,4,Charles Jones,Irish,8
LSTM,179,2.61660099029541,2.5808607134222985,1,0.1005586592178771,0.18,Czech,2,Pavel Dvořák,Czech,2
LSTM,180,2.916565179824829,2.6079246887564658,0,0.1,0.16,Korean,11,최예준,Japanese,10
LSTM,181,2.8581602573394775,2.6114910730719565,0,0.09944751381215469,0.16,French,5,Lucien Richard,Irish,8
LSTM,182,2.6761021614074707,2.60729653686285,0,0.0989010989010989,0.16,Vietnamese,17,Đặng Anh,Irish,8
LSTM,183,2.8845767974853516,2.609708121716976,0,0.09836065573770492,0.16,Italian,9,Riccardo Ricci,German,6
LSTM,184,2.8863883018493652,2.6157444509863854,0,0.09782608695652174,0.16,Spanish,16,Carlos García,Japanese,10
LSTM,185,2.629256010055542,2.6620054045319557,0,0.0972972972972973,0.14,Vietnamese,17,Phạm Phong,Irish,8
LSTM,186,2.747699737548828,2.6566060629487036,0,0.0967741935483871,0.14,Dutch,3,Lucas Jansen,Irish,8
LSTM,187,2.5565736293792725,2.655215887129307,1,0.10160427807486631,0.16,Irish,8,Eoin Kelly,Irish,8
LSTM,188,2.7616727352142334,2.6564194574952125,0,0.10106382978723404,0.16,Dutch,3,Thomas Meijer,Irish,8
LSTM,189,2.6858999729156494,2.656142548620701,0,0.10052910052910052,0.16,Vietnamese,17,Trần Tuấn,Irish,8
LSTM,190,2.569265842437744,2.7035262158513067,1,0.10526315789473684,0.16,Irish,8,Ciarán Walsh,Irish,8
LSTM,191,2.593607187271118,2.700270586311817,0,0.10471204188481675,0.16,German,6,Wolfgang Hoffmann,Irish,8
LSTM,192,2.7822537422180176,2.6947197726368906,0,0.10416666666666667,0.16,Japanese,10,高橋大輔,Irish,8
LSTM,193,2.357802391052246,2.6810074093937875,1,0.10880829015544041,0.18,Irish,8,Eoin McCarthy,Irish,8
LSTM,194,3.061232328414917,2.686122398674488,0,0.10824742268041238,0.18,Scottish,15,Ewan Campbell,Irish,8
LSTM,195,3.043086290359497,2.6896407559514044,0,0.1076923076923077,0.18,Chinese,1,李敏,Irish,8
LSTM,196,2.889585494995117,2.696389036476612,0,0.10714285714285714,0.18,Portuguese,13,Francisco Pereira,Irish,8
LSTM,197,3.0396065711975098,2.6972181084752083,0,0.1065989847715736,0.18,Chinese,1,王伟,Irish,8
LSTM,198,2.7566182613372803,2.6981108477711677,0,0.10606060606060606,0.18,Japanese,10,加藤彩,Irish,8
LSTM,199,3.7109978199005127,2.7132003501057627,0,0.10552763819095477,0.18,English,4,Michael Taylor,Irish,8
LSTM,200,1.9667584896087646,2.698727364838123,1,0.11,0.2,Irish,8,Patrick O'Brien,Irish,8
LSTM,201,2.8271632194519043,2.70109563857317,0,0.10945273631840796,0.2,Russian,14,Алексей Соколов,Irish,8
LSTM,202,2.702887535095215,2.7002058175206183,0,0.10891089108910891,0.2,Portuguese,13,Manuel Martins,Irish,8
LSTM,203,2.8835620880126953,2.7032659581303595,0,0.10837438423645321,0.18,Arabic,0,إبراهيم الخطيب,Irish,8
LSTM,204,2.411921977996826,2.6907418206334115,0,0.10784313725490197,0.18,Czech,2,Matěj Horák,Irish,8
LSTM,205,3.422281265258789,2.7003115609288217,0,0.1073170731707317,0.18,English,4,J.R. Davis,Irish,8
LSTM,206,3.0250051021575928,2.703640027344227,0,0.10679611650485436,0.18,Chinese,1,陈涛,Irish,8
LSTM,207,2.505222797393799,2.692629409134388,0,0.10628019323671498,0.18,Vietnamese,17,Trần Quân,Irish,8
LSTM,208,2.608534097671509,2.6924838164448737,0,0.10576923076923077,0.18,Portuguese,13,Diogo Santos,Irish,8
LSTM,209,2.9399220943450928,2.6976216986775396,0,0.10526315789473684,0.18,Chinese,1,刘霞,Irish,8
LSTM,210,2.915283203125,2.701658878624439,0,0.10476190476190476,0.18,Korean,11,김서준,Irish,8
LSTM,211,2.9782357215881348,2.760286804437637,0,0.10426540284360189,0.16,Korean,11,박지호,Irish,8
LSTM,212,1.566182255744934,2.7364867341518404,0,0.10377358490566038,0.16,Greek,7,Μιχάλης Αλεξίου,Irish,8
LSTM,213,2.6642560958862305,2.7889266991615296,0,0.10328638497652583,0.14,Dutch,3,Thomas van Dijk,Irish,8
LSTM,214,2.5538625717163086,2.7804097962379455,0,0.102803738317757,0.14,Vietnamese,17,Huỳnh Đức,Irish,8
LSTM,215,3.351841449737549,2.783693540096283,0,0.10232558139534884,0.14,English,4,James Brown,Irish,8
LSTM,216,3.0112602710723877,2.786698353290558,0,0.10185185185185185,0.14,French,5,Étienne Thomas,Irish,8
LSTM,217,2.448953628540039,2.7851938796043396,0,0.10138248847926268,0.14,Portuguese,13,Miguel Silva,Irish,8
LSTM,218,2.9998741149902344,2.788885419368744,0,0.10091743119266056,0.14,French,5,Georges L'Hôpital,Irish,8
LSTM,219,2.738042116165161,2.7922224164009095,0,0.1004566210045662,0.12,Japanese,10,渡辺裕子,Irish,8
LSTM,220,0.06685031205415726,2.724336366802454,1,0.10454545454545454,0.14,Greek,7,Βασίλειος Δημητρίου,Greek,7
LSTM,221,2.7633938789367676,2.7216531898081304,0,0.10407239819004525,0.14,French,5,J.-P. d'Aubigné,Irish,8
LSTM,222,2.6052184104919434,2.718234882503748,0,0.1036036036036036,0.14,Dutch,3,Sophie van Dijk,Irish,8
LSTM,223,2.905367374420166,2.723995423465967,0,0.1031390134529148,0.12,Chinese,1,黄伟,Japanese,10
LSTM,224,0.07196423411369324,2.668696231395006,1,0.10714285714285714,0.14,Greek,7,Θεόδωρος Γεωργίου,Greek,7
LSTM,225,2.7939794063568115,2.6715000911056994,0,0.10666666666666667,0.14,Russian,14,Евгений Кузнецов,Irish,8
LSTM,226,2.9625394344329834,2.674642338305712,0,0.10619469026548672,0.14,Italian,9,Vincenzo Ferrari,Irish,8
LSTM,227,0.03147343173623085,2.618927579149604,1,0.11013215859030837,0.16,Greek,7,Παναγιώτης Παπαδόπουλος,Greek,7
LSTM,228,2.7601263523101807,2.61011029265821,0,0.10964912280701754,0.16,German,6,Klaus Meyer,Irish,8
LSTM,229,2.652865409851074,2.610835581049323,1,0.11353711790393013,0.16,Japanese,10,田中陽子,Japanese,10
LSTM,230,2.59033465385437,2.604310970529914,0,0.11304347826086956,0.16,Czech,2,Štěpán Němec,Irish,8
LSTM,231,2.471014976501465,2.5965680649131535,1,0.11688311688311688,0.18,Irish,8,Eoin O'Sullivan,Irish,8
LSTM,232,2.816561460494995,2.599377250894904,0,0.11637931034482758,0.18,Spanish,16,Carlos Martínez,Irish,8
LSTM,233,2.567196846008301,2.593029651865363,0,0.11587982832618025,0.18,Vietnamese,17,Hoàng Đức,Irish,8
LSTM,234,2.6956167221069336,2.5892142202705144,0,0.11538461538461539,0.18,Arabic,0,عبدالله الخطيب,Japanese,10
LSTM,235,2.4148361682891846,2.5849258234351873,1,0.11914893617021277,0.2,Irish,8,Declan O'Brien,Irish,8
LSTM,236,2.4251296520233154,2.578474421724677,1,0.1228813559322034,0.22,Irish,8,Eoin Murphy,Irish,8
LSTM,237,2.7230594158172607,2.581804137453437,0,0.12236286919831224,0.2,Dutch,3,Joris Visser,Irish,8
LSTM,238,2.4467790126800537,2.575506263002753,0,0.12184873949579832,0.2,Portuguese,13,Jorge Oliveira,Irish,8
LSTM,239,2.6482768058776855,2.574753799661994,1,0.12552301255230125,0.22,Japanese,10,渡辺陽子,Japanese,10
LSTM,240,3.1386852264404297,2.586142187342048,0,0.125,0.2,Spanish,16,Jorge Fernández,Irish,8
LSTM,241,3.6975131034851074,2.6082203056663276,0,0.12448132780082988,0.2,Polish,12,Marcin Zieliński,Greek,7
LSTM,242,2.743892192840576,2.6074530746787787,0,0.12396694214876033,0.2,German,6,Dieter Fischer,Irish,8
LSTM,243,2.9817733764648438,2.619932494387031,0,0.12345679012345678,0.18,Chinese,1,周芳,Japanese,10
LSTM,244,2.4861276149749756,2.6084304001182317,0,0.12295081967213115,0.18,Portuguese,13,João Silva,Irish,8
LSTM,245,2.818026304244995,2.6039292003959416,0,0.12244897959183673,0.18,Spanish,16,Rafael Sánchez,Irish,8
LSTM,246,2.6662487983703613,2.5994624664634465,0,0.12195121951219512,0.18,German,6,Johannes Weber,Irish,8
LSTM,247,2.4409666061401367,2.5874896671622993,0,0.1214574898785425,0.18,Portuguese,13,Filipe Silva,Irish,8
LSTM,248,2.773902177810669,2.587835345491767,0,0.12096774193548387,0.18,Japanese,10,中村さくら,Irish,8
LSTM,249,2.778754711151123,2.5691904833167793,0,0.12048192771084337,0.18,Japanese,10,小林美咲,Irish,8
LSTM,250,2.6164841651916504,2.582184996828437,0,0.12,0.16,Dutch,3,Johan Meijer,Irish,8
LSTM,251,2.924757242202759,2.584136877283454,0,0.11952191235059761,0.16,Italian,9,Giovanni Colombo,Irish,8
LSTM,252,2.860440731048584,2.587287941202521,0,0.11904761904761904,0.16,Italian,9,Lorenzo Marino,Irish,8
LSTM,253,2.3757457733154297,2.577131614908576,0,0.11857707509881422,0.16,Portuguese,13,Manuel Oliveira,Irish,8
LSTM,254,3.1262645721435547,2.5914184667915108,0,0.11811023622047244,0.16,Polish,12,Zbigniew Szymański,Irish,8
LSTM,255,2.847533941268921,2.5799235203117132,0,0.11764705882352941,0.16,Italian,9,Andrea Ricci,Irish,8
LSTM,256,3.101938486099243,2.5814621879905464,0,0.1171875,0.16,English,4,Charles Williams,Irish,8
LSTM,257,2.608520030975342,2.583528132662177,0,0.11673151750972763,0.16,Portuguese,13,Francisco Jesus,Irish,8
LSTM,258,3.0956273078918457,2.5932699968665838,0,0.11627906976744186,0.16,Polish,12,Adam Szymański,Irish,8
LSTM,259,2.844369411468506,2.5913589432090522,0,0.11583011583011583,0.16,French,5,Pierre Dubois,Portuguese,13
LSTM,260,2.696227788925171,2.5869778349250554,0,0.11538461538461539,0.16,Italian,9,Carlo Romano,Irish,8
LSTM,261,2.3908352851867676,2.5752298261970283,0,0.11494252873563218,0.16,Vietnamese,17,Nguyễn Anh,Irish,8
LSTM,262,2.652498483657837,2.596956150755286,0,0.11450381679389313,0.16,Italian,9,Matteo Esposito,Portuguese,13
LSTM,263,2.5511457920074463,2.5946939446777106,0,0.11406844106463879,0.16,German,6,Christian Meyer,Irish,8
LSTM,264,2.6463840007781982,2.5965443732589484,1,0.11742424242424243,0.18,Japanese,10,渡辺さくら,Japanese,10
LSTM,265,2.9137258529663086,2.5877820613235234,0,0.1169811320754717,0.18,Russian,14,Михаил Попов,Portuguese,13
LSTM,266,2.418511152267456,2.5759270789474247,0,0.11654135338345864,0.18,German,6,Christian Wagner,Portuguese,13
LSTM,267,3.257148027420044,2.592090966925025,0,0.11610486891385768,0.18,Scottish,15,Hamish Robertson,Portuguese,13
LSTM,268,2.6403942108154297,2.5849013688415288,0,0.11567164179104478,0.18,French,5,Georges d'Aubigné,Portuguese,13
LSTM,269,2.615046977996826,2.582441466078162,0,0.11524163568773234,0.18,Czech,2,David Dvořák,Portuguese,13
LSTM,270,2.71866512298584,2.6354777622967958,0,0.11481481481481481,0.16,Spanish,16,Jorge Gómez,Portuguese,13
LSTM,271,2.494304656982422,2.630095977857709,1,0.11808118081180811,0.18,Japanese,10,鈴木直子,Japanese,10
LSTM,272,0.5024499297142029,2.5880406082421543,1,0.1213235294117647,0.2,Greek,7,Σπυρίδων Αλεξίου,Greek,7
LSTM,273,2.518367290496826,2.5803006065636875,0,0.12087912087912088,0.2,Italian,9,Stefano Ferrari,Portuguese,13
LSTM,274,2.2938945293426514,2.6247392124682665,0,0.12043795620437957,0.18,German,6,Felix Schmidt,Portuguese,13
LSTM,275,2.841663122177124,2.6256928867846727,0,0.12,0.18,Arabic,0,طارق الحداد,Japanese,10
LSTM,276,0.019279703497886658,2.5668276921659707,1,0.12318840579710146,0.2,Greek,7,Δημήτριος Κωνσταντίνου,Greek,7
LSTM,277,2.597701072692871,2.6181522449851036,0,0.12274368231046931,0.18,Czech,2,Matěj Procházka,Portuguese,13
LSTM,278,2.390821695327759,2.6107661518454552,1,0.12589928057553956,0.2,Portuguese,13,José Jesus,Portuguese,13
LSTM,279,2.113163709640503,2.5999721178412436,0,0.12544802867383512,0.18,German,6,Wolfgang Hoffmann,Portuguese,13
LSTM,280,3.0215632915496826,2.60859669059515,0,0.125,0.18,Polish,12,Michał Lewandowski,German,6
LSTM,281,3.03812837600708,2.619938958585262,0,0.12455516014234876,0.16,Polish,12,Andrzej Wójcik,Portuguese,13
LSTM,282,3.1559996604919434,2.6267277225852013,0,0.12411347517730496,0.16,English,4,Joseph Taylor,German,6
LSTM,283,2.7252559661865234,2.629888904988766,0,0.12367491166077739,0.16,Arabic,0,كريم القحطاني,Japanese,10
LSTM,284,2.751330614089966,2.6310031828284264,0,0.12323943661971831,0.16,Dutch,3,Lotte Meijer,German,6
LSTM,285,2.2759387493133545,2.6282252344489097,0,0.12280701754385964,0.14,Portuguese,13,Bruno Ferreira,German,6
LSTM,286,2.4724154472351074,2.6291709503531457,0,0.12237762237762238,0.12,French,5,Jean-Luc d'Aubigné,German,6
LSTM,287,2.701061248779297,2.6287309870123865,0,0.12195121951219512,0.12,Spanish,16,Sergio Martínez,German,6
LSTM,288,2.9136669635772705,2.6380687460303305,0,0.12152777777777778,0.12,Chinese,1,赵娜,Japanese,10
LSTM,289,0.016347993165254593,2.585430169776082,1,0.1245674740484429,0.12,Greek,7,Θεόδωρος Παπαδάκης,Greek,7
LSTM,290,2.783200979232788,2.578320484831929,0,0.12413793103448276,0.12,Russian,14,Николай Петров,Portuguese,13
LSTM,291,2.7833147048950195,2.5600365168601273,0,0.12371134020618557,0.12,Russian,14,Иван Михайлов,Portuguese,13
LSTM,292,2.6157426834106445,2.557473526671529,0,0.1232876712328767,0.12,Spanish,16,Daniel Pérez,Portuguese,13
LSTM,293,2.341364860534668,2.544665356352925,1,0.12627986348122866,0.14,Japanese,10,加藤京子,Japanese,10
LSTM,294,2.7091126441955566,2.5491250569373367,1,0.1292517006802721,0.16,Russian,14,Павел Соколов,Russian,14
LSTM,295,2.5363409519195557,2.5434913498908283,0,0.1288135593220339,0.16,Spanish,16,Jorge Martínez,German,6
LSTM,296,2.6350979804992676,2.542868333533406,0,0.12837837837837837,0.16,Vietnamese,17,Huỳnh Nam,Portuguese,13
LSTM,297,2.310734748840332,2.5402636963874103,0,0.12794612794612795,0.16,French,5,Jules L'Hôpital,Portuguese,13
LSTM,298,3.030583620071411,2.545397325232625,0,0.12751677852348994,0.16,Scottish,15,Rory Murray,Portuguese,13
LSTM,299,2.657496213912964,2.542972155287862,0,0.12709030100334448,0.16,Irish,8,Ciarán Kennedy,German,6
LSTM,300,0.015358982607722282,2.4909496516361833,1,0.13,0.18,Greek,7,Νικόλαος Αλεξίου,Greek,7
LSTM,301,2.483020782470703,2.482114922441542,0,0.12956810631229235,0.18,Irish,8,Brian Kennedy,Greek,7
LSTM,302,2.81579852104187,2.481222078241408,0,0.1291390728476821,0.18,Spanish,16,David Sánchez,Greek,7
LSTM,303,0.015677768737077713,2.434020718149841,1,0.132013201320132,0.2,Greek,7,Μιχάλης Δημητρίου,Greek,7
LSTM,304,2.6119816303253174,2.423735059313476,1,0.13486842105263158,0.22,Russian,14,Юрий Иванов,Russian,14
LSTM,305,2.7299559116363525,2.4213834987208247,0,0.13442622950819672,0.22,Italian,9,Alessandro Esposito,Portuguese,13
LSTM,306,2.45137882232666,2.408372305445373,0,0.13398692810457516,0.22,Irish,8,Declan O'Sullivan,Greek,7
LSTM,307,2.5039258003234863,2.406280420832336,1,0.13680781758957655,0.24,Japanese,10,山本健一,Japanese,10
LSTM,308,2.639878511428833,2.3971654449030755,0,0.13636363636363635,0.24,Czech,2,Daniel Svoboda,Portuguese,13
LSTM,309,3.0264830589294434,2.4008077178522944,0,0.13592233009708737,0.24,English,4,J.R. Williams,Portuguese,13
LSTM,310,2.9972171783447266,2.4068275056406856,0,0.13548387096774195,0.24,Polish,12,Stanisław Szymański,Japanese,10
LSTM,311,3.1488401889801025,2.4219876037165524,0,0.13504823151125403,0.24,English,4,James St. John,Vietnamese,17
LSTM,312,2.61470890045166,2.4212318120524285,1,0.13782051282051283,0.26,German,6,Lukas Müller,German,6
LSTM,313,2.72892165184021,2.424787329249084,0,0.13738019169329074,0.26,Portuguese,13,Carlos Costa,Japanese,10
LSTM,314,2.398944139480591,2.4198385320231317,1,0.14012738853503184,0.26,Japanese,10,山本健一,Japanese,10
LSTM,315,2.5856258869171143,2.413276532702148,0,0.13968253968253969,0.26,Russian,14,Виктор Попов,Japanese,10
LSTM,316,2.835878610610962,2.421623881869018,0,0.13924050632911392,0.26,Chinese,1,张杰,Japanese,10
LSTM,317,2.3850717544555664,2.4041823564097284,1,0.14195583596214512,0.28,Portuguese,13,Inês Oliveira,Portuguese,13
LSTM,318,2.4550085067749023,2.400474642328918,0,0.14150943396226415,0.28,Arabic,0,ياسر القحطاني,Japanese,10
LSTM,319,2.825439214706421,2.40468248706311,0,0.14106583072100312,0.28,Polish,12,Andrzej Lewandowski,Italian,9
LSTM,320,2.4598770141601562,2.399506724886596,0,0.140625,0.28,Arabic,0,سعيد الغامدي,Japanese,10
LSTM,321,2.5727620124816895,2.4010758719965817,1,0.14330218068535824,0.28,Italian,9,Marco Greco,Italian,9
LSTM,322,2.6431727409362793,2.443890328221023,0,0.14285714285714285,0.26,Polish,12,Marcin Kamiński,Portuguese,13
LSTM,323,2.2769477367401123,2.4390619371458886,0,0.14241486068111456,0.26,Vietnamese,17,Đặng Linh,Irish,8
LSTM,324,2.5725197792053223,2.4446344421431423,1,0.14506172839506173,0.28,Vietnamese,17,Vũ Nam,Vietnamese,17
LSTM,325,0.02633783593773842,2.3883279364183547,1,0.1476923076923077,0.3,Greek,7,Κωνσταντίνος Κωνσταντίνου,Greek,7
LSTM,326,0.03245517984032631,2.3885914459452033,1,0.15030674846625766,0.3,Greek,7,Ανδρέας Δημητρίου,Greek,7
LSTM,327,2.172276735305786,2.3800829591974617,1,0.1529051987767584,0.32,Portuguese,13,Carlos Rodrigues,Portuguese,13
LSTM,328,2.4457855224609375,2.381182235740125,0,0.1524390243902439,0.3,Arabic,0,مصطفى الغامدي,Japanese,10
LSTM,329,2.3357648849487305,2.38563425924629,1,0.15501519756838905,0.32,Japanese,10,小林陽子,Japanese,10
LSTM,330,2.540159225463867,2.3760061779245736,0,0.15454545454545454,0.32,Polish,12,Paweł Woźniak,Portuguese,13
LSTM,331,2.189852237701416,2.35904065515846,0,0.1540785498489426,0.32,French,5,J.-P. Richard,Portuguese,13
LSTM,332,3.251439094543457,2.3609494438394902,0,0.1536144578313253,0.32,English,4,J.R. Wilson,Portuguese,13
LSTM,333,2.381045341491699,2.354065231345594,0,0.15315315315315314,0.32,Vietnamese,17,Nguyễn Hiếu,Irish,8
LSTM,334,2.021851062774658,2.3394756403192876,0,0.15269461077844312,0.32,Polish,12,Wojciech Zieliński,French,5
LSTM,335,2.433859348297119,2.3426340522989633,1,0.15522388059701492,0.34,Arabic,0,أحمد الخطيب,Arabic,0
LSTM,336,1.8629446029663086,2.330444635413587,1,0.15773809523809523,0.36,Portuguese,13,André Santos,Portuguese,13
LSTM,337,2.671712875366211,2.3298576679453253,0,0.1572700296735905,0.36,Russian,14,Виктор Сидоров,Vietnamese,17
LSTM,338,2.8812670707702637,2.329209670089185,0,0.15680473372781065,0.36,Chinese,1,刘强,Japanese,10
LSTM,339,1.473798394203186,2.3583586781099437,1,0.1592920353982301,0.36,Polish,12,Krzysztof Kowalczyk,Polish,12
LSTM,340,2.3900625705718994,2.350495909936726,0,0.1588235294117647,0.36,German,6,Lukas Meyer,Portuguese,13
LSTM,341,2.3984880447387695,2.342799376733601,1,0.16129032258064516,0.38,Japanese,10,伊藤翔,Japanese,10
LSTM,342,1.1480015516281128,2.3134445540979502,1,0.16374269005847952,0.4,Polish,12,Wojciech Wójcik,Polish,12
LSTM,343,1.769922137260437,2.3020156996324657,0,0.16326530612244897,0.38,Portuguese,13,Carlos Pereira,Polish,12
LSTM,344,2.639249801635742,2.3006184427812695,0,0.16279069767441862,0.36,Czech,2,Jan Kučera,Vietnamese,17
LSTM,345,2.0899672508239746,2.291690968759358,0,0.16231884057971013,0.36,Arabic,0,طارق القحطاني,Japanese,10
LSTM,346,0.8833345770835876,2.256655700691044,1,0.16473988439306358,0.38,Vietnamese,17,Nguyễn Minh,Vietnamese,17
LSTM,347,2.837855100631714,2.267198107726872,0,0.1642651296829971,0.38,Korean,11,박하은,Japanese,10
LSTM,348,2.598817825317383,2.258562791831791,0,0.16379310344827586,0.38,Czech,2,Václav Němec,Portuguese,13
LSTM,349,2.845874071121216,2.2623303489759565,0,0.16332378223495703,0.38,Chinese,1,周娟,Japanese,10
LSTM,350,2.00101900100708,2.3020435493439435,0,0.16285714285714287,0.36,Arabic,0,عمر العتيبي,Japanese,10
LSTM,351,2.57035231590271,2.3037901800125837,0,0.1623931623931624,0.36,German,6,Dieter Müller,Vietnamese,17
LSTM,352,3.9351630210876465,2.326177470013499,0,0.16193181818181818,0.36,English,4,John Brown,Vietnamese,17
LSTM,353,3.608919143676758,2.398042297512293,0,0.16147308781869688,0.34,English,4,John Davis,Vietnamese,17
LSTM,354,2.8203392028808594,2.402209448963404,0,0.16101694915254236,0.32,Dutch,3,Johan Visser,Vietnamese,17
LSTM,355,2.2374820709228516,2.3923599721491335,0,0.16056338028169015,0.32,German,6,Hannah Meyer,Vietnamese,17
LSTM,356,2.5754456520080566,2.3948413087427616,0,0.1601123595505618,0.32,Irish,8,Brian Kennedy,Vietnamese,17
LSTM,357,2.774609327316284,2.4002549792826176,0,0.15966386554621848,0.3,Korean,11,박현우,Japanese,10
LSTM,358,2.621408224105835,2.3998855735361575,0,0.15921787709497207,0.3,Dutch,3,Lotte Meijer,German,6
LSTM,359,3.1970927715301514,2.403297767788172,0,0.15877437325905291,0.3,French,5,J.-P. Petit,Japanese,10
LSTM,360,2.871725559234619,2.40078793540597,0,0.15833333333333333,0.3,Dutch,3,Daan Visser,Japanese,10
LSTM,361,1.7317936420440674,2.372447004467249,1,0.16066481994459833,0.32,Arabic,0,مصطفى العتيبي,Arabic,0
LSTM,362,2.24843430519104,2.3651215125620366,1,0.16298342541436464,0.32,Polish,12,Piotr Kamiński,Polish,12
LSTM,363,2.289330005645752,2.356329679638147,1,0.1652892561983471,0.34,German,6,Hannah Müller,German,6
LSTM,364,0.1559864580631256,2.311470526009798,1,0.16758241758241757,0.34,Greek,7,Παναγιώτης Παπαδάκης,Greek,7
LSTM,365,3.5621469020843506,2.331000946313143,0,0.16712328767123288,0.34,Italian,9,Pietro Marino,Polish,12
LSTM,366,2.6193222999572754,2.326669820100069,0,0.16666666666666666,0.34,Dutch,3,Johan Visser,German,6
LSTM,367,2.817401170730591,2.3353164084255695,0,0.16621253405994552,0.32,Chinese,1,陈军,Japanese,10
LSTM,368,1.2328845262527466,2.3108739288151265,1,0.16847826086956522,0.34,Vietnamese,17,Huỳnh Khang,Vietnamese,17
LSTM,369,2.6760497093200684,2.3078861387073992,0,0.16802168021680217,0.34,Korean,11,김하은,Japanese,10
LSTM,370,2.780103921890259,2.3142906768620013,0,0.16756756756756758,0.34,Spanish,16,Diego Gómez,German,6
LSTM,371,2.0054285526275635,2.302944007664919,1,0.16981132075471697,0.34,Japanese,10,佐藤直子,Japanese,10
LSTM,372,1.7196791172027588,2.2844741351902487,0,0.1693548387096774,0.34,Portuguese,13,Pedro Rodrigues,Polish,12
LSTM,373,2.599825859069824,2.2909316976368426,0,0.16890080428954424,0.34,Dutch,3,Thomas Bakker,Polish,12
LSTM,374,2.7620983123779297,2.2947232683002947,0,0.16844919786096257,0.32,Korean,11,장현우,Japanese,10
LSTM,375,2.498474597930908,2.3441660035401584,0,0.168,0.3,Russian,14,Алексей Новиков,Japanese,10
LSTM,376,3.3968544006347656,2.411453987956047,0,0.1675531914893617,0.28,English,4,Daniel Miller,German,6
LSTM,377,3.0040507316589355,2.42808946788311,0,0.16710875331564987,0.26,French,5,Gabriel L'Hôpital,Portuguese,13
LSTM,378,2.665006637573242,2.432473890185356,0,0.16666666666666666,0.26,Spanish,16,Fernando Gómez,German,6
LSTM,379,2.950742721557617,2.4447734469175337,0,0.1662269129287599,0.24,Irish,8,Maeve Gallagher,Portuguese,13
LSTM,380,1.6950639486312866,2.4278715413808825,0,0.16578947368421051,0.24,Vietnamese,17,Đặng Thành,Greek,7
LSTM,381,3.146869659423828,2.4470118898153306,0,0.16535433070866143,0.24,Scottish,15,Isla Murray,Vietnamese,17
LSTM,382,2.802947998046875,2.438042067885399,0,0.1649214659685864,0.24,Portuguese,13,Rui Sousa,Vietnamese,17
LSTM,383,2.8413639068603516,2.447248439192772,0,0.16449086161879894,0.24,Irish,8,Liam O'Sullivan,Greek,7
LSTM,384,0.030804140493273735,2.4074275007471444,1,0.16666666666666666,0.26,Greek,7,Ιωάννης Παπαδάκης,Greek,7
LSTM,385,2.882119655609131,2.4163927068933844,0,0.16623376623376623,0.24,Irish,8,Michael Doyle,Arabic,0
LSTM,386,0.03413195535540581,2.3798164539411664,1,0.16839378238341968,0.24,Greek,7,Σπυρίδων Σταυρίδης,Greek,7
LSTM,387,2.4033989906311035,2.374450176246464,0,0.16795865633074936,0.24,Russian,14,Борис Соколов,Japanese,10
LSTM,388,3.147763967514038,2.3797801141813397,0,0.16752577319587628,0.24,Polish,12,Michał Kowalczyk,Arabic,0
LSTM,389,1.635327935218811,2.3830107050016522,1,0.16966580976863754,0.24,Arabic,0,حسين الحسيني,Arabic,0
LSTM,390,2.297114133834839,2.381151736266911,1,0.1717948717948718,0.26,Japanese,10,高橋翔,Japanese,10
LSTM,391,3.047935724258423,2.394140689857304,0,0.17135549872122763,0.24,Scottish,15,Ross MacKenzie,Arabic,0
LSTM,392,2.6265220642089844,2.4237111001089215,0,0.17091836734693877,0.22,Korean,11,최동현,Japanese,10
LSTM,393,1.98054039478302,2.427923465259373,1,0.17302798982188294,0.24,Japanese,10,田中陽子,Japanese,10
LSTM,394,2.9530911445617676,2.4342002921178936,0,0.17258883248730963,0.24,Irish,8,Liam Gallagher,Arabic,0
LSTM,395,1.5215412378311157,2.4228317718580366,1,0.17468354430379746,0.26,Arabic,0,كريم الحسيني,Arabic,0
LSTM,396,2.5792276859283447,2.4567496340349315,0,0.17424242424242425,0.24,German,6,Peter Schmidt,Vietnamese,17
LSTM,397,0.042393025010824203,2.4008403925225137,1,0.17632241813602015,0.26,Greek,7,Κωνσταντίνος Σταυρίδης,Greek,7
LSTM,398,2.883291482925415,2.4065298656746745,0,0.17587939698492464,0.26,Portuguese,13,Pedro Rodrigues,Arabic,0
LSTM,399,2.0877203941345215,2.3913667921349404,1,0.17794486215538846,0.28,Vietnamese,17,Đặng Nam,Vietnamese,17
LSTM,400,0.21338462829589844,2.355614104680717,1,0.18,0.3,Greek,7,Μαρία Αλεξίου,Greek,7
LSTM,401,3.3222098350524902,2.3706512550637124,0,0.17955112219451372,0.3,Scottish,15,Fergus Douglas,Vietnamese,17
LSTM,402,2.962512493133545,2.3511982445046304,0,0.1791044776119403,0.3,Scottish,15,Ross Murray,Japanese,10
LSTM,403,1.4985491037368774,2.308990843705833,1,0.18114143920595532,0.32,Arabic,0,عمر الخطيب,Arabic,0
LSTM,404,2.784151315689087,2.3082670859619974,0,0.1806930693069307,0.32,Italian,9,Riccardo Ferrari,Arabic,0
LSTM,405,1.9852699041366577,2.3032228426262735,0,0.18024691358024691,0.32,Polish,12,Stanisław Szymański,Portuguese,13
LSTM,406,0.019449710845947266,2.2521029238030312,1,0.18226600985221675,0.34,Greek,7,Αικατερίνη Δημητρίου,Greek,7
LSTM,407,2.748893976211548,2.251588616780937,0,0.18181818181818182,0.34,Korean,11,조지훈,Japanese,10
LSTM,408,1.6249792575836182,2.2316600374504922,1,0.18382352941176472,0.36,Vietnamese,17,Phan Ngọc,Vietnamese,17
LSTM,409,2.639226198196411,2.2205027059838174,0,0.18337408312958436,0.36,Korean,11,강재현,Japanese,10
LSTM,410,1.433440923690796,2.1917370132729412,1,0.18536585365853658,0.38,Vietnamese,17,Hoàng Đức,Vietnamese,17
LSTM,411,2.644071578979492,2.2099825720116497,0,0.18491484184914841,0.36,Korean,11,장민지,Japanese,10
LSTM,412,4.00343132019043,2.2450825123116376,0,0.18446601941747573,0.34,Russian,14,Евгений Смирнов,Greek,7
LSTM,413,3.440673828125,2.2681093887612223,0,0.18401937046004843,0.32,Italian,9,Davide Esposito,Vietnamese,17
LSTM,414,0.01547812856733799,2.2652992221713064,1,0.1859903381642512,0.32,Greek,7,Μιχάλης Παπαδάκης,Greek,7
LSTM,415,2.0288915634155273,2.23463411539793,0,0.1855421686746988,0.32,German,6,Hans Weber,Vietnamese,17
LSTM,416,2.329577922821045,2.2288392278552056,0,0.18509615384615385,0.32,Dutch,3,Thomas Meijer,German,6
LSTM,417,0.5288568735122681,2.183068341910839,1,0.18705035971223022,0.34,Vietnamese,17,Đặng Ngọc,Vietnamese,17
LSTM,418,3.2478976249694824,2.2233686038851737,0,0.18660287081339713,0.32,French,5,Hugo Thomas,Vietnamese,17
LSTM,419,2.097947597503662,2.211806561648846,0,0.18615751789976134,0.32,German,6,Stefan Hoffmann,Polish,12
LSTM,420,4.469414234161377,2.245592767894268,0,0.18571428571428572,0.32,Scottish,15,Lachlan Campbell,Polish,12
LSTM,421,2.7805633544921875,2.2610954639315604,0,0.18527315914489312,0.3,Spanish,16,Luis Pérez,Vietnamese,17
LSTM,422,2.6595399379730225,2.2798926803469657,0,0.1848341232227488,0.3,Italian,9,Domenico Russo,Portuguese,13
LSTM,423,2.4688262939453125,2.2772726890444757,0,0.18439716312056736,0.3,German,6,Maximilian Fischer,Polish,12
LSTM,424,0.016058161854743958,2.2223518860340117,1,0.18632075471698112,0.32,Greek,7,Σπυρίδων Νικολάου,Greek,7
LSTM,425,2.7325124740600586,2.227032643556595,0,0.18588235294117647,0.32,French,5,Pierre Petit,German,6
LSTM,426,0.7807528972625732,2.174710613489151,1,0.18779342723004694,0.34,Arabic,0,أحمد القحطاني,Arabic,0
LSTM,427,1.770072340965271,2.1500310456752776,1,0.18969555035128804,0.36,Vietnamese,17,Trần Long,Vietnamese,17
LSTM,428,2.8550362586975098,2.153831638097763,0,0.18925233644859812,0.36,Irish,8,Brendan Murphy,German,6
LSTM,429,2.761291027069092,2.1500426042079925,0,0.1888111888111888,0.36,Chinese,1,赵芳,Japanese,10
LSTM,430,2.4022023677825928,2.1641853725910187,0,0.1883720930232558,0.36,Italian,9,Vincenzo Marino,German,6
LSTM,431,2.7364320755004883,2.155976620912552,0,0.18793503480278423,0.36,English,4,Michael Taylor,German,6
LSTM,432,2.9917562007904053,2.1597527849674223,0,0.1875,0.36,Scottish,15,Fraser MacLeod,Arabic,0
LSTM,433,0.5444912314414978,2.1138153314590453,1,0.18937644341801385,0.38,Arabic,0,حسين المالكي,Arabic,0
LSTM,434,2.285400629043579,2.1589072612300515,0,0.1889400921658986,0.36,Italian,9,Alessandro Colombo,Arabic,0
LSTM,435,3.094493865966797,2.163154745437205,0,0.18850574712643678,0.36,Scottish,15,Murdo Murray,German,6
LSTM,436,2.3029656410217285,2.2085314191505314,1,0.19036697247706422,0.36,Japanese,10,高橋愛,Japanese,10
LSTM,437,2.8003921508789062,2.2164712823554873,0,0.18993135011441648,0.36,Chinese,1,刘静,Japanese,10
LSTM,438,2.9469685554504395,2.2124553741142154,0,0.18949771689497716,0.36,Scottish,15,Iain MacLeod,German,6
LSTM,439,2.981034517288208,2.239369505755603,0,0.18906605922551253,0.34,Czech,2,Pavel Procházka,Italian,9
LSTM,440,2.7911181449890137,2.2492495859786867,0,0.18863636363636363,0.32,Scottish,15,Aileen MacDonald,Italian,9
LSTM,441,2.7393686771392822,2.243078245036304,0,0.18820861678004536,0.32,Chinese,1,李霞,Japanese,10
LSTM,442,2.598428726196289,2.24251637827605,0,0.18778280542986425,0.32,English,4,William Wilson,Italian,9
LSTM,443,2.033384323120117,2.243573256842792,1,0.18961625282167044,0.32,Italian,9,Andrea Russo,Italian,9
LSTM,444,4.752622604370117,2.279563886038959,0,0.1891891891891892,0.32,Greek,7,Μιχάλης Παπαδάκης,German,6
LSTM,445,1.1674126386642456,2.2724813140556215,1,0.19101123595505617,0.32,Vietnamese,17,Đặng Ngọc,Vietnamese,17
LSTM,446,2.5476434230804443,2.271849628798664,0,0.1905829596412556,0.32,Portuguese,13,Ricardo Martins,Italian,9
LSTM,447,0.02291123755276203,2.2714599930495023,1,0.19239373601789708,0.32,Greek,7,Αικατερίνη Σταυρίδης,Greek,7
LSTM,448,2.654906749725342,2.266892298385501,0,0.19196428571428573,0.32,Spanish,16,Rafael López,Italian,9
LSTM,449,2.3452439308166504,2.2720427691191434,0,0.1915367483296214,0.3,Russian,14,Михаил Попов,Vietnamese,17
LSTM,450,1.9730745553970337,2.307236567661166,1,0.19333333333333333,0.3,Italian,9,Lorenzo Ricci,Italian,9
LSTM,451,2.361184597015381,2.288016062900424,0,0.19290465631929046,0.3,Portuguese,13,Mário Pereira,Italian,9
LSTM,452,2.723194122314453,2.2832296954840423,0,0.19247787610619468,0.3,Chinese,1,赵超,Japanese,10
LSTM,453,2.565629243850708,2.304571298286319,0,0.19205298013245034,0.28,Dutch,3,Sem Meijer,German,6
LSTM,454,2.0741844177246094,2.2903719603270294,1,0.19383259911894274,0.3,German,6,Hans Schulz,German,6
LSTM,455,2.219939708709717,2.2950653564184904,0,0.1934065934065934,0.3,German,6,Thomas Fischer,Italian,9
LSTM,456,2.830598831176758,2.3512883388251065,0,0.19298245614035087,0.28,Czech,2,Jan Novotný,Vietnamese,17
LSTM,457,0.024928072467446327,2.2968090207502248,1,0.19474835886214442,0.3,Greek,7,Κωνσταντίνος Γεωργίου,Greek,7
LSTM,458,0.7002423405647278,2.2783142824098466,1,0.1965065502183406,0.3,Vietnamese,17,Nguyễn Tuấn,Vietnamese,17
LSTM,459,2.5527329444885254,2.2765844173356893,0,0.19607843137254902,0.3,French,5,Arthur Martin,German,6
LSTM,460,2.124229669570923,2.2904001922532915,0,0.1956521739130435,0.28,Portuguese,13,Ricardo Costa,Italian,9
LSTM,461,2.457646369934082,2.286671688072383,0,0.19522776572668113,0.28,Scottish,15,Ross Campbell,Italian,9
LSTM,462,2.750291585922241,2.2616088933870198,0,0.19480519480519481,0.28,Chinese,1,张平,Japanese,10
LSTM,463,1.5943530797958374,2.224682478420436,1,0.19654427645788336,0.3,Italian,9,Alessandro Greco,Italian,9
LSTM,464,1.6669628620147705,2.257712173089385,1,0.19827586206896552,0.3,Italian,9,Giuseppe Marino,Italian,9
LSTM,465,2.435394287109375,2.265842227563262,0,0.1978494623655914,0.3,Russian,14,Сергей Иванов,Vietnamese,17
LSTM,466,0.04079746454954147,2.2200666183978317,1,0.19957081545064378,0.32,Greek,7,Χρήστος Δημητρίου,Greek,7
LSTM,467,1.8732430934906006,2.2469543427973986,0,0.19914346895074947,0.3,German,6,Andreas Meyer,Italian,9
LSTM,468,2.9539122581481934,2.241074635460973,0,0.1987179487179487,0.3,Dutch,3,Lotte Janssen,German,6
LSTM,469,0.03587010130286217,2.199833085536957,1,0.20042643923240938,0.32,Greek,7,Αλέξανδρος Αλεξίου,Greek,7
LSTM,470,2.7999205589294434,2.166443212032318,0,0.2,0.32,English,4,Thomas Brown,Italian,9
LSTM,471,3.1040501594543457,2.1729129481315614,0,0.19957537154989385,0.32,English,4,Andrew Smith,German,6
LSTM,472,2.672325611114502,2.173168661594391,0,0.19915254237288135,0.32,Chinese,1,张娜,Japanese,10
LSTM,473,1.5611584186553955,2.1550153040885927,1,0.20084566596194503,0.34,Italian,9,Marco Ricci,Italian,9
LSTM,474,1.2085484266281128,2.17886510938406,1,0.20253164556962025,0.34,Italian,9,Marco Romano,Italian,9
LSTM,475,2.484346866607666,2.173901797235012,0,0.20210526315789473,0.34,Dutch,3,Lotte Bakker,Italian,9
LSTM,476,0.8754327297210693,2.175795393884182,1,0.20378151260504201,0.34,Italian,9,Giuseppe Marino,Italian,9
LSTM,477,3.2726364135742188,2.205846675336361,0,0.20335429769392033,0.32,Polish,12,Mateusz Wójcik,Italian,9
LSTM,478,3.756680727005005,2.2238795647025107,0,0.20292887029288703,0.32,Spanish,16,Sergio Sánchez,Italian,9
LSTM,479,2.636558771133423,2.2213849195837976,0,0.20250521920668058,0.32,Scottish,15,Murdo Murray,Italian,9
LSTM,480,2.997474193572998,2.2332903560996056,0,0.20208333333333334,0.32,Czech,2,Adam Veselý,Italian,9
LSTM,481,2.7526230812072754,2.233614176213741,0,0.20166320166320167,0.32,Chinese,1,杨勇,Japanese,10
LSTM,482,2.254324197769165,2.2188655361533165,1,0.2033195020746888,0.34,Japanese,10,中村誠,Japanese,10
LSTM,483,3.521284341812134,2.2784013983607294,0,0.2028985507246377,0.32,Irish,8,Oisín Murphy,Italian,9
LSTM,484,3.237779140472412,2.297448968589306,0,0.2024793388429752,0.32,Czech,2,Břetislav Novotný,Italian,9
LSTM,485,0.39947906136512756,2.2435486724972726,1,0.20412371134020618,0.34,Arabic,0,ياسر القحطاني,Arabic,0
LSTM,486,3.835664749145508,2.274202654659748,0,0.2037037037037037,0.32,Irish,8,Fionn Gallagher,Italian,9
LSTM,487,2.7086431980133057,2.2723676756024362,0,0.2032854209445585,0.32,Chinese,1,周明,Japanese,10
LSTM,488,2.681711435317993,2.267062533199787,0,0.2028688524590164,0.32,French,5,Arthur Durand,German,6
LSTM,489,2.744948148727417,2.2623408058285714,0,0.20245398773006135,0.32,Spanish,16,Fernando Gómez,Italian,9
LSTM,490,1.9234025478363037,2.2449864938855173,1,0.20408163265306123,0.34,Russian,14,Игорь Смирнов,Russian,14
LSTM,491,2.783637762069702,2.2458718755841254,0,0.20366598778004075,0.34,French,5,Hugo Dubois,Vietnamese,17
LSTM,492,2.9595441818237305,2.2530941846966743,0,0.2032520325203252,0.34,Portuguese,13,António Jesus,Vietnamese,17
LSTM,493,2.424085855484009,2.260908215343952,0,0.2028397565922921,0.32,Scottish,15,Duncan MacLeod,Italian,9
LSTM,494,2.561385154724121,2.217083466351032,0,0.20242914979757085,0.32,Scottish,15,Iain Stewart,German,6
LSTM,495,2.38682222366333,2.241471658051014,0,0.20202020202020202,0.3,Portuguese,13,Pedro Oliveira,Italian,9
LSTM,496,1.8192678689956665,2.2269041469693183,1,0.20362903225806453,0.32,Japanese,10,小林陽子,Japanese,10
LSTM,497,2.496490955352783,2.2763757413253187,0,0.20321931589537223,0.3,Dutch,3,Pieter de Vries,Italian,9
LSTM,498,1.8072288036346436,2.259422182403505,1,0.20481927710843373,0.32,Japanese,10,渡辺裕子,Japanese,10
LSTM,499,2.243908643722534,2.2573954766616224,0,0.20440881763527055,0.32,Scottish,15,Niall Campbell,Italian,9
LSTM,500,2.751814126968384,2.2729702680930495,0,0.204,0.3,Polish,12,Bartosz Woźniak,Italian,9
LSTM,501,1.4784072637557983,2.2553147214278577,1,0.2055888223552894,0.32,Vietnamese,17,Nguyễn Khang,Vietnamese,17
LSTM,502,1.8465042114257812,2.2377809232100843,1,0.20717131474103587,0.34,Russian,14,Андрей Петров,Russian,14
LSTM,503,2.0734260082244873,2.22793685849756,1,0.20874751491053678,0.36,Japanese,10,田中健,Japanese,10
LSTM,504,2.044904947280884,2.2273512690886856,1,0.21031746031746032,0.36,Japanese,10,鈴木美咲,Japanese,10
LSTM,505,2.2271809577941895,2.227496094070375,0,0.2099009900990099,0.36,Polish,12,Wojciech Lewandowski,Italian,9
LSTM,506,0.17153941094875336,2.174314905665815,1,0.21146245059288538,0.38,Arabic,0,إبراهيم الشمري,Arabic,0
LSTM,507,1.7057313919067383,2.2079309720546005,1,0.21301775147928995,0.38,Vietnamese,17,Huỳnh Thành,Vietnamese,17
LSTM,508,2.405580997467041,2.242037745192647,0,0.2125984251968504,0.36,Portuguese,13,Tiago Silva,Scottish,15
LSTM,509,2.3383235931396484,2.2377495581656692,0,0.21218074656188604,0.36,German,6,Markus Wagner,Scottish,15
LSTM,510,2.4751334190368652,2.2447676331549884,0,0.21176470588235294,0.36,Korean,11,윤민지,Japanese,10
LSTM,511,2.1742892265319824,2.2391004902869462,0,0.21135029354207435,0.36,Scottish,15,Alasdair Douglas,Italian,9
LSTM,512,1.5266921520233154,2.214628501608968,0,0.2109375,0.36,Russian,14,Николай Новиков,Greek,7
LSTM,513,2.4927759170532227,2.2325969583541156,0,0.21052631578947367,0.34,Chinese,1,张杰,Japanese,10
LSTM,514,2.724642515182495,2.25375055141747,0,0.21011673151750973,0.32,Irish,8,Seán Gallagher,Scottish,15
LSTM,515,3.031994104385376,2.26568254776299,0,0.20970873786407768,0.32,English,4,Anthony Brown,Vietnamese,17
LSTM,516,0.974740743637085,2.2843614133447407,1,0.21124031007751937,0.32,Russian,14,Сергей Михайлов,Russian,14
LSTM,517,2.037475824356079,2.2876460679620503,0,0.21083172147001933,0.32,Scottish,15,Malcolm MacLeod,Italian,9
LSTM,518,0.2657352685928345,2.2338825281709433,1,0.21235521235521235,0.34,Arabic,0,أحمد الشمري,Arabic,0
LSTM,519,0.5851696133613586,2.244868518412113,1,0.2138728323699422,0.34,Greek,7,Δημήτριος Σταυρίδης,Greek,7
LSTM,520,2.5863566398620605,2.2405972400307657,0,0.21346153846153845,0.34,French,5,J.-P. Petit,Vietnamese,17
LSTM,521,0.7453485727310181,2.193423208296299,1,0.21497120921305182,0.36,Vietnamese,17,Nguyễn Dũng,Vietnamese,17
LSTM,522,0.9179791212081909,2.1583362784981728,1,0.2164750957854406,0.38,Vietnamese,17,Huỳnh Đức,Vietnamese,17
LSTM,523,3.154672622680664,2.190206562578678,0,0.21606118546845124,0.36,Czech,2,Štěpán Novotný,Vietnamese,17
LSTM,524,2.341583490371704,2.21286726385355,0,0.21564885496183206,0.34,Dutch,3,Anne Bakker,Vietnamese,17
LSTM,525,2.345932722091675,2.21009898096323,0,0.21523809523809523,0.34,Dutch,3,Dirk Smit,Vietnamese,17
LSTM,526,2.8009300231933594,2.248608926832676,0,0.21482889733840305,0.32,English,4,Joseph Davis,Scottish,15
LSTM,527,1.9675229787826538,2.2225066581368447,0,0.2144212523719165,0.32,Italian,9,Lorenzo Colombo,Scottish,15
LSTM,528,2.5106077194213867,2.1975851979851724,0,0.21401515151515152,0.32,Irish,8,Oisín Doyle,Scottish,15
LSTM,529,1.8055636882781982,2.180965296328068,1,0.21550094517958412,0.34,Scottish,15,Alasdair Fraser,Scottish,15
LSTM,530,1.1438074111938477,2.143891960680485,0,0.21509433962264152,0.34,Greek,7,Μαρία Αθανασίου,Vietnamese,17
LSTM,531,1.2353962659835815,2.113547424376011,1,0.21657250470809794,0.36,Vietnamese,17,Trần Quân,Vietnamese,17
LSTM,532,2.2481560707092285,2.113424061834812,0,0.2161654135338346,0.34,Polish,12,Jakub Wiśniewski,Scottish,15
LSTM,533,2.577662467956543,2.0945516243577003,0,0.21575984990619138,0.34,Spanish,16,Juan Díaz,Vietnamese,17
LSTM,534,2.8614015579223633,2.0870240727066993,0,0.2153558052434457,0.34,English,4,Paul Smith,Dutch,3
LSTM,535,2.6011905670166016,2.1310583028197287,0,0.21495327102803738,0.32,Irish,8,Maeve Kennedy,Scottish,15
LSTM,536,2.454780101776123,2.103440609872341,0,0.21455223880597016,0.32,Portuguese,13,Rui Oliveira,Scottish,15
LSTM,537,2.530404806137085,2.099875842034817,0,0.21415270018621974,0.32,Spanish,16,Javier Rodríguez,Scottish,15
LSTM,538,0.044264014810323715,2.047126893624663,1,0.21561338289962825,0.34,Arabic,0,كريم العتيبي,Arabic,0
LSTM,539,1.990593433380127,2.0320397993177175,0,0.21521335807050093,0.34,Italian,9,Lorenzo Ricci,Scottish,15
LSTM,540,1.602353811264038,2.0256188245862723,1,0.21666666666666667,0.34,Scottish,15,Aileen MacLeod,Scottish,15
LSTM,541,2.9083409309387207,2.0281128879636525,0,0.21626617375231053,0.34,Russian,14,Роман Васильев,Vietnamese,17
LSTM,542,1.6619627475738525,2.002161259278655,1,0.2177121771217712,0.36,Scottish,15,Hamish Stewart,Scottish,15
LSTM,543,1.4964460134506226,1.9836084624379873,1,0.21915285451197053,0.38,Japanese,10,中村花子,Japanese,10
LSTM,544,2.84867525100708,1.9893542643636466,0,0.21875,0.38,Vietnamese,17,Hoàng Phong,Scottish,15
LSTM,545,2.348745346069336,1.9885927268117667,0,0.21834862385321102,0.38,Russian,14,Андрей Кузнецов,Vietnamese,17
LSTM,546,2.6760315895080566,2.0057280012220144,0,0.21794871794871795,0.36,German,6,Sophie Schulz,Scottish,15
LSTM,547,0.022615844383835793,1.9562504990026355,1,0.21937842778793418,0.38,Greek,7,Παναγιώτης Βασιλείου,Greek,7
LSTM,548,1.9811694622039795,1.9597293121740222,0,0.21897810218978103,0.36,Polish,12,Szymon Wiśniewski,Scottish,15
LSTM,549,2.3550374507904053,1.9619518883153797,0,0.2185792349726776,0.36,Portuguese,13,Gonçalo Silva,Scottish,15
LSTM,550,1.83222234249115,1.943560052625835,1,0.22,0.38,Japanese,10,加藤拓也,Japanese,10
LSTM,551,1.5288888216018677,1.9445696837827564,1,0.22141560798548093,0.38,Scottish,15,Alasdair Robertson,Scottish,15
LSTM,552,1.8897696733474731,1.9454349930211903,0,0.2210144927536232,0.36,Polish,12,Zbigniew Kowalczyk,Scottish,15
LSTM,553,2.802056312561035,1.960007599107921,0,0.2206148282097649,0.34,English,4,Richard Davis,Scottish,15
LSTM,554,2.4783525466918945,1.9686765510961413,0,0.22021660649819494,0.32,Chinese,1,李杰,Japanese,10
LSTM,555,2.4059605598449707,1.972252143137157,0,0.21981981981981982,0.32,Spanish,16,Juan Pérez,Vietnamese,17
LSTM,556,1.2504816055297852,1.9938309870287776,1,0.22122302158273383,0.32,Japanese,10,鈴木裕子,Japanese,10
LSTM,557,0.8595703840255737,1.9769077668711543,1,0.22262118491921004,0.32,Russian,14,Борис Петров,Russian,14
LSTM,558,2.2137842178344727,1.973071831278503,0,0.2222222222222222,0.32,Spanish,16,Pedro Martínez,Scottish,15
LSTM,559,0.04571923241019249,1.9272197440639138,1,0.22361359570661896,0.34,Arabic,0,خالد القحطاني,Arabic,0
LSTM,560,2.7695889472961426,1.9331088546290993,0,0.22321428571428573,0.34,English,4,William Miller,Scottish,15
LSTM,561,3.1754469871520996,1.9531320098415017,0,0.22281639928698752,0.34,English,4,J.R. Smith,Arabic,0
LSTM,562,1.707739233970642,1.9567529514804483,1,0.22419928825622776,0.36,Scottish,15,Gordon Campbell,Scottish,15
LSTM,563,1.3433492183685303,1.9337644175067543,1,0.2255772646536412,0.38,Japanese,10,中村さくら,Japanese,10
LSTM,564,1.4702963829040527,1.9086774948611855,1,0.22695035460992907,0.4,Polish,12,Michał Szymański,Polish,12
LSTM,565,2.695486545562744,1.901947343684733,0,0.22654867256637168,0.4,Czech,2,Martin Černý,Scottish,15
LSTM,566,0.6326233148574829,1.8951049951091408,1,0.22791519434628976,0.4,Vietnamese,17,Hoàng Quân,Vietnamese,17
LSTM,567,1.7309890985488892,1.888975260592997,1,0.2292768959435626,0.42,Japanese,10,小林太郎,Japanese,10
LSTM,568,1.9855669736862183,1.9233718946948648,1,0.2306338028169014,0.42,Scottish,15,Aileen Fraser,Scottish,15
LSTM,569,2.3352622985839844,1.9583737483993173,0,0.23022847100175747,0.4,Chinese,1,赵霞,Japanese,10
LSTM,570,2.5322532653808594,1.9572916809096932,0,0.22982456140350876,0.4,Czech,2,Jan Dvořák,Dutch,3
LSTM,571,2.402960777282715,1.990443925000727,0,0.22942206654991243,0.38,Italian,9,Vincenzo Ferrari,Polish,12
LSTM,572,3.0504403114318848,2.033093148805201,0,0.229020979020979,0.36,Czech,2,Marek Procházka,Polish,12
LSTM,573,2.4977991580963135,2.019955679513514,0,0.2286212914485166,0.36,Dutch,3,Lucas Meijer,Scottish,15
LSTM,574,2.413048267364502,2.02138497505337,0,0.22822299651567945,0.36,Dutch,3,Ruben Bakker,Scottish,15
LSTM,575,2.3377106189727783,2.0212205329909922,0,0.22782608695652173,0.36,French,5,Pierre d'Aubigné,Vietnamese,17
LSTM,576,2.151149034500122,2.0082249132171275,0,0.22743055555555555,0.36,Italian,9,Francesco Rossi,Polish,12
LSTM,577,2.509451389312744,2.0190634814277293,0,0.2270363951473137,0.36,Chinese,1,陈敏,Japanese,10
LSTM,578,2.4525725841522217,2.017902778722346,0,0.22664359861591696,0.36,Chinese,1,刘明,Japanese,10
LSTM,579,2.421722412109375,2.0302259531989693,0,0.22625215889464595,0.34,Korean,11,정지민,Japanese,10
LSTM,580,2.4323625564575195,2.0559970561042427,0,0.22586206896551725,0.34,Portuguese,13,Filipe Santos,Scottish,15
LSTM,581,0.030112771317362785,2.0318913862109182,1,0.22719449225473323,0.34,Greek,7,Ευάγγελος Κωνσταντίνου,Greek,7
LSTM,582,2.325749397277832,2.0334432527422903,0,0.2268041237113402,0.34,Portuguese,13,Carlos Martins,Scottish,15
LSTM,583,2.5788302421569824,2.0334666082262993,0,0.22641509433962265,0.34,French,5,Charles Thomas,Vietnamese,17
LSTM,584,3.443748712539673,2.0451135513186456,0,0.22602739726027396,0.34,French,5,Arthur Bernard,Greek,7
LSTM,585,1.5293711423873901,2.0236771628260612,1,0.22735042735042735,0.36,Polish,12,Zbigniew Zieliński,Polish,12
LSTM,586,0.03006904572248459,1.9751829417049884,1,0.22866894197952217,0.38,Greek,7,Χρήστος Κωνσταντίνου,Greek,7
LSTM,587,2.4617176055908203,1.9738091976940633,0,0.2282793867120954,0.38,English,4,J.R. Williams,Scottish,15
LSTM,588,0.7186166048049927,1.9872962494939566,1,0.22959183673469388,0.38,Russian,14,Антон Михайлов,Russian,14
LSTM,589,2.492311477661133,1.9973306103795767,0,0.22920203735144312,0.38,Irish,8,Maeve Doyle,Vietnamese,17
LSTM,590,3.256527900695801,2.030414092168212,0,0.2288135593220339,0.36,Irish,8,Niall O'Connor,Vietnamese,17
LSTM,591,0.06988409906625748,1.9736449555307627,1,0.23011844331641285,0.38,Arabic,0,مصطفى الهاشمي,Arabic,0
LSTM,592,2.167238473892212,1.9837504700571298,1,0.23141891891891891,0.38,Italian,9,Matteo Marino,Italian,9
LSTM,593,1.3858684301376343,1.98153891839087,1,0.2327150084317032,0.38,Vietnamese,17,Lê Anh,Vietnamese,17
LSTM,594,2.5607686042785645,1.9757807854562999,0,0.23232323232323232,0.38,Czech,2,Adam Procházka,Polish,12
LSTM,595,2.4039788246154785,1.9768854550272226,0,0.2319327731092437,0.38,Korean,11,윤서준,Japanese,10
LSTM,596,1.8698999881744385,1.9607628230005503,1,0.2332214765100671,0.4,Italian,9,Carlo Marino,Italian,9
LSTM,597,2.187401294708252,2.0040585320070385,1,0.23450586264656617,0.4,Portuguese,13,Bruno Jesus,Portuguese,13
LSTM,598,2.5495855808258057,2.0154268543794753,0,0.23411371237458195,0.4,Irish,8,Brian Doyle,Scottish,15
LSTM,599,1.6536071300506592,2.0013982479646804,0,0.2337228714524207,0.4,Italian,9,Lorenzo Ferrari,Polish,12
LSTM,600,1.1707777976989746,1.9881693570688368,1,0.235,0.4,Polish,12,Krzysztof Lewandowski,Polish,12
LSTM,601,3.5342166423797607,2.0282759134843946,0,0.23460898502495842,0.38,Dutch,3,Jan van den Berg,Polish,12
LSTM,602,1.151410698890686,2.0135087339952586,1,0.23588039867109634,0.4,Polish,12,Michał Zieliński,Polish,12
LSTM,603,2.367640972137451,2.0048204271867873,0,0.23548922056384744,0.4,Korean,11,윤상현,Japanese,10
LSTM,604,1.4240349531173706,1.9837340753152966,0,0.23509933774834438,0.4,Italian,9,Giuseppe Marino,Polish,12
LSTM,605,1.4746118783950806,1.9651071016862989,0,0.23471074380165288,0.4,Italian,9,Domenico Rossi,Polish,12
LSTM,606,1.6063570976257324,1.9722246115282178,1,0.23597359735973597,0.4,Polish,12,Łukasz Wójcik,Polish,12
LSTM,607,0.048967327922582626,1.956012550406158,1,0.2372322899505766,0.4,Arabic,0,خالد المالكي,Arabic,0
LSTM,608,2.289189338684082,1.9575206528231501,0,0.23684210526315788,0.4,Chinese,1,赵明,Japanese,10
LSTM,609,2.3648791313171387,2.003903850801289,0,0.23645320197044334,0.38,Scottish,15,Niall Campbell,Polish,12
LSTM,610,0.032208073884248734,1.9491562333330512,1,0.23770491803278687,0.4,Greek,7,Ευάγγελος Βασιλείου,Greek,7
LSTM,611,2.3972132205963135,1.9335915580019354,0,0.23731587561374795,0.4,Korean,11,박서연,Japanese,10
LSTM,612,3.4564003944396973,1.9685647812113165,0,0.2369281045751634,0.38,German,6,Sophie Becker,Polish,12
LSTM,613,3.6247072219848633,2.0141919412836433,0,0.2365415986949429,0.36,Irish,8,Darragh O'Connor,Italian,9
LSTM,614,2.596907138824463,2.0367241564020513,0,0.23615635179153094,0.34,English,4,James Taylor,Italian,9
LSTM,615,2.167807102203369,2.026170567534864,1,0.23739837398373984,0.36,Dutch,3,Jan Smit,Dutch,3
LSTM,616,2.334559917449951,2.060209299586713,0,0.237012987012987,0.34,Chinese,1,刘平,Japanese,10
LSTM,617,0.7213708162307739,2.040016933940351,1,0.23824959481361427,0.34,Russian,14,Дмитрий Иванов,Russian,14
LSTM,618,2.2654008865356445,2.0456136121973394,0,0.23786407766990292,0.32,Korean,11,임상현,Japanese,10
LSTM,619,2.590916633605957,2.050726698897779,0,0.23747980613893377,0.32,English,4,Michael Johnson,Italian,9
LSTM,620,1.3371273279190063,2.026824180148542,1,0.23870967741935484,0.34,Italian,9,Carlo Bianchi,Italian,9
LSTM,621,2.47139310836792,2.028192826770246,0,0.23832528180354268,0.34,Portuguese,13,Carlos Ferreira,Italian,9
LSTM,622,3.089344024658203,2.0289709010347723,0,0.2379421221864952,0.34,German,6,Johannes Schmidt,Italian,9
LSTM,623,1.81328547000885,2.015280627273023,1,0.2391653290529695,0.36,Vietnamese,17,Hoàng Minh,Vietnamese,17
LSTM,624,2.7508721351623535,2.0220371046289802,0,0.2387820512820513,0.36,Spanish,16,Javier Sánchez,Italian,9
LSTM,625,2.243082046508789,2.0201445331797006,0,0.2384,0.36,Irish,8,Liam O'Brien,Dutch,3
LSTM,626,2.5885629653930664,2.0288928117975593,0,0.2380191693290735,0.36,Irish,8,Conor McCarthy,Italian,9
LSTM,627,2.8399171829223633,2.035502127669752,0,0.23763955342902712,0.36,Italian,9,Luca Greco,Vietnamese,17
LSTM,628,1.2315783500671387,2.01108224298805,1,0.23885350318471338,0.38,Japanese,10,鈴木美咲,Japanese,10
LSTM,629,0.21988804638385773,1.9670455556735396,1,0.24006359300476948,0.4,Russian,14,Юрий Иванов,Russian,14
LSTM,630,2.238755226135254,1.9631734090670943,0,0.2396825396825397,0.4,English,4,Anthony St. John,Irish,8
LSTM,631,0.0323760099709034,1.9632186738401651,1,0.24088748019017434,0.4,Greek,7,Αθανάσιος Αλεξίου,Greek,7
LSTM,632,2.626534938812256,1.9692343846708535,0,0.24050632911392406,0.4,Polish,12,Andrzej Zieliński,Italian,9
LSTM,633,2.284975528717041,1.9633572904020549,0,0.2401263823064771,0.4,Korean,11,이준영,Japanese,10
LSTM,634,3.1368408203125,1.9572191325575112,0,0.23974763406940064,0.4,Polish,12,Krzysztof Nowak,Irish,8
LSTM,635,1.8650363683700562,1.9639324370771647,1,0.2409448818897638,0.4,Irish,8,Maeve McCarthy,Irish,8
LSTM,636,2.0793416500091553,2.0049178891628983,0,0.24056603773584906,0.38,Dutch,3,Finn Bakker,Vietnamese,17
LSTM,637,2.039341449737549,1.9964703660458327,0,0.2401883830455259,0.38,Korean,11,장예준,Japanese,10
LSTM,638,1.9727507829666138,2.0215530496090652,1,0.2413793103448276,0.38,Irish,8,Eoin Gallagher,Irish,8
LSTM,639,2.0588691234588623,2.0128842025250195,0,0.24100156494522693,0.38,Polish,12,Krzysztof Szymański,Italian,9
LSTM,640,1.9722470045089722,1.9871985846012832,0,0.240625,0.38,Korean,11,이상현,Japanese,10
LSTM,641,0.02883816696703434,1.9863776659592987,1,0.24180967238689546,0.38,Greek,7,Γεώργιος Κωνσταντίνου,Greek,7
LSTM,642,0.03595393896102905,1.943751975260675,1,0.24299065420560748,0.38,Arabic,0,نورالدين المالكي,Arabic,0
LSTM,643,0.6775964498519897,1.929586535654962,1,0.24416796267496113,0.38,Vietnamese,17,Hoàng Dũng,Vietnamese,17
LSTM,644,0.02938607893884182,1.8789588851481676,1,0.2453416149068323,0.4,Greek,7,Αλέξανδρος Αλεξίου,Greek,7
LSTM,645,2.4575417041778564,1.8800301427394153,0,0.24496124031007752,0.4,Czech,2,Pavel Horák,Vietnamese,17
LSTM,646,0.0833473727107048,1.8442990904301404,1,0.24613003095975233,0.4,Russian,14,Юрий Михайлов,Russian,14
LSTM,647,2.396225929260254,1.8484755831211805,0,0.24574961360123648,0.38,Italian,9,Fabio Marino,Irish,8
LSTM,648,2.4985742568969727,1.847455356642604,0,0.24537037037037038,0.38,Portuguese,13,Luís Santos,Vietnamese,17
LSTM,649,2.21370792388916,1.8586573725193738,0,0.24499229583975346,0.38,English,4,Daniel Smith,Irish,8
LSTM,650,2.2452712059020996,1.8801472406834363,0,0.24461538461538462,0.36,Chinese,1,刘秀英,Japanese,10
LSTM,651,2.4680495262145996,1.858823898360133,0,0.24423963133640553,0.36,Scottish,15,Iain MacLeod,Irish,8
LSTM,652,2.7390990257263184,1.8905776648968458,0,0.24386503067484663,0.34,Dutch,3,Jan van den Berg,Italian,9
LSTM,653,0.9966561794281006,1.8631579690426587,1,0.2450229709035222,0.36,Vietnamese,17,Trần Nam,Vietnamese,17
LSTM,654,1.8080769777297974,1.8708388095349073,0,0.24464831804281345,0.36,Polish,12,Marek Kamiński,Italian,9
LSTM,655,2.045351982116699,1.8822536116093398,0,0.24427480916030533,0.36,Korean,11,장도윤,Japanese,10
LSTM,656,1.1934574842453003,1.873995619341731,1,0.24542682926829268,0.36,Vietnamese,17,Huỳnh Hoàng,Vietnamese,17
LSTM,657,2.116311550140381,1.915342503786087,0,0.2450532724505327,0.34,English,4,Richard Miller,Italian,9
LSTM,658,2.4099762439727783,1.917758241891861,0,0.24468085106382978,0.34,Dutch,3,Dirk Janssen,Irish,8
LSTM,659,2.352814197540283,1.917516943216324,0,0.24430955993930198,0.34,Portuguese,13,Gonçalo Pereira,Italian,9
LSTM,660,2.4179584980010986,1.965231951698661,0,0.24393939393939393,0.32,Chinese,1,吴超,Japanese,10
LSTM,661,1.702620506286621,1.951340097412467,0,0.24357034795763993,0.32,Korean,11,박지민,Japanese,10
LSTM,662,0.06127414479851723,1.8834375724196435,1,0.24471299093655588,0.34,Russian,14,Михаил Попов,Russian,14
LSTM,663,0.022816278040409088,1.8113997535407542,1,0.2458521870286576,0.36,Greek,7,Σπυρίδων Νικολάου,Greek,7
LSTM,664,1.917786717414856,1.797817345112562,1,0.2469879518072289,0.38,Dutch,3,Sem Smit,Dutch,3
LSTM,665,1.7030956745147705,1.7885231165587903,0,0.24661654135338346,0.36,Korean,11,조민지,Japanese,10
LSTM,666,1.6513195037841797,1.7748583082854748,1,0.24774774774774774,0.38,Korean,11,김지민,Korean,11
LSTM,667,1.8853551149368286,1.7981379942595959,1,0.24887556221889057,0.38,Polish,12,Łukasz Wójcik,Polish,12
LSTM,668,2.7058310508728027,1.806946597546339,0,0.24850299401197604,0.38,German,6,Matthias Schmidt,Polish,12
LSTM,669,0.05001744627952576,1.7561286137998104,1,0.24962630792227206,0.4,Russian,14,Антон Петров,Russian,14
LSTM,670,2.9150476455688477,1.7876870201528072,0,0.24925373134328357,0.38,German,6,Jürgen Schulz,Dutch,3
LSTM,671,0.06140924245119095,1.7394873428344726,1,0.2503725782414307,0.4,Arabic,0,كريم الحداد,Arabic,0
LSTM,672,1.1728901863098145,1.7011582660675049,1,0.25148809523809523,0.42,Japanese,10,田中一郎,Japanese,10
LSTM,673,2.0380208492279053,1.705652973651886,0,0.2511144130757801,0.4,English,4,William Wilson,Polish,12
LSTM,674,2.579371452331543,1.7022229599952698,0,0.2507418397626113,0.4,German,6,Felix Müller,Dutch,3
LSTM,675,0.543207049369812,1.6682254600524902,1,0.2518518518518518,0.42,Vietnamese,17,Lê Minh,Vietnamese,17
LSTM,676,2.412541627883911,1.6647050333023072,0,0.2514792899408284,0.42,German,6,Hannah Schneider,Polish,12
LSTM,677,1.0375146865844727,1.6286569833755493,1,0.25258493353028066,0.44,Japanese,10,加藤健一,Japanese,10
LSTM,678,1.9782241582870483,1.6435898995399476,0,0.252212389380531,0.42,English,4,Matthew Wilson,Polish,12
LSTM,679,0.023749634623527527,1.6396671313047408,1,0.2533136966126657,0.42,Arabic,0,سعيد العتيبي,Arabic,0
LSTM,680,1.8633495569229126,1.6321590179204941,0,0.2529411764705882,0.42,English,4,Anthony Johnson,Polish,12
LSTM,681,0.270890474319458,1.636929307207465,1,0.2540381791483113,0.42,Vietnamese,17,Phạm Đức,Vietnamese,17
LSTM,682,3.701707363128662,1.6584327556937932,0,0.2536656891495601,0.42,French,5,Georges Bernard,English,4
LSTM,683,0.09567513316869736,1.6146467477828264,1,0.2547584187408492,0.44,Arabic,0,فهد الخطيب,Arabic,0
LSTM,684,0.02505108341574669,1.5524109530448913,1,0.25584795321637427,0.46,Arabic,0,طارق الغامدي,Arabic,0
LSTM,685,0.022699402645230293,1.5155642137303948,1,0.2569343065693431,0.46,Greek,7,Μιχάλης Βασιλείου,Greek,7
LSTM,686,1.2215397357940674,1.4984081754460932,1,0.25801749271137026,0.48,Japanese,10,佐藤健,Japanese,10
LSTM,687,3.4410862922668457,1.526443072296679,0,0.2576419213973799,0.48,French,5,Gabriel Petit,English,4
LSTM,688,2.1464428901672363,1.5299169144406914,0,0.25726744186046513,0.46,Chinese,1,李杰,Japanese,10
LSTM,689,2.3603928089141846,1.5359473881497978,0,0.25689404934687954,0.46,Portuguese,13,André Rodrigues,English,4
LSTM,690,1.8085020780563354,1.532672489620745,0,0.2565217391304348,0.46,Dutch,3,Thomas Meijer,English,4
LSTM,691,2.96055269241333,1.5913067801296712,0,0.25615050651230103,0.44,Czech,2,Petr Kučera,Vietnamese,17
LSTM,692,0.04206961393356323,1.5914290936291218,1,0.25722543352601157,0.44,Russian,14,Юрий Новиков,Russian,14
LSTM,693,1.5992286205291748,1.6098617370426656,0,0.25685425685425683,0.42,Korean,11,조도윤,Japanese,10
LSTM,694,1.4978548288345337,1.6392311120405794,1,0.2579250720461095,0.42,Dutch,3,Sem Bakker,Dutch,3
LSTM,695,2.942748546600342,1.648935248889029,0,0.25755395683453236,0.42,Spanish,16,Pedro González,English,4
LSTM,696,2.2645864486694336,1.6925600304082036,0,0.257183908045977,0.4,Chinese,1,周强,Japanese,10
LSTM,697,2.802673101425171,1.7006889738515019,0,0.2568149210903874,0.4,Spanish,16,Rafael Rodríguez,English,4
LSTM,698,0.04741235822439194,1.6516657358780504,1,0.25787965616045844,0.42,Russian,14,Артём Михайлов,Russian,14
LSTM,699,0.022132420912384987,1.6078342258185148,1,0.25894134477825465,0.44,Arabic,0,ياسر الحداد,Arabic,0
LSTM,700,2.9080142974853516,1.6210890876501798,0,0.25857142857142856,0.44,Scottish,15,Callum Murray,Dutch,3
LSTM,701,2.157738447189331,1.6148828660696746,0,0.2582025677603424,0.44,Portuguese,13,Ricardo Jesus,English,4
LSTM,702,1.444571614265442,1.588992317840457,1,0.25925925925925924,0.46,Dutch,3,Dirk Janssen,Dutch,3
LSTM,703,0.027653662487864494,1.5696122675016522,1,0.2603129445234708,0.46,Russian,14,Сергей Иванов,Russian,14
LSTM,704,2.625054121017456,1.5859518103674055,0,0.2599431818181818,0.46,Czech,2,Pavel Černý,Dutch,3
LSTM,705,2.100788116455078,1.587060533054173,0,0.25957446808510637,0.46,English,4,Steven Smith,Dutch,3
LSTM,706,1.9545806646347046,1.6022829966619612,1,0.26062322946175637,0.46,English,4,Christopher Brown,English,4
LSTM,707,0.05305099114775658,1.5610177854821086,1,0.26166902404526166,0.48,Vietnamese,17,Đặng Cường,Vietnamese,17
LSTM,708,1.223513126373291,1.5372885231301188,1,0.2627118644067797,0.5,Japanese,10,伊藤彩,Japanese,10
LSTM,709,2.1734538078308105,1.5337013153359293,0,0.2623413258110014,0.5,Spanish,16,Pablo Rodríguez,English,4
LSTM,710,0.013144155964255333,1.4856050284951925,1,0.2633802816901408,0.52,Russian,14,Евгений Васильев,Russian,14
LSTM,711,2.188369035720825,1.4953199990838766,0,0.2630098452883263,0.52,Portuguese,13,Pedro Santos,Dutch,3
LSTM,712,1.3051841259002686,1.5201981987059117,0,0.26264044943820225,0.5,Dutch,3,Bram Smit,Vietnamese,17
LSTM,713,0.05109138786792755,1.520763700902462,1,0.26367461430575034,0.5,Vietnamese,17,Đặng Đức,Vietnamese,17
LSTM,714,2.1541526317596436,1.5254910191893578,0,0.26330532212885155,0.48,German,6,Christian Meyer,English,4
LSTM,715,0.015048901550471783,1.4917300837300718,1,0.26433566433566436,0.5,Russian,14,Сергей Сидоров,Russian,14
LSTM,716,1.9436360597610474,1.4975764148496091,0,0.2639664804469274,0.48,Portuguese,13,Miguel Oliveira,English,4
LSTM,717,0.042826782912015915,1.4607258482091128,1,0.2649930264993027,0.48,Russian,14,Андрей Попов,Russian,14
LSTM,718,1.8847748041152954,1.4443047232739628,1,0.266016713091922,0.5,Portuguese,13,Miguel Sousa,Portuguese,13
LSTM,719,1.7732242345809937,1.4787688590399921,1,0.2670375521557719,0.5,Dutch,3,Jan van Dijk,Dutch,3
LSTM,720,1.8081798553466797,1.4566315032355488,1,0.26805555555555555,0.52,Portuguese,13,João Oliveira,Portuguese,13
LSTM,721,2.9779322147369385,1.5149619626812636,0,0.26768377253814146,0.5,Irish,8,Michael O'Sullivan,Portuguese,13
LSTM,722,1.9607021808624268,1.5307182025723158,0,0.2673130193905817,0.48,English,4,Mark Taylor,Dutch,3
LSTM,723,2.5631103515625,1.5412199926190078,0,0.2669432918395574,0.48,Scottish,15,Stuart MacDonald,Portuguese,13
LSTM,724,2.8871374130249023,1.547375311832875,0,0.26657458563535913,0.48,Czech,2,Petr Svoboda,Portuguese,13
LSTM,725,2.8578567504882812,1.5936683058552443,0,0.26620689655172414,0.46,Czech,2,Josef Procházka,Portuguese,13
LSTM,726,1.2964458465576172,1.5713463902287186,1,0.26721763085399447,0.48,Dutch,3,Thomas Meijer,Dutch,3
LSTM,727,1.4012209177017212,1.5786205148510635,0,0.2668500687757909,0.46,Korean,11,이지호,Japanese,10
LSTM,728,0.36846923828125,1.5464254164509474,1,0.26785714285714285,0.48,Vietnamese,17,Nguyễn Ngọc,Vietnamese,17
LSTM,729,0.24636651575565338,1.55087775407359,1,0.26886145404663925,0.48,Vietnamese,17,Vũ Dũng,Vietnamese,17
LSTM,730,0.5438452959060669,1.5244876688532532,1,0.26986301369863014,0.5,Japanese,10,小林陽子,Japanese,10
LSTM,731,0.5411597490310669,1.5298930543474853,1,0.2708618331053352,0.5,Dutch,3,Dirk Bakker,Dutch,3
LSTM,732,1.2118494510650635,1.4800958961062134,1,0.2718579234972678,0.52,Korean,11,장서준,Korean,11
LSTM,733,1.4516911506652832,1.5072162164561451,1,0.2728512960436562,0.52,Portuguese,13,Carlos Sousa,Portuguese,13
LSTM,734,2.029811382293701,1.5473114224337041,0,0.2724795640326976,0.5,Chinese,1,刘娟,Japanese,10
LSTM,735,3.5630202293395996,1.6181178389675914,0,0.272108843537415,0.48,Italian,9,Lorenzo Bianchi,Portuguese,13
LSTM,736,0.41351571679115295,1.6019573585875333,1,0.27309782608695654,0.48,Dutch,3,Bram Visser,Dutch,3
LSTM,737,2.195189952850342,1.5770394317992031,0,0.2727272727272727,0.48,Spanish,16,Miguel González,Portuguese,13
LSTM,738,4.571226119995117,1.6255350963957609,0,0.27235772357723576,0.48,English,4,Thomas Taylor,Dutch,3
LSTM,739,2.7190957069396973,1.632709154356271,0,0.2719891745602165,0.48,Scottish,15,Stuart MacKenzie,Portuguese,13
LSTM,740,1.5007628202438354,1.626554369200021,1,0.27297297297297296,0.5,Dutch,3,Lars van Dijk,Dutch,3
LSTM,741,0.04621950164437294,1.5682677053846419,1,0.2739541160593792,0.52,Vietnamese,17,Hoàng Nam,Vietnamese,17
LSTM,742,1.3415474891662598,1.594257262889296,1,0.2749326145552561,0.52,Dutch,3,Sem Meijer,Dutch,3
LSTM,743,2.904572010040283,1.620364130679518,0,0.27456258411843876,0.52,Irish,8,Oisín Gallagher,Dutch,3
LSTM,744,2.1654469966888428,1.633715974036604,0,0.27419354838709675,0.5,Greek,7,Ανδρέας Αθανασίου,Russian,14
LSTM,745,0.05184130370616913,1.5758978291787207,1,0.2751677852348993,0.52,Vietnamese,17,Đặng Phong,Vietnamese,17
LSTM,746,0.06657364219427109,1.5319375730492175,1,0.2761394101876676,0.54,Vietnamese,17,Nguyễn Hiếu,Vietnamese,17
LSTM,747,2.72283935546875,1.530340898130089,0,0.2757697456492637,0.54,Irish,8,Fionn Murphy,Dutch,3
LSTM,748,3.7619261741638184,1.6046311744488775,0,0.27540106951871657,0.52,French,5,Hugo Petit,Vietnamese,17
LSTM,749,2.887357234954834,1.6619356707297266,0,0.2750333778371162,0.5,Italian,9,Fabio Bianchi,Dutch,3
LSTM,750,1.2234618663787842,1.6282446221075952,1,0.276,0.52,Korean,11,김지훈,Korean,11
LSTM,751,3.390928268432617,1.652908418532461,0,0.2756324900133156,0.52,French,5,Noël Bernard,Portuguese,13
LSTM,752,2.2120237350463867,1.6682574609480798,0,0.2752659574468085,0.5,Polish,12,Stanisław Nowak,Portuguese,13
LSTM,753,2.075976848602295,1.7092239246703684,0,0.2749003984063745,0.48,English,4,Charles St. John,Portuguese,13
LSTM,754,0.013034027069807053,1.6569835227914154,1,0.27586206896551724,0.5,Arabic,0,عمر الخطيب,Arabic,0
LSTM,755,2.014864683151245,1.6552650541253389,0,0.27549668874172184,0.5,Spanish,16,Pablo González,Portuguese,13
LSTM,756,1.9901456832885742,1.6559763544984163,1,0.27645502645502645,0.5,Polish,12,Marcin Kamiński,Polish,12
LSTM,757,9.138589859008789,1.837687131855637,0,0.2760898282694848,0.48,Russian,14,Владимир Кузнецов,Arabic,0
LSTM,758,3.1212596893310547,1.875642063114792,0,0.2757255936675462,0.46,French,5,Mathieu Robert,Portuguese,13
LSTM,759,2.136247158050537,1.8748979301191866,0,0.2753623188405797,0.46,Italian,9,Davide Greco,English,4
LSTM,760,0.5836344361305237,1.886307735722512,1,0.27631578947368424,0.46,Japanese,10,加藤健一,Japanese,10
LSTM,761,2.5825066566467285,1.89419048814103,0,0.2759526938239159,0.46,Czech,2,Adam Novák,Portuguese,13
LSTM,762,2.0247325897216797,1.9085814574174582,1,0.2769028871391076,0.48,English,4,James Williams,English,4
LSTM,763,2.072676181793213,1.949013153295964,0,0.2765399737876802,0.46,Chinese,1,吴杰,Japanese,10
LSTM,764,2.6404547691345215,1.9587391960434615,0,0.2761780104712042,0.46,Czech,2,Michal Dvořák,Polish,12
LSTM,765,4.179377555847168,2.0420257691293955,0,0.2758169934640523,0.44,Russian,14,Евгений Михайлов,Arabic,0
LSTM,766,2.181676149368286,2.0467865709215403,1,0.27676240208877284,0.46,Portuguese,13,Carlos Rodrigues,Portuguese,13
LSTM,767,3.453535556793213,2.115000746399164,0,0.27640156453715775,0.44,Russian,14,Виктор Попов,Dutch,3
LSTM,768,2.7523162364959717,2.1323515750467776,0,0.2760416666666667,0.42,Irish,8,Michael O'Brien,English,4
LSTM,769,1.982681393623352,2.136540718227625,1,0.27698309492847856,0.42,Spanish,16,Jorge Fernández,Spanish,16
LSTM,770,1.2013524770736694,2.1244041706621646,1,0.2779220779220779,0.42,Korean,11,강서준,Korean,11
LSTM,771,2.742037773132324,2.1196862818300723,0,0.2775616083009079,0.42,Dutch,3,Joris van den Berg,Portuguese,13
LSTM,772,2.3522393703460693,2.127517025619745,0,0.2772020725388601,0.42,Scottish,15,Ross Fraser,English,4
LSTM,773,2.345285415649414,2.1231605269014837,0,0.276843467011643,0.42,Italian,9,Luca Rossi,Portuguese,13
LSTM,774,0.013497051782906055,2.0656877196766437,1,0.2777777777777778,0.44,Greek,7,Δημήτριος Αθανασίου,Greek,7
LSTM,775,2.3034353256225586,2.054599291179329,0,0.27741935483870966,0.44,Chinese,1,王芳,Japanese,10
LSTM,776,2.510702133178711,2.078884416911751,0,0.2770618556701031,0.42,German,6,Felix Fischer,English,4
LSTM,777,2.573007822036743,2.1023201549984516,0,0.2767052767052767,0.42,German,6,Lukas Hoffmann,Portuguese,13
LSTM,778,2.0613138675689697,2.136177047584206,1,0.2776349614395887,0.42,English,4,Mark St. John,English,4
LSTM,779,2.610849380493164,2.183466704878956,0,0.2772785622593068,0.4,Irish,8,Aidan Walsh,Portuguese,13
LSTM,780,0.7745519280433655,2.188080837521702,1,0.2782051282051282,0.4,Japanese,10,鈴木拓也,Japanese,10
LSTM,781,0.06578882038593292,2.1785734189487993,1,0.2791293213828425,0.4,Arabic,0,يوسف الحسيني,Arabic,0
LSTM,782,1.993043303489685,2.194197295997292,1,0.28005115089514065,0.4,Portuguese,13,Carlos Ferreira,Portuguese,13
LSTM,783,2.166163444519043,2.208486741874367,0,0.2796934865900383,0.38,English,4,Paul Jones,Portuguese,13
LSTM,784,0.30335304141044617,2.173957575056702,1,0.28061224489795916,0.4,Vietnamese,17,Đặng Anh,Vietnamese,17
LSTM,785,0.012452472001314163,2.1029462199099362,1,0.28152866242038216,0.42,Greek,7,Βασίλειος Κωνσταντίνου,Greek,7
LSTM,786,0.9856823682785034,2.114389552939683,1,0.2824427480916031,0.42,Vietnamese,17,Võ Linh,Vietnamese,17
LSTM,787,1.3063682317733765,2.096613118518144,1,0.2833545108005083,0.44,Korean,11,김예은,Korean,11
LSTM,788,2.0808842182159424,2.0468062804825604,0,0.282994923857868,0.44,Polish,12,Mateusz Woźniak,English,4
LSTM,789,2.3554201126098633,2.0395327685959637,0,0.2826362484157161,0.44,Chinese,1,杨艳,Japanese,10
LSTM,790,0.060286179184913635,2.010723235774785,1,0.28354430379746837,0.44,Arabic,0,سليم الهاشمي,Arabic,0
LSTM,791,2.3004395961761475,2.0558076376654206,0,0.2831858407079646,0.42,Czech,2,Jan Černý,Dutch,3
LSTM,792,1.934686541557312,2.067670418713242,0,0.2828282828282828,0.4,Portuguese,13,Miguel Martins,English,4
LSTM,793,2.029179096221924,2.0501625604368745,0,0.28247162673392184,0.4,Polish,12,Piotr Woźniak,English,4
LSTM,794,1.6692132949829102,2.040237886402756,1,0.28337531486146095,0.42,Portuguese,13,André Pereira,Portuguese,13
LSTM,795,6.606942653656006,2.1713399134017526,0,0.2830188679245283,0.4,Dutch,3,Hendrik Bakker,Greek,7
LSTM,796,0.05436331778764725,2.1710957069136203,1,0.28391959798994976,0.4,Arabic,0,عمر الغامدي,Arabic,0
LSTM,797,3.108184814453125,2.1788026160933076,0,0.2835633626097867,0.4,French,5,Jean-Luc Dubois,Portuguese,13
LSTM,798,5.004162788391113,2.203647348377854,0,0.2832080200501253,0.4,Russian,14,Павел Михайлов,Greek,7
LSTM,799,1.1365034580230713,2.168630272839218,1,0.28410513141426785,0.42,Korean,11,이현우,Korean,11
LSTM,800,1.6182782649993896,2.1765266008116306,1,0.285,0.42,Portuguese,13,Rui Santos,Portuguese,13
LSTM,801,0.03237266466021538,2.1093554887361825,1,0.2858926342072409,0.44,Greek,7,Θεόδωρος Αθανασίου,Greek,7
LSTM,802,1.671099305152893,2.098537000138313,1,0.286783042394015,0.46,Polish,12,Bartosz Lewandowski,Polish,12
LSTM,803,2.373019218444824,2.104477847535163,0,0.286425902864259,0.46,Czech,2,Petr Procházka,Portuguese,13
LSTM,804,2.5269269943237305,2.1547557068802417,0,0.2860696517412935,0.44,Italian,9,Lorenzo Greco,Portuguese,13
LSTM,805,0.9466136693954468,2.1333906866051255,1,0.28695652173913044,0.46,Japanese,10,高橋悠斗,Japanese,10
LSTM,806,0.5225328207015991,2.1040384293533863,1,0.2878411910669975,0.46,Japanese,10,加藤さくら,Japanese,10
LSTM,807,4.006044387817383,2.001387519929558,0,0.2874845105328377,0.46,French,5,J.-P. Martin,Vietnamese,17
LSTM,808,2.055966377258301,1.980081653688103,0,0.2871287128712871,0.46,Spanish,16,Carlos Gómez,Portuguese,13
LSTM,809,2.5702505111694336,1.9887617207504809,0,0.2867737948084054,0.46,Dutch,3,Sem Janssen,Portuguese,13
LSTM,810,1.9438468217849731,2.01596596846357,0,0.28641975308641976,0.44,Spanish,16,Jorge González,Portuguese,13
LSTM,811,1.4448422193527222,1.9932126797176897,1,0.2872996300863132,0.46,Korean,11,정우진,Korean,11
LSTM,812,2.2813608646392822,1.9983452452160417,0,0.2869458128078818,0.44,English,4,James Brown,Portuguese,13
LSTM,813,2.8757529258728027,2.0144067800976337,0,0.2865928659286593,0.44,Dutch,3,Sophie Jansen,Portuguese,13
LSTM,814,4.466773509979248,2.050933154914528,0,0.28624078624078625,0.44,Irish,8,Niall O'Brien,Vietnamese,17
LSTM,815,2.402052164077759,2.01538664707914,0,0.28588957055214725,0.44,French,5,Mathieu Dubois,Portuguese,13
LSTM,816,2.707709789276123,2.0259073198772968,0,0.2855392156862745,0.42,English,4,Donald St. John,Portuguese,13
LSTM,817,4.202756881713867,2.04089174637571,0,0.28518971848225216,0.42,Czech,2,Lukáš Novotný,Greek,7
LSTM,818,3.3592188358306885,2.053029798362404,0,0.28484107579462103,0.42,Scottish,15,Aileen Murray,Portuguese,13
LSTM,819,0.65128493309021,2.026401869151741,1,0.2857142857142857,0.42,Russian,14,Николай Михайлов,Russian,14
LSTM,820,0.5711860656738281,2.0137985409237444,1,0.2865853658536585,0.42,Japanese,10,小林太郎,Japanese,10
LSTM,821,0.3300316035747528,1.965558417532593,1,0.2874543239951279,0.44,Japanese,10,鈴木健一,Japanese,10
LSTM,822,0.020592233166098595,1.9189254747889937,1,0.28832116788321166,0.46,Russian,14,Роман Иванов,Russian,14
LSTM,823,3.0565547943115234,1.9331508623622358,0,0.28797083839611176,0.46,Scottish,15,Niall Murray,Portuguese,13
LSTM,824,2.4439303874969482,1.9817595290765166,0,0.28762135922330095,0.44,Italian,9,Lorenzo Esposito,Portuguese,13
LSTM,825,2.0908474922180176,1.9775077724084258,0,0.2872727272727273,0.44,Chinese,1,陈勇,Japanese,10
LSTM,826,2.2393336296081543,1.9720804023370146,0,0.28692493946731235,0.44,Spanish,16,Sergio García,Portuguese,13
LSTM,827,2.345231056213379,1.9675248670205474,0,0.28657799274486095,0.44,Italian,9,Vincenzo Romano,Portuguese,13
LSTM,828,0.01905774138867855,1.9266797444969415,1,0.28743961352657005,0.44,Russian,14,Евгений Иванов,Russian,14
LSTM,829,2.090778350830078,1.9162783239036798,0,0.2870928829915561,0.44,Chinese,1,陈涛,Japanese,10
LSTM,830,2.0472354888916016,1.9417319951206446,0,0.28674698795180725,0.42,Italian,9,Giuseppe Rossi,Polish,12
LSTM,831,2.332364320755005,1.987063505128026,0,0.28640192539109505,0.4,Czech,2,Štěpán Veselý,Portuguese,13
LSTM,832,1.8690513372421265,1.9845836658030749,1,0.28725961538461536,0.4,Spanish,16,Sergio López,Spanish,16
LSTM,833,0.007329478859901428,1.941406986489892,1,0.28811524609843936,0.42,Russian,14,Дмитрий Соколов,Russian,14
LSTM,834,0.1087999939918518,1.9375159255415202,1,0.28896882494004794,0.42,Vietnamese,17,Đặng Khang,Vietnamese,17
LSTM,835,1.9387120008468628,1.976041116118431,0,0.288622754491018,0.4,Chinese,1,杨明,Japanese,10
LSTM,836,2.6737747192382812,2.0098029631376266,0,0.28827751196172247,0.38,German,6,Klaus Weber,Portuguese,13
LSTM,837,2.450223445892334,2.0326800674200056,0,0.28793309438470727,0.36,Scottish,15,Hamish Fraser,Portuguese,13
LSTM,838,1.9071241617202759,2.0292048662900926,1,0.28878281622911695,0.38,English,4,Mark Smith,English,4
LSTM,839,0.00858367420732975,1.982268137522042,1,0.2896305125148987,0.4,Russian,14,Виктор Петров,Russian,14
LSTM,840,0.1715123951435089,1.9844926618412138,1,0.2904761904761905,0.4,Japanese,10,加藤一郎,Japanese,10
LSTM,841,2.5432851314544678,1.98934957254678,0,0.2901307966706302,0.4,Czech,2,Michal Kučera,Portuguese,13
LSTM,842,3.2508904933929443,2.0156736515834925,0,0.28978622327790976,0.4,French,5,Jules Martin,Italian,9
LSTM,843,4.190724849700928,2.058904566653073,0,0.28944246737841045,0.4,Greek,7,Δημήτριος Σταυρίδης,Russian,14
LSTM,844,2.324432373046875,2.072008948214352,0,0.2890995260663507,0.38,Russian,14,Максим Попов,Japanese,10
LSTM,845,1.5761685371398926,1.97139346588403,1,0.28994082840236685,0.4,Spanish,16,Manuel Sánchez,Spanish,16
LSTM,846,3.0109918117523193,2.0305260357633235,0,0.2895981087470449,0.38,French,5,Marcel Robert,Italian,9
LSTM,847,1.158934235572815,1.9915410241857172,0,0.2892561983471074,0.38,Korean,11,최예준,Japanese,10
LSTM,848,2.0902175903320312,1.9332621202245355,0,0.28891509433962265,0.38,Polish,12,Tomasz Kamiński,Italian,9
LSTM,849,0.20502986013889313,1.9146326482668519,1,0.28975265017667845,0.38,Japanese,10,小林京子,Japanese,10
LSTM,850,1.867183804512024,1.9196107590571045,0,0.28941176470588237,0.36,Chinese,1,吴芳,Japanese,10
LSTM,851,0.21979953348636627,1.9233592964336277,1,0.2902467685076381,0.36,Japanese,10,佐藤悠斗,Japanese,10
LSTM,852,0.4616720676422119,1.899170751683414,1,0.29107981220657275,0.36,Japanese,10,鈴木健,Japanese,10
LSTM,853,0.29193150997161865,1.8575489975139499,1,0.29191090269636577,0.38,Vietnamese,17,Võ Minh,Vietnamese,17
LSTM,854,1.7729284763336182,1.8424690271541477,1,0.2927400468384075,0.4,Polish,12,Grzegorz Wójcik,Polish,12
LSTM,855,2.642148494720459,1.8763797236606479,0,0.29239766081871343,0.38,Irish,8,Declan Kennedy,Spanish,16
LSTM,856,2.2200679779052734,1.9103304268047214,0,0.29205607476635514,0.36,English,4,David Jones,Portuguese,13
LSTM,857,2.22477388381958,1.8747050167247652,0,0.29171528588098017,0.36,Czech,2,Michal Veselý,Spanish,16
LSTM,858,2.3729305267333984,1.8810442997142673,0,0.2913752913752914,0.36,English,4,Charles Jones,Spanish,16
LSTM,859,1.9814016819000244,1.869267323128879,1,0.29220023282887075,0.38,Italian,9,Francesco Marino,Italian,9
LSTM,860,2.147280693054199,1.8733360005542636,0,0.29186046511627906,0.38,Polish,12,Adam Kowalski,Spanish,16
LSTM,861,2.078420877456665,1.8860075737163424,0,0.29152148664343785,0.36,Czech,2,Václav Dvořák,Spanish,16
LSTM,862,0.30228254199028015,1.8464260072633625,1,0.2923433874709977,0.38,Vietnamese,17,Hoàng Phong,Vietnamese,17
LSTM,863,0.19379596412181854,1.7927868680283428,1,0.2931633835457706,0.4,Japanese,10,鈴木大輔,Japanese,10
LSTM,864,1.482674241065979,1.7331048826500774,1,0.29398148148148145,0.42,Spanish,16,Daniel Fernández,Spanish,16
LSTM,865,2.3266854286193848,1.7315975479409098,0,0.29364161849710985,0.42,Portuguese,13,Francisco Rodrigues,Polish,12
LSTM,866,1.2673845291137695,1.7027910427376627,0,0.29330254041570436,0.42,Korean,11,김성민,Japanese,10
LSTM,867,1.059812307357788,1.6399321512505411,0,0.29296424452133796,0.42,Korean,11,최민지,Japanese,10
LSTM,868,2.7909820079803467,1.6285674146935343,0,0.2926267281105991,0.42,French,5,Mathieu Thomas,Portuguese,13
LSTM,869,0.13873910903930664,1.6183164982125162,1,0.29344073647871116,0.42,Japanese,10,加藤悠斗,Japanese,10
LSTM,870,2.5919177532196045,1.658731131963432,0,0.29310344827586204,0.4,Scottish,15,Iain MacKenzie,Spanish,16
LSTM,871,1.2196298837661743,1.6765230975672603,1,0.2939150401836969,0.4,Greek,7,Ευάγγελος Παπαδάκης,Greek,7
LSTM,872,1.9506754875183105,1.7151247626543045,0,0.29357798165137616,0.38,English,4,J.R. Smith,Dutch,3
LSTM,873,1.9015458822250366,1.6920245844125748,1,0.2943871706758305,0.4,Italian,9,Domenico Russo,Italian,9
LSTM,874,1.7033770084381104,1.677213516831398,1,0.2951945080091533,0.42,Spanish,16,Rafael Díaz,Spanish,16
LSTM,875,0.059281282126903534,1.6365821926295758,1,0.296,0.44,Vietnamese,17,Đặng Khang,Vietnamese,17
LSTM,876,1.9724769592285156,1.631245059221983,1,0.2968036529680365,0.46,Spanish,16,Jorge García,Spanish,16
LSTM,877,0.12869960069656372,1.5869144301116467,1,0.2976054732041049,0.48,Japanese,10,加藤悠斗,Japanese,10
LSTM,878,2.020657539367676,1.6269464260712265,1,0.2984054669703872,0.48,English,4,Matthew Wilson,English,4
LSTM,879,1.5157328844070435,1.615445516742766,1,0.2992036405005688,0.5,Polish,12,Szymon Kowalski,Polish,12
LSTM,880,2.8800127506256104,1.632101061977446,0,0.2988636363636364,0.5,French,5,François Thomas,Polish,12
LSTM,881,2.7862119674682617,1.6411780149117112,0,0.2985244040862656,0.5,French,5,Émile L'Hôpital,Polish,12
LSTM,882,0.15884152054786682,1.606973818577826,1,0.29931972789115646,0.5,Russian,14,Игорь Иванов,Russian,14
LSTM,883,2.1370038986206055,1.64956730697304,0,0.29898074745186864,0.48,Portuguese,13,Tiago Oliveira,Spanish,16
LSTM,884,0.4596004784107208,1.6565833166614174,1,0.2997737556561086,0.48,Greek,7,Αθανάσιος Αθανασίου,Greek,7
LSTM,885,2.0090365409851074,1.6579898074641823,1,0.30056497175141245,0.5,Italian,9,Marco Greco,Italian,9
LSTM,886,0.040278900414705276,1.605319891087711,1,0.3013544018058691,0.52,Russian,14,Юрий Сидоров,Russian,14
LSTM,887,0.026762129738926888,1.5568506647646427,1,0.30214205186020293,0.54,Vietnamese,17,Phạm Bình,Vietnamese,17
LSTM,888,1.802858829498291,1.554765358120203,0,0.30180180180180183,0.52,Italian,9,Alessandro Colombo,Polish,12
LSTM,889,2.7561254501342773,1.609716193638742,0,0.3014623172103487,0.5,German,6,Friedrich Weber,Polish,12
LSTM,890,0.01741756685078144,1.6066342970728875,1,0.302247191011236,0.5,Russian,14,Сергей Попов,Russian,14
LSTM,891,1.7489986419677734,1.5907485672831536,1,0.30303030303030304,0.52,Italian,9,Giuseppe Greco,Italian,9
LSTM,892,1.2223297357559204,1.550177352130413,1,0.3038116591928251,0.54,Polish,12,Jakub Lewandowski,Polish,12
LSTM,893,1.5664386749267578,1.4976916286349296,1,0.3045912653975364,0.56,Spanish,16,Francisco Martínez,Spanish,16
LSTM,894,2.5243167877197266,1.5016893169283867,0,0.3042505592841163,0.56,French,5,Louis Thomas,Italian,9
LSTM,895,2.1596412658691406,1.5133587715029717,0,0.3039106145251397,0.54,English,4,William Brown,Polish,12
LSTM,896,1.9701298475265503,1.4925415322184563,0,0.30357142857142855,0.54,Chinese,1,吴静,Japanese,10
LSTM,897,2.7740368843078613,1.5248435851931572,0,0.3032329988851728,0.54,Scottish,15,Rory Stewart,Italian,9
LSTM,898,0.029292427003383636,1.4836250819265842,1,0.3040089086859688,0.56,Vietnamese,17,Trần Hiếu,Vietnamese,17
LSTM,899,1.287700891494751,1.5052785025537014,1,0.3047830923248053,0.56,Spanish,16,Juan Fernández,Spanish,16
LSTM,900,1.5563594102859497,1.49906201466918,1,0.3055555555555556,0.58,Italian,9,Andrea Russo,Italian,9
LSTM,901,4.625422477722168,1.587174473553896,0,0.3052164261931188,0.56,French,5,Hugo Petit,Vietnamese,17
LSTM,902,0.01319839246571064,1.578205000050366,1,0.30598669623059865,0.56,Russian,14,Игорь Васильев,Russian,14
LSTM,903,2.1350321769714355,1.6150670133903622,0,0.30564784053156147,0.54,English,4,Daniel Miller,Spanish,16
LSTM,904,2.3926916122436523,1.6274622761085629,0,0.3053097345132743,0.52,Czech,2,Matěj Novotný,Spanish,16
LSTM,905,0.022778991609811783,1.57507488604635,1,0.3060773480662983,0.54,Russian,14,Евгений Кузнецов,Russian,14
LSTM,906,4.339715003967285,1.6174678265675901,0,0.3057395143487859,0.54,Arabic,0,حسين الهاشمي,Italian,9
LSTM,907,1.7284685373306274,1.6075417196378112,0,0.3054024255788313,0.54,Chinese,1,杨芳,Japanese,10
LSTM,908,1.304827332496643,1.586179655753076,1,0.30616740088105726,0.56,Spanish,16,Pablo López,Spanish,16
LSTM,909,0.09964629262685776,1.5485445479676128,1,0.3069306930693069,0.56,Greek,7,Αικατερίνη Νικολάου,Greek,7
LSTM,910,2.2908945083618164,1.5514168242737651,0,0.3065934065934066,0.56,Czech,2,Daniel Černý,Spanish,16
LSTM,911,0.0849803239107132,1.511548013202846,1,0.30735455543358947,0.58,Greek,7,Χρήστος Παπαδόπουλος,Greek,7
LSTM,912,0.08875174075365067,1.5072773971781135,1,0.3081140350877193,0.58,Japanese,10,鈴木裕子,Japanese,10
LSTM,913,0.3996661901473999,1.5113948016986252,1,0.3088718510405257,0.58,Japanese,10,鈴木彩,Japanese,10
LSTM,914,2.0044291019439697,1.521829898916185,0,0.3085339168490153,0.56,English,4,Charles Smith,Spanish,16
LSTM,915,1.4364900588989258,1.5040259915217757,1,0.3092896174863388,0.58,Italian,9,Alessandro Colombo,Italian,9
LSTM,916,1.7962790727615356,1.514603882394731,1,0.31004366812227074,0.6,English,4,Donald St. John,English,4
LSTM,917,2.5163164138793945,1.543733964525163,0,0.30970556161395857,0.6,Scottish,15,Ross Murray,English,4
LSTM,918,0.048326343297958374,1.4888808512315155,1,0.3104575163398693,0.62,Arabic,0,محمد الخطيب,Arabic,0
LSTM,919,0.08008874207735062,1.4877078438922764,1,0.31120783460282914,0.62,Arabic,0,حسن العتيبي,Arabic,0
LSTM,920,2.9434666633605957,1.4947388220950961,0,0.3108695652173913,0.62,German,6,Sophie Schmidt,English,4
LSTM,921,0.12289614975452423,1.4728041474148632,1,0.3116178067318133,0.62,Vietnamese,17,Đặng Hiếu,Vietnamese,17
LSTM,922,1.2420001029968262,1.4586306397244335,1,0.3123644251626898,0.64,Spanish,16,Javier Martínez,Spanish,16
LSTM,923,2.174171209335327,1.4640831462666393,0,0.3120260021668472,0.62,Dutch,3,Anne Meijer,English,4
LSTM,924,1.306596040725708,1.4561475269123911,1,0.31277056277056275,0.62,Italian,9,Alessandro Esposito,Italian,9
LSTM,925,2.0210180282592773,1.4953822618350388,0,0.3124324324324324,0.6,Italian,9,Luca Russo,English,4
LSTM,926,1.4899042844772339,1.485730808340013,0,0.3120950323974082,0.58,Chinese,1,刘芳,Japanese,10
LSTM,927,2.4734890460968018,1.5326265972480178,0,0.3117583603020496,0.56,Portuguese,13,Manuel Jesus,English,4
LSTM,928,0.010816515423357487,1.4924297767691315,1,0.3125,0.56,Russian,14,Павел Иванов,Russian,14
LSTM,929,2.7650341987609863,1.5174158030562104,0,0.31216361679224974,0.54,Dutch,3,Bram Janssen,English,4
LSTM,930,0.08542577177286148,1.4615240634791553,1,0.31290322580645163,0.56,Vietnamese,17,Nguyễn Đức,Vietnamese,17
LSTM,931,1.2583051919937134,1.4309659279696643,1,0.31364124597207305,0.58,Spanish,16,Francisco Pérez,Spanish,16
LSTM,932,1.3859678506851196,1.4555084545724093,0,0.3133047210300429,0.56,Greek,7,Νικόλαος Σταυρίδης,Russian,14
LSTM,933,1.4830121994018555,1.4424286205880343,1,0.3140407288317256,0.58,English,4,Donald Brown,English,4
LSTM,934,2.4215948581695557,1.481668508183211,0,0.31370449678800855,0.56,Portuguese,13,João Silva,English,4
LSTM,935,1.05500328540802,1.4625878430716694,0,0.31336898395721924,0.54,Korean,11,최지훈,Japanese,10
LSTM,936,2.346691131591797,1.5087160876952113,0,0.31303418803418803,0.52,Portuguese,13,Rui Ferreira,English,4
LSTM,937,2.333233594894409,1.5548455169983209,0,0.3127001067235859,0.5,Czech,2,Filip Kučera,Spanish,16
LSTM,938,1.1028741598129272,1.5408458236046136,0,0.31236673773987206,0.5,Korean,11,김하은,Japanese,10
LSTM,939,1.1680516004562378,1.5090843466110528,1,0.31309904153354634,0.52,Spanish,16,Álvaro Sánchez,Spanish,16
LSTM,940,1.1109492778778076,1.5309549808315932,1,0.31382978723404253,0.52,Spanish,16,Jorge Sánchez,Spanish,16
LSTM,941,0.0818980485200882,1.4976129689626396,1,0.3145589798087141,0.52,Vietnamese,17,Nguyễn Hải,Vietnamese,17
LSTM,942,3.187800407409668,1.5369223823957145,0,0.31422505307855625,0.5,Polish,12,Jan Lewandowski,Spanish,16
LSTM,943,1.7392165660858154,1.5403779402188957,0,0.3138918345705196,0.48,Chinese,1,吴娜,Japanese,10
LSTM,944,2.799285650253296,1.545877317469567,0,0.3135593220338983,0.48,Polish,12,Kamil Kowalczyk,Spanish,16
LSTM,945,3.024125099182129,1.5631669941358268,0,0.31322751322751324,0.48,Irish,8,Brendan Kennedy,Spanish,16
LSTM,946,0.031481288373470306,1.5243940229527653,1,0.313953488372093,0.5,Arabic,0,طارق الغامدي,Arabic,0
LSTM,947,1.836321234703064,1.5056397099606693,0,0.3136219640971489,0.5,Czech,2,Jiří Černý,Dutch,3
LSTM,948,1.2752248048782349,1.5305583575181663,0,0.31329113924050633,0.48,Greek,7,Χρήστος Σταυρίδης,Vietnamese,17
LSTM,949,3.005826234817505,1.5649208643846213,0,0.3129610115911486,0.46,Dutch,3,Sophie Meijer,Spanish,16
LSTM,950,0.4135825037956238,1.542065326254815,1,0.3136842105263158,0.46,Japanese,10,鈴木誠,Japanese,10
LSTM,951,1.641964316368103,1.4823961630277336,0,0.31335436382754994,0.46,Chinese,1,陈勇,Japanese,10
LSTM,952,0.11987067013978958,1.4845296085812152,1,0.31407563025210083,0.46,Vietnamese,17,Hoàng Hiếu,Vietnamese,17
LSTM,953,2.781259059906006,1.4974541462399065,0,0.31374606505771246,0.46,French,5,J.-P. L'Hôpital,Spanish,16
LSTM,954,0.15293213725090027,1.4526589567400514,1,0.31446540880503143,0.48,Russian,14,Сергей Михайлов,Russian,14
LSTM,955,2.8445889949798584,1.5090951568074524,0,0.31413612565445026,0.46,Scottish,15,Angus Douglas,Spanish,16
LSTM,956,2.560969829559326,1.4735202533192933,0,0.3138075313807531,0.46,French,5,Mathieu Bernard,Spanish,16
LSTM,957,2.034478187561035,1.4796404463239015,0,0.31347962382445144,0.46,Czech,2,Tomáš Němec,Dutch,3
LSTM,958,0.014529144391417503,1.4538344825617968,1,0.31419624217118997,0.46,Russian,14,Евгений Иванов,Russian,14
LSTM,959,2.15382719039917,1.4949181005172432,0,0.31386861313868614,0.44,Italian,9,Luca Ferrari,Spanish,16
LSTM,960,1.7334492206573486,1.4837691947631537,0,0.31354166666666666,0.44,Chinese,1,张艳,Japanese,10
LSTM,961,1.6363364458084106,1.5147963172011076,0,0.31321540062434966,0.42,Chinese,1,陈伟,Japanese,10
LSTM,962,1.6906485557556152,1.546834253501147,1,0.31392931392931395,0.42,Italian,9,Luca Colombo,Italian,9
LSTM,963,1.4284553527832031,1.567410036753863,1,0.3146417445482866,0.42,Polish,12,Szymon Lewandowski,Polish,12
LSTM,964,2.512058734893799,1.5775626294128597,0,0.31431535269709543,0.42,Scottish,15,Ewan Campbell,Spanish,16
LSTM,965,1.4289910793304443,1.57741264982149,1,0.3150259067357513,0.42,Chinese,1,周杰,Chinese,1
LSTM,966,2.7650957107543945,1.5967889825813473,0,0.3146997929606625,0.4,German,6,Johannes Fischer,Spanish,16
LSTM,967,0.7998952269554138,1.5624605588428677,1,0.3154084798345398,0.42,Korean,11,임민지,Korean,11
LSTM,968,1.6442967653274536,1.5943799672834575,1,0.31611570247933884,0.42,Chinese,1,吴磊,Chinese,1
LSTM,969,0.30080610513687134,1.598794314544648,1,0.31682146542827655,0.42,Japanese,10,田中美咲,Japanese,10
LSTM,970,3.3955373764038086,1.6078357288055123,0,0.31649484536082473,0.42,Dutch,3,Lucas van Dijk,Polish,12
LSTM,971,2.2024664878845215,1.649427135568112,0,0.3161688980432544,0.4,Portuguese,13,António Costa,Italian,9
LSTM,972,0.0067727770656347275,1.6247225890494883,1,0.3168724279835391,0.4,Russian,14,Сергей Кузнецов,Russian,14
LSTM,973,0.7624922394752502,1.5964890096522868,1,0.3175745118191161,0.42,Japanese,10,高橋愛,Japanese,10
LSTM,974,2.582509994506836,1.6220072887279093,0,0.31724845995893225,0.4,Scottish,15,Stuart Douglas,Italian,9
LSTM,975,2.457336187362671,1.630733651909977,0,0.3169230769230769,0.4,Scottish,15,Ross Stewart,Italian,9
LSTM,976,1.2145332098007202,1.6252262304164469,1,0.3176229508196721,0.42,Spanish,16,Javier Rodríguez,Spanish,16
LSTM,977,1.9884681701660156,1.6155258128978311,1,0.31832139201637666,0.44,Czech,2,Jakub Němec,Czech,2
LSTM,978,2.1911351680755615,1.6591321859508752,0,0.3179959100204499,0.42,Portuguese,13,João Santos,Italian,9
LSTM,979,2.131131410598755,1.6464541301876308,0,0.3176710929519918,0.42,Portuguese,13,André Martins,Italian,9
LSTM,980,2.2583670616149902,1.6899129559844732,0,0.3173469387755102,0.4,French,5,J.-P. Durand,Czech,2
LSTM,981,1.8977552652359009,1.702701957449317,1,0.3180428134556575,0.4,Italian,9,Antonio Bianchi,Italian,9
LSTM,982,1.5335782766342163,1.7056541659682989,1,0.31873727087576376,0.42,Dutch,3,Jan Jansen,Dutch,3
LSTM,983,0.20121711492538452,1.6800182642787695,1,0.31943031536113936,0.42,Japanese,10,小林美咲,Japanese,10
LSTM,984,5.575290203094482,1.743092171177268,0,0.31910569105691056,0.42,Italian,9,Vincenzo Esposito,Greek,7
LSTM,985,0.006218370981514454,1.722116472888738,1,0.3197969543147208,0.44,Russian,14,Николай Соколов,Russian,14
LSTM,986,3.4067490100860596,1.743317630458623,0,0.31947261663286003,0.44,Portuguese,13,António Ferreira,Vietnamese,17
LSTM,987,0.006087097339332104,1.6967747005075215,1,0.32016210739615,0.46,Russian,14,Евгений Кузнецов,Russian,14
LSTM,988,0.007951746694743633,1.674876252245158,1,0.3208502024291498,0.48,Russian,14,Иван Иванов,Russian,14
LSTM,989,0.9302526116371155,1.6701202724687756,1,0.32153690596562184,0.48,Korean,11,윤하은,Korean,11
LSTM,990,1.9789791107177734,1.687480869125575,0,0.3212121212121212,0.46,Portuguese,13,Francisco Pereira,Italian,9
LSTM,991,1.5165940523147583,1.7161747892014683,1,0.3218970736629667,0.46,Chinese,1,王平,Chinese,1
LSTM,992,3.0012354850769043,1.712443490754813,0,0.3215725806451613,0.46,Polish,12,Adam Kowalczyk,Czech,2
LSTM,993,4.404229640960693,1.7657437522523105,0,0.32124874118831825,0.46,Spanish,16,Juan Díaz,Vietnamese,17
LSTM,994,2.2493693828582764,1.75474542690441,0,0.3209255533199195,0.46,French,5,Gabriel Martin,Czech,2
LSTM,995,3.0889716148376465,1.7560423572175206,0,0.32060301507537686,0.46,English,4,Mark Wilson,Dutch,3
LSTM,996,0.005458213854581118,1.7555218957271428,1,0.321285140562249,0.46,Russian,14,Дмитрий Иванов,Russian,14
LSTM,997,2.533539295196533,1.769466256937012,0,0.320962888665998,0.46,English,4,Paul Smith,Czech,2
LSTM,998,1.4921358823776245,1.773804478487,0,0.32064128256513025,0.46,Greek,7,Σοφία Σταυρίδης,Russian,14
LSTM,999,0.8215146660804749,1.7301182471122594,1,0.3213213213213213,0.48,Korean,11,정예준,Korean,11
LSTM,1000,1.712917685508728,1.7561049507465214,0,0.321,0.46,Polish,12,Paweł Zieliński,Italian,9
LSTM,1001,1.347655177116394,1.7502187679614871,1,0.32167832167832167,0.48,Chinese,1,赵涛,Chinese,1
LSTM,1002,2.3237314224243164,1.7942959830071776,0,0.3213572854291417,0.46,English,4,Anthony Taylor,Italian,9
LSTM,1003,0.005999650806188583,1.7387907948251813,1,0.3220338983050847,0.48,Russian,14,Николай Кузнецов,Russian,14
LSTM,1004,0.7668232917785645,1.7510686179157346,1,0.32270916334661354,0.48,Korean,11,강지호,Korean,11
LSTM,1005,1.964624285697937,1.7334693237300962,0,0.32238805970149254,0.48,Czech,2,Jakub Veselý,Portuguese,13
LSTM,1006,2.2096633911132812,1.7264431949611754,0,0.3220675944333996,0.48,English,4,Mark Davis,Portuguese,13
LSTM,1007,0.6662580966949463,1.6990787931438536,1,0.3227408142999007,0.5,Korean,11,강지훈,Korean,11
LSTM,1008,0.6254098415374756,1.7112964070867747,1,0.32341269841269843,0.5,Japanese,10,小林翔,Japanese,10
LSTM,1009,3.1779403686523438,1.731778670651838,0,0.32309217046580774,0.5,Irish,8,Conor Walsh,Italian,9
LSTM,1010,2.6468801498413086,1.7500472892355174,0,0.3227722772277228,0.5,Dutch,3,Kees de Jong,Italian,9
LSTM,1011,2.3927626609802246,1.7651758135389537,0,0.32245301681503463,0.5,French,5,Gabriel Durand,Portuguese,13
LSTM,1012,1.4903894662857056,1.7611706317495555,1,0.3231225296442688,0.5,Spanish,16,Álvaro López,Spanish,16
LSTM,1013,1.4833683967590332,1.7622688926290722,1,0.32379072063178677,0.5,Vietnamese,17,Trần Khôi,Vietnamese,17
LSTM,1014,2.755667209625244,1.767141062123701,0,0.3234714003944773,0.5,Irish,8,Saoirse Kennedy,Portuguese,13
LSTM,1015,2.657907485961914,1.7917193902563304,0,0.32315270935960594,0.48,Irish,8,Seán Kennedy,Portuguese,13
LSTM,1016,0.010520828887820244,1.7366278926189989,1,0.32381889763779526,0.5,Russian,14,Николай Сидоров,Russian,14
LSTM,1017,1.736909031867981,1.7553681687172502,1,0.32448377581120946,0.5,Italian,9,Stefano Marino,Italian,9
LSTM,1018,2.2951483726501465,1.768385200863704,0,0.3241650294695481,0.48,Scottish,15,Malcolm MacKenzie,Spanish,16
LSTM,1019,2.3582663536071777,1.8095344058331102,0,0.323846908734053,0.46,Dutch,3,Lucas Jansen,English,4
LSTM,1020,2.340762138366699,1.788438901072368,0,0.3235294117647059,0.46,Czech,2,Daniel Procházka,Portuguese,13
LSTM,1021,2.368345022201538,1.7917564717587084,0,0.3232125367286974,0.46,French,5,Benoît L'Hôpital,Portuguese,13
LSTM,1022,0.010305053554475307,1.7918271172884852,1,0.3238747553816047,0.46,Russian,14,Андрей Петров,Russian,14
LSTM,1023,0.23256708681583405,1.7812286142352969,1,0.32453567937438904,0.46,Japanese,10,小林拓也,Japanese,10
LSTM,1024,0.5029696226119995,1.7396378067974,1,0.3251953125,0.48,Korean,11,임지훈,Korean,11
LSTM,1025,1.5748318433761597,1.7219877199176699,0,0.3248780487804878,0.48,Czech,2,Jan Veselý,Dutch,3
LSTM,1026,0.3521367013454437,1.7047397897485643,1,0.3255360623781676,0.48,Vietnamese,17,Phạm Nam,Vietnamese,17
LSTM,1027,2.2859673500061035,1.710689773345366,0,0.3252190847127556,0.46,Italian,9,Alessandro Ferrari,Portuguese,13
LSTM,1028,2.3356871604919434,1.7135808131936938,0,0.32490272373540857,0.46,French,5,Lucien Robert,Czech,2
LSTM,1029,1.3470094203948975,1.6978983733896167,1,0.32555879494655005,0.48,Spanish,16,Rafael González,Spanish,16
LSTM,1030,2.278784990310669,1.69830673196353,0,0.32524271844660196,0.48,Dutch,3,Sander de Vries,Czech,2
LSTM,1031,1.8807123899459839,1.697965874457732,0,0.32492725509214354,0.46,English,4,James Brown,Dutch,3
LSTM,1032,2.2958123683929443,1.7132105562929063,0,0.3246124031007752,0.44,Scottish,15,Fraser MacDonald,French,5
LSTM,1033,0.3205149173736572,1.715596512341872,1,0.32526621490803487,0.44,Korean,11,윤지훈,Korean,11
LSTM,1034,0.27745330333709717,1.6096397743467241,1,0.32591876208897486,0.46,Korean,11,강민지,Korean,11
LSTM,1035,0.19573329389095306,1.613430072804913,1,0.32657004830917874,0.46,Vietnamese,17,Trần Minh,Vietnamese,17
LSTM,1036,2.099720001220703,1.5872894926276058,0,0.32625482625482627,0.46,Czech,2,Matěj Novák,Vietnamese,17
LSTM,1037,2.1118216514587402,1.629404183709994,0,0.32594021215043395,0.44,Italian,9,Andrea Romano,Czech,2
LSTM,1038,2.4368226528167725,1.6779816018324345,0,0.325626204238921,0.42,Scottish,15,Ross Fraser,Dutch,3
LSTM,1039,2.305753469467163,1.7054916189890355,0,0.3253128007699711,0.4,Portuguese,13,Bruno Sousa,Czech,2
LSTM,1040,2.2193007469177246,1.7102980517130346,0,0.325,0.4,Portuguese,13,Rui Martins,Czech,2
LSTM,1041,1.8792939186096191,1.7175520490389318,1,0.3256484149855908,0.4,Czech,2,David Svoboda,Czech,2
LSTM,1042,0.45192524790763855,1.6665658442955464,1,0.32629558541266795,0.42,Japanese,10,小林健,Japanese,10
LSTM,1043,2.066232204437256,1.6198058955650776,1,0.32694151486097794,0.44,Czech,2,Daniel Procházka,Czech,2
LSTM,1044,0.02105492353439331,1.5752396063786,1,0.3275862068965517,0.46,Russian,14,Николай Михайлов,Russian,14
LSTM,1045,1.4107139110565186,1.5416744523029775,1,0.3282296650717703,0.48,Spanish,16,Javier López,Spanish,16
LSTM,1046,2.1414148807525635,1.584393585640937,0,0.3279158699808795,0.46,English,4,J.R. St. John,Czech,2
LSTM,1047,0.05037332698702812,1.534730266276747,1,0.32855778414517667,0.48,Vietnamese,17,Võ Dũng,Vietnamese,17
LSTM,1048,2.1188907623291016,1.5472653638757765,0,0.3282442748091603,0.48,French,5,Noël L'Hôpital,Portuguese,13
LSTM,1049,2.4460535049438477,1.579756140653044,0,0.3279313632030505,0.46,English,4,Christopher Miller,French,5
LSTM,1050,2.1106057167053223,1.587709901276976,0,0.32761904761904764,0.46,Spanish,16,Miguel García,Portuguese,13
LSTM,1051,2.3067047595977783,1.6068908929266035,0,0.3273073263558516,0.44,Dutch,3,Joris Janssen,Czech,2
LSTM,1052,1.9170866012573242,1.5987579965032637,1,0.3279467680608365,0.46,English,4,Paul Brown,English,4
LSTM,1053,2.1503236293792725,1.6416444760747253,0,0.32763532763532766,0.44,French,5,Augustin Thomas,Portuguese,13
LSTM,1054,0.12678523361682892,1.6288437149114907,1,0.32827324478178366,0.44,Japanese,10,加藤花子,Japanese,10
LSTM,1055,0.07078511267900467,1.5909669314511121,1,0.3289099526066351,0.46,Greek,7,Βασίλειος Νικολάου,Greek,7
LSTM,1056,0.9702930450439453,1.5661795245297254,1,0.32954545454545453,0.48,Spanish,16,Luis Rodríguez,Spanish,16
LSTM,1057,1.7537174224853516,1.5879287110455333,1,0.3301797540208136,0.48,Czech,2,Martin Dvořák,Czech,2
LSTM,1058,3.5686728954315186,1.6467939721234144,0,0.32986767485822305,0.46,German,6,Klaus Schulz,Spanish,16
LSTM,1059,0.789306104183197,1.5990212868340314,1,0.3305004721435316,0.48,Vietnamese,17,Phạm Khôi,Vietnamese,17
LSTM,1060,1.9924381971359253,1.5859324477799237,1,0.3311320754716981,0.5,English,4,James Taylor,English,4
LSTM,1061,2.0930042266845703,1.5799372790940105,1,0.33176248821866167,0.52,Italian,9,Stefano Ricci,Italian,9
LSTM,1062,0.0941641628742218,1.552012773025781,1,0.332391713747646,0.52,Vietnamese,17,Trần Dũng,Vietnamese,17
LSTM,1063,1.7441354990005493,1.5572281150706113,1,0.3330197554092192,0.52,Spanish,16,David Gómez,Spanish,16
LSTM,1064,2.1555936336517334,1.545226643551141,0,0.33270676691729323,0.52,French,5,Louis Dubois,English,4
LSTM,1065,1.9946961402893066,1.5319624166376888,1,0.3333333333333333,0.54,English,4,Michael Williams,English,4
LSTM,1066,0.4870624244213104,1.5414932485483588,1,0.3339587242026266,0.54,Japanese,10,中村健,Japanese,10
LSTM,1067,1.6622200012207031,1.5399994679354132,0,0.3336457357075914,0.52,Chinese,1,王磊,Korean,11
LSTM,1068,1.642840027809143,1.526953301038593,1,0.3342696629213483,0.54,Czech,2,Marek Novák,Czech,2
LSTM,1069,2.8348305225372314,1.5364845844171942,0,0.33395696913002804,0.54,Irish,8,Oisín O'Connor,English,4
LSTM,1070,3.211087942123413,1.5538911004923284,0,0.3336448598130841,0.54,German,6,Lukas Hoffmann,English,4
LSTM,1071,2.270447015762329,1.5519331403635441,0,0.3333333333333333,0.54,Portuguese,13,Mário Martins,English,4
LSTM,1072,0.03281713277101517,1.552383381947875,1,0.333955223880597,0.54,Arabic,0,يوسف الحسيني,Arabic,0
LSTM,1073,0.033055439591407776,1.5483931490033864,1,0.33457595526561046,0.54,Vietnamese,17,Phạm Nam,Vietnamese,17
LSTM,1074,1.6606576442718506,1.5715469094365835,1,0.33519553072625696,0.54,Italian,9,Carlo Colombo,Italian,9
LSTM,1075,0.03684605285525322,1.5407871936261655,1,0.3358139534883721,0.56,Greek,7,Ευάγγελος Αλεξίου,Greek,7
LSTM,1076,2.6588997840881348,1.5869224552810193,0,0.3355018587360595,0.54,Polish,12,Marek Wójcik,English,4
LSTM,1077,0.007308177649974823,1.5413492718338966,1,0.3361188486536676,0.56,Russian,14,Сергей Иванов,Russian,14
LSTM,1078,1.4291936159133911,1.5232194009423257,1,0.336734693877551,0.58,Chinese,1,张伟,Chinese,1
LSTM,1079,0.007404621224850416,1.4964273049589247,1,0.3373493975903614,0.58,Russian,14,Виктор Попов,Russian,14
LSTM,1080,2.506420612335205,1.5009800173994154,0,0.337037037037037,0.58,Scottish,15,Aileen Murray,English,4
LSTM,1081,2.987190008163452,1.5231095697637647,0,0.3367252543940796,0.58,German,6,Thomas Weber,Czech,2
LSTM,1082,1.8600155115127563,1.514393632626161,1,0.33733826247689463,0.6,English,4,James Jones,English,4
LSTM,1083,0.3254258632659912,1.5144918515440076,1,0.3379501385041551,0.6,Japanese,10,加藤愛,Japanese,10
LSTM,1084,0.5046159625053406,1.5190351047273725,1,0.3385608856088561,0.6,Korean,11,강현우,Korean,11
LSTM,1085,1.5189802646636963,1.5455000441428275,1,0.3391705069124424,0.6,English,4,Donald St. John,English,4
LSTM,1086,0.7533095479011536,1.5185718350764363,1,0.3397790055248619,0.62,Korean,11,조도윤,Korean,11
LSTM,1087,0.09453210979700089,1.4782260442432016,1,0.3403863845446182,0.64,Vietnamese,17,Trần Hoàng,Vietnamese,17
LSTM,1088,0.09544966369867325,1.4313985844608397,1,0.34099264705882354,0.66,Japanese,10,田中花子,Japanese,10
LSTM,1089,0.018701186403632164,1.385657538799569,1,0.3415977961432507,0.68,Russian,14,Игорь Петров,Russian,14
LSTM,1090,2.8411202430725098,1.3980939287226648,0,0.3412844036697248,0.68,Irish,8,Michael Doyle,English,4
LSTM,1091,0.029417796060442924,1.3610964062716813,1,0.34188817598533455,0.68,Greek,7,Μαρία Παπαδάκης,Greek,7
LSTM,1092,2.7080554962158203,1.4062190112378448,0,0.3415750915750916,0.66,Dutch,3,Joris de Jong,English,4
LSTM,1093,1.5263161659240723,1.3954206904675812,1,0.3421774931381519,0.66,Italian,9,Vincenzo Bianchi,Italian,9
LSTM,1094,2.3468217849731445,1.4419360276963562,0,0.34186471663619744,0.64,Portuguese,13,Manuel Pereira,English,4
LSTM,1095,2.458911418914795,1.4628999778535217,0,0.3415525114155251,0.62,French,5,Charles Robert,English,4
LSTM,1096,0.5859965085983276,1.431791610410437,1,0.34215328467153283,0.64,Japanese,10,高橋蓮,Japanese,10
LSTM,1097,2.2893502712249756,1.4765711492951958,0,0.34184138559708294,0.62,French,5,Gabriel Durand,English,4
LSTM,1098,1.3673335313796997,1.461540004676208,1,0.3424408014571949,0.64,Spanish,16,Álvaro Martínez,Spanish,16
LSTM,1099,2.3045830726623535,1.458710596030578,0,0.3421292083712466,0.64,Scottish,15,Aileen Campbell,English,4
LSTM,1100,2.26945161819458,1.461887514060363,0,0.3418181818181818,0.64,Scottish,15,Fergus MacDonald,English,4
LSTM,1101,2.392803430557251,1.4636094874795527,0,0.34150772025431425,0.64,Czech,2,Jan Procházka,Italian,9
LSTM,1102,0.9930112361907959,1.445127980178222,1,0.34210526315789475,0.64,Spanish,16,Rafael Martínez,Spanish,16
LSTM,1103,0.024095317348837852,1.4026034139376133,1,0.34270172257479603,0.66,Greek,7,Ευάγγελος Γεωργίου,Greek,7
LSTM,1104,0.3192162811756134,1.406452034888789,1,0.3432971014492754,0.66,Korean,11,김예준,Korean,11
LSTM,1105,1.0814363956451416,1.4266650605481117,1,0.3438914027149321,0.66,Chinese,1,刘杰,Chinese,1
LSTM,1106,2.3427233695983887,1.4541136670392008,0,0.3435804701627486,0.64,Scottish,15,Murdo Graham,Spanish,16
LSTM,1107,2.1440134048461914,1.4619195866864174,0,0.34327009936766034,0.62,Scottish,15,Niall Campbell,Spanish,16
LSTM,1108,0.13796170055866241,1.3933053627889604,1,0.34386281588447654,0.64,Vietnamese,17,Nguyễn Cường,Vietnamese,17
LSTM,1109,2.4359798431396484,1.4262388375680894,0,0.3435527502254283,0.62,Dutch,3,Thomas Bakker,Spanish,16
LSTM,1110,1.8325611352920532,1.423041296331212,1,0.3441441441441441,0.62,English,4,Joseph Brown,English,4
LSTM,1111,0.2554211914539337,1.3862896356265992,1,0.34473447344734476,0.62,Korean,11,임지민,Korean,11
LSTM,1112,2.6047005653381348,1.4365003636758775,0,0.3444244604316547,0.6,Polish,12,Adam Kowalczyk,Spanish,16
LSTM,1113,1.3809590339660645,1.4292368343751878,1,0.3450134770889488,0.6,Chinese,1,杨娜,Chinese,1
LSTM,1114,1.500618815422058,1.4161373380105942,0,0.34470377019748655,0.6,Chinese,1,赵丽,Korean,11
LSTM,1115,0.015949057415127754,1.3765623963531106,1,0.3452914798206278,0.6,Vietnamese,17,Lê Khang,Vietnamese,17
LSTM,1116,0.1676410287618637,1.3701739684399217,1,0.34587813620071683,0.6,Korean,11,윤지훈,Korean,11
LSTM,1117,1.958626389503479,1.3761020962055772,1,0.34646374216651743,0.62,Italian,9,Vincenzo Rossi,Italian,9
LSTM,1118,1.9027104377746582,1.3812995044048875,1,0.3470483005366726,0.62,Polish,12,Mateusz Lewandowski,Polish,12
LSTM,1119,0.04488902911543846,1.3255006745364517,1,0.34763181411974975,0.64,Russian,14,Олег Новиков,Russian,14
LSTM,1120,0.005335377529263496,1.2613856232445686,1,0.3482142857142857,0.66,Vietnamese,17,Phạm Linh,Vietnamese,17
LSTM,1121,2.394667625427246,1.2638700354378671,0,0.3479036574487065,0.66,Dutch,3,Joris Jansen,English,4
LSTM,1122,1.9229001998901367,1.3016716967802495,0,0.34759358288770054,0.64,Dutch,3,Jan Bakker,English,4
LSTM,1123,0.530110239982605,1.3116127927880734,1,0.3481745325022262,0.64,Korean,11,정동현,Korean,11
LSTM,1124,0.005692580249160528,1.2785134915076197,1,0.3487544483985765,0.64,Vietnamese,17,Hoàng Minh,Vietnamese,17
LSTM,1125,2.1697468757629395,1.3211715079657733,0,0.34844444444444445,0.62,English,4,Christopher Williams,Scottish,15
LSTM,1126,0.8069587349891663,1.284132686983794,1,0.34902309058614567,0.64,Spanish,16,Carlos Martínez,Spanish,16
LSTM,1127,2.3256537914276123,1.3304995992593467,0,0.3487133984028394,0.62,Spanish,16,José García,Czech,2
LSTM,1128,1.4349242448806763,1.3306142118386923,1,0.34929078014184395,0.62,Chinese,1,王洋,Chinese,1
LSTM,1129,1.8441643714904785,1.367349406844005,1,0.34986713906111605,0.62,English,4,Robert St. John,English,4
LSTM,1130,0.27629175782203674,1.3227468297537417,1,0.3504424778761062,0.64,Japanese,10,山本花子,Japanese,10
LSTM,1131,0.7930704355239868,1.2788644383009524,1,0.3510167992926614,0.66,Spanish,16,Pedro Martínez,Spanish,16
LSTM,1132,1.427512526512146,1.27021437860094,1,0.35159010600706714,0.66,English,4,Mark Wilson,English,4
LSTM,1133,0.7358800768852234,1.2784234628733246,1,0.35216240070609,0.66,Spanish,16,Pablo Fernández,Spanish,16
LSTM,1134,0.14222858846187592,1.2711757153924554,1,0.3527336860670194,0.66,Japanese,10,中村悠斗,Japanese,10
LSTM,1135,0.07813956588506699,1.2423589014168828,1,0.35330396475770925,0.66,Japanese,10,高橋花子,Japanese,10
LSTM,1136,1.229346752166748,1.2518796455021948,1,0.3538732394366197,0.66,Polish,12,Stanisław Zieliński,Polish,12
LSTM,1137,2.652341365814209,1.303035830622539,0,0.35356200527704484,0.64,Italian,9,Luca Ricci,English,4
LSTM,1138,0.2230619192123413,1.3055880757328122,1,0.3541300527240773,0.64,Japanese,10,山本美咲,Japanese,10
LSTM,1139,3.256641387939453,1.3703468797635288,0,0.353819139596137,0.62,Spanish,16,Pedro Sánchez,Vietnamese,17
LSTM,1140,7.493175029754639,1.4633879754971713,0,0.35350877192982455,0.62,Scottish,15,Angus Robertson,Vietnamese,17
LSTM,1141,1.9152365922927856,1.501104351421818,0,0.3531989482909728,0.6,Italian,9,Andrea Colombo,Spanish,16
LSTM,1142,0.07214370369911194,1.448386115571484,1,0.35376532399299476,0.62,Arabic,0,ماجد الغامدي,Arabic,0
LSTM,1143,0.05479992553591728,1.418955790763721,1,0.3543307086614173,0.62,Japanese,10,小林大輔,Japanese,10
LSTM,1144,2.075312614440918,1.4135256073530764,0,0.354020979020979,0.62,Dutch,3,Kees Bakker,Spanish,16
LSTM,1145,1.8156962394714355,1.400661303764209,1,0.35458515283842795,0.64,Italian,9,Domenico Greco,Italian,9
LSTM,1146,0.0339251346886158,1.389619876286015,1,0.3551483420593368,0.64,Arabic,0,كريم المالكي,Arabic,0
LSTM,1147,1.9495172500610352,1.382823215862736,0,0.3548387096774194,0.64,Scottish,15,Gordon Campbell,Spanish,16
LSTM,1148,0.022206341847777367,1.3559206720720978,1,0.3554006968641115,0.64,Greek,7,Κωνσταντίνος Σταυρίδης,Greek,7
LSTM,1149,1.1288949251174927,1.3324069091212005,1,0.35596170583115755,0.66,Chinese,1,赵洋,Chinese,1
LSTM,1150,2.1153564453125,1.3293250056635588,0,0.3556521739130435,0.66,Scottish,15,Duncan MacKenzie,Polish,12
LSTM,1151,0.7541332244873047,1.2965516015421599,1,0.35621198957428324,0.68,Spanish,16,Antonio Gómez,Spanish,16
LSTM,1152,0.7816013693809509,1.292323404205963,1,0.3567708333333333,0.68,Polish,12,Stanisław Kowalski,Polish,12
LSTM,1153,0.020882155746221542,1.2922591409739106,1,0.35732870771899394,0.68,Greek,7,Βασίλειος Παπαδόπουλος,Greek,7
LSTM,1154,2.480062484741211,1.3354760650452226,0,0.35701906412478335,0.66,Dutch,3,Daan de Vries,Spanish,16
LSTM,1155,0.02601034939289093,1.3143675441201776,1,0.3575757575757576,0.66,Arabic,0,كريم الهاشمي,Arabic,0
LSTM,1156,0.5498954653739929,1.2785109860356898,1,0.35813148788927335,0.68,Japanese,10,渡辺愛,Japanese,10
LSTM,1157,1.97676682472229,1.2751660544332117,0,0.35782195332757133,0.68,English,4,David Miller,Spanish,16
LSTM,1158,2.8325395584106445,1.3290576115902513,0,0.35751295336787564,0.66,German,6,Dieter Meyer,Spanish,16
LSTM,1159,0.7143751978874207,1.2946255186852067,1,0.35806729939603105,0.68,Spanish,16,Sergio Díaz,Spanish,16
LSTM,1160,1.847225308418274,1.2949188021477311,0,0.3577586206896552,0.66,Scottish,15,Hamish Robertson,English,4
LSTM,1161,1.098496437072754,1.3117803070601075,1,0.35831180017226527,0.66,Chinese,1,周伟,Chinese,1
LSTM,1162,2.000878095626831,1.2997038576658815,0,0.35800344234079173,0.66,English,4,Matthew Davis,Scottish,15
LSTM,1163,2.796685218811035,1.3280183813627808,0,0.3576956147893379,0.64,German,6,Wolfgang Becker,Spanish,16
LSTM,1164,0.012205906212329865,1.2982501231785863,1,0.3582474226804124,0.66,Japanese,10,小林美咲,Japanese,10
LSTM,1165,1.864314079284668,1.335217423615977,0,0.3579399141630901,0.64,Scottish,15,Ross Fraser,English,4
LSTM,1166,1.6965330839157104,1.365795264719054,1,0.3584905660377358,0.64,Polish,12,Jan Kowalczyk,Polish,12
LSTM,1167,2.7923994064331055,1.3824707250576467,0,0.3581833761782348,0.62,French,5,Pierre Richard,Scottish,15
LSTM,1168,2.451636791229248,1.3934492521267385,0,0.3578767123287671,0.6,Vietnamese,17,Hoàng Hoàng,Greek,7
LSTM,1169,1.6987190246582031,1.4265258520375936,1,0.358426005132592,0.6,Vietnamese,17,Hoàng Khôi,Vietnamese,17
LSTM,1170,3.204336643218994,1.4905058773513884,0,0.3581196581196581,0.58,Irish,8,Brian Gallagher,Scottish,15
LSTM,1171,1.6353511810302734,1.475319548463449,1,0.35866780529462,0.6,Scottish,15,Iain MacKenzie,Scottish,15
LSTM,1172,0.036208633333444595,1.437585717132315,1,0.35921501706484643,0.62,Greek,7,Θεόδωρος Δημητρίου,Greek,7
LSTM,1173,3.700662136077881,1.5009967550542205,0,0.3589087809036658,0.6,Vietnamese,17,Phạm Phong,Russian,14
LSTM,1174,0.022440429776906967,1.5013317120447756,1,0.3594548551959114,0.6,Greek,7,Μαρία Δημητρίου,Greek,7
LSTM,1175,2.0164196491241455,1.4982651675119996,0,0.35914893617021276,0.6,Italian,9,Alessandro Greco,Scottish,15
LSTM,1176,2.7825169563293457,1.5377763319388031,0,0.358843537414966,0.58,German,6,Lukas Schulz,Spanish,16
LSTM,1177,1.505277156829834,1.5213687992468476,1,0.35938827527612577,0.6,Scottish,15,Angus Stewart,Scottish,15
LSTM,1178,1.6562806367874146,1.5257959270849824,1,0.3599320882852292,0.6,Scottish,15,Iain Stewart,Scottish,15
LSTM,1179,0.125028595328331,1.4914132115617393,1,0.3604749787955895,0.6,Vietnamese,17,Đặng Đức,Vietnamese,17
LSTM,1180,2.980254650115967,1.545492469407618,0,0.3601694915254237,0.58,Irish,8,Darragh Walsh,English,4
LSTM,1181,2.1550185680389404,1.572731432057917,0,0.3598645215918713,0.56,Dutch,3,Kees Visser,English,4
LSTM,1182,0.1320398598909378,1.5468219787254929,1,0.3604060913705584,0.56,Vietnamese,17,Hoàng Quân,Vietnamese,17
LSTM,1183,1.1399455070495605,1.5549032873287798,1,0.3609467455621302,0.56,Polish,12,Jakub Kowalczyk,Polish,12
LSTM,1184,1.4302643537521362,1.5806640026345848,1,0.3614864864864865,0.56,English,4,Donald Brown,English,4
LSTM,1185,0.916932225227356,1.5974398558214307,1,0.3620253164556962,0.56,Chinese,1,刘娟,Chinese,1
LSTM,1186,2.0572988986968994,1.6139988987520337,0,0.3617200674536256,0.54,Czech,2,Jiří Černý,English,4
LSTM,1187,0.01487673632800579,1.5612496061623096,1,0.36225779275484415,0.56,Russian,14,Владимир Михайлов,Russian,14
LSTM,1188,2.7169389724731445,1.6111271472275257,0,0.36195286195286197,0.54,Irish,8,Brendan Kennedy,Scottish,15
LSTM,1189,1.2694497108459473,1.5713833136856556,1,0.36248948696383515,0.56,Scottish,15,Ross MacKenzie,Scottish,15
LSTM,1190,2.4576516151428223,1.4706728453934192,0,0.3621848739495798,0.56,German,6,Felix Wagner,Scottish,15
LSTM,1191,2.9490723609924316,1.491349560767412,0,0.3618807724601176,0.56,Irish,8,Conor Gallagher,Scottish,15
LSTM,1192,2.486459255218506,1.5396358717978,0,0.3615771812080537,0.54,Irish,8,Michael Kelly,Scottish,15
LSTM,1193,1.9924222230911255,1.5783883177489042,0,0.36127409891031015,0.52,Dutch,3,Sophie Visser,Scottish,15
LSTM,1194,0.022801363840699196,1.5373380927368998,1,0.36180904522613067,0.54,Greek,7,Ιωάννης Δημητρίου,Greek,7
LSTM,1195,0.9575685858726501,1.5201755396649241,1,0.3623430962343096,0.54,Chinese,1,吴艳,Chinese,1
LSTM,1196,1.1092602014541626,1.541682241000235,1,0.362876254180602,0.54,Spanish,16,Rafael González,Spanish,16
LSTM,1197,0.016216635704040527,1.5030162287130953,1,0.3634085213032581,0.56,Greek,7,Αθανάσιος Παπαδόπουλος,Greek,7
LSTM,1198,1.2234994173049927,1.5270420902222395,1,0.3639398998330551,0.56,Dutch,3,Dirk Bakker,Dutch,3
LSTM,1199,0.015233716927468777,1.504768866058439,1,0.36447039199332776,0.56,Japanese,10,加藤直子,Japanese,10
LSTM,1200,1.8445284366607666,1.4993523058854044,1,0.365,0.58,Scottish,15,Fergus MacLeod,Scottish,15
LSTM,1201,6.643797397613525,1.6171455893479287,0,0.3646960865945046,0.56,English,4,John Smith,Vietnamese,17
LSTM,1202,0.14325548708438873,1.6043786717019974,1,0.3652246256239601,0.56,Vietnamese,17,Lê Anh,Vietnamese,17
LSTM,1203,2.6875133514404297,1.6577112956158817,0,0.3649210307564422,0.54,Portuguese,13,Rui Jesus,Dutch,3
LSTM,1204,1.8960034847259521,1.6460301156155766,0,0.3646179401993355,0.54,Scottish,15,Callum Fraser,Dutch,3
LSTM,1205,2.881789207458496,1.7031456927768887,0,0.3643153526970954,0.52,German,6,Johannes Hoffmann,Vietnamese,17
LSTM,1206,3.032423496246338,1.7527962533943355,0,0.36401326699834163,0.5,Italian,9,Antonio Bianchi,Scottish,15
LSTM,1207,2.6202704906463623,1.765666326712817,0,0.3637116818558409,0.5,Italian,9,Domenico Marino,Dutch,3
LSTM,1208,0.9552338719367981,1.72812021298334,1,0.36423841059602646,0.52,Chinese,1,周超,Chinese,1
LSTM,1209,1.9244613647460938,1.7523219363205136,0,0.3639371381306865,0.5,Czech,2,Jakub Horák,Dutch,3
LSTM,1210,0.014873212203383446,1.7156748943962157,1,0.36446280991735536,0.52,Greek,7,Μαρία Κωνσταντίνου,Greek,7
LSTM,1211,0.9055798649787903,1.7118165629543365,1,0.36498761354252685,0.52,Chinese,1,张静,Chinese,1
LSTM,1212,2.7014055252075195,1.7258271115459503,0,0.36468646864686466,0.52,Portuguese,13,Pedro Ferreira,Scottish,15
LSTM,1213,0.6765192151069641,1.6834237914718688,1,0.36521022258862323,0.54,Chinese,1,杨芳,Chinese,1
LSTM,1214,1.4764376878738403,1.712708427105099,1,0.3657331136738056,0.54,Scottish,15,Gordon MacKenzie,Scottish,15
LSTM,1215,1.9212158918380737,1.713846463356167,0,0.3654320987654321,0.54,Italian,9,Giovanni Rossi,English,4
LSTM,1216,0.019655339419841766,1.6803089084662497,1,0.3659539473684211,0.54,Arabic,0,وليد العتيبي,Arabic,0
LSTM,1217,1.7154769897460938,1.6587704601325095,1,0.36647493837304845,0.56,Dutch,3,Dirk van Dijk,Dutch,3
LSTM,1218,1.5994458198547363,1.6417266407050193,1,0.3669950738916256,0.58,Italian,9,Riccardo Romano,Italian,9
LSTM,1219,0.15139023959636688,1.6107800650037825,1,0.3675143560295324,0.58,Vietnamese,17,Phan Nam,Vietnamese,17
LSTM,1220,1.6091620922088623,1.57887657398358,1,0.3680327868852459,0.6,Scottish,15,Ross MacLeod,Scottish,15
LSTM,1221,0.8147358894348145,1.5624642681516707,1,0.36855036855036855,0.6,Spanish,16,Álvaro Martínez,Spanish,16
LSTM,1222,2.574183940887451,1.6132237743027509,0,0.36824877250409166,0.58,Irish,8,Eoin O'Brien,Dutch,3
LSTM,1223,2.058175563812256,1.5803740428574384,0,0.3679476696647588,0.58,Dutch,3,Johan van Dijk,Scottish,15
LSTM,1224,2.6683125495910645,1.6332914852537215,0,0.36764705882352944,0.56,French,5,Gabriel L'Hôpital,Scottish,15
LSTM,1225,0.034392986446619034,1.593650952000171,1,0.3681632653061224,0.58,Russian,14,Борис Михайлов,Russian,14
LSTM,1226,2.0627312660217285,1.5792552381940186,0,0.36786296900489396,0.58,Irish,8,Conor Kennedy,Scottish,15
LSTM,1227,2.672494411468506,1.602599583286792,0,0.36756316218418905,0.56,French,5,Charles Martin,Scottish,15
LSTM,1228,0.07801707088947296,1.5710343119688333,1,0.36807817589576547,0.56,Japanese,10,田中由美,Japanese,10
LSTM,1229,2.5177836418151855,1.6188894128985702,0,0.3677786818551668,0.54,German,6,Jürgen Schneider,Scottish,15
LSTM,1230,1.3502197265625,1.5862887144275009,1,0.36829268292682926,0.56,Polish,12,Mateusz Kamiński,Polish,12
LSTM,1231,1.2459211349487305,1.5681067657656969,1,0.3688058489033306,0.58,Spanish,16,Daniel López,Spanish,16
LSTM,1232,2.9778170585632324,1.6250223097391427,0,0.3685064935064935,0.56,Czech,2,Pavel Procházka,Scottish,15
LSTM,1233,2.0191686153411865,1.6426067719049753,1,0.36901865369018655,0.56,Dutch,3,Bram de Vries,Dutch,3
LSTM,1234,2.4149489402770996,1.6623004636354743,0,0.3687196110210697,0.54,English,4,Robert Davis,Scottish,15
LSTM,1235,0.035378433763980865,1.6446693878062069,1,0.36923076923076925,0.54,Japanese,10,田中直子,Japanese,10
LSTM,1236,0.017605459317564964,1.6038755190186202,1,0.3697411003236246,0.56,Arabic,0,حسين العتيبي,Arabic,0
LSTM,1237,3.519594669342041,1.673969877678901,0,0.3694421988682296,0.54,Polish,12,Jan Wójcik,Dutch,3
LSTM,1238,0.020894531160593033,1.62004898885265,1,0.36995153473344106,0.56,Russian,14,Максим Новиков,Russian,14
LSTM,1239,2.287405014038086,1.6404080949164928,0,0.3696529459241324,0.54,Irish,8,Cian O'Sullivan,Scottish,15
LSTM,1240,1.768189549446106,1.6266188536025583,1,0.37016129032258066,0.56,Italian,9,Giovanni Ricci,Italian,9
LSTM,1241,0.017079295590519905,1.5679789922945202,1,0.370668815471394,0.58,Arabic,0,حسين العتيبي,Arabic,0
LSTM,1242,0.7389034032821655,1.5330278752557933,1,0.3711755233494364,0.6,Korean,11,장하은,Korean,11
LSTM,1243,0.013808554969727993,1.4934556018933653,1,0.37168141592920356,0.62,Greek,7,Ευάγγελος Παπαδόπουλος,Greek,7
LSTM,1244,1.6291320323944092,1.5255822152644396,1,0.3721864951768489,0.62,Dutch,3,Lotte Bakker,Dutch,3
LSTM,1245,1.693522572517395,1.5403012949973345,0,0.3718875502008032,0.6,Italian,9,Alessandro Ferrari,Scottish,15
LSTM,1246,0.929656982421875,1.5367092306166887,1,0.3723916532905297,0.6,Polish,12,Kamil Szymański,Polish,12
LSTM,1247,0.8519903421401978,1.553424704745412,1,0.37289494787489974,0.6,Spanish,16,Alejandro Díaz,Spanish,16
LSTM,1248,1.2313275337219238,1.5535812670737505,1,0.3733974358974359,0.6,Italian,9,Riccardo Marino,Italian,9
LSTM,1249,1.6752545833587646,1.5867816844023763,1,0.37389911929543634,0.6,Dutch,3,Hendrik Smit,Dutch,3
LSTM,1250,1.4747731685638428,1.579386579040438,1,0.3744,0.6,Italian,9,Paolo Bianchi,Italian,9
LSTM,1251,0.015148946084082127,1.446813610009849,1,0.3749000799360512,0.62,Greek,7,Μαρία Γεωργίου,Greek,7
LSTM,1252,2.1877856254577637,1.4877042127773166,0,0.3746006389776358,0.6,English,4,Robert Davis,Italian,9
LSTM,1253,2.4209229946136475,1.482372405640781,0,0.3743016759776536,0.6,English,4,Steven Miller,Dutch,3
LSTM,1254,0.5691394209861755,1.4558351243659855,1,0.3748006379585327,0.62,Korean,11,강동현,Korean,11
LSTM,1255,0.24765191972255707,1.4031523786112665,1,0.3752988047808765,0.64,Vietnamese,17,Phan Anh,Vietnamese,17
LSTM,1256,0.1029849573969841,1.3445636078342795,1,0.37579617834394907,0.66,Vietnamese,17,Võ Khôi,Vietnamese,17
LSTM,1257,3.059558391571045,1.353349365852773,0,0.375497215592681,0.66,German,6,Maximilian Hoffmann,Italian,9
LSTM,1258,0.013213332742452621,1.3345089550688862,1,0.37599364069952307,0.66,Greek,7,Στέφανος Αλεξίου,Greek,7
LSTM,1259,2.5671305656433105,1.3473623390868306,0,0.37569499602859413,0.66,Czech,2,Filip Kučera,Italian,9
LSTM,1260,0.04024844244122505,1.3478698436915875,1,0.3761904761904762,0.66,Russian,14,Олег Васильев,Russian,14
LSTM,1261,0.21450592577457428,1.3340483649075032,1,0.3766851704996035,0.66,Korean,11,김민지,Korean,11
LSTM,1262,1.2031967639923096,1.304084189683199,1,0.37717908082408874,0.68,Dutch,3,Sem de Jong,Dutch,3
LSTM,1263,0.042154647409915924,1.2913968983292579,1,0.37767220902612825,0.68,Vietnamese,17,Phan Khang,Vietnamese,17
LSTM,1264,2.7480363845825195,1.3168288722634316,0,0.377373417721519,0.66,German,6,Michael Becker,Dutch,3
LSTM,1265,0.016811830922961235,1.2787407910451294,1,0.3778656126482213,0.68,Vietnamese,17,Trần Thành,Vietnamese,17
LSTM,1266,2.814969539642334,1.3346470750495791,0,0.37756714060031593,0.66,French,5,Charles Robert,Dutch,3
LSTM,1267,0.9464346170425415,1.319266227595508,1,0.3780584056827151,0.66,Spanish,16,Manuel Martínez,Spanish,16
LSTM,1268,1.4151860475540161,1.3155810321494936,1,0.3785488958990536,0.66,Dutch,3,Lucas Smit,Dutch,3
LSTM,1269,2.657815933227539,1.3657095460221171,0,0.37825059101654845,0.64,German,6,Wolfgang Hoffmann,Italian,9
LSTM,1270,2.2366483211517334,1.3782592706009746,0,0.3779527559055118,0.62,Scottish,15,Duncan MacLeod,Dutch,3
LSTM,1271,0.5649954080581665,1.3732644609734417,1,0.37844217151848936,0.62,Spanish,16,Miguel Martínez,Spanish,16
LSTM,1272,0.6998200416564941,1.3357771829888225,1,0.3789308176100629,0.64,Chinese,1,杨超,Chinese,1
LSTM,1273,1.9077494144439697,1.3327686600014568,0,0.3786331500392773,0.64,English,4,Daniel Davis,Dutch,3
LSTM,1274,2.515831232070923,1.3297190336510538,0,0.3783359497645212,0.64,Portuguese,13,Bruno Costa,Dutch,3
LSTM,1275,0.7330718636512756,1.343692611195147,1,0.3788235294117647,0.64,Chinese,1,赵敏,Chinese,1
LSTM,1276,0.013596427626907825,1.3027099144272507,1,0.3793103448275862,0.66,Russian,14,Максим Михайлов,Russian,14
LSTM,1277,1.3649941682815552,1.2765599095635116,1,0.379796397807361,0.68,Italian,9,Domenico Greco,Italian,9
LSTM,1278,0.019811373203992844,1.275395795609802,1,0.38028169014084506,0.68,Arabic,0,أحمد الهاشمي,Arabic,0
LSTM,1279,2.85188627243042,1.2820778482221067,0,0.37998436278342457,0.68,Irish,8,Seán Murphy,Vietnamese,17
LSTM,1280,1.9555398225784302,1.2941842501424252,0,0.3796875,0.66,German,6,Andreas Becker,Spanish,16
LSTM,1281,1.7665600776672363,1.3045970289967954,0,0.3793911007025761,0.64,Czech,2,Marek Novák,Dutch,3
LSTM,1282,2.7126331329345703,1.2992933504842221,0,0.3790951638065523,0.64,Portuguese,13,Jorge Oliveira,Spanish,16
LSTM,1283,2.9465084075927734,1.317840146329254,0,0.37879968823070925,0.62,Czech,2,Břetislav Kučera,Spanish,16
LSTM,1284,0.8759185671806335,1.2870595388673245,1,0.3792834890965732,0.64,Chinese,1,王秀英,Chinese,1
LSTM,1285,1.8004776239395142,1.3223615226708352,1,0.37976653696498053,0.64,Scottish,15,Hamish MacDonald,Scottish,15
LSTM,1286,1.3207403421401978,1.3484242203272878,1,0.380248833592535,0.64,Italian,9,Davide Romano,Italian,9
LSTM,1287,2.2588212490081787,1.3232087519206106,0,0.37995337995337997,0.64,French,5,Noël L'Hôpital,Italian,9
LSTM,1288,2.1619069576263428,1.3660290004499256,0,0.3796583850931677,0.62,English,4,Steven St. John,Italian,9
LSTM,1289,2.7870121002197266,1.3760211421735584,0,0.37936384794414274,0.62,Portuguese,13,Ricardo Oliveira,Italian,9
LSTM,1290,0.6082824468612671,1.3528230001218617,1,0.3798449612403101,0.62,Polish,12,Bartosz Kamiński,Polish,12
LSTM,1291,1.0984669923782349,1.374450754057616,1,0.3803253292021689,0.62,Polish,12,Marek Kowalczyk,Polish,12
LSTM,1292,1.740295171737671,1.3944785894267262,1,0.38080495356037153,0.62,Czech,2,Filip Horák,Czech,2
LSTM,1293,0.03168318793177605,1.394836082085967,1,0.38128383604021654,0.62,Vietnamese,17,Trần Nam,Vietnamese,17
LSTM,1294,0.44547057151794434,1.3711628528684379,1,0.38176197836166925,0.62,Korean,11,이서준,Korean,11
LSTM,1295,2.1919381618499756,1.3811311646550894,0,0.38146718146718145,0.62,French,5,Pierre Durand,Scottish,15
LSTM,1296,0.27464210987091064,1.3680308672040702,1,0.3819444444444444,0.62,Polish,12,Kamil Lewandowski,Polish,12
LSTM,1297,1.9561078548431396,1.390113217458129,0,0.38164996144949886,0.6,English,4,Richard St. John,Italian,9
LSTM,1298,0.010484731756150723,1.3656963614188136,1,0.38212634822804314,0.6,Greek,7,Γεώργιος Παπαδόπουλος,Greek,7
LSTM,1299,0.01589367911219597,1.332509143333882,1,0.3826020015396459,0.6,Arabic,0,وليد العتيبي,Arabic,0
LSTM,1300,0.015116890892386436,1.303316017780453,1,0.3830769230769231,0.6,Russian,14,Максим Михайлов,Russian,14
LSTM,1301,0.04987558349967003,1.3040105505287647,1,0.3835511145272867,0.6,Vietnamese,17,Huỳnh Hùng,Vietnamese,17
LSTM,1302,0.029899677261710167,1.2608528315648437,1,0.38402457757296465,0.62,Vietnamese,17,Hoàng Quân,Vietnamese,17
LSTM,1303,0.010858967900276184,1.2126515510305762,1,0.3844973138910207,0.64,Greek,7,Νικόλαος Δημητρίου,Greek,7
LSTM,1304,0.012136423960328102,1.2015114910900593,1,0.38496932515337423,0.64,Russian,14,Дмитрий Кузнецов,Russian,14
LSTM,1305,2.3445146083831787,1.2434487448632716,0,0.3846743295019157,0.62,English,4,Christopher Brown,Polish,12
LSTM,1306,2.4092495441436768,1.2895740365982056,0,0.38437978560490044,0.6,German,6,Dieter Hoffmann,Polish,12
LSTM,1307,1.7197643518447876,1.2627781558036804,1,0.38485080336648814,0.62,Dutch,3,Daan de Jong,Dutch,3
LSTM,1308,2.410019636154175,1.3107142818719149,0,0.3845565749235474,0.6,Portuguese,13,Filipe Martins,English,4
LSTM,1309,0.01507344376295805,1.259673139434308,1,0.3850267379679144,0.62,Arabic,0,أحمد العتيبي,Arabic,0
LSTM,1310,2.468080997467041,1.3082297905348241,0,0.3847328244274809,0.6,German,6,Felix Müller,Dutch,3
LSTM,1311,1.514951229095459,1.3342386966012418,1,0.38520213577421814,0.6,Dutch,3,Joris Visser,Dutch,3
LSTM,1312,0.5499377250671387,1.3211735158227385,1,0.3856707317073171,0.6,Chinese,1,杨涛,Chinese,1
LSTM,1313,0.4757361114025116,1.3298451451025903,1,0.38613861386138615,0.6,Chinese,1,刘娜,Chinese,1
LSTM,1314,0.501305878162384,1.2849105349741876,1,0.3866057838660578,0.62,Chinese,1,杨娜,Chinese,1
LSTM,1315,0.01819959655404091,1.2849382902868092,1,0.3870722433460076,0.62,Russian,14,Юрий Сидоров,Russian,14
LSTM,1316,0.022601857781410217,1.2290909366495908,1,0.38753799392097266,0.64,Vietnamese,17,Lê Ngọc,Vietnamese,17
LSTM,1317,0.6979808807373047,1.224121861923486,1,0.3880030372057707,0.64,Chinese,1,李明,Chinese,1
LSTM,1318,0.7517034411430359,1.2108522097952663,1,0.3884673748103187,0.64,Spanish,16,Miguel Rodríguez,Spanish,16
LSTM,1319,0.011043262667953968,1.1579167563840747,1,0.3889310083396513,0.66,Greek,7,Χρήστος Σταυρίδης,Greek,7
LSTM,1320,0.555530309677124,1.1242943961545826,1,0.3893939393939394,0.68,Japanese,10,中村愛,Japanese,10
LSTM,1321,0.1469317376613617,1.1159331227466465,1,0.3898561695685087,0.68,Japanese,10,田中太郎,Japanese,10
LSTM,1322,1.7476173639297485,1.1368890691921114,1,0.3903177004538578,0.68,Italian,9,Riccardo Russo,Italian,9
LSTM,1323,0.85457444190979,1.1158255697414279,1,0.3907785336356765,0.7,Spanish,16,Pedro González,Spanish,16
LSTM,1324,1.9978759288787842,1.105466463677585,0,0.3904833836858006,0.7,Portuguese,13,Bruno Pereira,Dutch,3
LSTM,1325,2.409679889678955,1.1389986241981387,0,0.390188679245283,0.68,Irish,8,Michael Murphy,Dutch,3
LSTM,1326,0.026396121829748154,1.1392546180821954,1,0.39064856711915535,0.68,Vietnamese,17,Vũ Linh,Vietnamese,17
LSTM,1327,2.2715721130371094,1.1573861769773066,0,0.39035418236623964,0.66,French,5,Arthur d'Aubigné,Dutch,3
LSTM,1328,1.9738492965698242,1.1964669354446231,1,0.39081325301204817,0.66,Portuguese,13,António Martins,Portuguese,13
LSTM,1329,2.2599079608917236,1.1846273692138494,0,0.3905191873589165,0.66,Scottish,15,Murdo MacDonald,French,5
LSTM,1330,0.5528711080551147,1.156573994923383,1,0.39097744360902253,0.68,Korean,11,장성민,Korean,11
LSTM,1331,0.591011106967926,1.1330630155093968,1,0.391435011269722,0.7,Polish,12,Bartosz Lewandowski,Polish,12
LSTM,1332,0.019867470487952232,1.0792077022604645,1,0.3918918918918919,0.72,Japanese,10,小林健一,Japanese,10
LSTM,1333,1.7378205060958862,1.0550339442305268,1,0.39234808702175544,0.74,Portuguese,13,Carlos Costa,Portuguese,13
LSTM,1334,1.815682053565979,1.0738292139582335,1,0.39280359820089955,0.74,English,4,Steven Brown,English,4
LSTM,1335,0.5905359387397766,1.0496303802542388,1,0.39325842696629215,0.74,Polish,12,Marcin Wiśniewski,Polish,12
LSTM,1336,0.033250562846660614,1.023880584668368,1,0.3937125748502994,0.74,Vietnamese,17,Phan Bình,Vietnamese,17
LSTM,1337,0.0252374317497015,0.9792089083231985,1,0.39416604338070305,0.76,Greek,7,Ελένη Γεωργίου,Greek,7
LSTM,1338,1.347056269645691,0.9629118945635855,1,0.39461883408071746,0.78,Italian,9,Andrea Greco,Italian,9
LSTM,1339,2.3420259952545166,0.9540121724642813,0,0.3943241224794623,0.78,English,4,Andrew Miller,German,6
LSTM,1340,0.41048502922058105,0.9500562241114676,1,0.39477611940298507,0.78,Chinese,1,赵敏,Chinese,1
LSTM,1341,1.704727053642273,0.9621814253367483,1,0.395227442207308,0.78,Portuguese,13,Miguel Costa,Portuguese,13
LSTM,1342,0.02159988321363926,0.9278075195662677,1,0.3956780923994039,0.78,Vietnamese,17,Phan Ngọc,Vietnamese,17
LSTM,1343,2.11586332321167,0.9694911222718656,0,0.39538346984363365,0.76,English,4,J.R. Jones,Portuguese,13
LSTM,1344,0.008180445991456509,0.9607453197613358,1,0.3958333333333333,0.76,Greek,7,Αλέξανδρος Δημητρίου,Greek,7
LSTM,1345,2.1590616703033447,0.9600877899304032,0,0.39553903345724906,0.76,German,6,Jürgen Weber,Portuguese,13
LSTM,1346,5.260481357574463,1.0598045748844742,0,0.3952451708766716,0.74,Czech,2,Daniel Procházka,Polish,12
LSTM,1347,0.4024776220321655,1.0287319702282547,1,0.3956941351150705,0.76,Korean,11,이준영,Korean,11
LSTM,1348,0.0081344498321414,1.0286849645897747,1,0.3961424332344214,0.76,Vietnamese,17,Đặng Hải,Vietnamese,17
LSTM,1349,2.1186089515686035,1.0707392700389027,0,0.39584877687175685,0.74,German,6,Johannes Müller,Polish,12
LSTM,1350,3.84395694732666,1.1473160711675883,0,0.39555555555555555,0.72,Irish,8,Brian O'Sullivan,Polish,12
LSTM,1351,0.5483195185661316,1.1572849498689175,1,0.3960029607698001,0.72,Chinese,1,王霞,Chinese,1
LSTM,1352,2.4506938457489014,1.2057008332386614,0,0.39571005917159763,0.7,German,6,Friedrich Hoffmann,Polish,12
LSTM,1353,0.010791867971420288,1.2056994912400842,1,0.3961566888396157,0.7,Vietnamese,17,Lê Ngọc,Vietnamese,17
LSTM,1354,2.0610289573669434,1.2466773419082164,0,0.39586410635155095,0.68,Scottish,15,Niall MacKenzie,Polish,12
LSTM,1355,0.3156980574131012,1.2061010108888148,1,0.396309963099631,0.7,Japanese,10,田中彩,Japanese,10
LSTM,1356,0.023175911977887154,1.158379538245499,1,0.3967551622418879,0.72,Arabic,0,ماجد النجار,Arabic,0
LSTM,1357,1.9961342811584473,1.1639069368317723,0,0.3964627855563744,0.7,German,6,Stefan Hoffmann,English,4
LSTM,1358,2.4205029010772705,1.1641166021302343,0,0.3961708394698085,0.7,Dutch,3,Sander Meijer,German,6
LSTM,1359,1.711409330368042,1.198043319862336,1,0.39661515820456217,0.7,Scottish,15,Callum Campbell,Scottish,15
LSTM,1360,2.5695762634277344,1.2000732251815498,0,0.3963235294117647,0.7,German,6,Peter Meyer,Dutch,3
LSTM,1361,0.007259420119225979,1.1699193890020252,1,0.3967670830271859,0.7,Greek,7,Δημήτριος Βασιλείου,Greek,7
LSTM,1362,0.01338954921811819,1.1591884254850446,1,0.39720998531571217,0.7,Japanese,10,加藤健一,Japanese,10
LSTM,1363,1.5661418437957764,1.18099654013291,1,0.3976522377109318,0.7,Italian,9,Stefano Bianchi,Italian,9
LSTM,1364,0.011599242687225342,1.1712024074234069,1,0.3980938416422287,0.7,Russian,14,Павел Васильев,Russian,14
LSTM,1365,0.2882637083530426,1.1766036896593868,1,0.39853479853479856,0.7,Korean,11,최예은,Korean,11
LSTM,1366,2.510857105255127,1.2263687946088613,0,0.39824304538799415,0.68,Irish,8,Ciarán O'Sullivan,English,4
LSTM,1367,0.9062370657920837,1.2305339183099568,1,0.3986832479882955,0.68,Spanish,16,Francisco Sánchez,Spanish,16
LSTM,1368,0.013853820040822029,1.2157769258879125,1,0.3991228070175439,0.68,Russian,14,Борис Петров,Russian,14
LSTM,1369,2.053931713104248,1.2566346948966385,0,0.39883126369612854,0.66,Scottish,15,Ross Robertson,English,4
LSTM,1370,0.04010633006691933,1.2463262153044343,1,0.39927007299270073,0.66,Japanese,10,高橋大輔,Japanese,10
LSTM,1371,0.3612631559371948,1.250612843669951,1,0.399708242159008,0.66,Korean,11,정민수,Korean,11
LSTM,1372,1.8208391666412354,1.2520772797241806,1,0.4001457725947522,0.66,Portuguese,13,Gonçalo Silva,Portuguese,13
LSTM,1373,0.007676861248910427,1.235139328110963,1,0.40058266569555717,0.66,Greek,7,Ανδρέας Σταυρίδης,Greek,7
LSTM,1374,1.81138014793396,1.2314094124920667,1,0.40101892285298396,0.68,English,4,William Smith,English,4
LSTM,1375,2.279939651489258,1.2288146077282727,0,0.4007272727272727,0.68,Irish,8,Patrick Gallagher,German,6
LSTM,1376,1.8644553422927856,1.2655757921375335,1,0.4011627906976744,0.68,Portuguese,13,Ricardo Pereira,Portuguese,13
LSTM,1377,1.9645061492919922,1.259434472862631,0,0.4008714596949891,0.68,English,4,Christopher Williams,Scottish,15
LSTM,1378,0.014871451072394848,1.2202549159526825,1,0.40130624092888245,0.68,Japanese,10,高橋健一,Japanese,10
LSTM,1379,2.5866477489471436,1.226789711713791,0,0.4010152284263959,0.68,Polish,12,Paweł Zieliński,Italian,9
LSTM,1380,0.006964928936213255,1.2158715881314128,1,0.40144927536231884,0.68,Greek,7,Χρήστος Κωνσταντίνου,Greek,7
LSTM,1381,0.008558381348848343,1.2042225336190313,1,0.40188269370021723,0.68,Vietnamese,17,Võ Hoàng,Vietnamese,17
LSTM,1382,0.008631422184407711,1.2039978126529605,1,0.402315484804631,0.68,Japanese,10,田中裕子,Japanese,10
LSTM,1383,1.7952722311019897,1.2051468471530824,0,0.4020245842371656,0.66,Scottish,15,Fergus Robertson,English,4
LSTM,1384,1.9400838613510132,1.207634883308783,1,0.4024566473988439,0.66,Scottish,15,Stuart Murray,Scottish,15
LSTM,1385,2.479835033416748,1.2454208652023226,0,0.40216606498194946,0.64,French,5,Gabriel L'Hôpital,Scottish,15
LSTM,1386,0.2552963197231293,1.249861780339852,1,0.4025974025974026,0.64,Korean,11,박준영,Korean,11
LSTM,1387,1.5275334119796753,1.2799076999444514,1,0.4030281182408075,0.64,English,4,William St. John,English,4
LSTM,1388,0.02599559910595417,1.2534864865336568,1,0.4034582132564842,0.64,Vietnamese,17,Phan Hải,Vietnamese,17
LSTM,1389,2.317530632019043,1.2529965792689473,0,0.4031677465802736,0.64,French,5,Jean-Luc Durand,Scottish,15
LSTM,1390,0.8043057322502136,1.26087299332954,1,0.4035971223021583,0.64,Chinese,1,黄涛,Chinese,1
LSTM,1391,0.5062249302864075,1.2369029508624225,1,0.40402588066139467,0.64,Chinese,1,王平,Chinese,1
LSTM,1392,0.4357759654521942,1.2451864725071937,1,0.40445402298850575,0.64,Chinese,1,周明,Chinese,1
LSTM,1393,0.016503138467669487,1.2031992688123136,1,0.4048815506101938,0.66,Arabic,0,حسن الهاشمي,Arabic,0
LSTM,1394,1.4012320041656494,1.2310602999757976,1,0.4053084648493544,0.66,English,4,John Taylor,English,4
LSTM,1395,0.0068825320340693,1.1880167172104121,1,0.4057347670250896,0.68,Greek,7,Ελένη Παπαδόπουλος,Greek,7
LSTM,1396,1.5176033973693848,1.1131591580063105,1,0.4061604584527221,0.7,English,4,Robert Smith,English,4
LSTM,1397,1.9487322568893433,1.144084250703454,0,0.4058697208303508,0.68,German,6,Stefan Wagner,Scottish,15
LSTM,1398,0.029016977176070213,1.1445019012503326,1,0.4062947067238913,0.68,Russian,14,Олег Кузнецов,Russian,14
LSTM,1399,0.3034496605396271,1.108198715429753,1,0.40671908506075766,0.7,Chinese,1,赵霞,Chinese,1
LSTM,1400,1.9259002208709717,1.0698375809006393,0,0.4064285714285714,0.7,Scottish,15,Hamish Douglas,English,4
LSTM,1401,1.5214709043502808,1.0893006086163224,1,0.4068522483940043,0.7,Scottish,15,Ewan MacDonald,Scottish,15
LSTM,1402,0.013866516761481762,1.040564062036574,1,0.4072753209700428,0.72,Arabic,0,وليد الحسيني,Arabic,0
LSTM,1403,0.01036581490188837,1.0405555409751832,1,0.40769779044903776,0.72,Vietnamese,17,Huỳnh Hải,Vietnamese,17
LSTM,1404,0.019859524443745613,0.9997321523167193,1,0.4081196581196581,0.74,Arabic,0,خالد الحداد,Arabic,0
LSTM,1405,1.851271390914917,1.0304436189867556,1,0.4085409252669039,0.74,Spanish,16,David Díaz,Spanish,16
LSTM,1406,2.0771141052246094,1.07152238285169,0,0.40825035561877665,0.72,Irish,8,Maeve McCarthy,Scottish,15
LSTM,1407,1.8851779699325562,1.0693032566271723,0,0.4079601990049751,0.72,Italian,9,Davide Rossi,English,4
LSTM,1408,0.8548755049705505,1.0379907087050377,1,0.4083806818181818,0.74,Spanish,16,Sergio Gómez,Spanish,16
LSTM,1409,2.166635751724243,1.0470952371321618,0,0.40809084457061745,0.72,Portuguese,13,Pedro Ferreira,Scottish,15
LSTM,1410,2.585109233856201,1.0474058965407311,0,0.4078014184397163,0.72,Dutch,3,Johan Jansen,English,4
LSTM,1411,0.5684210062026978,1.0586291282624005,1,0.40822111977321046,0.72,Spanish,16,Sergio Fernández,Spanish,16
LSTM,1412,0.006896501872688532,1.058499267315492,1,0.4086402266288952,0.72,Greek,7,Ανδρέας Γεωργίου,Greek,7
LSTM,1413,0.31932735443115234,1.0335629775281996,1,0.40905874026893135,0.72,Spanish,16,David Rodríguez,Spanish,16
LSTM,1414,0.28200772404670715,1.0389711471553893,1,0.40947666195190946,0.72,Korean,11,최재현,Korean,11
LSTM,1415,2.055820941925049,1.0743222918268294,0,0.4091872791519435,0.7,Polish,12,Jan Kowalski,English,4
LSTM,1416,0.07492439448833466,1.0256036376114934,1,0.4096045197740113,0.72,Korean,11,강준영,Korean,11
LSTM,1417,0.013765638694167137,1.007754209069535,1,0.4100211714890614,0.72,Russian,14,Артём Соколов,Russian,14
LSTM,1418,0.00632072426378727,1.0076035471539944,1,0.4104372355430183,0.72,Greek,7,Αικατερίνη Αλεξίου,Greek,7
LSTM,1419,0.0066752065904438496,0.9666584170237184,1,0.4108527131782946,0.74,Greek,7,Μαρία Δημητρίου,Greek,7
LSTM,1420,2.2209320068359375,1.0102749305590988,0,0.41056338028169015,0.72,Czech,2,Ondřej Horák,Portuguese,13
LSTM,1421,0.4975530207157135,1.013000727854669,1,0.41097818437719913,0.72,Chinese,1,李敏,Chinese,1
LSTM,1422,1.0589709281921387,0.9977633630856871,1,0.41139240506329117,0.72,Polish,12,Stanisław Kowalczyk,Polish,12
LSTM,1423,0.8256515860557556,1.014122857581824,1,0.4118060435699227,0.72,Polish,12,Piotr Zieliński,Polish,12
LSTM,1424,1.4668117761611938,1.0072314901463688,1,0.4122191011235955,0.72,Scottish,15,Ross MacDonald,Scottish,15
LSTM,1425,0.023779436945915222,0.9621082858555019,1,0.4126315789473684,0.74,Arabic,0,مصطفى الشمري,Arabic,0
LSTM,1426,2.2606201171875,0.9700315813533962,0,0.4123422159887798,0.72,French,5,Augustin Bernard,Spanish,16
LSTM,1427,1.7420413494110107,0.9655822853557765,1,0.4127540294323756,0.74,Scottish,15,Malcolm Murray,Scottish,15
LSTM,1428,0.1451990157365799,0.9681888366490603,1,0.41316526610644255,0.74,Japanese,10,中村健,Japanese,10
LSTM,1429,2.2895655632019043,0.9622471929341555,0,0.41287613715885235,0.74,Dutch,3,Sem Janssen,English,4
LSTM,1430,0.3200046718120575,0.9685079877916724,1,0.4132867132867133,0.74,Chinese,1,张霞,Chinese,1
LSTM,1431,2.758411407470703,1.0235050483141095,0,0.4129979035639413,0.72,German,6,Felix Schulz,Spanish,16
LSTM,1432,1.5326207876205444,1.053984835622832,1,0.4134078212290503,0.72,Scottish,15,Iain Campbell,Scottish,15
LSTM,1433,0.31397733092308044,1.024358937619254,1,0.4138171667829728,0.74,Chinese,1,王平,Chinese,1
LSTM,1434,2.233819007873535,1.0302336405497043,0,0.41352859135285913,0.72,Irish,8,Aoife McCarthy,Scottish,15
LSTM,1435,0.48902127146720886,0.9904173653107137,1,0.4139372822299652,0.74,Chinese,1,张丽,Chinese,1
LSTM,1436,0.2239069640636444,0.989789578197524,1,0.41434540389972147,0.74,Japanese,10,佐藤健,Japanese,10
LSTM,1437,1.8691033124923706,0.9966209762077779,0,0.4140570633263744,0.72,German,6,Christian Becker,Polish,12
LSTM,1438,1.9204579591751099,1.034510223409161,0,0.413769123783032,0.7,English,4,Matthew St. John,Polish,12
LSTM,1439,1.328052043914795,1.014720651647076,1,0.414176511466296,0.72,Polish,12,Szymon Nowak,Polish,12
LSTM,1440,2.0456161499023438,1.0395468600001185,0,0.41388888888888886,0.7,Italian,9,Andrea Ferrari,Polish,12
LSTM,1441,0.005934594664722681,1.029541053287685,1,0.41429562803608605,0.7,Greek,7,Αλέξανδρος Βασιλείου,Greek,7
LSTM,1442,0.29639962315559387,1.0267535264417529,1,0.4147018030513176,0.7,Polish,12,Adam Szymański,Polish,12
LSTM,1443,0.01349328737705946,1.0266933294199407,1,0.4151074151074151,0.7,Vietnamese,17,Hoàng Đức,Vietnamese,17
LSTM,1444,0.9641393423080444,1.0179514761827886,1,0.4155124653739612,0.7,Polish,12,Adam Woźniak,Polish,12
LSTM,1445,1.5909405946731567,1.0496326374355704,1,0.415916955017301,0.7,English,4,Steven Taylor,English,4
LSTM,1446,2.279712200164795,1.0648748134914785,0,0.41562932226832644,0.68,Czech,2,Jiří Kučera,Vietnamese,17
LSTM,1447,0.08484957367181778,1.027597159827128,1,0.4160331720801659,0.7,Korean,11,김지호,Korean,11
LSTM,1448,2.169124126434326,1.0703993028122931,0,0.4157458563535912,0.68,Dutch,3,Sander Bakker,Polish,12
LSTM,1449,0.006649272982031107,1.0644632950611412,1,0.4161490683229814,0.68,Greek,7,Σοφία Παπαδόπουλος,Greek,7
LSTM,1450,0.13420765101909637,1.0286294436641037,1,0.416551724137931,0.7,Japanese,10,中村誠,Japanese,10
LSTM,1451,0.35476356744766235,1.0052952969260514,1,0.4169538249483115,0.7,Polish,12,Zbigniew Woźniak,Polish,12
LSTM,1452,0.1134180948138237,1.0072863284870983,1,0.41735537190082644,0.7,Japanese,10,佐藤愛,Japanese,10
LSTM,1453,2.5429210662841797,1.057937433514744,0,0.41706813489332417,0.68,Irish,8,Michael Doyle,English,4
LSTM,1454,2.0213675498962402,1.0979675940237938,0,0.4167812929848693,0.66,Scottish,15,Aileen MacKenzie,Polish,12
LSTM,1455,0.055121731013059616,1.0620446008257567,1,0.41718213058419246,0.66,Korean,11,윤지훈,Korean,11
LSTM,1456,0.15912958979606628,1.023684910517186,1,0.4175824175824176,0.68,Polish,12,Łukasz Kamiński,Polish,12
LSTM,1457,2.8779091835021973,1.0435395347885787,0,0.4172958133150309,0.68,French,5,Mathieu d'Aubigné,English,4
LSTM,1458,0.27452579140663147,1.0319325405173003,1,0.4176954732510288,0.68,Polish,12,Piotr Kowalski,Polish,12
LSTM,1459,1.8310120105743408,1.0252200656943022,0,0.4174091843728581,0.68,Italian,9,Carlo Esposito,Polish,12
LSTM,1460,3.0047085285186768,1.0336120515875518,0,0.41712328767123286,0.68,Czech,2,Petr Svoboda,English,4
LSTM,1461,2.0911717414855957,1.0640670662932097,0,0.41683778234086244,0.66,Irish,8,Aoife Kelly,Scottish,15
LSTM,1462,0.7525634765625,1.078980405787006,1,0.4172366621067031,0.66,Polish,12,Andrzej Woźniak,Polish,12
LSTM,1463,1.3649417161941528,1.099892693022266,1,0.417634996582365,0.66,English,4,Charles St. John,English,4
LSTM,1464,0.3566953241825104,1.1013864450249822,1,0.4180327868852459,0.66,Polish,12,Piotr Kowalczyk,Polish,12
LSTM,1465,0.22283871471881866,1.0647268004808574,1,0.4184300341296928,0.68,Korean,11,이상현,Korean,11
LSTM,1466,1.6800812482833862,1.0968299375567585,1,0.41882673942701226,0.68,Czech,2,Petr Novák,Czech,2
LSTM,1467,1.3903765678405762,1.1243621561396866,1,0.41922290388548056,0.68,Italian,9,Matteo Romano,Italian,9
LSTM,1468,0.7665256857872009,1.1395662553701549,1,0.4196185286103542,0.68,Korean,11,임수빈,Korean,11
LSTM,1469,2.089097023010254,1.181214691698551,0,0.41933287950987064,0.66,Irish,8,Oisín Kelly,English,4
LSTM,1470,1.2855513095855713,1.1625070777535438,1,0.4197278911564626,0.68,English,4,Robert Johnson,English,4
LSTM,1471,2.281055450439453,1.1981771263480185,0,0.41944255608429637,0.66,French,5,Jules Richard,Scottish,15
LSTM,1472,0.031248150393366814,1.1776226707920432,1,0.41983695652173914,0.66,Russian,14,Андрей Соколов,Russian,14
LSTM,1473,0.8684006929397583,1.1784776529297232,1,0.42023082145281737,0.66,Vietnamese,17,Phan Linh,Vietnamese,17
LSTM,1474,2.2036266326904297,1.193213950060308,0,0.41994572591587515,0.64,Portuguese,13,Miguel Santos,English,4
LSTM,1475,0.01760885678231716,1.193090538457036,1,0.42033898305084744,0.64,Arabic,0,علي الخطيب,Arabic,0
LSTM,1476,0.020932238548994064,1.148296780884266,1,0.42073170731707316,0.66,Korean,11,윤지훈,Korean,11
LSTM,1477,1.784404993057251,1.1491440537571906,1,0.4211238997968856,0.66,Czech,2,David Veselý,Czech,2
LSTM,1478,0.01003459095954895,1.1464407652616502,1,0.4215155615696888,0.66,Japanese,10,伊藤健一,Japanese,10
LSTM,1479,0.012523934245109558,1.1008999326825142,1,0.42190669371196754,0.68,Arabic,0,ماجد العتيبي,Arabic,0
LSTM,1480,1.4230681657791138,1.1229612025618554,1,0.4222972972972973,0.68,Portuguese,13,Inês Oliveira,Portuguese,13
LSTM,1481,2.446288585662842,1.116718746125698,0,0.4220121539500338,0.68,Czech,2,Lukáš Němec,Vietnamese,17
LSTM,1482,0.012437636964023113,1.0863150831125676,1,0.4224021592442645,0.68,Vietnamese,17,Phạm Cường,Vietnamese,17
LSTM,1483,0.4370563328266144,1.0887766631506384,1,0.42279163857046526,0.68,Spanish,16,Daniel González,Spanish,16
LSTM,1484,0.22149471938610077,1.0485301773808897,1,0.42318059299191374,0.7,Polish,12,Krzysztof Wiśniewski,Polish,12
LSTM,1485,1.33718740940094,1.0654935001395642,1,0.4235690235690236,0.7,English,4,Thomas Brown,English,4
LSTM,1486,1.1631531715393066,1.0842784242890775,1,0.423956931359354,0.7,Italian,9,Gabriele Esposito,Italian,9
LSTM,1487,1.8410601615905762,1.0837175612710417,0,0.42367182246133156,0.7,Scottish,15,Stuart MacLeod,French,5
LSTM,1488,1.5376607179641724,1.0760616164468229,1,0.42405913978494625,0.72,Czech,2,Pavel Novotný,Czech,2
LSTM,1489,1.4132176637649536,1.077764928843826,1,0.4244459368703828,0.72,Portuguese,13,Francisco Pereira,Portuguese,13
LSTM,1490,1.2728074789047241,1.0623087554238737,1,0.4248322147651007,0.74,Portuguese,13,Bruno Pereira,Portuguese,13
LSTM,1491,1.6266626119613647,1.0947233157698064,1,0.42521797451374915,0.74,Scottish,15,Isla MacDonald,Scottish,15
LSTM,1492,0.0667373538017273,1.0901300703827292,1,0.42560321715817695,0.74,Korean,11,최성민,Korean,11
LSTM,1493,0.006291583180427551,1.0899860362987965,1,0.42598794373744137,0.74,Greek,7,Κωνσταντίνος Σταυρίδης,Greek,7
LSTM,1494,2.027971029281616,1.111262670038268,0,0.42570281124497994,0.72,Scottish,15,Murdo Graham,Portuguese,13
LSTM,1495,2.496548652648926,1.1293748311977834,0,0.4254180602006689,0.7,German,6,Felix Meyer,Dutch,3
LSTM,1496,2.420889377593994,1.1321983747463673,0,0.42513368983957217,0.7,Dutch,3,Lucas Jansen,Portuguese,13
LSTM,1497,1.2369533777236938,1.1552404508274048,1,0.4255177020708083,0.7,Italian,9,Andrea Rossi,Italian,9
LSTM,1498,0.17302368581295013,1.1153184420149773,1,0.4259012016021362,0.72,Polish,12,Paweł Kowalczyk,Polish,12
LSTM,1499,0.12955786287784576,1.1177766138128937,1,0.42628418945963975,0.72,Polish,12,Tomasz Kowalczyk,Polish,12
LSTM,1500,0.009886819869279861,1.1152901971898972,1,0.4266666666666667,0.72,Russian,14,Борис Кузнецов,Russian,14
LSTM,1501,1.4059535264968872,1.1363139963708817,1,0.42704863424383743,0.72,Portuguese,13,Miguel Jesus,Portuguese,13
LSTM,1502,1.267978549003601,1.1594052054546773,1,0.4274300932090546,0.72,English,4,Steven Brown,English,4
LSTM,1503,0.08407239615917206,1.1102282320521772,1,0.4278110445775116,0.74,Japanese,10,中村誠,Japanese,10
LSTM,1504,2.27661395072937,1.1153331600688399,0,0.4275265957446808,0.74,German,6,Klaus Wagner,Scottish,15
LSTM,1505,0.014043794013559818,1.1145116013288499,1,0.42790697674418604,0.74,Japanese,10,高橋裕子,Japanese,10
LSTM,1506,0.07356336712837219,1.1128002768754959,1,0.42828685258964144,0.74,Polish,12,Piotr Kowalczyk,Polish,12
LSTM,1507,1.2025303840637207,1.0792927008867264,1,0.42866622428666223,0.76,Italian,9,Gabriele Greco,Italian,9
LSTM,1508,1.4546599388122559,1.1028953838348388,1,0.4290450928381963,0.76,Scottish,15,Gordon Graham,Scottish,15
LSTM,1509,0.006903013680130243,1.0664132038969547,1,0.4294234592445328,0.78,Greek,7,Νικόλαος Νικολάου,Greek,7
LSTM,1510,0.07580209523439407,1.007835075231269,1,0.42980132450331127,0.8,Polish,12,Wojciech Wójcik,Polish,12
LSTM,1511,0.051289480179548264,0.9670374300051481,1,0.4301786896095301,0.82,Polish,12,Adam Kowalczyk,Polish,12
LSTM,1512,1.958851933479309,0.9911631991434843,0,0.4298941798941799,0.8,Dutch,3,Johan Visser,English,4
LSTM,1513,2.69622802734375,1.0177889253664762,0,0.42961004626569727,0.78,German,6,Matthias Becker,Polish,12
LSTM,1514,0.15394523739814758,1.013733923630789,1,0.4299867899603699,0.78,Vietnamese,17,Lê Hiếu,Vietnamese,17
LSTM,1515,0.1749822348356247,1.0127767940331251,1,0.4303630363036304,0.78,Vietnamese,17,Nguyễn Hiếu,Vietnamese,17
LSTM,1516,0.010999049060046673,0.9793951500486583,1,0.43073878627968337,0.78,Russian,14,Алексей Новиков,Russian,14
LSTM,1517,2.053494453430176,0.9926575077604503,0,0.43045484508899146,0.76,German,6,Markus Meyer,Dutch,3
LSTM,1518,0.7357540726661682,0.9920420754980296,1,0.4308300395256917,0.76,Italian,9,Stefano Marino,Italian,9
LSTM,1519,4.533102035522461,1.0409221757482738,0,0.4305464121132324,0.76,Czech,2,Martin Procházka,Polish,12
LSTM,1520,1.1669875383377075,1.0385509003233164,1,0.4309210526315789,0.76,Scottish,15,Rory MacLeod,Scottish,15
LSTM,1521,0.8372381925582886,1.0096745551656932,1,0.43129520052596976,0.78,Italian,9,Andrea Esposito,Italian,9
LSTM,1522,2.5109570026397705,1.0592687322106213,0,0.43101182654402104,0.76,Irish,8,Ronan O'Connor,Scottish,15
LSTM,1523,1.1647802591323853,1.0651963235344737,1,0.4313854235062377,0.76,English,4,Michael St. John,English,4
LSTM,1524,1.1661237478256226,1.0444462658371776,1,0.431758530183727,0.78,Portuguese,13,Bruno Oliveira,Portuguese,13
LSTM,1525,2.8289270401000977,1.1006726295035332,0,0.4314754098360656,0.76,Czech,2,Filip Procházka,Scottish,15
LSTM,1526,1.8251283168792725,1.1367565510701387,1,0.43184796854521623,0.76,Scottish,15,Iain Graham,Scottish,15
LSTM,1527,0.8671272993087769,1.1184109971951692,1,0.43222003929273084,0.76,Polish,12,Marek Lewandowski,Polish,12
LSTM,1528,0.612949550151825,1.1304692963790148,1,0.4325916230366492,0.76,Spanish,16,Rafael Gómez,Spanish,16
LSTM,1529,1.4613608121871948,1.1594460339378565,1,0.4329627207325049,0.76,Portuguese,13,Inês Rodrigues,Portuguese,13
LSTM,1530,0.29349949955940247,1.1368546606134624,1,0.43333333333333335,0.76,Chinese,1,陈杰,Chinese,1
LSTM,1531,0.014146759174764156,1.0882118240837009,1,0.43370346178967994,0.78,Vietnamese,17,Vũ Long,Vietnamese,17
LSTM,1532,2.0111517906188965,1.1281861071567982,0,0.43342036553524804,0.76,Czech,2,Ondřej Svoboda,Portuguese,13
LSTM,1533,0.008019274100661278,1.119605365982279,1,0.4337899543378995,0.76,Greek,7,Βασίλειος Αλεξίου,Greek,7
LSTM,1534,0.05511891096830368,1.1162778498139232,1,0.43415906127770537,0.76,Korean,11,박현우,Korean,11
LSTM,1535,0.2960444986820221,1.0954549915995448,1,0.43452768729641694,0.76,Chinese,1,赵静,Chinese,1
LSTM,1536,1.7764108180999756,1.1077201445307583,0,0.4342447916666667,0.74,Polish,12,Grzegorz Woźniak,Italian,9
LSTM,1537,0.11100214719772339,1.0731189842429012,1,0.4346128822381262,0.76,Japanese,10,渡辺拓也,Japanese,10
LSTM,1538,1.9333575963974,1.0810329218115657,0,0.4343302990897269,0.74,Dutch,3,Willem de Jong,Portuguese,13
LSTM,1539,2.6407012939453125,1.105582594415173,0,0.43404808317089016,0.72,Dutch,3,Kees van den Berg,Portuguese,13
LSTM,1540,0.00703915162011981,1.080267227869481,1,0.4344155844155844,0.72,Greek,7,Μιχάλης Κωνσταντίνου,Greek,7
LSTM,1541,0.35349687933921814,1.054803913217038,1,0.43478260869565216,0.72,Spanish,16,Carlos Pérez,Spanish,16
LSTM,1542,0.0075234174728393555,1.0536196344904603,1,0.4351491569390402,0.72,Greek,7,Στέφανος Αθανασίου,Greek,7
LSTM,1543,0.020837441086769104,1.053910551648587,1,0.43551523007128967,0.72,Korean,11,강민수,Korean,11
LSTM,1544,0.01209944300353527,1.0135931199230255,1,0.43588082901554404,0.74,Russian,14,Роман Новиков,Russian,14
LSTM,1545,0.21704638004302979,0.9680030744709075,1,0.4362459546925566,0.76,Spanish,16,Sergio Fernández,Spanish,16
LSTM,1546,0.040454763919115067,0.9203943821974099,1,0.43661060802069857,0.78,Korean,11,김동현,Korean,11
LSTM,1547,1.2542979717254639,0.9207412740774452,1,0.4369747899159664,0.78,Scottish,15,Fraser MacLeod,Scottish,15
LSTM,1548,1.2250304222106934,0.9417814088054002,1,0.43733850129198965,0.78,Italian,9,Fabio Romano,Italian,9
LSTM,1549,1.9179140329360962,0.9775485322065651,0,0.4370561652679148,0.76,Czech,2,Michal Svoboda,Portuguese,13
LSTM,1550,8.123945236206055,1.1398297005333007,0,0.4367741935483871,0.74,English,4,Charles Jones,Vietnamese,17
LSTM,1551,1.1780632734298706,1.1352718954719603,1,0.437137330754352,0.74,Italian,9,Francesco Bianchi,Italian,9
LSTM,1552,0.010065275244414806,1.1101136299967767,1,0.4375,0.74,Russian,14,Максим Сидоров,Russian,14
LSTM,1553,0.32515937089920044,1.1149353694915771,1,0.437862202189311,0.74,Spanish,16,Daniel Sánchez,Spanish,16
LSTM,1554,0.023652544245123863,1.0698761413618922,1,0.43822393822393824,0.76,Korean,11,조지훈,Korean,11
LSTM,1555,1.2901142835617065,1.095397551152855,1,0.43858520900321546,0.76,Dutch,3,Joris Bakker,Dutch,3
LSTM,1556,0.008176662027835846,1.0940898170508444,1,0.4389460154241645,0.76,Russian,14,Алексей Кузнецов,Russian,14
LSTM,1557,1.3286908864974976,1.09661302709952,0,0.4386640976236352,0.74,Czech,2,Matěj Dvořák,Vietnamese,17
LSTM,1558,0.23416268825531006,1.072203082088381,1,0.43902439024390244,0.74,Chinese,1,周芳,Chinese,1
LSTM,1559,1.2951552867889404,1.0979681275505573,1,0.4393842206542656,0.74,Dutch,3,Dirk de Jong,Dutch,3
LSTM,1560,0.005089660175144672,1.0965538788493723,1,0.43974358974358974,0.74,Japanese,10,小林裕子,Japanese,10
LSTM,1561,1.6019747257232666,1.1275675837602466,1,0.44010249839846255,0.74,Dutch,3,Ruben Smit,Dutch,3
LSTM,1562,3.756589412689209,1.1635223333444447,0,0.43982074263764404,0.74,French,5,Hugo L'Hôpital,Greek,7
LSTM,1563,0.005812646355479956,1.1097140257246791,1,0.4401791426743442,0.76,Greek,7,Σπυρίδων Κωνσταντίνου,Greek,7
LSTM,1564,3.612438440322876,1.1788838897831737,0,0.4398976982097187,0.74,French,5,Augustin Dubois,Italian,9
LSTM,1565,2.860093116760254,1.2325861074216664,0,0.43961661341853037,0.72,French,5,Émile Robert,Dutch,3
LSTM,1566,0.032588694244623184,1.2330179003253579,1,0.4399744572158365,0.72,Vietnamese,17,Huỳnh Khang,Vietnamese,17
LSTM,1567,0.00978896301239729,1.1921437905170023,1,0.4403318442884493,0.74,Russian,14,Юрий Сидоров,Russian,14
LSTM,1568,0.2796025574207306,1.1830207602120937,1,0.4406887755102041,0.74,Polish,12,Piotr Szymański,Polish,12
LSTM,1569,2.82317852973938,1.148822290096432,0,0.44040790312300826,0.74,French,5,Gabriel Thomas,Scottish,15
LSTM,1570,1.4057016372680664,1.1535965720750392,1,0.4407643312101911,0.74,Portuguese,13,José Costa,Portuguese,13
LSTM,1571,0.014410119503736496,1.1371400106139482,1,0.44112030553787396,0.74,Arabic,0,إبراهيم القحطاني,Arabic,0
LSTM,1572,2.0252084732055664,1.1274250400252641,0,0.44083969465648853,0.74,German,6,Maximilian Meyer,Scottish,15
LSTM,1573,1.1215968132019043,1.1265613711066544,1,0.44119516846789575,0.74,Portuguese,13,Inês Oliveira,Portuguese,13
LSTM,1574,0.013297445140779018,1.1035048450529574,1,0.4415501905972046,0.74,Arabic,0,محمد القحطاني,Arabic,0
LSTM,1575,1.9477096796035767,1.0858804978430272,0,0.44126984126984126,0.74,German,6,Markus Schneider,Scottish,15
LSTM,1576,2.831714630126953,1.1060122241079808,0,0.440989847715736,0.72,Irish,8,Ciarán Kennedy,Spanish,16
LSTM,1577,1.2952930927276611,1.1145755399763584,1,0.4413443246670894,0.72,Czech,2,Ondřej Veselý,Czech,2
LSTM,1578,1.954250454902649,1.141401558071375,0,0.44106463878326996,0.7,Dutch,3,Sophie Janssen,Scottish,15
LSTM,1579,2.0842912197113037,1.153860166221857,0,0.4407853071564281,0.68,French,5,Marcel Robert,Scottish,15
LSTM,1580,0.006787103600800037,1.148125918302685,1,0.44113924050632913,0.68,Japanese,10,高橋拓也,Japanese,10
LSTM,1581,0.01063854806125164,1.1480557540804148,1,0.4414927261227071,0.68,Russian,14,Евгений Петров,Russian,14
LSTM,1582,2.7071046829223633,1.161974811926484,0,0.44121365360303416,0.68,Irish,8,Brendan O'Connor,Scottish,15
LSTM,1583,1.9787888526916504,1.201390203498304,0,0.4409349336702464,0.66,Scottish,15,Rory Fraser,German,6
LSTM,1584,0.005608536768704653,1.200399996014312,1,0.4412878787878788,0.66,Japanese,10,中村大輔,Japanese,10
LSTM,1585,0.14281615614891052,1.1973354291636498,1,0.4416403785488959,0.66,Polish,12,Marek Zieliński,Polish,12
LSTM,1586,0.05714203044772148,1.1629500534106045,1,0.44199243379571246,0.68,Polish,12,Łukasz Zieliński,Polish,12
LSTM,1587,2.159066677093506,1.2039113440085203,0,0.4417139256458727,0.66,Dutch,3,Lars van Dijk,Polish,12
LSTM,1588,0.05252969637513161,1.1662947860080748,1,0.4420654911838791,0.68,Korean,11,강하은,Korean,11
LSTM,1589,1.862326979637146,1.1507272997219116,0,0.4417872876022656,0.68,French,5,Lucien d'Aubigné,Scottish,15
LSTM,1590,1.3480104207992554,1.1775467251054943,1,0.4421383647798742,0.68,Italian,9,Stefano Ricci,Italian,9
LSTM,1591,1.067925214767456,1.1918352918140591,1,0.4424890006285355,0.68,Czech,2,David Horák,Czech,2
LSTM,1592,2.8034744262695312,1.2477543119899928,0,0.44221105527638194,0.66,English,4,James Jones,Portuguese,13
LSTM,1593,1.4068175554275513,1.2754739142768086,1,0.4425612052730697,0.66,Dutch,3,Pieter van den Berg,Dutch,3
LSTM,1594,1.0181858539581299,1.2955956424959003,1,0.44291091593475534,0.66,Italian,9,Giovanni Russo,Italian,9
LSTM,1595,1.6950476169586182,1.3251556672342122,1,0.4432601880877743,0.66,French,5,Nicolas Robert,French,5
LSTM,1596,1.9954149723052979,1.3642548714019358,0,0.44298245614035087,0.64,English,4,Christopher Davis,Portuguese,13
LSTM,1597,0.13298940658569336,1.3418287000991405,1,0.443331246086412,0.64,Polish,12,Marcin Kamiński,Polish,12
LSTM,1598,1.2182645797729492,1.3416933832503855,1,0.44367959949937424,0.64,English,4,Joseph Wilson,English,4
LSTM,1599,0.3680761158466339,1.3106966249085963,1,0.4440275171982489,0.66,Polish,12,Jakub Kamiński,Polish,12
LSTM,1600,1.8792511224746704,1.1858027426339686,1,0.444375,0.68,French,5,Émile Durand,French,5
LSTM,1601,0.028051087632775307,1.1628024989180268,1,0.4447220487195503,0.68,Vietnamese,17,Võ Quân,Vietnamese,17
LSTM,1602,2.496063709259033,1.212522467598319,0,0.4444444444444444,0.66,French,5,Benoît Dubois,English,4
LSTM,1603,1.7391941547393799,1.2408031632751226,0,0.4441671865252651,0.64,French,5,Étienne Durand,Scottish,15
LSTM,1604,0.585195779800415,1.2520340279862285,1,0.4445137157107232,0.64,Italian,9,Pietro Russo,Italian,9
LSTM,1605,1.321552038192749,1.2526627830788493,1,0.44485981308411215,0.64,French,5,Arthur Robert,French,5
LSTM,1606,0.012198840267956257,1.2527432266436518,1,0.4452054794520548,0.64,Russian,14,Сергей Соколов,Russian,14
LSTM,1607,0.3464035391807556,1.2330974796973169,1,0.44555071561916615,0.66,Chinese,1,陈艳,Chinese,1
LSTM,1608,0.01103725004941225,1.228634970933199,1,0.4458955223880597,0.66,Arabic,0,خالد الحسيني,Arabic,0
LSTM,1609,4.891147136688232,1.3005548079311848,0,0.44561839651957735,0.64,English,4,Charles Williams,Polish,12
LSTM,1610,0.012869046069681644,1.3007103956490755,1,0.44596273291925465,0.64,Polish,12,Krzysztof Zieliński,Polish,12
LSTM,1611,2.4369711875915527,1.3174103248864413,0,0.4456859093730602,0.62,Spanish,16,Francisco Gómez,Polish,12
LSTM,1612,1.6611723899841309,1.2755019844323396,0,0.445409429280397,0.62,Scottish,15,Ewan Murray,French,5
LSTM,1613,1.199880599975586,1.2993833435047417,0,0.44513329200247986,0.6,Scottish,15,Fraser Murray,French,5
LSTM,1614,0.011390889063477516,1.2273623924795538,1,0.4454770755885997,0.62,Russian,14,Борис Васильев,Russian,14
LSTM,1615,1.8273377418518066,1.206707284981385,0,0.4452012383900929,0.62,French,5,Augustin Bernard,Scottish,15
LSTM,1616,0.011259585618972778,1.2062807028088718,1,0.44554455445544555,0.62,Arabic,0,ماجد القحطاني,Arabic,0
LSTM,1617,0.05968206003308296,1.2072785647492856,1,0.4458874458874459,0.62,Greek,7,Στέφανος Δημητρίου,Greek,7
LSTM,1618,0.25435584783554077,1.2067736305575818,1,0.446229913473424,0.62,Chinese,1,刘勇,Chinese,1
LSTM,1619,0.02194899320602417,1.1507490398269147,1,0.44657195799876465,0.64,Greek,7,Ελένη Κωνσταντίνου,Greek,7
LSTM,1620,1.507346510887146,1.1527819372992962,0,0.4462962962962963,0.62,Italian,9,Carlo Ferrari,Scottish,15
LSTM,1621,0.023806676268577576,1.152969868434593,1,0.44663787785317705,0.62,Russian,14,Артём Соколов,Russian,14
LSTM,1622,0.8345237374305725,1.1291561737190932,1,0.4469790382244143,0.64,Scottish,15,Alasdair Graham,Scottish,15
LSTM,1623,1.2960669994354248,1.1326455774437636,0,0.4467036352433765,0.62,Spanish,16,Javier Fernández,Scottish,15
LSTM,1624,3.474916696548462,1.2018779624719174,0,0.44642857142857145,0.6,Dutch,3,Daan van den Berg,French,5
LSTM,1625,2.4583027362823486,1.2120898236054927,0,0.4461538461538462,0.6,Vietnamese,17,Hoàng Minh,English,4
LSTM,1626,0.06023286655545235,1.1566601883340626,1,0.44649446494464945,0.62,Vietnamese,17,Đặng Minh,Vietnamese,17
LSTM,1627,0.20561234652996063,1.1348665734101087,1,0.4468346650276583,0.62,Chinese,1,周涛,Chinese,1
LSTM,1628,0.009977585636079311,1.0959811160247772,1,0.44717444717444715,0.64,Russian,14,Юрий Васильев,Russian,14
LSTM,1629,2.2047457695007324,1.0983902070205658,0,0.4468999386126458,0.64,German,6,Andreas Meyer,Scottish,15
LSTM,1630,2.9665374755859375,1.1575852144602685,0,0.4466257668711656,0.62,Dutch,3,Daan Meijer,French,5
LSTM,1631,0.0070868548937141895,1.1575141805969178,1,0.4469650521152667,0.62,Greek,7,Μαρία Δημητρίου,Greek,7
LSTM,1632,0.15941433608531952,1.106560373660177,1,0.44730392156862747,0.64,Chinese,1,杨明,Chinese,1
LSTM,1633,2.5354723930358887,1.1176940444670618,0,0.4470300061236987,0.64,Irish,8,Eoin O'Sullivan,French,5
LSTM,1634,3.259207248687744,1.1827660187054425,0,0.4467564259485924,0.62,Czech,2,David Procházka,Spanish,16
LSTM,1635,1.6684107780456543,1.2132779111433774,0,0.44648318042813456,0.6,Dutch,3,Anne Meijer,French,5
LSTM,1636,0.005869296845048666,1.212252456471324,1,0.44682151589242053,0.6,Greek,7,Αθανάσιος Γεωργίου,Greek,7
LSTM,1637,0.03567548841238022,1.1697846326977015,1,0.4471594379963348,0.62,Korean,11,임지훈,Korean,11
LSTM,1638,2.2414746284484863,1.2135635313391686,0,0.4468864468864469,0.6,Portuguese,13,António Ferreira,French,5
LSTM,1639,2.8549203872680664,1.233415399491787,0,0.4466137888956681,0.6,English,4,Matthew Williams,Scottish,15
LSTM,1640,1.782533049583435,1.2421058520674706,0,0.44634146341463415,0.58,German,6,Maximilian Müller,Dutch,3
LSTM,1641,0.3046686351299286,1.22684072047472,1,0.4466788543570993,0.58,Korean,11,조서연,Korean,11
LSTM,1642,2.216095447540283,1.215093140900135,0,0.4464068209500609,0.58,Irish,8,Ciarán Gallagher,Dutch,3
LSTM,1643,0.029608193784952164,1.187548953667283,1,0.44674376141205113,0.58,Vietnamese,17,Lê Dũng,Vietnamese,17
LSTM,1644,0.007911772467195988,1.1673434720374645,1,0.4470802919708029,0.58,Japanese,10,加藤太郎,Japanese,10
LSTM,1645,0.7981284856796265,1.1494050894118846,1,0.4474164133738602,0.58,Italian,9,Paolo Esposito,Italian,9
LSTM,1646,3.4292287826538086,1.1780813656188547,0,0.4471445929526124,0.58,Irish,8,Brendan McCarthy,Vietnamese,17
LSTM,1647,1.9026222229003906,1.2134740219451488,0,0.44687310261080754,0.56,Dutch,3,Lucas Jansen,French,5
LSTM,1648,2.2613086700439453,1.2343349037505686,0,0.44660194174757284,0.54,Portuguese,13,Ricardo Silva,Italian,9
LSTM,1649,2.1330370903015137,1.2696341232396662,0,0.44633110976349305,0.52,Irish,8,Fionn O'Connor,English,4
LSTM,1650,1.545387625694275,1.2629568533040583,1,0.44666666666666666,0.52,English,4,J.R. Taylor,English,4
LSTM,1651,1.1844747066497803,1.2860853256843985,1,0.44700181708055725,0.52,English,4,Michael Brown,English,4
LSTM,1652,1.1188735961914062,1.258541523423046,1,0.4473365617433414,0.54,English,4,Robert St. John,English,4
LSTM,1653,0.0049747261218726635,1.2238571348506957,1,0.4476709013914096,0.56,Japanese,10,田中直子,Japanese,10
LSTM,1654,1.155643105506897,1.2352660813648253,1,0.4480048367593712,0.56,Polish,12,Paweł Lewandowski,Polish,12
LSTM,1655,0.9131267070770264,1.227097574742511,1,0.44833836858006043,0.56,English,4,Joseph Wilson,English,4
LSTM,1656,3.7848634719848633,1.302550867376849,0,0.44806763285024154,0.54,Irish,8,Seán O'Connor,Vietnamese,17
LSTM,1657,1.3227273225784302,1.3220773430448025,1,0.4484007242003621,0.54,Portuguese,13,Bruno Oliveira,Portuguese,13
LSTM,1658,0.007279065437614918,1.3220021793525667,1,0.4487334137515078,0.54,Russian,14,Юрий Иванов,Russian,14
LSTM,1659,1.8522067070007324,1.2612233707588165,1,0.4490657022302592,0.56,Czech,2,Tomáš Procházka,Czech,2
LSTM,1660,0.834289014339447,1.2776517701242118,1,0.4493975903614458,0.56,Spanish,16,Juan Díaz,Spanish,16
LSTM,1661,2.1473758220672607,1.271859862813726,0,0.44912703190848885,0.56,Irish,8,Maeve O'Connor,English,4
LSTM,1662,0.047923147678375244,1.239594877967611,1,0.44945848375451264,0.58,Korean,11,강서연,Korean,11
LSTM,1663,2.9038329124450684,1.2736739242170005,0,0.4491882140709561,0.58,Scottish,15,Duncan Stewart,French,5
LSTM,1664,0.010632296092808247,1.2736587523575873,1,0.4495192307692308,0.58,Arabic,0,نورالدين القحطاني,Arabic,0
LSTM,1665,2.7457165718078613,1.2920263289567082,0,0.44924924924924925,0.58,Czech,2,Ondřej Němec,Greek,7
LSTM,1666,0.006009011995047331,1.29192131748423,1,0.4495798319327731,0.58,Russian,14,Андрей Михайлов,Russian,14
LSTM,1667,0.062251389026641846,1.291972704064101,1,0.44991001799640074,0.58,Korean,11,김서연,Korean,11
LSTM,1668,0.14921003580093384,1.2898697878234089,1,0.4502398081534772,0.58,Vietnamese,17,Huỳnh Bình,Vietnamese,17
LSTM,1669,2.0895094871520996,1.3312209977023304,0,0.4499700419412822,0.56,German,6,Stefan Meyer,Dutch,3
LSTM,1670,2.041736364364624,1.34190879477188,0,0.4497005988023952,0.56,German,6,Michael Wagner,Dutch,3
LSTM,1671,2.0029714107513428,1.3814920894615352,0,0.44943147815679235,0.54,Irish,8,Liam O'Sullivan,English,4
LSTM,1672,1.2734533548355103,1.390270681809634,1,0.44976076555023925,0.54,Italian,9,Fabio Bianchi,Italian,9
LSTM,1673,0.04054577276110649,1.3651602572761476,1,0.4500896592946802,0.56,Vietnamese,17,Vũ Hoàng,Vietnamese,17
LSTM,1674,0.7817894816398621,1.3112977129779757,1,0.45041816009557945,0.58,English,4,William Wilson,English,4
LSTM,1675,2.370316505432129,1.3095379883609712,0,0.4501492537313433,0.58,Scottish,15,Gordon Stewart,English,4
LSTM,1676,0.2338719516992569,1.3130107700638474,1,0.45047732696897375,0.58,Chinese,1,王艳,Chinese,1
LSTM,1677,1.7091388702392578,1.3430813005380333,0,0.4502087060226595,0.56,Dutch,3,Jan Smit,English,4
LSTM,1678,0.007561041042208672,1.3430329696461558,1,0.4505363528009535,0.56,Russian,14,Артём Иванов,Russian,14
LSTM,1679,2.114401340484619,1.3412260810658336,0,0.4502680166765932,0.56,Dutch,3,Jan de Vries,Portuguese,13
LSTM,1680,0.008747355081140995,1.2820702786557376,1,0.4505952380952381,0.58,Russian,14,Павел Попов,Russian,14
LSTM,1681,0.01008415687829256,1.2821302246954291,1,0.4509220701963117,0.58,Arabic,0,عبدالله الهاشمي,Arabic,0
LSTM,1682,2.4129607677459717,1.3272011533286423,0,0.450653983353151,0.56,German,6,Lukas Schulz,Spanish,16
LSTM,1683,1.0885173082351685,1.2982620516326278,1,0.45098039215686275,0.58,English,4,Richard Taylor,English,4
LSTM,1684,0.9208988547325134,1.2514958837535233,1,0.4513064133016627,0.6,Italian,9,Alessandro Ferrari,Italian,9
LSTM,1685,1.281187891960144,1.243751426031813,1,0.4516320474777448,0.62,Irish,8,Conor Kelly,Irish,8
LSTM,1686,0.05919994041323662,1.2448180389031769,1,0.45195729537366547,0.62,Korean,11,최성민,Korean,11
LSTM,1687,1.9092038869857788,1.2822886068746449,1,0.45228215767634855,0.62,Czech,2,Daniel Černý,Czech,2
LSTM,1688,3.010127067565918,1.2976616556569933,0,0.45201421800947866,0.62,French,5,Marcel Martin,English,4
LSTM,1689,0.44911080598831177,1.2495454640313983,1,0.45233866193013617,0.64,Polish,12,Jan Szymański,Polish,12
LSTM,1690,0.7018023729324341,1.2279308504983784,1,0.4526627218934911,0.66,Italian,9,Domenico Greco,Italian,9
LSTM,1691,0.11443385481834412,1.2241261548921465,1,0.4529863985807215,0.66,Greek,7,Ανδρέας Αθανασίου,Greek,7
LSTM,1692,1.9002344608306885,1.2178089351579546,0,0.45271867612293143,0.66,Czech,2,Jan Němec,Vietnamese,17
LSTM,1693,1.2031947374343872,1.2412806660309434,1,0.45304193738924986,0.66,Dutch,3,Jan de Jong,Dutch,3
LSTM,1694,1.5104626417160034,1.2713316834159196,1,0.45336481700118064,0.66,German,6,Klaus Wagner,German,6
LSTM,1695,2.67448091506958,1.3088587320037186,0,0.45309734513274336,0.64,Czech,2,Adam Svoboda,Italian,9
LSTM,1696,0.005885058548301458,1.2403918575216084,1,0.4534198113207547,0.66,Greek,7,Σπυρίδων Κωνσταντίνου,Greek,7
LSTM,1697,0.006077263038605452,1.2024609583243728,1,0.45374189746611665,0.68,Russian,14,Андрей Иванов,Russian,14
LSTM,1698,0.009772672317922115,1.1574302383698523,1,0.4540636042402827,0.7,Arabic,0,نورالدين الشمري,Arabic,0
LSTM,1699,0.007386043202131987,1.1149172174278648,1,0.4543849323131254,0.72,Japanese,10,鈴木拓也,Japanese,10
LSTM,1700,2.131298303604126,1.1266354309860618,0,0.4541176470588235,0.7,Portuguese,13,Filipe Jesus,English,4
LSTM,1701,1.420359492301941,1.1313531266991048,1,0.45443856554967665,0.7,English,4,Robert Davis,English,4
LSTM,1702,1.346604824066162,1.1359077512566,1,0.45475910693301996,0.7,Czech,2,Břetislav Novotný,Czech,2
LSTM,1703,0.143957257270813,1.1386874018795787,1,0.455079271873165,0.7,Polish,12,Andrzej Kowalski,Polish,12
LSTM,1704,1.0211126804351807,1.1359967933781445,1,0.45539906103286387,0.7,Dutch,3,Kees Jansen,Dutch,3
LSTM,1705,0.23480962216854095,1.1224304516799748,1,0.45571847507331376,0.7,Japanese,10,伊藤誠,Japanese,10
LSTM,1706,0.820720374584198,1.0631475897319616,1,0.45603751465416176,0.72,Italian,9,Pietro Russo,Italian,9
LSTM,1707,0.4164268970489502,1.045021581221372,1,0.45635618043350906,0.72,Polish,12,Zbigniew Woźniak,Polish,12
LSTM,1708,1.0498446226119995,1.0658728923648595,1,0.4566744730679157,0.72,English,4,William Taylor,English,4
LSTM,1709,2.0825564861297607,1.0704798879474402,0,0.4564072557050907,0.7,English,4,Paul Smith,Dutch,3
LSTM,1710,0.6474035978317261,1.0667421796172858,1,0.4567251461988304,0.7,Spanish,16,David Pérez,Spanish,16
LSTM,1711,0.01117824949324131,1.0240182281658052,1,0.4570426651081239,0.72,Arabic,0,وليد المالكي,Arabic,0
LSTM,1712,1.8408188819885254,1.0598761428520083,1,0.45735981308411217,0.72,French,5,Lucien Richard,French,5
LSTM,1713,0.0660555511713028,1.003120595626533,1,0.45767659077641565,0.74,Korean,11,임성민,Korean,11
LSTM,1714,2.82314395904541,1.059370828885585,0,0.4574095682613769,0.72,German,6,Hans Schulz,Spanish,16
LSTM,1715,2.334716320037842,1.0511508238501848,0,0.45714285714285713,0.72,English,4,David Miller,Dutch,3
LSTM,1716,0.007312911096960306,1.051176901832223,1,0.4574592074592075,0.72,Russian,14,Олег Сидоров,Russian,14
LSTM,1717,1.4449540376663208,1.0788309548050166,1,0.45777518928363425,0.72,Czech,2,Lukáš Svoboda,Czech,2
LSTM,1718,0.6026069521903992,1.0878988931328057,1,0.4580908032596042,0.72,English,4,Matthew St. John,English,4
LSTM,1719,0.9841340184211731,1.0657913837581874,1,0.4584060500290867,0.74,Dutch,3,Thomas Visser,Dutch,3
LSTM,1720,0.06401976943016052,1.026237051859498,1,0.45872093023255817,0.76,Polish,12,Mateusz Kowalczyk,Polish,12
LSTM,1721,1.3641622066497803,1.0134608677774668,1,0.4590354445090064,0.78,Portuguese,13,João Oliveira,Portuguese,13
LSTM,1722,0.5212742686271667,0.9984172860532999,1,0.45934959349593496,0.78,English,4,Michael Brown,English,4
LSTM,1723,2.300081491470337,1.0436080004274846,0,0.4590829947765525,0.76,Irish,8,Declan O'Connor,English,4
LSTM,1724,0.7531490325927734,1.0430351914465428,1,0.4593967517401392,0.76,Czech,2,Tomáš Dvořák,Czech,2
LSTM,1725,0.08989233523607254,0.9974267080426216,1,0.45971014492753626,0.78,Vietnamese,17,Vũ Minh,Vietnamese,17
LSTM,1726,0.8984735608100891,1.0107187402248383,1,0.4600231749710313,0.78,Italian,9,Giuseppe Greco,Italian,9
LSTM,1727,0.009580113925039768,0.9767275650985539,1,0.4603358425014476,0.8,Arabic,0,إبراهيم الشمري,Arabic,0
LSTM,1728,0.702134370803833,0.9906190316937864,1,0.46064814814814814,0.8,Italian,9,Marco Ferrari,Italian,9
LSTM,1729,0.6445026397705078,0.9612210576795042,1,0.4609600925390399,0.82,Spanish,16,Pablo Pérez,Spanish,16
LSTM,1730,0.6463240385055542,0.9739725913479924,1,0.461271676300578,0.82,Spanish,16,Javier González,Spanish,16
LSTM,1731,0.7033975124359131,0.9878388584591449,1,0.4615829000577701,0.82,Polish,12,Kamil Wójcik,Polish,12
LSTM,1732,0.11483842134475708,0.9418764115311206,1,0.4618937644341801,0.84,Chinese,1,刘芳,Chinese,1
LSTM,1733,2.5139527320861816,0.9703851200081408,0,0.4616272360069244,0.82,Scottish,15,Aileen Stewart,Italian,9
LSTM,1734,1.9434049129486084,0.9908352411724627,0,0.461361014994233,0.8,Dutch,3,Pieter van den Berg,English,4
LSTM,1735,1.921310544013977,1.0036376942135394,0,0.4610951008645533,0.78,Scottish,15,Duncan Douglas,Italian,9
LSTM,1736,1.7253780364990234,1.036961256135255,0,0.4608294930875576,0.76,Czech,2,Daniel Kučera,Portuguese,13
LSTM,1737,0.009780227206647396,0.9989727829396725,1,0.46113989637305697,0.76,Arabic,0,كريم الغامدي,Arabic,0
LSTM,1738,0.0044061485677957535,0.9388583645597101,1,0.4614499424626007,0.78,Japanese,10,鈴木京子,Japanese,10
LSTM,1739,0.06511229276657104,0.9311783942952752,1,0.46175963197239794,0.78,Polish,12,Paweł Zieliński,Polish,12
LSTM,1740,1.3422811031341553,0.9439879688993096,1,0.46206896551724136,0.78,Portuguese,13,Tiago Oliveira,Portuguese,13
LSTM,1741,0.10258836299180984,0.9437510590627789,1,0.4623779437105112,0.78,Vietnamese,17,Võ Nam,Vietnamese,17
LSTM,1742,2.252106189727783,0.9507884936407208,0,0.46211251435132034,0.78,French,5,Nicolas L'Hôpital,Scottish,15
LSTM,1743,1.5058645009994507,0.9568418889120222,0,0.46184738955823296,0.76,Scottish,15,Stuart Robertson,English,4
LSTM,1744,0.607465386390686,0.9387819438055157,1,0.46215596330275227,0.76,Czech,2,Martin Novák,Czech,2
LSTM,1745,0.45620042085647583,0.8944163339212536,1,0.4624641833810888,0.78,Czech,2,Tomáš Novák,Czech,2
LSTM,1746,2.141738176345825,0.9371333962772042,0,0.46219931271477666,0.76,Irish,8,Michael O'Brien,Spanish,16
LSTM,1747,0.1434236466884613,0.9398803239502013,1,0.4625071551230681,0.76,Chinese,1,王明,Chinese,1
LSTM,1748,0.04391656816005707,0.940563201867044,1,0.46281464530892447,0.76,Polish,12,Mateusz Lewandowski,Polish,12
LSTM,1749,1.3568459749221802,0.967552400501445,1,0.4631217838765009,0.76,Italian,9,Alessandro Marino,Italian,9
LSTM,1750,0.4027455747127533,0.9329813459236175,1,0.4634285714285714,0.78,Spanish,16,Pedro Díaz,Spanish,16
LSTM,1751,1.2904419898986816,0.9303829958755523,0,0.4631639063392347,0.76,Portuguese,13,Jorge Costa,Czech,2
LSTM,1752,0.09338995814323425,0.9053186985570938,1,0.4634703196347032,0.76,Polish,12,Piotr Kowalski,Polish,12
LSTM,1753,0.10042591392993927,0.9044480716902763,1,0.4637763833428408,0.76,Vietnamese,17,Phan Quân,Vietnamese,17
LSTM,1754,1.0699518918991089,0.9054248559195548,1,0.4640820980615735,0.76,English,4,Daniel Brown,English,4
LSTM,1755,0.3234061002731323,0.9071967854816466,1,0.46438746438746437,0.76,Czech,2,Václav Dvořák,Czech,2
LSTM,1756,1.5790108442306519,0.9223625948745757,0,0.464123006833713,0.74,Czech,2,Josef Kučera,Portuguese,13
LSTM,1757,2.391909122467041,0.9618722393829375,0,0.4638588503130336,0.72,German,6,Hannah Schmidt,Czech,2
LSTM,1758,0.03408760204911232,0.9415570989716798,1,0.4641638225255973,0.72,Vietnamese,17,Hoàng Dũng,Vietnamese,17
LSTM,1759,0.0190714243799448,0.9002873977366835,1,0.46446844798180786,0.74,Polish,12,Łukasz Zieliński,Polish,12
LSTM,1760,0.23332400619983673,0.8920058059040457,1,0.4647727272727273,0.74,Czech,2,Václav Dvořák,Czech,2
LSTM,1761,1.275382399559021,0.9172898889053613,1,0.46507666098807493,0.74,Portuguese,13,Miguel Sousa,Portuguese,13
LSTM,1762,0.006127618718892336,0.8805960636399687,1,0.46538024971623154,0.74,Greek,7,Στέφανος Παπαδόπουλος,Greek,7
LSTM,1763,0.006597285624593496,0.8794068983290344,1,0.46568349404424275,0.74,Greek,7,Ιωάννης Παπαδάκης,Greek,7
LSTM,1764,2.3333311080932617,0.8696106413099914,0,0.46541950113378683,0.74,Portuguese,13,Luís Santos,Czech,2
LSTM,1765,0.007440001238137484,0.8230651149339974,1,0.46572237960339946,0.76,Russian,14,Павел Соколов,Russian,14
LSTM,1766,0.12296773493289948,0.8253782114107162,1,0.46602491506228766,0.76,Chinese,1,刘平,Chinese,1
LSTM,1767,1.8008642196655273,0.8324964150507003,0,0.46576117713638937,0.74,French,5,Jules Bernard,Scottish,15
LSTM,1768,0.009038603864610195,0.8206250480841846,1,0.4660633484162896,0.74,Arabic,0,أحمد القحطاني,Arabic,0
LSTM,1769,0.9134319424629211,0.8192110065650194,1,0.46636517806670436,0.74,English,4,J.R. Taylor,English,4
LSTM,1770,0.016971474513411522,0.8182700406666845,1,0.4666666666666667,0.74,Arabic,0,أحمد النجار,Arabic,0
LSTM,1771,1.4325472116470337,0.8196377407666295,1,0.46696781479390176,0.74,Scottish,15,Hamish Stewart,Scottish,15
LSTM,1772,0.23145480453968048,0.8138413514848799,1,0.4672686230248307,0.74,Spanish,16,Luis Sánchez,Spanish,16
LSTM,1773,2.3944644927978516,0.8157290115114302,0,0.467005076142132,0.74,Irish,8,Liam O'Brien,Dutch,3
LSTM,1774,0.027028223499655724,0.8012065953295678,1,0.4673055242390079,0.74,Korean,11,이예준,Korean,11
LSTM,1775,1.455978274345398,0.8285283141117543,1,0.4676056338028169,0.74,Irish,8,Fionn Kennedy,Irish,8
LSTM,1776,1.6814923286437988,0.8441886894684285,1,0.46790540540540543,0.74,Dutch,3,Sophie Meijer,Dutch,3
LSTM,1777,0.009823432192206383,0.8441935558337719,1,0.46820483961733256,0.74,Arabic,0,حسن الغامدي,Arabic,0
LSTM,1778,0.8412754535675049,0.8469763774890453,1,0.468503937007874,0.74,Portuguese,13,Luís Pereira,Portuguese,13
LSTM,1779,2.502472162246704,0.8841357679385692,0,0.4682405845980888,0.72,Spanish,16,Pedro García,Portuguese,13
LSTM,1780,1.2696189880371094,0.8966016669292003,1,0.46853932584269664,0.72,Irish,8,Liam Kennedy,Irish,8
LSTM,1781,1.0618607997894287,0.9037709326762706,1,0.46883773161145426,0.72,Czech,2,Ondřej Kučera,Czech,2
LSTM,1782,0.008990875445306301,0.9016539817582816,1,0.4691358024691358,0.72,Russian,14,Иван Васильев,Russian,14
LSTM,1783,0.12440583854913712,0.8538630438875408,1,0.46943353897924844,0.74,Korean,11,김수빈,Korean,11
LSTM,1784,0.8897581100463867,0.8327901078294963,1,0.4697309417040359,0.76,Scottish,15,Fergus Graham,Scottish,15
LSTM,1785,1.9921619892120361,0.8342071367334575,0,0.46946778711484594,0.76,French,5,Mathieu Robert,Irish,8
LSTM,1786,1.6776293516159058,0.8332521630357951,0,0.46920492721164614,0.76,French,5,Étienne Petit,Irish,8
LSTM,1787,1.5890058279037476,0.864836675049737,1,0.46950195858981536,0.76,Dutch,3,Kees Visser,Dutch,3
LSTM,1788,3.5865797996520996,0.9364801480714232,0,0.4692393736017897,0.74,Dutch,3,Anne de Vries,Czech,2
LSTM,1789,2.4332611560821533,0.9838431253377348,0,0.4689770821688094,0.72,Spanish,16,Alejandro García,Scottish,15
LSTM,1790,0.15510964393615723,0.9600996961537749,1,0.4692737430167598,0.72,Chinese,1,王敏,Chinese,1
LSTM,1791,0.006106884218752384,0.9581700665783137,1,0.46957007258514794,0.72,Greek,7,Θεόδωρος Παπαδόπουλος,Greek,7
LSTM,1792,0.957267165184021,0.9322732860874384,1,0.46986607142857145,0.74,Scottish,15,Niall Stewart,Scottish,15
LSTM,1793,0.03119153343141079,0.9027798267360777,1,0.4701617401003904,0.76,Polish,12,Zbigniew Kowalski,Polish,12
LSTM,1794,1.5848197937011719,0.9223269148822874,0,0.4698996655518395,0.74,French,5,Hugo Martin,Irish,8
LSTM,1795,0.02147236466407776,0.9136323537584394,1,0.4701949860724234,0.74,Vietnamese,17,Đặng Cường,Vietnamese,17
LSTM,1796,1.3314714431762695,0.8974270190950483,1,0.4704899777282851,0.76,Portuguese,13,Filipe Ferreira,Portuguese,13
LSTM,1797,0.005784201435744762,0.8946742301899939,1,0.4707846410684474,0.76,Japanese,10,田中直子,Japanese,10
LSTM,1798,1.1711629629135132,0.917219158085063,1,0.4710789766407119,0.76,Portuguese,13,Carlos Sousa,Portuguese,13
LSTM,1799,0.007340720854699612,0.8902290530037135,1,0.471372984991662,0.76,Japanese,10,田中美咲,Japanese,10
LSTM,1800,1.1391661167144775,0.904957463843748,1,0.4716666666666667,0.76,Czech,2,Jakub Veselý,Czech,2
LSTM,1801,0.0236215740442276,0.8796210555266589,1,0.4719600222098834,0.78,Korean,11,이서준,Korean,11
LSTM,1802,0.2425658404827118,0.8826045731734484,1,0.47225305216426194,0.78,Spanish,16,Luis Gómez,Spanish,16
LSTM,1803,0.24994885921478271,0.8855950320791454,1,0.47254575707154745,0.78,Chinese,1,张丽,Chinese,1
LSTM,1804,0.0058980947360396385,0.8643139561358839,1,0.4728381374722838,0.78,Greek,7,Σπυρίδων Κωνσταντίνου,Greek,7
LSTM,1805,0.14218483865261078,0.8606895309034734,1,0.4731301939058172,0.78,Chinese,1,杨娜,Chinese,1
LSTM,1806,0.5630446076393127,0.8403702061716467,1,0.473421926910299,0.8,Czech,2,Václav Procházka,Czech,2
LSTM,1807,3.40557861328125,0.8606435959879309,0,0.47315993359158826,0.8,Italian,9,Vincenzo Greco,Portuguese,13
LSTM,1808,2.536656618118286,0.9106949763093144,0,0.4728982300884956,0.78,Italian,9,Carlo Bianchi,French,5
LSTM,1809,0.4424002468585968,0.9191615527588874,1,0.47318960751796574,0.78,Czech,2,Petr Veselý,Czech,2
LSTM,1810,0.008808211423456669,0.9146712368633598,1,0.4734806629834254,0.78,Russian,14,Андрей Иванов,Russian,14
LSTM,1811,0.1891482025384903,0.8929465529229492,1,0.47377139701822196,0.78,Korean,11,박도윤,Korean,11
LSTM,1812,1.9445894956588745,0.9317157904617488,0,0.4735099337748344,0.76,Italian,9,Davide Ricci,Polish,12
LSTM,1813,1.5452581644058228,0.9624890080373735,1,0.4738003309431881,0.76,Italian,9,Giovanni Greco,Italian,9
LSTM,1814,0.008040678687393665,0.9159831994492561,1,0.474090407938258,0.78,Greek,7,Αικατερίνη Αθανασίου,Greek,7
LSTM,1815,0.07535554468631744,0.9173415103182196,1,0.4743801652892562,0.78,Korean,11,윤도윤,Korean,11
LSTM,1816,0.8500645756721497,0.9318834471330046,1,0.4746696035242291,0.78,Scottish,15,Stuart Robertson,Scottish,15
LSTM,1817,2.3166537284851074,0.9421992373093963,0,0.4744083654375344,0.78,German,6,Thomas Hoffmann,French,5
LSTM,1818,0.017504021525382996,0.9423685456626117,1,0.4746974697469747,0.78,Vietnamese,17,Đặng Nam,Vietnamese,17
LSTM,1819,0.009631828404963017,0.9242925433814526,1,0.4749862561847169,0.78,Greek,7,Αικατερίνη Παπαδάκης,Greek,7
LSTM,1820,0.00898780394345522,0.9241328699700534,1,0.47527472527472525,0.78,Arabic,0,خالد الهاشمي,Arabic,0
LSTM,1821,0.01335143856704235,0.8957489545084536,1,0.4755628775398133,0.78,Arabic,0,مصطفى النجار,Arabic,0
LSTM,1822,0.02495516464114189,0.8916189617104828,1,0.47585071350164654,0.78,Vietnamese,17,Hoàng Hùng,Vietnamese,17
LSTM,1823,0.010020074434578419,0.8439300733432173,1,0.47613823368074604,0.8,Arabic,0,حسن الغامدي,Arabic,0
LSTM,1824,0.008805611170828342,0.8435656210966408,1,0.4764254385964912,0.8,Arabic,0,ماجد القحطاني,Arabic,0
LSTM,1825,1.2297191619873047,0.839040438849479,1,0.4767123287671233,0.8,Polish,12,Jakub Woźniak,Polish,12
LSTM,1826,1.230574131011963,0.8300220748968422,1,0.4769989047097481,0.8,Italian,9,Fabio Russo,Italian,9
LSTM,1827,2.3460841178894043,0.8767472886107862,0,0.4767378215654078,0.78,German,6,Maximilian Wagner,English,4
LSTM,1828,0.012727107852697372,0.86017632169649,1,0.47702407002188185,0.78,Greek,7,Χρήστος Αθανασίου,Greek,7
LSTM,1829,1.0338664054870605,0.8308042065612972,1,0.47731000546746855,0.8,Scottish,15,Rory MacDonald,Scottish,15
LSTM,1830,0.6506502032279968,0.818424830865115,1,0.47759562841530057,0.8,English,4,Robert St. John,English,4
LSTM,1831,1.599524974822998,0.8291781143657864,0,0.4773347897323867,0.78,Irish,8,Conor Kelly,Scottish,15
LSTM,1832,0.11003704369068146,0.8311990377306938,1,0.47762008733624456,0.78,Chinese,1,张平,Chinese,1
LSTM,1833,0.13455313444137573,0.8314019836485386,1,0.4779050736497545,0.78,Spanish,16,Diego Martínez,Spanish,16
LSTM,1834,0.01828094944357872,0.8139724404364824,1,0.4781897491821156,0.78,Korean,11,강하은,Korean,11
LSTM,1835,0.4517596960067749,0.7831643945723772,1,0.4784741144414169,0.8,Czech,2,Jiří Veselý,Czech,2
LSTM,1836,2.082634925842285,0.7912645060569048,0,0.4782135076252723,0.8,Dutch,3,Lars Janssen,English,4
LSTM,1837,0.8836717009544373,0.7771578235179186,1,0.4784975503538378,0.8,English,4,Michael Taylor,English,4
LSTM,1838,0.4419615864753723,0.714265459254384,1,0.47878128400435255,0.82,Polish,12,Szymon Nowak,Polish,12
LSTM,1839,0.1269713044166565,0.6681396622210741,1,0.4790647090810223,0.84,Chinese,1,杨艳,Chinese,1
LSTM,1840,0.5572544932365417,0.6761825592070818,1,0.47934782608695653,0.84,English,4,James Brown,English,4
LSTM,1841,0.6560779809951782,0.6891819811426103,1,0.4796306355241716,0.84,Italian,9,Fabio Esposito,Italian,9
LSTM,1842,0.05544590950012207,0.6711455560289323,1,0.4799131378935939,0.84,Japanese,10,渡辺太郎,Japanese,10
LSTM,1843,0.009439479559659958,0.6707105149514974,1,0.4801953336950624,0.84,Japanese,10,伊藤花子,Japanese,10
LSTM,1844,0.006074537988752127,0.6391356098372489,1,0.4804772234273319,0.86,Russian,14,Евгений Смирнов,Russian,14
LSTM,1845,0.008472096174955368,0.6388756044674665,1,0.4807588075880759,0.86,Greek,7,Σοφία Παπαδόπουλος,Greek,7
LSTM,1846,2.5311412811279297,0.6628690012264997,0,0.48049837486457203,0.84,German,6,Friedrich Schmidt,Polish,12
LSTM,1847,0.9885869026184082,0.682525055250153,1,0.4807796426637791,0.84,Dutch,3,Lotte Jansen,Dutch,3
LSTM,1848,1.3734955787658691,0.6865717075672001,0,0.4805194805194805,0.82,Dutch,3,Willem de Vries,English,4
LSTM,1849,0.011934543959796429,0.686663584029302,1,0.4808004326663061,0.82,Russian,14,Юрий Попов,Russian,14
LSTM,1850,0.22956646978855133,0.6684715910907835,1,0.4810810810810811,0.82,Japanese,10,渡辺健,Japanese,10
LSTM,1851,0.6880816221237183,0.6817607920523733,1,0.4813614262560778,0.82,Dutch,3,Sophie Janssen,Dutch,3
LSTM,1852,0.0345136858522892,0.6775997489597648,1,0.4816414686825054,0.82,Korean,11,임하은,Korean,11
LSTM,1853,1.9221794605255127,0.7110443609859795,0,0.4813815434430653,0.8,German,6,Maximilian Meyer,Dutch,3
LSTM,1854,0.8657163381576538,0.7282407258544117,1,0.4816612729234088,0.8,Italian,9,Vincenzo Romano,Italian,9
LSTM,1855,2.0118305683135986,0.7656336404476315,0,0.4814016172506739,0.78,Irish,8,Niall Kelly,Dutch,3
LSTM,1856,0.3514258563518524,0.7614012654218822,1,0.4816810344827586,0.78,Czech,2,Jan Novotný,Czech,2
LSTM,1857,0.6860320568084717,0.7070103342924267,1,0.4819601507808293,0.8,Italian,9,Alessandro Greco,Italian,9
LSTM,1858,0.082709401845932,0.6579313899669796,1,0.4822389666307858,0.82,Chinese,1,张明,Chinese,1
LSTM,1859,0.11042417585849762,0.6512918685469776,1,0.4825174825174825,0.82,Japanese,10,鈴木彩,Japanese,10
LSTM,1860,0.6153123378753662,0.6634219510760159,1,0.4827956989247312,0.82,Czech,2,Pavel Němec,Czech,2
LSTM,1861,0.00995645858347416,0.6598381161969155,1,0.4830736163353036,0.82,Greek,7,Θεόδωρος Νικολάου,Greek,7
LSTM,1862,0.1287660449743271,0.6235216471832246,1,0.4833512352309345,0.84,Polish,12,Wojciech Lewandowski,Polish,12
LSTM,1863,0.2211972177028656,0.5970404282491654,1,0.4836285560923242,0.84,Chinese,1,吴娟,Chinese,1
LSTM,1864,0.3555000126361847,0.6039896149281412,1,0.48390557939914164,0.84,Italian,9,Fabio Esposito,Italian,9
LSTM,1865,2.18900465965271,0.646262597227469,0,0.4836461126005362,0.82,French,5,Gabriel Martin,Scottish,15
LSTM,1866,0.04253344237804413,0.630111974561587,1,0.48392282958199356,0.82,Polish,12,Kamil Kamiński,Polish,12
LSTM,1867,0.023245912045240402,0.5842438182327896,1,0.48419925013390464,0.84,Vietnamese,17,Đặng Linh,Vietnamese,17
LSTM,1868,0.048655346035957336,0.5848668447230011,1,0.48447537473233404,0.84,Vietnamese,17,Phạm Dũng,Vietnamese,17
LSTM,1869,1.2263751029968262,0.6092017102148384,0,0.48421615837346177,0.82,Dutch,3,Anne Bakker,Czech,2
LSTM,1870,0.9864771366119385,0.6287514968682081,0,0.4839572192513369,0.8,Dutch,3,Sem Jansen,Czech,2
LSTM,1871,2.381040096282959,0.6761052700225264,0,0.4836985569214324,0.78,Dutch,3,Hendrik de Jong,Czech,2
LSTM,1872,0.10600419342517853,0.6777262505982071,1,0.483974358974359,0.78,Chinese,1,周平,Chinese,1
LSTM,1873,0.008335561491549015,0.6776925603393466,1,0.4842498665242926,0.78,Greek,7,Αθανάσιος Παπαδάκης,Greek,7
LSTM,1874,2.3003721237182617,0.7235238905902952,0,0.483991462113127,0.76,German,6,Klaus Meyer,Dutch,3
LSTM,1875,0.007186278700828552,0.6990732329245657,1,0.4842666666666667,0.76,Korean,11,장지민,Korean,11
LSTM,1876,0.8063561320304871,0.6905888729449362,1,0.48454157782515994,0.76,Czech,2,Michal Veselý,Czech,2
LSTM,1877,1.6645561456680298,0.6769583135005086,0,0.48428343100692595,0.76,Irish,8,Aoife Murphy,Scottish,15
LSTM,1878,3.073240280151367,0.7381685769464821,0,0.4840255591054313,0.74,Arabic,0,وليد الحداد,Dutch,3
LSTM,1879,2.405181407928467,0.7655948769953101,0,0.48376796168174563,0.72,German,6,Dieter Schulz,Spanish,16
LSTM,1880,0.01452538464218378,0.752872380623594,1,0.48404255319148937,0.72,Russian,14,Максим Петров,Russian,14
LSTM,1881,0.5551853775978088,0.7319855886790901,1,0.48431685273790537,0.74,Czech,2,Martin Černý,Czech,2
LSTM,1882,0.7056446075439453,0.7438977399561554,1,0.48459086078639746,0.74,Dutch,3,Thomas de Jong,Dutch,3
LSTM,1883,0.011164574883878231,0.7414299687650054,1,0.48486457780138076,0.74,Russian,14,Максим Иванов,Russian,14
LSTM,1884,2.0934906005859375,0.7829341617878527,0,0.4846072186836518,0.72,French,5,François Dubois,Scottish,15
LSTM,1885,1.238452434539795,0.798668016558513,1,0.48488063660477454,0.72,Portuguese,13,Pedro Sousa,Portuguese,13
LSTM,1886,0.03205488622188568,0.7576564157661051,1,0.4851537645811241,0.74,Polish,12,Marcin Lewandowski,Polish,12
LSTM,1887,0.008625276386737823,0.7401554872747511,1,0.4854266030736619,0.74,Arabic,0,سليم الغامدي,Arabic,0
LSTM,1888,1.5225383043289185,0.761767021631822,0,0.4851694915254237,0.72,Portuguese,13,Carlos Ferreira,Czech,2
LSTM,1889,0.13566423952579498,0.7619408803340048,1,0.48544203282159876,0.72,Korean,11,박수빈,Korean,11
LSTM,1890,2.897473096847534,0.8087452524062246,0,0.48518518518518516,0.7,French,5,Jules Petit,Dutch,3
LSTM,1891,2.2601218223571777,0.8408261292334646,0,0.4849286092014807,0.68,Irish,8,Aidan Doyle,Dutch,3
LSTM,1892,1.6964884996414185,0.8736469810362906,0,0.4846723044397463,0.66,English,4,Thomas Smith,Dutch,3
LSTM,1893,0.0071297031827270985,0.8736007855087519,1,0.4849445324881141,0.66,Greek,7,Αλέξανδρος Αλεξίου,Greek,7
LSTM,1894,0.9518516063690186,0.8925163268763572,1,0.48521647307286164,0.66,Italian,9,Francesco Colombo,Italian,9
LSTM,1895,1.574721097946167,0.9238413069117815,0,0.48496042216358837,0.64,Portuguese,13,João Martins,French,5
LSTM,1896,1.1602200269699097,0.8964228818286211,1,0.48523206751054854,0.66,Scottish,15,Rory MacDonald,Scottish,15
LSTM,1897,0.5777052640914917,0.8882052490580827,1,0.48550342646283606,0.66,Czech,2,Marek Dvořák,Czech,2
LSTM,1898,0.5953009724617004,0.8726413569319993,1,0.4857744994731296,0.68,Polish,12,Kamil Kowalski,Polish,12
LSTM,1899,0.5978366732597351,0.8843593995179981,1,0.4860452869931543,0.68,Portuguese,13,Gonçalo Ferreira,Portuguese,13
LSTM,1900,0.41860413551330566,0.8881401528324931,1,0.4863157894736842,0.68,Spanish,16,Daniel Rodríguez,Spanish,16
LSTM,1901,2.649458408355713,0.927367688557133,0,0.4860599684376644,0.66,Vietnamese,17,Nguyễn Đức,Dutch,3
LSTM,1902,1.8931840658187866,0.964541096156463,0,0.48580441640378547,0.64,Polish,12,Andrzej Woźniak,Italian,9
LSTM,1903,0.03435106202960014,0.9267845281865448,1,0.4860746190225959,0.66,Korean,11,조현우,Korean,11
LSTM,1904,0.3063829839229584,0.9155978611018508,1,0.48634453781512604,0.66,Vietnamese,17,Phan Đức,Vietnamese,17
LSTM,1905,0.020386096090078354,0.8757689716573804,1,0.48661417322834644,0.68,Korean,11,윤성민,Korean,11
LSTM,1906,0.2217079997062683,0.8731746145244688,1,0.48688352570828963,0.68,Spanish,16,Carlos López,Spanish,16
LSTM,1907,0.0723242536187172,0.8609004584606736,1,0.4871525957000524,0.68,Polish,12,Mateusz Wójcik,Polish,12
LSTM,1908,1.5720487833023071,0.8906872460898012,0,0.4868972746331237,0.66,French,5,François Martin,Scottish,15
LSTM,1909,0.012746881693601608,0.8887337002065032,1,0.48716605552645365,0.66,Japanese,10,中村大輔,Japanese,10
LSTM,1910,0.006698534358292818,0.8765614241361618,1,0.487434554973822,0.66,Greek,7,Χρήστος Παπαδόπουλος,Greek,7
LSTM,1911,1.012778878211975,0.8966178725287318,1,0.48770277341705914,0.66,Irish,8,Aidan Murphy,Irish,8
LSTM,1912,2.2473270893096924,0.9389890934154391,0,0.4874476987447699,0.64,Scottish,15,Rory Fraser,German,6
LSTM,1913,0.04415144398808479,0.9354481779411435,1,0.48771562990067957,0.64,Korean,11,임서연,Korean,11
LSTM,1914,0.02507968246936798,0.9288397713378072,1,0.48798328108672934,0.64,Greek,7,Γεώργιος Γεωργίου,Greek,7
LSTM,1915,2.1828768253326416,0.9287172146514058,0,0.48772845953002614,0.64,Dutch,3,Hendrik van den Berg,Portuguese,13
LSTM,1916,0.006120983976870775,0.9279889654833824,1,0.4879958246346555,0.64,Greek,7,Βασίλειος Δημητρίου,Greek,7
LSTM,1917,0.008885960094630718,0.9277017664443702,1,0.48826291079812206,0.64,Vietnamese,17,Đặng Hùng,Vietnamese,17
LSTM,1918,0.08408533036708832,0.9284103661309928,1,0.48852971845672577,0.64,Chinese,1,周明,Chinese,1
LSTM,1919,0.005831846036016941,0.9039995009917766,1,0.4887962480458572,0.66,Greek,7,Χρήστος Βασιλείου,Greek,7
LSTM,1920,0.01332591287791729,0.8845364765170962,1,0.4890625,0.68,Polish,12,Łukasz Kowalczyk,Polish,12
LSTM,1921,2.117001533508301,0.879255705261603,0,0.4888079125455492,0.68,French,5,Étienne Thomas,Portuguese,13
LSTM,1922,0.005472440738230944,0.877245070207864,1,0.4890738813735692,0.68,Greek,7,Θεόδωρος Βασιλείου,Greek,7
LSTM,1923,0.1044563576579094,0.8791674861311912,1,0.48933957358294333,0.68,Japanese,10,加藤蓮,Japanese,10
LSTM,1924,0.01714855246245861,0.8335030147060752,1,0.4896049896049896,0.7,Korean,11,윤도윤,Korean,11
LSTM,1925,0.006117666140198708,0.8334816424548626,1,0.48987012987012984,0.7,Arabic,0,محمد القحطاني,Arabic,0
LSTM,1926,0.019591281190514565,0.8177463454380631,1,0.490134994807892,0.7,Korean,11,윤정훈,Korean,11
LSTM,1927,1.9261088371276855,0.8229773992672562,0,0.48988064348728594,0.7,English,4,William Wilson,Polish,12
LSTM,1928,1.5521255731582642,0.7925551051273942,0,0.4896265560165975,0.7,German,6,Michael Wagner,Irish,8
LSTM,1929,0.01752862147986889,0.7448020493984222,1,0.48989113530326595,0.72,Vietnamese,17,Phạm Tuấn,Vietnamese,17
LSTM,1930,1.2809743881225586,0.7701310294680297,1,0.49015544041450776,0.72,French,5,Étienne Durand,French,5
LSTM,1931,0.20234434306621552,0.7630742087773978,1,0.4904194717762817,0.72,Chinese,1,李敏,Chinese,1
LSTM,1932,0.07222112268209457,0.7504057390801608,1,0.4906832298136646,0.72,Chinese,1,张平,Chinese,1
LSTM,1933,0.0049556284211575985,0.7502815601509064,1,0.49094671495085357,0.72,Greek,7,Αλέξανδρος Παπαδόπουλος,Greek,7
LSTM,1934,0.13377715647220612,0.7110872912686318,1,0.49120992761116855,0.74,Spanish,16,Carlos Sánchez,Spanish,16
LSTM,1935,0.006805455777794123,0.6864543516933918,1,0.49147286821705427,0.74,Arabic,0,خالد الغامدي,Arabic,0
LSTM,1936,2.2211623191833496,0.7302365003526211,0,0.4912190082644628,0.72,German,6,Johannes Schmidt,French,5
LSTM,1937,0.004136221949011087,0.7301467192638665,1,0.49148167268972637,0.72,Japanese,10,加藤直子,Japanese,10
LSTM,1938,1.189420223236084,0.7234843576420098,1,0.4917440660474716,0.74,French,5,Benoît Robert,French,5
LSTM,1939,0.1442430466413498,0.7236559337843209,1,0.4920061887570913,0.74,Chinese,1,王丽,Chinese,1
LSTM,1940,1.0800014734268188,0.6873065013159066,1,0.49226804123711343,0.76,English,4,Christopher Wilson,English,4
LSTM,1941,0.8138293027877808,0.6583806509245187,1,0.4925296239052035,0.78,English,4,Andrew St. John,English,4
LSTM,1942,2.397383213043213,0.6723985451925546,0,0.4922760041194645,0.78,Dutch,3,Lucas Janssen,German,6
LSTM,1943,0.010114132426679134,0.6724582337774336,1,0.4925373134328358,0.78,Korean,11,김예은,Korean,11
LSTM,1944,0.017629237845540047,0.653773786406964,1,0.492798353909465,0.78,Korean,11,임민수,Korean,11
LSTM,1945,0.040379200130701065,0.6230869484506547,1,0.4930591259640103,0.8,Polish,12,Łukasz Zieliński,Polish,12
LSTM,1946,1.6752718687057495,0.6333879852853715,1,0.4933196300102775,0.8,Dutch,3,Kees van Dijk,Dutch,3
LSTM,1947,1.2221288681030273,0.6462764573656022,1,0.49357986646122237,0.8,Italian,9,Antonio Bianchi,Italian,9
LSTM,1948,1.362166166305542,0.6616137612424791,1,0.4938398357289528,0.8,English,4,James Williams,English,4
LSTM,1949,1.7057772874832153,0.6837725735269486,0,0.4935864545920985,0.78,Portuguese,13,Manuel Jesus,Dutch,3
LSTM,1950,1.4156197309494019,0.7037128854356706,0,0.49333333333333335,0.76,Scottish,15,Fraser Douglas,French,5
LSTM,1951,0.08001765608787537,0.6523240703903138,1,0.4935930292157868,0.78,Japanese,10,高橋健,Japanese,10
LSTM,1952,0.012333553284406662,0.6147070601396263,1,0.49385245901639346,0.8,Vietnamese,17,Võ Quân,Vietnamese,17
LSTM,1953,0.020769722759723663,0.6144354333542288,1,0.4941116231438812,0.8,Korean,11,박하은,Korean,11
LSTM,1954,1.4119083881378174,0.6365459414385259,1,0.49437052200614123,0.8,French,5,Noël Robert,French,5
LSTM,1955,0.4131452143192291,0.6444011238031089,1,0.49462915601023016,0.8,Italian,9,Francesco Greco,Italian,9
LSTM,1956,0.4173319637775421,0.6483136030845345,1,0.4948875255623722,0.8,Italian,9,Marco Russo,Italian,9
LSTM,1957,1.9394210577011108,0.6856555391661823,0,0.49463464486458864,0.78,French,5,François L'Hôpital,Scottish,15
LSTM,1958,0.01276453584432602,0.6544698542170226,1,0.49489274770173647,0.8,Arabic,0,مصطفى الشمري,Arabic,0
LSTM,1959,0.41569340229034424,0.6625287846289575,1,0.4951505870342011,0.8,Polish,12,Stanisław Woźniak,Polish,12
LSTM,1960,0.15477915108203888,0.6654903969634325,1,0.4954081632653061,0.8,Chinese,1,张强,Chinese,1
LSTM,1961,0.007412785664200783,0.645383075112477,1,0.4956654767975523,0.8,Japanese,10,中村悠斗,Japanese,10
LSTM,1962,0.00540047325193882,0.6005445427913219,1,0.49592252803261977,0.82,Greek,7,Νικόλαος Αλεξίου,Greek,7
LSTM,1963,1.211519479751587,0.623891903506592,1,0.49617931737137033,0.82,Dutch,3,Bram Janssen,Dutch,3
LSTM,1964,1.6147146224975586,0.6556846023071558,1,0.4964358452138493,0.82,English,4,William Jones,English,4
LSTM,1965,0.505252480506897,0.6221321154106408,1,0.49669211195928753,0.84,Czech,2,Jan Dvořák,Czech,2
LSTM,1966,0.008657422848045826,0.6221828441880644,1,0.4969481180061038,0.84,Korean,11,정지훈,Korean,11
LSTM,1967,2.030824899673462,0.662621622979641,0,0.49669547534316216,0.82,French,5,Benoît d'Aubigné,English,4
LSTM,1968,1.4377474784851074,0.6896948659420014,1,0.4969512195121951,0.82,Czech,2,Petr Němec,Czech,2
LSTM,1969,0.12048633396625519,0.6919879557006061,1,0.4972067039106145,0.82,Japanese,10,渡辺誠,Japanese,10
LSTM,1970,0.0072159855626523495,0.6918657571543008,1,0.49746192893401014,0.82,Arabic,0,يوسف العتيبي,Arabic,0
LSTM,1971,2.0066370964050293,0.6896584684122353,0,0.4972095383054287,0.82,German,6,Wolfgang Fischer,Dutch,3
LSTM,1972,0.7393133044242859,0.7043352856859565,1,0.4974645030425964,0.82,Czech,2,Michal Černý,Czech,2
LSTM,1973,1.2019941806793213,0.7262860421463847,1,0.49771920932589964,0.82,Irish,8,Fionn Kelly,Irish,8
LSTM,1974,0.014326454140245914,0.7262296001799404,1,0.4979736575481256,0.82,Arabic,0,كريم الحداد,Arabic,0
LSTM,1975,0.055871449410915375,0.7272246758453548,1,0.4982278481012658,0.82,Polish,12,Grzegorz Kamiński,Polish,12
LSTM,1976,0.7302085161209106,0.7414370205439628,1,0.4984817813765182,0.82,Portuguese,13,António Ferreira,Portuguese,13
LSTM,1977,1.403823733329773,0.7309913184680045,1,0.49873545776428935,0.84,Portuguese,13,Miguel Rodrigues,Portuguese,13
LSTM,1978,0.047378137707710266,0.7008963697589934,1,0.49898887765419614,0.86,Polish,12,Mateusz Kowalczyk,Polish,12
LSTM,1979,0.21812495589256287,0.7049082964472473,1,0.49924204143506823,0.86,Vietnamese,17,Hoàng Phong,Vietnamese,17
LSTM,1980,0.9361999034881592,0.6980128067545592,1,0.4994949494949495,0.86,Dutch,3,Willem Janssen,Dutch,3
LSTM,1981,0.004719309508800507,0.694060306083411,1,0.49974760222110043,0.86,Greek,7,Δημήτριος Γεωργίου,Greek,7
LSTM,1982,0.007510994095355272,0.6927661035116762,1,0.5,0.86,Russian,14,Сергей Иванов,Russian,14
LSTM,1983,0.0404643788933754,0.6934762785211206,1,0.5002521432173475,0.86,Chinese,1,刘明,Chinese,1
LSTM,1984,0.00705856503918767,0.6909419066924601,1,0.5005040322580645,0.86,Arabic,0,أحمد الغامدي,Arabic,0
LSTM,1985,2.1257879734039307,0.7333215570449829,0,0.5002518891687657,0.84,Irish,8,Oisín Kelly,Czech,2
LSTM,1986,0.2113548219203949,0.6931254070997238,1,0.500503524672709,0.86,Czech,2,Ondřej Černý,Czech,2
LSTM,1987,1.5802961587905884,0.7246486058365553,0,0.5002516356316055,0.84,French,5,Noël Robert,Czech,2
LSTM,1988,1.513668417930603,0.7311335697304457,0,0.5,0.82,French,5,Gabriel L'Hôpital,Portuguese,13
LSTM,1989,0.27412232756614685,0.7337311553489417,1,0.5002513826043238,0.82,Czech,2,Jan Veselý,Czech,2
LSTM,1990,0.20719540119171143,0.7162750339042395,1,0.5005025125628141,0.82,Czech,2,Jakub Černý,Czech,2
LSTM,1991,2.048440933227539,0.7409672665130347,0,0.5002511300853842,0.8,Scottish,15,Alasdair Robertson,English,4
LSTM,1992,0.005844646133482456,0.6931364951748401,1,0.5005020080321285,0.82,Arabic,0,سعيد الهاشمي,Arabic,0
LSTM,1993,2.0005595684051514,0.7329454038944095,0,0.5002508780732564,0.8,French,5,Nicolas Dubois,English,4
LSTM,1994,0.4340268075466156,0.7412733552884311,1,0.5005015045135406,0.8,Portuguese,13,João Ferreira,Portuguese,13
LSTM,1995,0.19082096219062805,0.7442821905296296,1,0.5007518796992482,0.8,Chinese,1,李丽,Chinese,1
LSTM,1996,0.00919252447783947,0.7109606036450714,1,0.501002004008016,0.8,Japanese,10,高橋大輔,Japanese,10
LSTM,1997,2.082244873046875,0.7281629237439483,0,0.5007511266900351,0.78,German,6,Jürgen Meyer,Dutch,3
LSTM,1998,0.04166548699140549,0.7017529101576656,1,0.501001001001001,0.78,Vietnamese,17,Đặng Đức,Vietnamese,17
LSTM,1999,0.16354753077030182,0.6709083150234073,1,0.5012506253126563,0.8,Vietnamese,17,Phạm Hoàng,Vietnamese,17
LSTM,2000,0.5138106346130371,0.65287213309668,1,0.5015,0.82,Italian,9,Riccardo Esposito,Italian,9
GRU,1,2.804110527038574,2.804110527038574,0,0.0,0.0,Dutch,3,Kees de Jong,Korean,11
GRU,2,2.9355170726776123,2.8698137998580933,0,0.0,0.0,Irish,8,Liam Walsh,Dutch,3
GRU,3,2.9007458686828613,2.880124489466349,0,0.0,0.0,Greek,7,Ευάγγελος Παπαδάκης,Dutch,3
GRU,4,2.7130444049835205,2.838354468345642,1,0.25,0.25,Dutch,3,Ruben Smit,Dutch,3
GRU,5,3.0555994510650635,2.8818034648895265,0,0.2,0.2,Vietnamese,17,Trần Cường,Dutch,3
GRU,6,2.8802523612976074,2.8815449476242065,0,0.16666666666666666,0.16666666666666666,Portuguese,13,Jorge Silva,Dutch,3
GRU,7,2.9028947353363037,2.8845949172973633,0,0.14285714285714285,0.14285714285714285,Arabic,0,عمر الخطيب,Dutch,3
GRU,8,2.869931697845459,2.8827620148658752,0,0.125,0.125,German,6,Hannah Schneider,Dutch,3
GRU,9,2.9967594146728516,2.8954283926222057,0,0.1111111111111111,0.1111111111111111,Spanish,16,Miguel Pérez,Dutch,3
GRU,10,2.861839771270752,2.8920695304870607,0,0.1,0.1,Arabic,0,عمر المالكي,Dutch,3
GRU,11,2.8751676082611084,2.8905329921028833,0,0.09090909090909091,0.09090909090909091,German,6,Wolfgang Hoffmann,Dutch,3
GRU,12,2.984797954559326,2.89838840564092,0,0.08333333333333333,0.08333333333333333,Vietnamese,17,Huỳnh Hoàng,Dutch,3
GRU,13,2.833611249923706,2.8934055475088267,0,0.07692307692307693,0.07692307692307693,Greek,7,Στέφανος Αθανασίου,Dutch,3
GRU,14,2.8199479579925537,2.8881585768290927,0,0.07142857142857142,0.07142857142857142,Irish,8,Patrick Murphy,Dutch,3
GRU,15,3.0414090156555176,2.8983752727508545,0,0.06666666666666667,0.06666666666666667,French,5,Jean-Luc d'Aubigné,Dutch,3
GRU,16,2.8061254024505615,2.892609655857086,0,0.0625,0.0625,Portuguese,13,Rui Oliveira,Dutch,3
GRU,17,2.7532975673675537,2.884414827122408,0,0.058823529411764705,0.058823529411764705,Irish,8,Aoife Kelly,Dutch,3
GRU,18,2.792793035507202,2.8793247275882297,0,0.05555555555555555,0.05555555555555555,German,6,Maximilian Hoffmann,Dutch,3
GRU,19,2.994763135910034,2.8854004332893775,0,0.05263157894736842,0.05263157894736842,Japanese,10,鈴木翔,Dutch,3
GRU,20,2.9145846366882324,2.88685964345932,0,0.05,0.05,Czech,2,Štěpán Černý,Dutch,3
GRU,21,2.617321491241455,2.8740244933537076,1,0.09523809523809523,0.09523809523809523,Dutch,3,Sander van Dijk,Dutch,3
GRU,22,2.849477767944336,2.872908733107827,0,0.09090909090909091,0.09090909090909091,Korean,11,윤수빈,Dutch,3
GRU,23,2.715278148651123,2.8660552294357964,0,0.08695652173913043,0.08695652173913043,Irish,8,Brendan Murphy,Dutch,3
GRU,24,3.014819860458374,2.8722537557284036,0,0.08333333333333333,0.08333333333333333,Russian,14,Роман Васильев,Dutch,3
GRU,25,2.580226182937622,2.8605726528167725,1,0.12,0.12,Dutch,3,Finn van Dijk,Dutch,3
GRU,26,2.9064271450042725,2.862336287131676,0,0.11538461538461539,0.11538461538461539,Czech,2,Petr Veselý,Dutch,3
GRU,27,2.9344654083251953,2.8650077360647694,0,0.1111111111111111,0.1111111111111111,Italian,9,Alessandro Marino,Dutch,3
GRU,28,2.8491334915161133,2.8644407987594604,0,0.10714285714285714,0.10714285714285714,Korean,11,윤상현,Dutch,3
GRU,29,2.698479413986206,2.858717992387969,0,0.10344827586206896,0.10344827586206896,German,6,Hans Hoffmann,Dutch,3
GRU,30,2.8585712909698486,2.8587131023406984,0,0.1,0.1,Czech,2,Marek Novák,Dutch,3
GRU,31,2.688751220703125,2.8532304609975507,0,0.0967741935483871,0.0967741935483871,Greek,7,Ελένη Σταυρίδης,Dutch,3
GRU,32,2.900012731552124,2.854692406952381,0,0.09375,0.09375,Italian,9,Alessandro Russo,Dutch,3
GRU,33,2.6600117683410645,2.848792993661129,0,0.09090909090909091,0.09090909090909091,Greek,7,Αλέξανδρος Παπαδάκης,Dutch,3
GRU,34,3.122053623199463,2.8568300710004917,0,0.08823529411764706,0.08823529411764706,Polish,12,Wojciech Wójcik,Dutch,3
GRU,35,2.963946580886841,2.8598905427115304,0,0.08571428571428572,0.08571428571428572,Russian,14,Андрей Михайлов,Dutch,3
GRU,36,2.8647894859313965,2.860026624467638,0,0.08333333333333333,0.08333333333333333,Korean,11,박지훈,Dutch,3
GRU,37,2.835143566131592,2.8593541093774744,0,0.08108108108108109,0.08108108108108109,Korean,11,정서준,Dutch,3
GRU,38,2.6556899547576904,2.853994526361164,0,0.07894736842105263,0.07894736842105263,German,6,Matthias Schulz,Dutch,3
GRU,39,2.699402332305908,2.850030623949491,0,0.07692307692307693,0.07692307692307693,Irish,8,Aoife O'Connor,Dutch,3
GRU,40,2.7926063537597656,2.848595017194748,0,0.075,0.075,Czech,2,Daniel Veselý,Dutch,3
GRU,41,3.0390090942382812,2.8532392629762975,0,0.07317073170731707,0.07317073170731707,French,5,Noël Durand,Dutch,3
GRU,42,2.6129674911499023,2.8475185065042403,0,0.07142857142857142,0.07142857142857142,Greek,7,Δημήτριος Γεωργίου,Dutch,3
GRU,43,2.9124562740325928,2.849028687144435,0,0.06976744186046512,0.06976744186046512,Russian,14,Роман Кузнецов,Dutch,3
GRU,44,2.644259214401245,2.8443748354911804,0,0.06818181818181818,0.06818181818181818,Irish,8,Conor O'Connor,Dutch,3
GRU,45,2.9703259468078613,2.8471737490759956,0,0.06666666666666667,0.06666666666666667,Vietnamese,17,Lê Phong,Dutch,3
GRU,46,2.9931106567382812,2.850346290546915,0,0.06521739130434782,0.06521739130434782,Japanese,10,加藤悠斗,Dutch,3
GRU,47,3.1221370697021484,2.8561290730821325,0,0.06382978723404255,0.06382978723404255,Chinese,1,张霞,Dutch,3
GRU,48,3.126950740814209,2.861771191159884,0,0.0625,0.0625,Chinese,1,陈伟,Dutch,3
GRU,49,3.0878238677978516,2.866384511091271,0,0.061224489795918366,0.061224489795918366,Polish,12,Jakub Wójcik,Dutch,3
GRU,50,2.723865032196045,2.8635341215133665,0,0.06,0.06,Czech,2,Filip Novotný,Dutch,3
GRU,51,2.9936182498931885,2.867324275970459,0,0.058823529411764705,0.06,Japanese,10,高橋誠,German,6
GRU,52,3.3529646396636963,2.875673227310181,0,0.057692307692307696,0.06,Scottish,15,Angus Murray,Irish,8
GRU,53,2.8251566886901855,2.874161443710327,0,0.05660377358490566,0.06,Russian,14,Павел Петров,Irish,8
GRU,54,2.4589293003082275,2.869079141616821,1,0.07407407407407407,0.06,Irish,8,Michael Kelly,Irish,8
GRU,55,2.4192426204681396,2.856352005004883,1,0.09090909090909091,0.08,Greek,7,Μιχάλης Σταυρίδης,Greek,7
GRU,56,2.9510927200317383,2.8577688121795655,0,0.08928571428571429,0.08,Vietnamese,17,Phan Quân,Irish,8
GRU,57,2.4818973541259766,2.849348864555359,1,0.10526315789473684,0.1,Irish,8,Brendan Kennedy,Irish,8
GRU,58,2.917614221572876,2.8503025150299073,0,0.10344827586206896,0.1,Portuguese,13,Luís Martins,Irish,8
GRU,59,3.025684356689453,2.8508810138702394,0,0.1016949152542373,0.1,Polish,12,Grzegorz Kowalczyk,Irish,8
GRU,60,2.3382327556610107,2.8404088735580446,1,0.11666666666666667,0.12,Greek,7,Ευάγγελος Παπαδάκης,Greek,7
GRU,61,3.109617233276367,2.8450978660583495,0,0.11475409836065574,0.12,Spanish,16,Fernando Sánchez,Irish,8
GRU,62,2.662233591079712,2.838646578788757,0,0.11290322580645161,0.12,Czech,2,Adam Němec,Irish,8
GRU,63,3.1112611293792725,2.8441995763778687,0,0.1111111111111111,0.12,Chinese,1,李军,Dutch,3
GRU,64,3.4891088008880615,2.8575827932357787,0,0.109375,0.12,English,4,James Taylor,Irish,8
GRU,65,2.9794483184814453,2.8563435792922975,0,0.1076923076923077,0.12,French,5,Mathieu d'Aubigné,Irish,8
GRU,66,2.876185417175293,2.857744779586792,0,0.10606060606060606,0.12,Portuguese,13,Diogo Martins,Irish,8
GRU,67,2.605862855911255,2.854796085357666,0,0.1044776119402985,0.12,Czech,2,Břetislav Černý,Irish,8
GRU,68,2.9899497032165527,2.858739218711853,0,0.10294117647058823,0.12,Polish,12,Grzegorz Zieliński,Greek,7
GRU,69,2.7429933547973633,2.8537038230895995,0,0.10144927536231885,0.12,Russian,14,Олег Васильев,Greek,7
GRU,70,2.432832956314087,2.8440687894821166,1,0.11428571428571428,0.14,Irish,8,Patrick Gallagher,Irish,8
GRU,71,2.921870708465576,2.850159773826599,0,0.11267605633802817,0.12,Arabic,0,ماجد الشمري,Irish,8
GRU,72,2.6691160202026367,2.846552538871765,0,0.1111111111111111,0.12,Dutch,3,Lucas Smit,Greek,7
GRU,73,2.8910388946533203,2.850067753791809,0,0.1095890410958904,0.12,Vietnamese,17,Đặng Long,Irish,8
GRU,74,2.348590612411499,2.8367431688308717,1,0.12162162162162163,0.14,Irish,8,Brian Kennedy,Irish,8
GRU,75,2.9622044563293457,2.8443827342987063,0,0.12,0.12,Japanese,10,鈴木蓮,Irish,8
GRU,76,2.929112672805786,2.8448364448547365,0,0.11842105263157894,0.12,Italian,9,Luca Romano,Irish,8
GRU,77,2.9533851146698,2.8452148389816285,0,0.11688311688311688,0.12,French,5,Noël Richard,Irish,8
GRU,78,2.883901596069336,2.8459102010726927,0,0.11538461538461539,0.12,Arabic,0,خالد القحطاني,Irish,8
GRU,79,2.299619197845459,2.837932996749878,1,0.12658227848101267,0.14,Irish,8,Ronan McCarthy,Irish,8
GRU,80,2.920224905014038,2.8391660690307616,0,0.125,0.14,French,5,Hugo Durand,Irish,8
GRU,81,2.6237165927886963,2.837865376472473,0,0.12345679012345678,0.14,Dutch,3,Jan Smit,Irish,8
GRU,82,2.905406951904297,2.8379732608795165,0,0.12195121951219512,0.14,Italian,9,Carlo Marino,Irish,8
GRU,83,3.077883243560791,2.846330690383911,0,0.12048192771084337,0.14,Spanish,16,Pablo Pérez,Irish,8
GRU,84,2.763601303100586,2.8391616439819334,0,0.11904761904761904,0.14,German,6,Hannah Schmidt,Irish,8
GRU,85,2.8417019844055176,2.836716752052307,0,0.11764705882352941,0.14,Korean,11,임지민,Irish,8
GRU,86,2.8388044834136963,2.8361970520019533,0,0.11627906976744186,0.14,French,5,Jean-Luc Durand,Irish,8
GRU,87,3.083378314971924,2.84116174697876,0,0.11494252873563218,0.14,Spanish,16,Alejandro García,Irish,8
GRU,88,3.01430082321167,2.848333964347839,0,0.11363636363636363,0.14,Japanese,10,山本裕子,Irish,8
GRU,89,2.815558671951294,2.850657091140747,0,0.11235955056179775,0.14,Arabic,0,إبراهيم الخطيب,Irish,8
GRU,90,2.8375954627990723,2.8515568733215333,0,0.1111111111111111,0.14,Korean,11,최예은,Irish,8
GRU,91,2.2912116050720215,2.836600923538208,0,0.10989010989010989,0.14,Greek,7,Στέφανος Παπαδόπουλος,Irish,8
GRU,92,2.334113597869873,2.8310238456726076,0,0.10869565217391304,0.14,Greek,7,Αλέξανδρος Βασιλείου,Irish,8
GRU,93,2.6805105209350586,2.8263849306106565,0,0.10752688172043011,0.14,Czech,2,Petr Svoboda,Irish,8
GRU,94,3.574069023132324,2.8449811267852785,0,0.10638297872340426,0.14,Scottish,15,Stuart MacDonald,Irish,8
GRU,95,2.8901567459106445,2.843377742767334,0,0.10526315789473684,0.14,Vietnamese,17,Đặng Phong,Irish,8
GRU,96,3.5864999294281006,2.8552455282211304,0,0.10416666666666667,0.14,English,4,Matthew Johnson,Irish,8
GRU,97,3.4741883277893066,2.8622865533828734,0,0.10309278350515463,0.14,Scottish,15,Alasdair Graham,Irish,8
GRU,98,2.8352150917053223,2.856451840400696,0,0.10204081632653061,0.14,French,5,Gabriel Petit,Irish,8
GRU,99,2.9131083488464355,2.8529575300216674,0,0.10101010101010101,0.14,Spanish,16,Pablo Pérez,Irish,8
GRU,100,2.837794780731201,2.855236124992371,0,0.1,0.14,Portuguese,13,André Ferreira,Irish,8
GRU,101,2.9132838249206543,2.85362943649292,0,0.09900990099009901,0.14,Vietnamese,17,Đặng Minh,Irish,8
GRU,102,2.732759475708008,2.841225333213806,0,0.09803921568627451,0.14,German,6,Klaus Hoffmann,Irish,8
GRU,103,2.812955379486084,2.840981307029724,0,0.0970873786407767,0.14,Italian,9,Antonio Romano,Irish,8
GRU,104,2.796469211578369,2.847732105255127,0,0.09615384615384616,0.12,Korean,11,강예준,Irish,8
GRU,105,2.870138168334961,2.8567500162124633,0,0.09523809523809523,0.1,Spanish,16,Pablo Martínez,Irish,8
GRU,106,2.7998905181884766,2.853725972175598,0,0.09433962264150944,0.1,Dutch,3,Hendrik van den Berg,Irish,8
GRU,107,2.1544833183288574,2.8471776914596556,1,0.102803738317757,0.1,Greek,7,Μαρία Παπαδόπουλος,Greek,7
GRU,108,2.9150197505950928,2.8471258020401002,0,0.10185185185185185,0.1,Japanese,10,佐藤裕子,Irish,8
GRU,109,2.8419907093048096,2.8434519290924074,0,0.10091743119266056,0.1,Vietnamese,17,Lê Thành,Irish,8
GRU,110,2.0635199546813965,2.837957673072815,1,0.10909090909090909,0.1,Greek,7,Δημήτριος Παπαδόπουλος,Greek,7
GRU,111,2.6489429473876953,2.8287441873550416,0,0.10810810810810811,0.1,Czech,2,Petr Němec,Greek,7
GRU,112,3.049564838409424,2.8364908123016357,0,0.10714285714285714,0.1,Chinese,1,张霞,Irish,8
GRU,113,2.6882643699645996,2.8280308771133424,0,0.10619469026548672,0.1,Czech,2,Jiří Novák,Greek,7
GRU,114,2.954906940460205,2.817346839904785,0,0.10526315789473684,0.1,Japanese,10,佐藤健一,Greek,7
GRU,115,2.7903823852539062,2.813565521240234,0,0.10434782608695652,0.1,Spanish,16,Alejandro Rodríguez,Greek,7
GRU,116,2.5319790840148926,2.8066813945770264,0,0.10344827586206896,0.1,Irish,8,Brendan O'Connor,Greek,7
GRU,117,3.305206775665283,2.820668272972107,0,0.10256410256410256,0.1,Scottish,15,Ross MacKenzie,Greek,7
GRU,118,2.7837324142456055,2.816543927192688,0,0.1016949152542373,0.1,Vietnamese,17,Trần Minh,Greek,7
GRU,119,3.2974677085876465,2.827633414268494,0,0.10084033613445378,0.1,Scottish,15,Callum Campbell,Greek,7
GRU,120,3.091223955154419,2.8408012342453004,0,0.1,0.08,Scottish,15,Ewan Murray,Irish,8
GRU,121,2.754570245742798,2.837455224990845,0,0.09917355371900827,0.08,German,6,Jürgen Schmidt,Greek,7
GRU,122,2.6012141704559326,2.8360971879959105,0,0.09836065573770492,0.08,Dutch,3,Daan Smit,Greek,7
GRU,123,2.8324849605560303,2.834926109313965,0,0.0975609756097561,0.08,Portuguese,13,Francisco Oliveira,Greek,7
GRU,124,2.8304495811462402,2.8445632886886596,0,0.0967741935483871,0.06,Portuguese,13,Pedro Costa,Greek,7
GRU,125,2.894440174102783,2.8432080030441282,0,0.096,0.06,Russian,14,Виктор Новиков,Greek,7
GRU,126,3.0929954051971436,2.8464856576919555,0,0.09523809523809523,0.06,Chinese,1,吴杰,Irish,8
GRU,127,2.6774067878723145,2.8409660911560057,0,0.09448818897637795,0.06,Dutch,3,Sem de Jong,Greek,7
GRU,128,2.960191249847412,2.8424918842315674,0,0.09375,0.06,Polish,12,Michał Woźniak,Greek,7
GRU,129,2.857562780380249,2.853650755882263,0,0.09302325581395349,0.04,Japanese,10,鈴木愛,Dutch,3
GRU,130,1.7992736101150513,2.8312317299842835,1,0.1,0.06,Greek,7,Ανδρέας Γεωργίου,Greek,7
GRU,131,2.7787961959838867,2.834333322048187,0,0.09923664122137404,0.06,German,6,Felix Wagner,Irish,8
GRU,132,2.804192543029785,2.832309033870697,0,0.09848484848484848,0.06,Russian,14,Олег Петров,Greek,7
GRU,133,2.7364742755889893,2.825480854511261,0,0.09774436090225563,0.06,Portuguese,13,Miguel Ferreira,Irish,8
GRU,134,2.572861671447754,2.8216660618782043,1,0.1044776119402985,0.08,Irish,8,Saoirse Doyle,Irish,8
GRU,135,0.5614786148071289,2.7760615944862366,1,0.1111111111111111,0.1,Greek,7,Σοφία Παπαδόπουλος,Greek,7
GRU,136,2.748462677001953,2.7742547583580017,0,0.11029411764705882,0.1,Russian,14,Александр Соколов,Greek,7
GRU,137,2.6066036224365234,2.7647192645072938,0,0.10948905109489052,0.1,Dutch,3,Joris de Jong,Greek,7
GRU,138,2.7701005935668945,2.7598352599143983,0,0.10869565217391304,0.1,Vietnamese,17,Nguyễn Dũng,Greek,7
GRU,139,2.548222541809082,2.7544885373115537,0,0.1079136690647482,0.1,Czech,2,David Němec,Greek,7
GRU,140,0.22181610763072968,2.7021729502081873,1,0.11428571428571428,0.12,Greek,7,Ιωάννης Γεωργίου,Greek,7
GRU,141,2.851461887359619,2.713377955853939,0,0.11347517730496454,0.12,Portuguese,13,Carlos Rodrigues,Greek,7
GRU,142,3.186842679977417,2.73043253749609,0,0.11267605633802817,0.12,Scottish,15,Ross MacKenzie,Greek,7
GRU,143,3.026336669921875,2.737349060475826,0,0.11188811188811189,0.12,Polish,12,Kamil Nowak,Greek,7
GRU,144,2.877150535583496,2.7234106907248496,0,0.1111111111111111,0.12,French,5,Pierre Robert,Greek,7
GRU,145,3.1845993995666504,2.72929954379797,0,0.1103448275862069,0.12,Arabic,0,مصطفى الغامدي,Greek,7
GRU,146,2.5141372680664062,2.707852290570736,0,0.1095890410958904,0.12,Irish,8,Brian Doyle,Greek,7
GRU,147,2.8153042793273926,2.6946746096014977,0,0.10884353741496598,0.12,Italian,9,Gabriele Romano,Greek,7
GRU,148,2.705751419067383,2.6920853361487387,0,0.10810810810810811,0.12,Vietnamese,17,Võ Khang,Dutch,3
GRU,149,3.0497400760650635,2.6948179706931112,0,0.10738255033557047,0.12,Scottish,15,Isla MacLeod,Dutch,3
GRU,150,2.7975711822509766,2.694013498723507,0,0.10666666666666667,0.12,German,6,Maximilian Fischer,Irish,8
GRU,151,2.7904481887817383,2.691556786000729,0,0.10596026490066225,0.12,German,6,Friedrich Müller,Irish,8
GRU,152,2.813685894012451,2.6931753143668176,0,0.10526315789473684,0.12,Vietnamese,17,Nguyễn Ngọc,Dutch,3
GRU,153,2.774273633956909,2.6924016794562338,0,0.10457516339869281,0.12,Japanese,10,佐藤誠,Dutch,3
GRU,154,3.079179286956787,2.6980558809638024,0,0.1038961038961039,0.12,Chinese,1,赵洋,Dutch,3
GRU,155,2.970353364944458,2.7000601848959924,0,0.1032258064516129,0.12,Scottish,15,Hamish Fraser,Japanese,10
GRU,156,2.798583745956421,2.700034049451351,0,0.10256410256410256,0.12,Spanish,16,Alejandro González,Japanese,10
GRU,157,3.058417320251465,2.7181127294898033,0,0.10191082802547771,0.1,Chinese,1,黄勇,Dutch,3
GRU,158,2.721871852874756,2.7142497715353966,0,0.10126582278481013,0.1,Czech,2,Ondřej Novotný,Dutch,3
GRU,159,2.7236406803131104,2.7118827709555626,0,0.10062893081761007,0.1,Czech,2,David Veselý,Irish,8
GRU,160,2.7381210327148438,2.7253747925162317,0,0.1,0.08,Czech,2,David Horák,Dutch,3
GRU,161,0.04918252304196358,2.673379584029317,1,0.10559006211180125,0.1,Greek,7,Νικόλαος Αθανασίου,Greek,7
GRU,162,2.740421772003174,2.667196722701192,0,0.10493827160493827,0.1,Dutch,3,Dirk Visser,German,6
GRU,163,0.045093368738889694,2.6143333026766777,1,0.11042944785276074,0.12,Greek,7,Βασίλειος Βασιλείου,Greek,7
GRU,164,2.9570560455322266,2.614376284778118,0,0.10975609756097561,0.12,Chinese,1,赵霞,Dutch,3
GRU,165,2.6831536293029785,2.6122317096590995,1,0.11515151515151516,0.14,Czech,2,Ondřej Procházka,Czech,2
GRU,166,2.7591354846954346,2.6167748376727102,0,0.1144578313253012,0.14,Spanish,16,Alejandro López,Dutch,3
GRU,167,2.691826105117798,2.6045072242617606,0,0.11377245508982035,0.14,Irish,8,Ciarán O'Brien,Dutch,3
GRU,168,2.84151029586792,2.605662781894207,0,0.1130952380952381,0.14,Japanese,10,田中花子,Dutch,3
GRU,169,2.5831243991851807,2.5913759157061578,1,0.11834319526627218,0.16,Irish,8,Patrick Doyle,Irish,8
GRU,170,3.1749305725097656,2.5930500480532648,0,0.11764705882352941,0.16,English,4,Daniel Taylor,Irish,8
GRU,171,2.7012455463409424,2.5919835540652274,0,0.11695906432748537,0.16,Italian,9,Stefano Romano,Dutch,3
GRU,172,2.838883876800537,2.5967369481921194,0,0.11627906976744186,0.16,Japanese,10,加藤大輔,Dutch,3
GRU,173,2.5327036380767822,2.590741321742535,1,0.12138728323699421,0.18,Czech,2,Pavel Novák,Czech,2
GRU,174,2.6091110706329346,2.5863145515322685,1,0.12643678160919541,0.2,Russian,14,Юрий Соколов,Russian,14
GRU,175,2.5101728439331055,2.578629204928875,1,0.13142857142857142,0.22,Dutch,3,Anne de Jong,Dutch,3
GRU,176,2.8412227630615234,2.5735937520861625,0,0.13068181818181818,0.22,Vietnamese,17,Lê Nam,Dutch,3
GRU,177,2.6775288581848145,2.5735961934924125,1,0.13559322033898305,0.24,Spanish,16,Francisco Rodríguez,Spanish,16
GRU,178,3.180021286010742,2.577992794215679,0,0.1348314606741573,0.24,English,4,Charles Jones,Irish,8
GRU,179,2.481658935546875,2.5704747173190117,0,0.1340782122905028,0.24,Czech,2,Pavel Dvořák,Greek,7
GRU,180,2.795750379562378,2.590404252707958,0,0.13333333333333333,0.22,Korean,11,최예준,Dutch,3
GRU,181,2.9649248123168945,2.5941268250346186,0,0.13259668508287292,0.22,French,5,Lucien Richard,Czech,2
GRU,182,2.6098992824554443,2.5902409598231317,0,0.13186813186813187,0.22,Vietnamese,17,Đặng Anh,Dutch,3
GRU,183,2.8384060859680176,2.5922795960307123,0,0.13114754098360656,0.22,Italian,9,Riccardo Ricci,Dutch,3
GRU,184,2.7531778812408447,2.595885920226574,0,0.13043478260869565,0.2,Spanish,16,Carlos García,Czech,2
GRU,185,2.5493099689483643,2.6356425473093985,0,0.12972972972972974,0.18,Vietnamese,17,Phạm Phong,Dutch,3
GRU,186,2.5912022590637207,2.632497338950634,1,0.13440860215053763,0.2,Dutch,3,Lucas Jansen,Dutch,3
GRU,187,2.436739683151245,2.6291000601649284,1,0.13903743315508021,0.22,Irish,8,Eoin Kelly,Irish,8
GRU,188,2.6223843097686768,2.626145734488964,0,0.13829787234042554,0.22,Dutch,3,Thomas Meijer,Irish,8
GRU,189,2.5626909732818604,2.6264351031184194,0,0.13756613756613756,0.22,Vietnamese,17,Trần Tuấn,Dutch,3
GRU,190,2.5910940170288086,2.6738206613063813,1,0.14210526315789473,0.22,Irish,8,Ciarán Walsh,Irish,8
GRU,191,2.670010566711426,2.6701916348934174,0,0.14136125654450263,0.22,German,6,Wolfgang Hoffmann,Dutch,3
GRU,192,2.809023380279541,2.66263524889946,0,0.140625,0.22,Japanese,10,高橋大輔,Dutch,3
GRU,193,2.429969310760498,2.6507079017162325,1,0.14507772020725387,0.24,Irish,8,Eoin McCarthy,Irish,8
GRU,194,2.9664649963378906,2.65249419093132,0,0.14432989690721648,0.24,Scottish,15,Ewan Campbell,Irish,8
GRU,195,3.0319974422454834,2.6494421517848967,0,0.14358974358974358,0.24,Chinese,1,李敏,Dutch,3
GRU,196,2.82566499710083,2.655672706365585,0,0.14285714285714285,0.24,Portuguese,13,Francisco Pereira,Irish,8
GRU,197,3.0170645713806152,2.65970791220665,0,0.14213197969543148,0.24,Chinese,1,王伟,Dutch,3
GRU,198,2.7263948917388916,2.66012078166008,0,0.1414141414141414,0.24,Japanese,10,加藤彩,Dutch,3
GRU,199,3.2350528240203857,2.6638270366191863,0,0.1407035175879397,0.24,English,4,Michael Taylor,Irish,8
GRU,200,2.4800033569335938,2.6574756801128387,0,0.14,0.24,Irish,8,Patrick O'Brien,Greek,7
GRU,201,2.3689095973968506,2.649044908285141,0,0.13930348258706468,0.24,Russian,14,Алексей Соколов,Greek,7
GRU,202,2.920635461807251,2.651183899641037,0,0.13861386138613863,0.24,Portuguese,13,Manuel Martins,Dutch,3
GRU,203,3.023606538772583,2.6561705577373504,0,0.13793103448275862,0.24,Arabic,0,إبراهيم الخطيب,Irish,8
GRU,204,2.3515381813049316,2.6416177356243136,1,0.14215686274509803,0.26,Czech,2,Matěj Horák,Czech,2
GRU,205,3.2294976711273193,2.6468006217479707,0,0.14146341463414633,0.26,English,4,J.R. Davis,Dutch,3
GRU,206,3.001155376434326,2.6508520543575287,0,0.1407766990291262,0.26,Chinese,1,陈涛,Dutch,3
GRU,207,2.4319028854370117,2.6383217656612397,1,0.14492753623188406,0.28,Vietnamese,17,Trần Quân,Vietnamese,17
GRU,208,2.802539825439453,2.6399351251125336,0,0.14423076923076922,0.28,Portuguese,13,Diogo Santos,Irish,8
GRU,209,2.9480040073394775,2.6444223916530607,0,0.14354066985645933,0.28,Chinese,1,刘霞,Irish,8
GRU,210,2.863637685775757,2.6469327247142793,0,0.14285714285714285,0.28,Korean,11,김서준,Irish,8
GRU,211,2.914090633392334,2.7042308869212865,0,0.14218009478672985,0.26,Korean,11,박지호,Dutch,3
GRU,212,0.10063128173351288,2.6514350771158934,1,0.14622641509433962,0.28,Greek,7,Μιχάλης Αλεξίου,Greek,7
GRU,213,2.41985821723938,2.698930374085903,0,0.14553990610328638,0.26,Dutch,3,Thomas van Dijk,Irish,8
GRU,214,2.6587324142456055,2.6929639014601707,0,0.14485981308411214,0.26,Vietnamese,17,Huỳnh Đức,Czech,2
GRU,215,3.1228580474853516,2.701757989823818,0,0.14418604651162792,0.24,English,4,James Brown,Irish,8
GRU,216,3.073099136352539,2.7080372628569602,0,0.14351851851851852,0.24,French,5,Étienne Thomas,Irish,8
GRU,217,2.562375068664551,2.705448242127895,0,0.14285714285714285,0.24,Portuguese,13,Miguel Silva,Irish,8
GRU,218,3.007449150085449,2.708767019212246,0,0.14220183486238533,0.24,French,5,Georges L'Hôpital,Irish,8
GRU,219,2.716303825378418,2.7114306077361108,0,0.1415525114155251,0.22,Japanese,10,渡辺裕子,Dutch,3
GRU,220,0.0405878983438015,2.6487437542527914,1,0.14545454545454545,0.24,Greek,7,Βασίλειος Δημητρίου,Greek,7
GRU,221,2.9151480197906494,2.6530218037217854,0,0.14479638009049775,0.24,French,5,J.-P. d'Aubigné,Vietnamese,17
GRU,222,2.4515905380249023,2.645275936946273,0,0.14414414414414414,0.24,Dutch,3,Sophie van Dijk,Czech,2
GRU,223,2.894066095352173,2.6525031860917805,0,0.14349775784753363,0.22,Chinese,1,黄伟,Dutch,3
GRU,224,0.03681238740682602,2.6010572124272584,1,0.14732142857142858,0.22,Greek,7,Θεόδωρος Γεωργίου,Greek,7
GRU,225,2.2105631828308105,2.5950650192052125,0,0.14666666666666667,0.2,Russian,14,Евгений Кузнецов,Greek,7
GRU,226,2.8729262351989746,2.5956990886479616,0,0.14601769911504425,0.2,Italian,9,Vincenzo Ferrari,Irish,8
GRU,227,0.03581949695944786,2.5428649014234543,1,0.14977973568281938,0.2,Greek,7,Παναγιώτης Παπαδόπουλος,Greek,7
GRU,228,2.755610227584839,2.5343766802549363,0,0.14912280701754385,0.2,German,6,Klaus Meyer,Irish,8
GRU,229,2.6524741649627686,2.537792984843254,0,0.14847161572052403,0.2,Japanese,10,田中陽子,Dutch,3
GRU,230,2.426997184753418,2.530417920947075,1,0.15217391304347827,0.22,Czech,2,Štěpán Němec,Czech,2
GRU,231,2.5050361156463623,2.5212201470136644,0,0.15151515151515152,0.22,Irish,8,Eoin O'Sullivan,Dutch,3
GRU,232,2.6815857887268066,2.5226538771390916,0,0.15086206896551724,0.22,Spanish,16,Carlos Martínez,Dutch,3
GRU,233,2.43418288230896,2.51456941306591,0,0.15021459227467812,0.22,Vietnamese,17,Hoàng Đức,Dutch,3
GRU,234,2.9844372272491455,2.5191945999860765,0,0.14957264957264957,0.22,Arabic,0,عبدالله الخطيب,Dutch,3
GRU,235,2.3352460861206055,2.5149133223295213,0,0.14893617021276595,0.22,Irish,8,Declan O'Brien,Dutch,3
GRU,236,2.2111377716064453,2.5073120325803755,1,0.15254237288135594,0.22,Irish,8,Eoin Murphy,Irish,8
GRU,237,2.3757991790771484,2.506093222498894,0,0.1518987341772152,0.2,Dutch,3,Joris Visser,Irish,8
GRU,238,2.3343093395233154,2.5003317230939865,0,0.15126050420168066,0.2,Portuguese,13,Jorge Oliveira,Irish,8
GRU,239,2.5491297245025635,2.5000604981184007,0,0.1506276150627615,0.2,Japanese,10,渡辺陽子,Dutch,3
GRU,240,2.7335991859436035,2.5029106014966964,0,0.15,0.18,Spanish,16,Jorge Fernández,Irish,8
GRU,241,3.7369697093963623,2.524249784350395,0,0.14937759336099585,0.18,Polish,12,Marcin Zieliński,Irish,8
GRU,242,2.678004741668701,2.5216294115781785,0,0.1487603305785124,0.18,German,6,Dieter Fischer,Irish,8
GRU,243,3.0342845916748047,2.5337157171964644,0,0.14814814814814814,0.16,Chinese,1,周芳,Irish,8
GRU,244,2.3151068687438965,2.5206885546445847,0,0.14754098360655737,0.16,Portuguese,13,João Silva,Irish,8
GRU,245,2.4718775749206543,2.509486157298088,0,0.1469387755102041,0.16,Spanish,16,Rafael Sánchez,Irish,8
GRU,246,2.5890932083129883,2.5047547215223314,0,0.14634146341463414,0.16,German,6,Johannes Weber,Irish,8
GRU,247,2.144242525100708,2.487298280596733,0,0.145748987854251,0.16,Portuguese,13,Filipe Silva,Irish,8
GRU,248,2.7762112617492676,2.4882946079969406,0,0.14516129032258066,0.16,Japanese,10,中村さくら,Dutch,3
GRU,249,2.777768850326538,2.4791489285230637,0,0.14457831325301204,0.16,Japanese,10,小林美咲,Irish,8
GRU,250,2.3890225887298584,2.477329313158989,0,0.144,0.16,Dutch,3,Johan Meijer,Irish,8
GRU,251,2.713358163833618,2.4842182844877243,0,0.14342629482071714,0.16,Italian,9,Giovanni Colombo,Irish,8
GRU,252,2.667294502258301,2.4791514652967455,0,0.14285714285714285,0.16,Italian,9,Lorenzo Marino,Irish,8
GRU,253,1.7912850379943848,2.4545050352811812,1,0.14624505928853754,0.18,Portuguese,13,Manuel Oliveira,Portuguese,13
GRU,254,3.4013423919677734,2.4755011194944383,0,0.14566929133858267,0.16,Polish,12,Zbigniew Szymański,Portuguese,13
GRU,255,2.5973362922668457,2.4628578919172286,0,0.1450980392156863,0.16,Italian,9,Andrea Ricci,Portuguese,13
GRU,256,2.957818031311035,2.4619911450147627,0,0.14453125,0.16,English,4,Charles Williams,Portuguese,13
GRU,257,1.837634801864624,2.4501057833433153,1,0.14785992217898833,0.16,Portuguese,13,Francisco Jesus,Portuguese,13
GRU,258,3.1680731773376465,2.457416450381279,0,0.14728682170542637,0.16,Polish,12,Adam Szymański,Portuguese,13
GRU,259,3.235215425491333,2.463160678744316,0,0.14671814671814673,0.16,French,5,Pierre Dubois,Portuguese,13
GRU,260,2.0014963150024414,2.4459178513288498,0,0.14615384615384616,0.16,Italian,9,Carlo Romano,Portuguese,13
GRU,261,2.860149383544922,2.4448390263319015,0,0.14559386973180077,0.16,Vietnamese,17,Nguyễn Anh,Portuguese,13
GRU,262,1.8403857946395874,2.479634116590023,0,0.1450381679389313,0.14,Italian,9,Matteo Esposito,Portuguese,13
GRU,263,2.552353858947754,2.4822840294241906,0,0.1444866920152091,0.14,German,6,Christian Meyer,Portuguese,13
GRU,264,2.5456831455230713,2.48002304404974,0,0.14393939393939395,0.14,Japanese,10,渡辺さくら,Dutch,3
GRU,265,3.200244903564453,2.481570781171322,0,0.14339622641509434,0.14,Russian,14,Михаил Попов,Portuguese,13
GRU,266,2.4841082096099854,2.4697909626364707,0,0.14285714285714285,0.14,German,6,Christian Wagner,Portuguese,13
GRU,267,3.382396936416626,2.486191399991512,0,0.14232209737827714,0.14,Scottish,15,Hamish Robertson,Italian,9
GRU,268,3.006129264831543,2.4861650022864343,0,0.1417910447761194,0.14,French,5,Georges d'Aubigné,Italian,9
GRU,269,2.795604944229126,2.4877510246634484,0,0.1412639405204461,0.14,Czech,2,David Dvořák,Italian,9
GRU,270,2.379988193511963,2.5345390305668114,0,0.14074074074074075,0.12,Spanish,16,Jorge Gómez,Italian,9
GRU,271,2.366363763809204,2.5235633454471826,1,0.14391143911439114,0.14,Japanese,10,鈴木直子,Japanese,10
GRU,272,0.6232089400291443,2.4869957134872673,1,0.14705882352941177,0.16,Greek,7,Σπυρίδων Αλεξίου,Greek,7
GRU,273,1.7980884313583374,2.4650761602073907,1,0.15018315018315018,0.18,Italian,9,Stefano Ferrari,Italian,9
GRU,274,2.4243531227111816,2.512826974913478,0,0.14963503649635038,0.16,German,6,Felix Schmidt,Italian,9
GRU,275,3.042567491531372,2.529467061087489,0,0.14909090909090908,0.16,Arabic,0,طارق الحداد,Italian,9
GRU,276,0.06461735814809799,2.4733008835464716,1,0.15217391304347827,0.18,Greek,7,Δημήτριος Κωνσταντίνου,Greek,7
GRU,277,2.8020176887512207,2.528624847382307,0,0.15162454873646208,0.16,Czech,2,Matěj Procházka,Portuguese,13
GRU,278,2.200101852416992,2.5175146798789503,0,0.1510791366906475,0.16,Portuguese,13,José Jesus,Italian,9
GRU,279,2.2885282039642334,2.5102357606589796,0,0.15053763440860216,0.16,German,6,Wolfgang Hoffmann,Italian,9
GRU,280,2.7067933082580566,2.5158316831290723,0,0.15,0.14,Polish,12,Michał Lewandowski,Italian,9
GRU,281,2.7253940105438232,2.5202388410270213,0,0.1494661921708185,0.14,Polish,12,Andrzej Wójcik,Italian,9
GRU,282,2.7948338985443115,2.5225038032233713,0,0.14893617021276595,0.14,English,4,Joseph Taylor,Italian,9
GRU,283,2.8423011302948,2.5306661681830884,0,0.14840989399293286,0.14,Arabic,0,كريم القحطاني,German,6
GRU,284,2.8422255516052246,2.52782193467021,0,0.14788732394366197,0.14,Dutch,3,Lotte Meijer,Portuguese,13
GRU,285,1.9023053646087646,2.519163120239973,0,0.14736842105263157,0.14,Portuguese,13,Bruno Ferreira,Italian,9
GRU,286,2.653566837310791,2.52801170155406,0,0.14685314685314685,0.12,French,5,Jean-Luc d'Aubigné,Italian,9
GRU,287,2.3868024349212646,2.528231766670942,0,0.14634146341463414,0.12,Spanish,16,Sergio Martínez,Italian,9
GRU,288,2.9214940071105957,2.539975460022688,0,0.14583333333333334,0.12,Chinese,1,赵娜,Japanese,10
GRU,289,0.023581523448228836,2.489464496001601,1,0.14878892733564014,0.14,Greek,7,Θεόδωρος Παπαδάκης,Greek,7
GRU,290,2.009709596633911,2.4749867042154072,0,0.1482758620689655,0.14,Russian,14,Николай Петров,Greek,7
GRU,291,2.099646806716919,2.4422402461618185,1,0.15120274914089346,0.16,Russian,14,Иван Михайлов,Russian,14
GRU,292,2.3661015033721924,2.4360021813958883,0,0.1506849315068493,0.16,Spanish,16,Daniel Pérez,Portuguese,13
GRU,293,2.2283666133880615,2.4198838218301533,1,0.15358361774744028,0.18,Japanese,10,加藤京子,Japanese,10
GRU,294,1.5796700716018677,2.405175085887313,0,0.15306122448979592,0.18,Russian,14,Павел Соколов,Greek,7
GRU,295,2.1780648231506348,2.3992988308519125,0,0.15254237288135594,0.18,Spanish,16,Jorge Martínez,Portuguese,13
GRU,296,2.723459482192993,2.4019861563295124,0,0.15202702702702703,0.18,Vietnamese,17,Huỳnh Nam,Portuguese,13
GRU,297,2.574251413345337,2.4105863340944054,0,0.15151515151515152,0.18,French,5,Jules L'Hôpital,Portuguese,13
GRU,298,2.964670181274414,2.4143555124849083,0,0.15100671140939598,0.18,Scottish,15,Rory Murray,Portuguese,13
GRU,299,2.518681287765503,2.409173761233687,0,0.1505016722408027,0.18,Irish,8,Ciarán Kennedy,Portuguese,13
GRU,300,0.10566628724336624,2.3635066352039575,1,0.15333333333333332,0.2,Greek,7,Νικόλαος Αλεξίου,Greek,7
GRU,301,2.2558772563934326,2.354357017055154,1,0.15614617940199335,0.22,Irish,8,Brian Kennedy,Irish,8
GRU,302,3.1716537475585938,2.3644442019611596,0,0.15562913907284767,0.22,Spanish,16,David Sánchez,Greek,7
GRU,303,0.09869597107172012,2.330592420622706,1,0.15841584158415842,0.22,Greek,7,Μιχάλης Δημητρίου,Greek,7
GRU,304,1.030339002609253,2.283172352835536,1,0.1611842105263158,0.24,Russian,14,Юрий Иванов,Russian,14
GRU,305,2.0405898094177246,2.2720374231785536,0,0.16065573770491803,0.24,Italian,9,Alessandro Esposito,Portuguese,13
GRU,306,3.7330448627471924,2.287541959807277,0,0.16013071895424835,0.24,Irish,8,Declan O'Sullivan,Greek,7
GRU,307,2.5144639015197754,2.3010785418003796,1,0.16286644951140064,0.24,Japanese,10,山本健一,Japanese,10
GRU,308,2.6199841499328613,2.290116761252284,0,0.16233766233766234,0.24,Czech,2,Daniel Svoboda,Portuguese,13
GRU,309,2.867723226547241,2.282766917273402,0,0.16181229773462782,0.24,English,4,J.R. Williams,Portuguese,13
GRU,310,2.4240071773529053,2.2912171345204113,0,0.16129032258064516,0.24,Polish,12,Stanisław Szymański,Italian,9
GRU,311,2.787048816680908,2.2897551231831312,0,0.1607717041800643,0.24,English,4,James St. John,Italian,9
GRU,312,2.4162676334381104,2.301272759959102,0,0.16025641025641027,0.24,German,6,Lukas Müller,Irish,8
GRU,313,1.982191562652588,2.289869514033198,1,0.16293929712460065,0.26,Portuguese,13,Carlos Costa,Portuguese,13
GRU,314,2.3411865234375,2.2857795815914868,1,0.16560509554140126,0.28,Japanese,10,山本健一,Japanese,10
GRU,315,0.5632811784744263,2.2330403070896865,1,0.16825396825396827,0.3,Russian,14,Виктор Попов,Russian,14
GRU,316,2.7972726821899414,2.2393035965412853,0,0.16772151898734178,0.3,Chinese,1,张杰,Japanese,10
GRU,317,1.7995421886444092,2.2076465015858413,1,0.17034700315457413,0.32,Portuguese,13,Inês Oliveira,Portuguese,13
GRU,318,2.7369308471679688,2.20226253323257,0,0.16981132075471697,0.32,Arabic,0,ياسر القحطاني,Russian,14
GRU,319,2.21366548538208,2.1906237440556287,0,0.16927899686520376,0.32,Polish,12,Andrzej Lewandowski,Italian,9
GRU,320,2.620008945465088,2.1954241590946912,0,0.16875,0.32,Arabic,0,سعيد الغامدي,Japanese,10
GRU,321,1.656080961227417,2.1812185030430555,1,0.17133956386292834,0.32,Italian,9,Marco Greco,Italian,9
GRU,322,1.9726921319961548,2.208208166882396,0,0.17080745341614906,0.3,Polish,12,Marcin Kamiński,Italian,9
GRU,323,2.4033663272857666,2.220313724800944,1,0.17337461300309598,0.3,Vietnamese,17,Đặng Linh,Vietnamese,17
GRU,324,2.6269266605377197,2.2243651955574752,0,0.1728395061728395,0.3,Vietnamese,17,Vũ Nam,Dutch,3
GRU,325,0.31060776114463806,2.1697260009497406,1,0.1753846153846154,0.32,Greek,7,Κωνσταντίνος Κωνσταντίνου,Greek,7
GRU,326,0.24085327982902527,2.173250719383359,1,0.17791411042944785,0.32,Greek,7,Ανδρέας Δημητρίου,Greek,7
GRU,327,1.955945372581482,2.1563292730599644,0,0.17737003058103976,0.32,Portuguese,13,Carlos Rodrigues,Polish,12
GRU,328,3.0799295902252197,2.1739258278161286,0,0.17682926829268292,0.32,Arabic,0,مصطفى الغامدي,Italian,9
GRU,329,1.9801543951034546,2.167758351638913,1,0.17933130699088146,0.34,Japanese,10,小林陽子,Japanese,10
GRU,330,1.522908091545105,2.144080647304654,1,0.18181818181818182,0.36,Polish,12,Paweł Woźniak,Polish,12
GRU,331,3.0655736923217773,2.150884240940213,0,0.18126888217522658,0.36,French,5,J.-P. Richard,Polish,12
GRU,332,2.235391616821289,2.1396953953057527,0,0.18072289156626506,0.36,English,4,J.R. Wilson,Polish,12
GRU,333,2.329507350921631,2.1294395197182894,1,0.1831831831831832,0.38,Vietnamese,17,Nguyễn Hiếu,Vietnamese,17
GRU,334,1.1007053852081299,2.0946091163903473,1,0.18562874251497005,0.4,Polish,12,Wojciech Zieliński,Polish,12
GRU,335,2.401535987854004,2.104593728855252,0,0.18507462686567164,0.4,Arabic,0,أحمد الخطيب,Japanese,10
GRU,336,1.9532896280288696,2.0905881846696137,1,0.1875,0.42,Portuguese,13,André Santos,Portuguese,13
GRU,337,2.673442840576172,2.096320992782712,0,0.18694362017804153,0.42,Russian,14,Виктор Сидоров,Greek,7
GRU,338,2.837254047393799,2.094636193588376,0,0.1863905325443787,0.42,Chinese,1,刘强,Japanese,10
GRU,339,0.7896403074264526,2.1099573692679403,1,0.1887905604719764,0.42,Polish,12,Krzysztof Kowalczyk,Polish,12
GRU,340,2.3818204402923584,2.1173995861411097,0,0.18823529411764706,0.42,German,6,Lukas Meyer,Polish,12
GRU,341,2.2624192237854004,2.1206550344824793,1,0.1906158357771261,0.42,Japanese,10,伊藤翔,Japanese,10
GRU,342,0.6082416772842407,2.08549783796072,1,0.19298245614035087,0.44,Polish,12,Wojciech Wójcik,Polish,12
GRU,343,1.716104507446289,2.0752525958418846,0,0.1924198250728863,0.42,Portuguese,13,Carlos Pereira,Polish,12
GRU,344,3.4177684783935547,2.112014563977718,0,0.19186046511627908,0.42,Czech,2,Jan Kučera,Polish,12
GRU,345,2.2076010704040527,2.112605288922787,0,0.19130434782608696,0.42,Arabic,0,طارق القحطاني,Japanese,10
GRU,346,1.8591654300689697,2.0953194078803064,0,0.1907514450867052,0.42,Vietnamese,17,Nguyễn Minh,Japanese,10
GRU,347,2.784343719482422,2.099521254003048,0,0.19020172910662825,0.42,Korean,11,박하은,Japanese,10
GRU,348,2.7149453163146973,2.0945267567038535,0,0.1896551724137931,0.42,Czech,2,Václav Němec,Vietnamese,17
GRU,349,2.9002838134765625,2.102158807218075,0,0.18911174785100288,0.42,Chinese,1,周娟,Japanese,10
GRU,350,1.9613714218139648,2.139272909909487,0,0.18857142857142858,0.4,Arabic,0,عمر العتيبي,Japanese,10
GRU,351,2.435290813446045,2.142861181050539,0,0.18803418803418803,0.38,German,6,Dieter Müller,Polish,12
GRU,352,2.721179246902466,2.1338516910374166,0,0.1875,0.38,English,4,John Brown,Vietnamese,17
GRU,353,2.6686043739318848,2.1852498590946197,0,0.18696883852691218,0.36,English,4,John Davis,Portuguese,13
GRU,354,4.011560440063477,2.2448742878437042,0,0.1864406779661017,0.34,Dutch,3,Johan Visser,Polish,12
GRU,355,2.5584192276000977,2.2552308762073516,0,0.18591549295774648,0.34,German,6,Hannah Meyer,Vietnamese,17
GRU,356,2.5265274047851562,2.231100527048111,0,0.1853932584269663,0.34,Irish,8,Brian Kennedy,Portuguese,13
GRU,357,2.7003173828125,2.2348175966739654,0,0.18487394957983194,0.32,Korean,11,박현우,Japanese,10
GRU,358,2.5090842247009277,2.232599598169327,0,0.18435754189944134,0.32,Dutch,3,Lotte Meijer,German,6
GRU,359,3.314124345779419,2.2415276205539705,0,0.18384401114206128,0.32,French,5,J.-P. Petit,Vietnamese,17
GRU,360,2.501854181289673,2.2430845606327057,0,0.18333333333333332,0.32,Dutch,3,Daan Visser,Vietnamese,17
GRU,361,1.383733868598938,2.2150182616710663,1,0.18559556786703602,0.34,Arabic,0,مصطفى العتيبي,Arabic,0
GRU,362,2.4104647636413574,2.2149022042751314,0,0.1850828729281768,0.34,Polish,12,Piotr Kamiński,Vietnamese,17
GRU,363,2.174088716506958,2.218740147352219,1,0.18732782369146006,0.34,German,6,Hannah Müller,German,6
GRU,364,0.0865401029586792,2.173647218942642,1,0.18956043956043955,0.34,Greek,7,Παναγιώτης Παπαδάκης,Greek,7
GRU,365,2.361485004425049,2.2096112954616545,0,0.18904109589041096,0.32,Italian,9,Pietro Marino,Polish,12
GRU,366,3.635928153991699,2.22638440489769,0,0.1885245901639344,0.32,Dutch,3,Johan Visser,Polish,12
GRU,367,2.7783637046813965,2.2459608352184297,0,0.1880108991825613,0.3,Chinese,1,陈军,Japanese,10
GRU,368,1.3953180313110352,2.219128578901291,1,0.19021739130434784,0.32,Vietnamese,17,Huỳnh Khang,Vietnamese,17
GRU,369,2.614393711090088,2.227143143415451,0,0.1897018970189702,0.32,Korean,11,김하은,Japanese,10
GRU,370,2.548682928085327,2.225716623067856,0,0.1891891891891892,0.32,Spanish,16,Diego Gómez,Vietnamese,17
GRU,371,1.7234596014022827,2.2270641958713533,1,0.19137466307277629,0.32,Japanese,10,佐藤直子,Japanese,10
GRU,372,1.4810537099838257,2.2172314274311065,0,0.19086021505376344,0.32,Portuguese,13,Pedro Rodrigues,Polish,12
GRU,373,2.628647565841675,2.221737052202225,0,0.1903485254691689,0.3,Dutch,3,Thomas Bakker,Polish,12
GRU,374,2.5676229000091553,2.2205509769916536,0,0.18983957219251338,0.3,Korean,11,장현우,Japanese,10
GRU,375,0.44790154695510864,2.223296852707863,1,0.192,0.3,Russian,14,Алексей Новиков,Russian,14
GRU,376,2.7479753494262695,2.273439294099808,0,0.19148936170212766,0.28,English,4,Daniel Miller,German,6
GRU,377,2.7689685821533203,2.2896997582912446,0,0.1909814323607427,0.28,French,5,Gabriel L'Hôpital,Portuguese,13
GRU,378,2.6445536613464355,2.280992239713669,0,0.19047619047619047,0.28,Spanish,16,Fernando Gómez,Portuguese,13
GRU,379,3.4650399684906006,2.310689951181412,0,0.18997361477572558,0.26,Irish,8,Maeve Gallagher,Portuguese,13
GRU,380,1.00314199924469,2.3002946293354034,1,0.19210526315789472,0.26,Vietnamese,17,Đặng Thành,Vietnamese,17
GRU,381,3.410909414291382,2.3072013437747954,0,0.19160104986876642,0.26,Scottish,15,Isla Murray,Vietnamese,17
GRU,382,2.5644054412841797,2.3137816202640535,0,0.19109947643979058,0.26,Portuguese,13,Rui Sousa,Vietnamese,17
GRU,383,2.3048512935638428,2.3132884991168976,0,0.1906005221932115,0.24,Irish,8,Liam O'Sullivan,Vietnamese,17
GRU,384,0.07049153000116348,2.2926842220127583,1,0.19270833333333334,0.24,Greek,7,Ιωάννης Παπαδάκης,Greek,7
GRU,385,2.3102571964263916,2.290858646184206,0,0.19220779220779222,0.24,Irish,8,Michael Doyle,Vietnamese,17
GRU,386,0.05985981971025467,2.252990050017834,1,0.19430051813471502,0.24,Greek,7,Σπυρίδων Σταυρίδης,Greek,7
GRU,387,0.6234726905822754,2.211990647017956,1,0.19638242894056848,0.26,Russian,14,Борис Соколов,Russian,14
GRU,388,3.7387053966522217,2.2300196740031244,0,0.1958762886597938,0.26,Polish,12,Michał Kowalczyk,Irish,8
GRU,389,1.6655224561691284,2.2475373169779775,0,0.1953727506426735,0.24,Arabic,0,حسين الحسيني,Russian,14
GRU,390,2.2781271934509277,2.245463452041149,1,0.19743589743589743,0.26,Japanese,10,高橋翔,Japanese,10
GRU,391,3.54622220993042,2.2711395117640496,0,0.1969309462915601,0.24,Scottish,15,Ross MacKenzie,Irish,8
GRU,392,2.4901397228240967,2.3087774726748465,0,0.19642857142857142,0.22,Korean,11,최동현,Japanese,10
GRU,393,1.7320631742477417,2.3090966460108757,1,0.1984732824427481,0.24,Japanese,10,田中陽子,Japanese,10
GRU,394,1.8377089500427246,2.277495455443859,1,0.20050761421319796,0.26,Irish,8,Liam Gallagher,Irish,8
GRU,395,1.0795938968658447,2.254935311973095,1,0.20253164556962025,0.28,Arabic,0,كريم الحسيني,Arabic,0
GRU,396,2.731050968170166,2.2723730227351187,0,0.20202020202020202,0.28,German,6,Peter Schmidt,Irish,8
GRU,397,0.18063226342201233,2.2202987936139107,1,0.2040302267002519,0.3,Greek,7,Κωνσταντίνος Σταυρίδης,Greek,7
GRU,398,1.6103523969650269,2.198206935226917,1,0.20603015075376885,0.32,Portuguese,13,Pedro Rodrigues,Portuguese,13
GRU,399,1.2075175046920776,2.1643516090512276,1,0.20802005012531327,0.34,Vietnamese,17,Đặng Nam,Vietnamese,17
GRU,400,0.24640658497810364,2.1300523123145103,1,0.21,0.36,Greek,7,Μαρία Αλεξίου,Greek,7
GRU,401,3.3148443698883057,2.1476433834433557,0,0.20947630922693267,0.36,Scottish,15,Fergus Douglas,Portuguese,13
GRU,402,2.9066951274871826,2.15135370105505,0,0.208955223880597,0.36,Scottish,15,Ross Murray,Portuguese,13
GRU,403,0.8524221777915955,2.1150300571322442,1,0.2109181141439206,0.38,Arabic,0,عمر الخطيب,Arabic,0
GRU,404,2.77296781539917,2.090258204638958,0,0.2103960396039604,0.38,Italian,9,Riccardo Ferrari,Portuguese,13
GRU,405,1.8508527278900146,2.0761068746447564,0,0.20987654320987653,0.38,Polish,12,Stanisław Szymański,Portuguese,13
GRU,406,0.037079840898513794,2.0263179233670234,1,0.21182266009852216,0.4,Greek,7,Αικατερίνη Δημητρίου,Greek,7
GRU,407,2.600184917449951,2.0243152740597723,0,0.2113022113022113,0.4,Korean,11,조지훈,Japanese,10
GRU,408,1.5174241065979004,2.004482071697712,1,0.21323529411764705,0.42,Vietnamese,17,Phan Ngọc,Vietnamese,17
GRU,409,2.437941312789917,1.986958411037922,0,0.21271393643031786,0.42,Korean,11,강재현,Japanese,10
GRU,410,1.282352089881897,1.9625683692097664,1,0.2146341463414634,0.44,Vietnamese,17,Hoàng Đức,Vietnamese,17
GRU,411,2.3823976516723633,1.982541644871235,0,0.2141119221411192,0.42,Korean,11,장민지,Japanese,10
GRU,412,0.7111974954605103,1.948556299507618,1,0.21601941747572814,0.44,Russian,14,Евгений Смирнов,Russian,14
GRU,413,2.0266597270965576,1.94560771971941,0,0.21549636803874092,0.42,Italian,9,Davide Esposito,Portuguese,13
GRU,414,0.026506181806325912,1.9444070412963628,1,0.21739130434782608,0.42,Greek,7,Μιχάλης Παπαδάκης,Greek,7
GRU,415,2.287891149520874,1.9429351641982793,0,0.21686746987951808,0.42,German,6,Hans Weber,Vietnamese,17
GRU,416,2.278735637664795,1.9157913138717413,0,0.21634615384615385,0.42,Dutch,3,Thomas Meijer,Vietnamese,17
GRU,417,0.4660229980945587,1.8695444997400046,1,0.2182254196642686,0.44,Vietnamese,17,Đặng Ngọc,Vietnamese,17
GRU,418,3.1072115898132324,1.9037823709100485,0,0.21770334928229665,0.42,French,5,Hugo Thomas,Vietnamese,17
GRU,419,2.6184558868408203,1.9038636144250631,0,0.2171837708830549,0.42,German,6,Stefan Hoffmann,Portuguese,13
GRU,420,2.284116744995117,1.898572290763259,0,0.21666666666666667,0.42,Scottish,15,Lachlan Campbell,Portuguese,13
GRU,421,2.338034152984619,1.9108637817949057,0,0.2161520190023753,0.4,Spanish,16,Luis Pérez,Vietnamese,17
GRU,422,1.6905083656311035,1.9150528749078513,1,0.21800947867298578,0.42,Italian,9,Domenico Russo,Italian,9
GRU,423,2.5303714275360107,1.913087352141738,0,0.21749408983451538,0.42,German,6,Maximilian Fischer,Polish,12
GRU,424,0.02147236466407776,1.8621643414348363,1,0.21933962264150944,0.44,Greek,7,Σπυρίδων Νικολάου,Greek,7
GRU,425,2.667022705078125,1.9065467645972967,0,0.2188235294117647,0.42,French,5,Pierre Petit,Portuguese,13
GRU,426,0.4623243510723114,1.8608337446302174,1,0.22065727699530516,0.44,Arabic,0,أحمد القحطاني,Arabic,0
GRU,427,0.8406712412834167,1.8222677978128194,1,0.2224824355971897,0.46,Vietnamese,17,Trần Long,Vietnamese,17
GRU,428,2.7025859355926514,1.823428443297744,0,0.2219626168224299,0.46,Irish,8,Brendan Murphy,Italian,9
GRU,429,2.7132246494293213,1.8083921369165181,0,0.22144522144522144,0.46,Chinese,1,赵芳,Japanese,10
GRU,430,1.4176976680755615,1.8166832502931356,1,0.22325581395348837,0.46,Italian,9,Vincenzo Marino,Italian,9
GRU,431,2.4952988624572754,1.7983710392564536,0,0.22273781902552203,0.46,English,4,Michael Taylor,Italian,9
GRU,432,2.4428064823150635,1.7959390600770713,0,0.2222222222222222,0.46,Scottish,15,Fraser MacLeod,Italian,9
GRU,433,0.13545812666416168,1.7525511967390777,1,0.22401847575057737,0.48,Arabic,0,حسين المالكي,Arabic,0
GRU,434,1.4180222749710083,1.7795018116384744,1,0.22580645161290322,0.48,Italian,9,Alessandro Colombo,Italian,9
GRU,435,2.0602221488952637,1.7745011106878519,0,0.22528735632183908,0.48,Scottish,15,Murdo Murray,Italian,9
GRU,436,2.0802464485168457,1.8149088432639837,1,0.22706422018348624,0.48,Japanese,10,高橋愛,Japanese,10
GRU,437,2.7346482276916504,1.8571323540061713,0,0.22654462242562928,0.46,Chinese,1,刘静,Japanese,10
GRU,438,2.235663890838623,1.8270715238898994,0,0.22602739726027396,0.46,Scottish,15,Iain MacLeod,German,6
GRU,439,3.305053234100342,1.8598621394485235,0,0.2255125284738041,0.46,Czech,2,Pavel Procházka,Italian,9
GRU,440,1.767984390258789,1.8496592833846808,0,0.225,0.44,Scottish,15,Aileen MacDonald,Italian,9
GRU,441,2.598182439804077,1.830698487982154,0,0.22448979591836735,0.44,Chinese,1,李霞,Japanese,10
GRU,442,2.5498971939086914,1.8318936374038457,0,0.2239819004524887,0.44,English,4,William Wilson,Italian,9
GRU,443,1.1634348630905151,1.8205210711807012,1,0.22573363431151242,0.44,Italian,9,Andrea Russo,Italian,9
GRU,444,0.018890943378210068,1.784144711047411,1,0.22747747747747749,0.44,Greek,7,Μιχάλης Παπαδάκης,Greek,7
GRU,445,0.19632269442081451,1.7664792869985104,1,0.2292134831460674,0.44,Vietnamese,17,Đặng Ngọc,Vietnamese,17
GRU,446,2.393021821975708,1.7597187040746212,0,0.22869955156950672,0.44,Portuguese,13,Ricardo Martins,Italian,9
GRU,447,0.015859652310609818,1.7564232518523932,1,0.23042505592841164,0.44,Greek,7,Αικατερίνη Σταυρίδης,Greek,7
GRU,448,2.536587715148926,1.7749479582160712,0,0.22991071428571427,0.42,Spanish,16,Rafael López,Scottish,15
GRU,449,2.8412857055664062,1.8076233222335576,0,0.22939866369710468,0.4,Russian,14,Михаил Попов,Arabic,0
GRU,450,1.3449918031692505,1.8295950265973806,1,0.2311111111111111,0.4,Italian,9,Lorenzo Ricci,Italian,9
GRU,451,2.168752670288086,1.8066731926053763,0,0.23059866962305986,0.4,Portuguese,13,Mário Pereira,Italian,9
GRU,452,2.613443374633789,1.8008081575483084,0,0.23008849557522124,0.4,Chinese,1,赵超,Japanese,10
GRU,453,2.938312530517578,1.842525964602828,0,0.22958057395143489,0.38,Dutch,3,Sem Meijer,Scottish,15
GRU,454,2.4940848350524902,1.8369483049958943,0,0.2290748898678414,0.38,German,6,Hans Schulz,Italian,9
GRU,455,2.3274765014648438,1.846480780467391,0,0.22857142857142856,0.38,German,6,Thomas Fischer,Italian,9
GRU,456,3.0801162719726562,1.907341509088874,0,0.22807017543859648,0.36,Czech,2,Jan Novotný,Scottish,15
GRU,457,0.015416150912642479,1.8556461337581276,1,0.22975929978118162,0.38,Greek,7,Κωνσταντίνος Γεωργίου,Greek,7
GRU,458,0.8159294724464417,1.8416162410750985,1,0.2314410480349345,0.38,Vietnamese,17,Nguyễn Tuấn,Vietnamese,17
GRU,459,2.8914742469787598,1.8506868997588755,0,0.23093681917211328,0.38,French,5,Arthur Martin,Italian,9
GRU,460,1.8267635107040405,1.8615751281753183,0,0.23043478260869565,0.36,Portuguese,13,Ricardo Costa,Italian,9
GRU,461,1.9995993375778198,1.8539191618934274,0,0.2299349240780911,0.36,Scottish,15,Ross Campbell,Italian,9
GRU,462,2.611302375793457,1.8919212595000863,0,0.22943722943722944,0.34,Chinese,1,张平,Japanese,10
GRU,463,1.2627116441726685,1.8766422978416086,1,0.23110151187904968,0.36,Italian,9,Alessandro Greco,Italian,9
GRU,464,1.3642206192016602,1.9033965865895153,1,0.23275862068965517,0.36,Italian,9,Giuseppe Marino,Italian,9
GRU,465,0.45065781474113464,1.8666519198939204,1,0.23440860215053763,0.38,Russian,14,Сергей Иванов,Russian,14
GRU,466,0.014376983046531677,1.8213647468015552,1,0.23605150214592274,0.4,Greek,7,Χρήστος Δημητρίου,Greek,7
GRU,467,1.7928751707077026,1.847901790253818,1,0.23768736616702354,0.4,German,6,Andreas Meyer,German,6
GRU,468,2.721935749053955,1.8401962734386326,0,0.23717948717948717,0.4,Dutch,3,Lotte Janssen,Vietnamese,17
GRU,469,0.013090034015476704,1.7880889563821256,1,0.23880597014925373,0.42,Greek,7,Αλέξανδρος Αλεξίου,Greek,7
GRU,470,2.9488158226013184,1.8013829379342496,0,0.23829787234042554,0.42,English,4,Thomas Brown,Vietnamese,17
GRU,471,2.9257922172546387,1.81313809921965,0,0.23779193205944799,0.42,English,4,Andrew Smith,German,6
GRU,472,2.4486682415008545,1.8283012967370451,0,0.23728813559322035,0.4,Chinese,1,张娜,Japanese,10
GRU,473,1.5749855041503906,1.8091935782693327,1,0.23890063424947147,0.42,Italian,9,Marco Ricci,Italian,9
GRU,474,1.0791176557540894,1.830346484091133,1,0.24050632911392406,0.42,Italian,9,Marco Romano,Italian,9
GRU,475,2.4133901596069336,1.825273833181709,0,0.24,0.42,Dutch,3,Lotte Bakker,German,6
GRU,476,0.8837681412696838,1.8337027089856566,1,0.2415966386554622,0.42,Italian,9,Giuseppe Marino,Italian,9
GRU,477,2.4236340522766113,1.8653619652055204,0,0.24109014675052412,0.4,Polish,12,Mateusz Wójcik,Italian,9
GRU,478,2.6623120307922363,1.8645564871095122,0,0.2405857740585774,0.4,Spanish,16,Sergio Sánchez,Italian,9
GRU,479,2.017082691192627,1.8506336479447782,0,0.24008350730688935,0.4,Scottish,15,Murdo Murray,Italian,9
GRU,480,2.8367936611175537,1.879015567805618,0,0.23958333333333334,0.38,Czech,2,Adam Veselý,Italian,9
GRU,481,2.6566600799560547,1.8822427921555935,0,0.2390852390852391,0.38,Chinese,1,杨勇,Japanese,10
GRU,482,2.1241703033447266,1.8758700685761869,1,0.24066390041493776,0.4,Japanese,10,中村誠,Japanese,10
GRU,483,3.346781015396118,1.940096526350826,0,0.2401656314699793,0.38,Irish,8,Oisín Murphy,Italian,9
GRU,484,2.754948139190674,1.9668350436352193,0,0.2396694214876033,0.36,Czech,2,Břetislav Novotný,Italian,9
GRU,485,2.0007569789886475,1.965645740237087,0,0.23917525773195877,0.36,Arabic,0,ياسر القحطاني,Russian,14
GRU,486,3.6044130325317383,1.9961290719173848,0,0.23868312757201646,0.34,Irish,8,Fionn Gallagher,Italian,9
GRU,487,2.586855411529541,1.9931732155941426,0,0.23819301848049282,0.34,Chinese,1,周明,Japanese,10
GRU,488,2.8531737327575684,2.0055234124325216,0,0.23770491803278687,0.34,French,5,Arthur Durand,Italian,9
GRU,489,2.1122055053710938,1.9816664578579366,0,0.23721881390593047,0.34,Spanish,16,Fernando Gómez,Italian,9
GRU,490,0.15068648755550385,1.949320499803871,1,0.23877551020408164,0.36,Russian,14,Игорь Смирнов,Russian,14
GRU,491,2.7545363903045654,1.9524475788138806,0,0.23828920570264767,0.36,French,5,Hugo Dubois,Italian,9
GRU,492,1.9690412282943726,1.9408304595015944,0,0.23780487804878048,0.36,Portuguese,13,António Jesus,Italian,9
GRU,493,2.053007125854492,1.9586219047568738,0,0.23732251521298176,0.34,Scottish,15,Duncan MacLeod,Italian,9
GRU,494,2.196378469467163,2.002171655278653,0,0.23684210526315788,0.32,Scottish,15,Iain Stewart,Italian,9
GRU,495,1.7532352209091187,2.033309905808419,1,0.2383838383838384,0.32,Portuguese,13,Pedro Oliveira,Portuguese,13
GRU,496,1.5057013034820557,2.015563495438546,1,0.2399193548387097,0.34,Japanese,10,小林陽子,Japanese,10
GRU,497,3.2790613174438477,2.0808275287412106,0,0.23943661971830985,0.32,Dutch,3,Pieter de Vries,Portuguese,13
GRU,498,1.521310567855835,2.060521985795349,1,0.24096385542168675,0.34,Japanese,10,渡辺裕子,Japanese,10
GRU,499,1.8116856813430786,2.0399299853108825,1,0.24248496993987975,0.36,Scottish,15,Niall Campbell,Scottish,15
GRU,500,2.2857859134674072,2.0587458675168455,0,0.242,0.34,Polish,12,Bartosz Woźniak,Italian,9
GRU,501,1.2340681552886963,2.040052177216858,1,0.2435129740518962,0.36,Vietnamese,17,Nguyễn Khang,Vietnamese,17
GRU,502,0.1911109983921051,1.991605529692024,1,0.2450199203187251,0.38,Russian,14,Андрей Петров,Russian,14
GRU,503,1.868627667427063,1.9702118324302136,1,0.24652087475149106,0.4,Japanese,10,田中健,Japanese,10
GRU,504,1.827666997909546,1.9568834756873548,1,0.24801587301587302,0.42,Japanese,10,鈴木美咲,Japanese,10
GRU,505,1.9635059833526611,1.9496040653251112,0,0.24752475247524752,0.42,Polish,12,Wojciech Lewandowski,Italian,9
GRU,506,0.5237905979156494,1.898477551843971,1,0.2490118577075099,0.44,Arabic,0,إبراهيم الشمري,Arabic,0
GRU,507,0.5257123112678528,1.9086834750510753,1,0.2504930966469428,0.44,Vietnamese,17,Huỳnh Thành,Vietnamese,17
GRU,508,1.9134376049041748,1.9306336377002298,1,0.25196850393700787,0.44,Portuguese,13,Tiago Silva,Portuguese,13
GRU,509,2.0562326908111572,1.9139288065768778,0,0.25147347740667975,0.44,German,6,Markus Wagner,Scottish,15
GRU,510,2.2902042865753174,1.9231976220943034,0,0.25098039215686274,0.44,Korean,11,윤민지,Japanese,10
GRU,511,1.9329502582550049,1.921864640507847,0,0.25048923679060664,0.44,Scottish,15,Alasdair Douglas,Portuguese,13
GRU,512,0.05282633751630783,1.870695119742304,1,0.251953125,0.46,Russian,14,Николай Новиков,Russian,14
GRU,513,2.225945472717285,1.8899597963131964,0,0.25146198830409355,0.44,Chinese,1,张杰,Japanese,10
GRU,514,2.3034698963165283,1.9087447818554937,0,0.2509727626459144,0.42,Irish,8,Seán Gallagher,German,6
GRU,515,3.59348726272583,1.9716013708151876,0,0.2504854368932039,0.4,English,4,Anthony Brown,Vietnamese,17
GRU,516,0.05074981600046158,1.9723288274742663,1,0.25193798449612403,0.4,Russian,14,Сергей Михайлов,Russian,14
GRU,517,1.6406219005584717,1.9692837620712818,1,0.25338491295938104,0.4,Scottish,15,Malcolm MacLeod,Scottish,15
GRU,518,0.3673957586288452,1.9221929622627796,1,0.2548262548262548,0.42,Arabic,0,أحمد الشمري,Arabic,0
GRU,519,0.026929475367069244,1.9224697510898112,1,0.25626204238921,0.42,Greek,7,Δημήτριος Σταυρίδης,Greek,7
GRU,520,2.808596611022949,1.919665366858244,0,0.25576923076923075,0.42,French,5,J.-P. Petit,Vietnamese,17
GRU,521,0.4694369435310364,1.870538261383772,1,0.2571976967370441,0.44,Vietnamese,17,Nguyễn Dũng,Vietnamese,17
GRU,522,0.20709724724292755,1.8257068414986133,1,0.25862068965517243,0.46,Vietnamese,17,Huỳnh Đức,Vietnamese,17
GRU,523,4.933348655700684,1.8928741045296191,0,0.25812619502868067,0.44,Czech,2,Štěpán Novotný,Russian,14
GRU,524,2.0603179931640625,1.9124981112778188,0,0.25763358778625955,0.42,Dutch,3,Anne Bakker,Vietnamese,17
GRU,525,1.9991753101348877,1.9042138142883778,0,0.2571428571428571,0.42,Dutch,3,Dirk Smit,Vietnamese,17
GRU,526,3.0031614303588867,1.9466016800701618,0,0.25665399239543724,0.4,English,4,Joseph Davis,Scottish,15
GRU,527,1.7591742277145386,1.9333124835789204,0,0.25616698292220114,0.4,Italian,9,Lorenzo Colombo,Scottish,15
GRU,528,2.0558643341064453,1.9211835296452044,0,0.2556818181818182,0.4,Irish,8,Oisín Doyle,Scottish,15
GRU,529,1.3721977472305298,1.9082858307659627,1,0.2570888468809074,0.42,Scottish,15,Alasdair Fraser,Scottish,15
GRU,530,0.018723884597420692,1.85192443523556,1,0.25849056603773585,0.44,Greek,7,Μαρία Αθανασίου,Greek,7
GRU,531,0.7311670184135437,1.8134145740047096,1,0.2598870056497175,0.46,Vietnamese,17,Trần Quân,Vietnamese,17
GRU,532,2.0823960304260254,1.8125790885463358,0,0.2593984962406015,0.44,Polish,12,Jakub Wiśniewski,Scottish,15
GRU,533,2.1309502124786377,1.788262472487986,0,0.2589118198874296,0.44,Spanish,16,Juan Díaz,Dutch,3
GRU,534,2.864327907562256,1.7904500678554178,0,0.25842696629213485,0.44,English,4,Paul Smith,Scottish,15
GRU,535,2.066913604736328,1.7917732003703712,0,0.25794392523364484,0.44,Irish,8,Maeve Kennedy,Scottish,15
GRU,536,1.7088329792022705,1.753861599303782,0,0.2574626865671642,0.44,Portuguese,13,Rui Oliveira,Scottish,15
GRU,537,1.8328909873962402,1.738782310821116,0,0.2569832402234637,0.44,Spanish,16,Javier Rodríguez,Scottish,15
GRU,538,1.7110657691955566,1.7159401515498758,0,0.25650557620817843,0.44,Arabic,0,كريم العتيبي,Vietnamese,17
GRU,539,2.0388050079345703,1.7144721416011452,0,0.2560296846011132,0.44,Italian,9,Lorenzo Ricci,Scottish,15
GRU,540,1.2630666494369507,1.7367197448387741,1,0.2574074074074074,0.44,Scottish,15,Aileen MacLeod,Scottish,15
GRU,541,5.410497665405273,1.7898389703407884,0,0.25693160813308685,0.44,Russian,14,Роман Васильев,Vietnamese,17
GRU,542,1.3747879266738892,1.7779539043083787,1,0.25830258302583026,0.46,Scottish,15,Hamish Stewart,Scottish,15
GRU,543,0.9822866320610046,1.756539494432509,1,0.2596685082872928,0.48,Japanese,10,中村花子,Japanese,10
GRU,544,1.5434292554855347,1.7434805101528763,1,0.2610294117647059,0.5,Vietnamese,17,Hoàng Phong,Vietnamese,17
GRU,545,4.1879730224609375,1.7921752661839128,0,0.26055045871559634,0.48,Russian,14,Андрей Кузнецов,Vietnamese,17
GRU,546,2.76723575592041,1.8174059552326798,0,0.2600732600732601,0.46,German,6,Sophie Schulz,Scottish,15
GRU,547,0.013715431094169617,1.7520990375056862,1,0.26142595978062155,0.48,Greek,7,Παναγιώτης Βασιλείου,Greek,7
GRU,548,1.7318050861358643,1.756308927871287,0,0.26094890510948904,0.46,Polish,12,Szymon Wiśniewski,Scottish,15
GRU,549,1.701366662979126,1.7541025475040077,0,0.2604735883424408,0.44,Portuguese,13,Gonçalo Silva,Scottish,15
GRU,550,1.4558091163635254,1.73750301156193,1,0.26181818181818184,0.46,Japanese,10,加藤拓也,Japanese,10
GRU,551,1.4647947549819946,1.742117543555796,1,0.2631578947368421,0.46,Scottish,15,Alasdair Robertson,Scottish,15
GRU,552,1.6978853940963745,1.7722530314698814,0,0.26268115942028986,0.44,Polish,12,Zbigniew Kowalczyk,Scottish,15
GRU,553,2.5443382263183594,1.7857672426477074,0,0.26220614828209765,0.42,English,4,Richard Davis,Scottish,15
GRU,554,2.2170002460479736,1.793553907610476,0,0.26173285198555957,0.4,Chinese,1,李杰,Japanese,10
GRU,555,1.5540845394134521,1.785365478731692,1,0.26306306306306304,0.42,Spanish,16,Juan Pérez,Spanish,16
GRU,556,0.7867464423179626,1.7906245956197382,1,0.2643884892086331,0.42,Japanese,10,鈴木裕子,Japanese,10
GRU,557,1.145359754562378,1.8030175444856287,1,0.26570915619389585,0.42,Russian,14,Борис Петров,Russian,14
GRU,558,1.5803208351135254,1.7963552090898156,1,0.2670250896057348,0.42,Spanish,16,Pedro Martínez,Spanish,16
GRU,559,0.4183911383152008,1.7635983780398965,1,0.26833631484794274,0.44,Arabic,0,خالد القحطاني,Arabic,0
GRU,560,2.5470356941223145,1.7687350061908365,0,0.26785714285714285,0.44,English,4,William Miller,Scottish,15
GRU,561,2.3695859909057617,1.7774677208438516,0,0.26737967914438504,0.44,English,4,J.R. Smith,Scottish,15
GRU,562,1.2481576204299927,1.8013743465021252,1,0.26868327402135234,0.44,Scottish,15,Gordon Campbell,Scottish,15
GRU,563,0.9320983290672302,1.7754974036291242,1,0.2699822380106572,0.46,Japanese,10,中村さくら,Japanese,10
GRU,564,1.0049856901168823,1.7495277195051313,1,0.2712765957446808,0.48,Polish,12,Michał Szymański,Polish,12
GRU,565,2.756800651550293,1.7327939872816205,0,0.27079646017699116,0.48,Czech,2,Martin Černý,Scottish,15
GRU,566,0.9375404715538025,1.7505298003926872,1,0.27208480565371024,0.48,Vietnamese,17,Hoàng Quân,Vietnamese,17
GRU,567,1.3628613948822021,1.744974590279162,1,0.27336860670194,0.48,Japanese,10,小林太郎,Japanese,10
GRU,568,1.395111083984375,1.7655288967862726,1,0.2746478873239437,0.48,Scottish,15,Aileen Fraser,Scottish,15
GRU,569,2.163227081298828,1.8082548489049077,0,0.2741652021089631,0.46,Chinese,1,赵霞,Japanese,10
GRU,570,2.505281686782837,1.8021885504201054,0,0.2736842105263158,0.46,Czech,2,Jan Dvořák,Polish,12
GRU,571,2.239708423614502,1.8375939800217749,0,0.2732049036777583,0.44,Italian,9,Vincenzo Ferrari,Scottish,15
GRU,572,3.0819127559661865,1.8950902901962399,0,0.2727272727272727,0.42,Czech,2,Marek Procházka,Polish,12
GRU,573,2.46846079826355,1.8457925330474974,0,0.27225130890052357,0.42,Dutch,3,Lucas Meijer,Scottish,15
GRU,574,2.0953006744384766,1.8464921866729855,1,0.2735191637630662,0.44,Dutch,3,Ruben Bakker,Dutch,3
GRU,575,2.7509958744049072,1.861528597958386,0,0.27304347826086955,0.44,French,5,Pierre d'Aubigné,Scottish,15
GRU,576,2.0986146926879883,1.843437663204968,0,0.2725694444444444,0.44,Italian,9,Francesco Rossi,Polish,12
GRU,577,2.3285765647888184,1.8548257099464536,0,0.2720970537261698,0.44,Chinese,1,陈敏,Japanese,10
GRU,578,2.216869831085205,1.8580458198860288,0,0.27162629757785467,0.44,Chinese,1,刘明,Japanese,10
GRU,579,2.210000514984131,1.8748018752411009,0,0.2711571675302245,0.42,Korean,11,정지민,Japanese,10
GRU,580,2.8172688484191895,1.9307727745175363,0,0.2706896551724138,0.4,Portuguese,13,Filipe Santos,Vietnamese,17
GRU,581,0.01373965386301279,1.9164242272265255,1,0.2719449225473322,0.4,Greek,7,Ευάγγελος Κωνσταντίνου,Greek,7
GRU,582,2.6234748363494873,1.9272458033449948,0,0.27147766323024053,0.4,Portuguese,13,Carlos Martins,Vietnamese,17
GRU,583,2.8517050743103027,1.941660900581628,0,0.27101200686106347,0.4,French,5,Charles Thomas,Vietnamese,17
GRU,584,2.9182441234588623,1.9427392248995603,0,0.2705479452054795,0.4,French,5,Arthur Bernard,Vietnamese,17
GRU,585,2.671738386154175,1.9548357205279172,0,0.27008547008547007,0.4,Polish,12,Zbigniew Zieliński,Scottish,15
GRU,586,0.014589061960577965,1.9209508421830832,1,0.2713310580204778,0.42,Greek,7,Χρήστος Κωνσταντίνου,Greek,7
GRU,587,2.0305094718933105,1.9249032118730247,0,0.2708688245315162,0.42,English,4,J.R. Williams,Scottish,15
GRU,588,0.17927543818950653,1.8942674052529036,1,0.272108843537415,0.44,Russian,14,Антон Михайлов,Russian,14
GRU,589,2.0742151737213135,1.8949756085686387,1,0.2733446519524618,0.46,Irish,8,Maeve Doyle,Irish,8
GRU,590,2.171494960784912,1.9131441747955977,0,0.27288135593220336,0.44,Irish,8,Niall O'Connor,Scottish,15
GRU,591,0.1547287106513977,1.8080287957005203,1,0.27411167512690354,0.46,Arabic,0,مصطفى الهاشمي,Arabic,0
GRU,592,1.6328709125518799,1.81319045541808,1,0.27533783783783783,0.46,Italian,9,Matteo Marino,Italian,9
GRU,593,0.9173077940940857,1.8118908786587418,1,0.2765598650927487,0.46,Vietnamese,17,Lê Anh,Vietnamese,17
GRU,594,2.4634485244750977,1.830291264038533,0,0.2760942760942761,0.44,Czech,2,Adam Procházka,Scottish,15
GRU,595,2.277848720550537,1.792088778000325,0,0.27563025210084036,0.44,Korean,11,윤서준,Japanese,10
GRU,596,1.2838948965072632,1.762421960812062,1,0.27684563758389263,0.46,Italian,9,Carlo Marino,Italian,9
GRU,597,1.918640375137329,1.8005204596929252,0,0.27638190954773867,0.44,Portuguese,13,Bruno Jesus,Scottish,15
GRU,598,1.6672396659851074,1.7992291512899101,1,0.27759197324414714,0.46,Irish,8,Brian Doyle,Irish,8
GRU,599,1.4462049007415771,1.794125916045159,1,0.27879799666110183,0.48,Italian,9,Lorenzo Ferrari,Italian,9
GRU,600,1.0762473344802856,1.7865346804074944,1,0.28,0.48,Polish,12,Krzysztof Lewandowski,Polish,12
GRU,601,3.6639890670776367,1.830518566649407,0,0.2795341098169717,0.46,Dutch,3,Jan van den Berg,Scottish,15
GRU,602,1.1087278127670288,1.8187354150228203,1,0.2807308970099668,0.48,Polish,12,Michał Zieliński,Polish,12
GRU,603,2.109009265899658,1.8100288358144463,0,0.2802653399668325,0.48,Korean,11,윤상현,Japanese,10
GRU,604,0.9379394054412842,1.7844476190023124,1,0.2814569536423841,0.5,Italian,9,Giuseppe Marino,Italian,9
GRU,605,1.1846420764923096,1.7770587697438895,1,0.28264462809917357,0.5,Italian,9,Domenico Rossi,Italian,9
GRU,606,1.9256694316864014,1.7998372295312584,0,0.28217821782178215,0.48,Polish,12,Łukasz Wójcik,Italian,9
GRU,607,0.06584540754556656,1.7782469425909222,1,0.2833607907742998,0.48,Arabic,0,خالد المالكي,Arabic,0
GRU,608,1.991862416267395,1.7864777742139994,0,0.28289473684210525,0.46,Chinese,1,赵明,Japanese,10
GRU,609,1.4951051473617554,1.8080120543949305,0,0.2824302134646962,0.44,Scottish,15,Niall Campbell,Italian,9
GRU,610,0.02366255596280098,1.7575445916317403,1,0.2836065573770492,0.46,Greek,7,Ευάγγελος Βασιλείου,Greek,7
GRU,611,2.2362782955169678,1.7548784377239643,0,0.28314238952536824,0.46,Korean,11,박서연,Japanese,10
GRU,612,2.941871166229248,1.7887527086399495,0,0.2826797385620915,0.44,German,6,Sophie Becker,Italian,9
GRU,613,2.916313409805298,1.828437010254711,0,0.2822185970636215,0.42,Irish,8,Darragh O'Connor,Italian,9
GRU,614,2.297304153442383,1.854283379521221,0,0.28175895765472314,0.4,English,4,James Taylor,Italian,9
GRU,615,1.851000428199768,1.8361673750542105,1,0.28292682926829266,0.42,Dutch,3,Jan Smit,Dutch,3
GRU,616,2.1374807357788086,1.8601661803387106,0,0.2824675324675325,0.4,Chinese,1,刘平,Japanese,10
GRU,617,0.07720774412155151,1.8344531073234975,1,0.28363047001620745,0.4,Russian,14,Дмитрий Иванов,Russian,14
GRU,618,1.9322738647460938,1.845196362938732,0,0.28317152103559873,0.38,Korean,11,임상현,Japanese,10
GRU,619,2.192474365234375,1.8457813086174428,0,0.2827140549273021,0.38,English,4,Michael Johnson,Italian,9
GRU,620,1.235459804534912,1.8203848709724844,1,0.2838709677419355,0.4,Italian,9,Carlo Bianchi,Italian,9
GRU,621,2.0922036170959473,1.8174347748421134,0,0.2834138486312399,0.4,Portuguese,13,Carlos Ferreira,Italian,9
GRU,622,3.0575432777404785,1.816947385277599,0,0.2829581993569132,0.4,German,6,Johannes Schmidt,Italian,9
GRU,623,1.1559972763061523,1.790698114838451,1,0.2841091492776886,0.42,Vietnamese,17,Hoàng Minh,Vietnamese,17
GRU,624,1.838331699371338,1.7855587353371083,1,0.28525641025641024,0.42,Spanish,16,Javier Sánchez,Spanish,16
GRU,625,1.2567137479782104,1.7556730928085744,1,0.2864,0.44,Irish,8,Liam O'Brien,Irish,8
GRU,626,1.4867775440216064,1.7434363498352468,1,0.28753993610223644,0.46,Irish,8,Conor McCarthy,Irish,8
GRU,627,2.0728507041931152,1.7383218326233327,0,0.28708133971291866,0.46,Italian,9,Luca Greco,Irish,8
GRU,628,0.8983171582221985,1.7119507791660726,1,0.28821656050955413,0.48,Japanese,10,鈴木美咲,Japanese,10
GRU,629,0.0741475373506546,1.669233719613403,1,0.2893481717011129,0.5,Russian,14,Юрий Иванов,Russian,14
GRU,630,3.032325267791748,1.6735348480008543,0,0.28888888888888886,0.5,English,4,Anthony St. John,Irish,8
GRU,631,0.02498365007340908,1.6737597279250622,1,0.2900158478605388,0.5,Greek,7,Αθανάσιος Αλεξίου,Greek,7
GRU,632,2.640564441680908,1.6741015200316907,0,0.28955696202531644,0.5,Polish,12,Andrzej Zieliński,Italian,9
GRU,633,2.1612167358398438,1.6602917532622814,0,0.2890995260663507,0.5,Korean,11,이준영,Japanese,10
GRU,634,2.2771573066711426,1.647470016926527,0,0.2886435331230284,0.5,Polish,12,Krzysztof Nowak,Italian,9
GRU,635,1.0857795476913452,1.6157508401572704,1,0.28976377952755905,0.52,Irish,8,Maeve McCarthy,Irish,8
GRU,636,1.8175958395004272,1.6518109757080675,0,0.2893081761006289,0.5,Dutch,3,Finn Bakker,Irish,8
GRU,637,1.7886286973953247,1.6469733602181078,0,0.28885400313971743,0.5,Korean,11,장예준,Japanese,10
GRU,638,1.4708752632141113,1.6728053567185999,1,0.28996865203761757,0.5,Irish,8,Eoin Gallagher,Irish,8
GRU,639,1.0359368324279785,1.652039789892733,1,0.29107981220657275,0.5,Polish,12,Krzysztof Szymański,Polish,12
GRU,640,1.5949900150299072,1.640509690977633,1,0.2921875,0.52,Korean,11,이상현,Korean,11
GRU,641,0.019993793219327927,1.6378149926289916,1,0.29329173166926675,0.52,Greek,7,Γεώργιος Κωνσταντίνου,Greek,7
GRU,642,0.0644015446305275,1.6064456052705645,1,0.29439252336448596,0.52,Arabic,0,نورالدين المالكي,Arabic,0
GRU,643,0.3602874279022217,1.5953051979467272,1,0.2954898911353033,0.52,Vietnamese,17,Hoàng Dũng,Vietnamese,17
GRU,644,0.019873663783073425,1.5464337007328868,1,0.296583850931677,0.54,Greek,7,Αλέξανδρος Αλεξίου,Greek,7
GRU,645,2.4504265785217285,1.5498852578923106,0,0.2961240310077519,0.54,Czech,2,Pavel Horák,Vietnamese,17
GRU,646,0.03129921853542328,1.5248333443328739,1,0.29721362229102166,0.54,Russian,14,Юрий Михайлов,Russian,14
GRU,647,1.4237114191055298,1.5149347652122378,1,0.2982998454404946,0.56,Italian,9,Fabio Marino,Italian,9
GRU,648,2.197021722793579,1.5255304063484072,0,0.2978395061728395,0.54,Portuguese,13,Luís Santos,Irish,8
GRU,649,2.5154576301574707,1.546915460936725,0,0.29738058551617874,0.52,English,4,Daniel Smith,Irish,8
GRU,650,2.019879102706909,1.5657880963012576,0,0.2969230769230769,0.5,Chinese,1,刘秀英,Japanese,10
GRU,651,2.303062915802002,1.538569573275745,0,0.2964669738863287,0.5,Scottish,15,Iain MacLeod,Irish,8
GRU,652,2.686351776123047,1.5701220525428652,0,0.2960122699386503,0.48,Dutch,3,Jan van den Berg,Italian,9
GRU,653,0.7497263550758362,1.5429363943263887,1,0.29709035222052066,0.5,Vietnamese,17,Trần Nam,Vietnamese,17
GRU,654,1.0026205778121948,1.544230017773807,1,0.2981651376146789,0.5,Polish,12,Marek Kamiński,Polish,12
GRU,655,1.6935956478118896,1.5544090892001987,0,0.29770992366412213,0.48,Korean,11,장도윤,Japanese,10
GRU,656,1.554294228553772,1.5469815851375461,1,0.29878048780487804,0.5,Vietnamese,17,Huỳnh Hoàng,Vietnamese,17
GRU,657,1.909773349761963,1.583860143981874,1,0.2998477929984779,0.5,English,4,Richard Miller,English,4
GRU,658,2.627058506011963,1.5965640657767652,0,0.2993920972644377,0.5,Dutch,3,Dirk Janssen,Italian,9
GRU,659,1.7925317287445068,1.6025125974044203,1,0.30045523520485584,0.52,Portuguese,13,Gonçalo Pereira,Portuguese,13
GRU,660,2.1763699054718018,1.6455667443946005,0,0.3,0.5,Chinese,1,吴超,Japanese,10
GRU,661,1.3345496654510498,1.627532171793282,1,0.3010590015128593,0.52,Korean,11,박지민,Korean,11
GRU,662,0.0694282278418541,1.570083313025534,1,0.3021148036253776,0.54,Russian,14,Михаил Попов,Russian,14
GRU,663,0.06741523742675781,1.5131053495779634,1,0.3031674208144796,0.56,Greek,7,Σπυρίδων Νικολάου,Greek,7
GRU,664,1.8120003938674927,1.5033992743864655,1,0.3042168674698795,0.58,Dutch,3,Sem Smit,Dutch,3
GRU,665,1.3188015222549438,1.492755296267569,1,0.30526315789473685,0.58,Korean,11,조민지,Korean,11
GRU,666,1.276312232017517,1.4755319261923432,1,0.3063063063063063,0.6,Korean,11,김지민,Korean,11
GRU,667,0.9556154012680054,1.4931000793352722,1,0.3073463268365817,0.6,Polish,12,Łukasz Wójcik,Polish,12
GRU,668,2.934762477874756,1.5131498515978457,0,0.3068862275449102,0.6,German,6,Matthias Schmidt,Polish,12
GRU,669,0.40670228004455566,1.477434409894049,1,0.30792227204783257,0.62,Russian,14,Антон Петров,Russian,14
GRU,670,2.624905586242676,1.5052233255282044,0,0.3074626865671642,0.6,German,6,Jürgen Schulz,Spanish,16
GRU,671,0.24116963148117065,1.468202645815909,1,0.30849478390462,0.62,Arabic,0,كريم الحداد,Arabic,0
GRU,672,1.0014384984970093,1.4270805502310395,1,0.30952380952380953,0.64,Japanese,10,田中一郎,Japanese,10
GRU,673,1.6681718826293945,1.4373240423575044,0,0.30906389301634474,0.62,English,4,William Wilson,Polish,12
GRU,674,2.25557541847229,1.4456689167395234,0,0.3086053412462908,0.6,German,6,Felix Müller,Irish,8
GRU,675,0.23445890843868256,1.4252238199487328,1,0.30962962962962964,0.6,Vietnamese,17,Lê Minh,Vietnamese,17
GRU,676,2.1510777473449707,1.4385098240152001,0,0.3091715976331361,0.58,German,6,Hannah Schneider,English,4
GRU,677,0.775728166103363,1.4125673732534052,1,0.310192023633678,0.6,Japanese,10,加藤健一,Japanese,10
GRU,678,1.5364511013031006,1.4253300521150232,0,0.30973451327433627,0.58,English,4,Matthew Wilson,Polish,12
GRU,679,0.3210000991821289,1.4302671033516525,1,0.31075110456553756,0.58,Arabic,0,سعيد العتيبي,Arabic,0
GRU,680,1.4579041004180908,1.3987786800041795,1,0.31176470588235294,0.6,English,4,Anthony Johnson,English,4
GRU,681,0.25230535864830017,1.4033251141756773,1,0.31277533039647576,0.6,Vietnamese,17,Phạm Đức,Vietnamese,17
GRU,682,3.274700164794922,1.4160078286379576,0,0.312316715542522,0.6,French,5,Georges Bernard,English,4
GRU,683,0.1590539515018463,1.3759645729511976,1,0.31332357247437775,0.62,Arabic,0,فهد الخطيب,Arabic,0
GRU,684,0.07336443662643433,1.3318887155503034,1,0.31432748538011696,0.64,Arabic,0,طارق الغامدي,Arabic,0
GRU,685,0.08159507811069489,1.3118050261586904,1,0.31532846715328466,0.64,Greek,7,Μιχάλης Βασιλείου,Greek,7
GRU,686,0.8578083515167236,1.2926092763990165,1,0.3163265306122449,0.66,Japanese,10,佐藤健,Japanese,10
GRU,687,3.071857452392578,1.3182738514989614,0,0.3158660844250364,0.66,French,5,Gabriel Petit,English,4
GRU,688,1.7882174253463745,1.3246206947416068,1,0.3168604651162791,0.66,Chinese,1,李杰,Chinese,1
GRU,689,2.100886583328247,1.3459196897596122,0,0.3164005805515239,0.64,Portuguese,13,André Rodrigues,English,4
GRU,690,1.669956922531128,1.3474190279096365,1,0.3173913043478261,0.64,Dutch,3,Thomas Meijer,Dutch,3
GRU,691,2.8019933700561523,1.403059019446373,0,0.31693198263386396,0.62,Czech,2,Petr Kučera,Vietnamese,17
GRU,692,0.08287126570940018,1.4034284138679505,1,0.3179190751445087,0.62,Russian,14,Юрий Новиков,Russian,14
GRU,693,1.2837576866149902,1.4218978190422058,1,0.3189033189033189,0.62,Korean,11,조도윤,Korean,11
GRU,694,1.733457088470459,1.4561694875359534,0,0.3184438040345821,0.6,Dutch,3,Sem Bakker,Vietnamese,17
GRU,695,1.7211041450500488,1.4415830388665198,1,0.3194244604316547,0.62,Spanish,16,Pedro González,Spanish,16
GRU,696,2.045128583908081,1.4818596261739732,0,0.31896551724137934,0.6,Chinese,1,周强,Japanese,10
GRU,697,1.6356326341629028,1.4860980504751204,1,0.3199426111908178,0.6,Spanish,16,Rafael Rodríguez,Spanish,16
GRU,698,0.035198915749788284,1.4428615943342447,1,0.3209169054441261,0.62,Russian,14,Артём Михайлов,Russian,14
GRU,699,0.06905447691679001,1.3939335312694312,1,0.3218884120171674,0.64,Arabic,0,ياسر الحداد,Arabic,0
GRU,700,2.3482425212860107,1.400500799641013,0,0.32142857142857145,0.64,Scottish,15,Callum Murray,Irish,8
GRU,701,1.907989263534546,1.392599326595664,0,0.3209700427960057,0.64,Portuguese,13,Ricardo Jesus,English,4
GRU,702,1.693915843963623,1.3727506079524756,1,0.32193732193732194,0.66,Dutch,3,Dirk Janssen,Dutch,3
GRU,703,0.03211422264575958,1.358398365303874,1,0.3229018492176387,0.66,Russian,14,Сергей Иванов,Russian,14
GRU,704,2.2124195098876953,1.382594343945384,0,0.3224431818181818,0.64,Czech,2,Pavel Černý,Vietnamese,17
GRU,705,2.4541053771972656,1.3978045385330915,0,0.3219858156028369,0.64,English,4,Steven Smith,Dutch,3
GRU,706,1.3907772302627563,1.3945341985672712,1,0.32294617563739375,0.64,English,4,Christopher Brown,English,4
GRU,707,0.46096861362457275,1.3655581038445235,1,0.32390381895332393,0.64,Vietnamese,17,Đặng Cường,Vietnamese,17
GRU,708,0.9502754211425781,1.3320224421471358,1,0.3248587570621469,0.66,Japanese,10,伊藤彩,Japanese,10
GRU,709,1.2209655046463013,1.3205911176651717,1,0.32581100141043723,0.66,Spanish,16,Pablo Rodríguez,Spanish,16
GRU,710,0.03710511326789856,1.2778058218210935,1,0.3267605633802817,0.68,Russian,14,Евгений Васильев,Russian,14
GRU,711,1.667785406112671,1.284470536634326,0,0.3263009845288326,0.66,Portuguese,13,Pedro Santos,English,4
GRU,712,1.370244026184082,1.3104868526011706,1,0.32724719101123595,0.66,Dutch,3,Bram Smit,Dutch,3
GRU,713,0.14034929871559143,1.3119455338269472,1,0.3281907433380084,0.66,Vietnamese,17,Đặng Đức,Vietnamese,17
GRU,714,1.7804946899414062,1.3113154197484256,1,0.3291316526610644,0.66,German,6,Christian Meyer,German,6
GRU,715,0.05016235262155533,1.2859426363557578,1,0.3300699300699301,0.66,Russian,14,Сергей Сидоров,Russian,14
GRU,716,1.3411287069320679,1.2872389658540486,1,0.33100558659217877,0.66,Portuguese,13,Miguel Oliveira,Portuguese,13
GRU,717,0.03562740236520767,1.2688392058759927,1,0.3319386331938633,0.66,Russian,14,Андрей Попов,Russian,14
GRU,718,1.2723650932312012,1.2355912581831217,1,0.3328690807799443,0.68,Portuguese,13,Miguel Sousa,Portuguese,13
GRU,719,1.5836466550827026,1.2591301456838846,1,0.3337969401947149,0.68,Dutch,3,Jan van Dijk,Dutch,3
GRU,720,1.1398931741714478,1.22942989744246,1,0.3347222222222222,0.7,Portuguese,13,João Oliveira,Portuguese,13
GRU,721,3.5297317504882812,1.2952011398226022,0,0.3342579750346741,0.68,Irish,8,Michael O'Sullivan,English,4
GRU,722,2.0667450428009033,1.3165072707086802,0,0.3337950138504155,0.66,English,4,Mark Taylor,Dutch,3
GRU,723,2.199759006500244,1.3271390131860972,0,0.3333333333333333,0.66,Scottish,15,Stuart MacDonald,English,4
GRU,724,2.89522123336792,1.3399319294840097,0,0.3328729281767956,0.66,Czech,2,Petr Svoboda,Portuguese,13
GRU,725,2.851679801940918,1.3922763473540545,0,0.33241379310344826,0.64,Czech,2,Josef Procházka,Portuguese,13
GRU,726,1.1015851497650146,1.3712864954024553,1,0.3333333333333333,0.66,Dutch,3,Thomas Meijer,Dutch,3
GRU,727,1.192386269569397,1.379619657471776,1,0.3342503438789546,0.66,Korean,11,이지호,Korean,11
GRU,728,0.16945074498653412,1.3522796503454446,1,0.33516483516483514,0.68,Vietnamese,17,Nguyễn Ngọc,Vietnamese,17
GRU,729,0.21770361065864563,1.350213720574975,1,0.33607681755829905,0.68,Vietnamese,17,Vũ Dũng,Vietnamese,17
GRU,730,0.2692725956439972,1.3264410904794932,1,0.336986301369863,0.68,Japanese,10,小林陽子,Japanese,10
GRU,731,0.7724291682243347,1.336843566671014,1,0.3378932968536252,0.68,Dutch,3,Dirk Bakker,Dutch,3
GRU,732,0.9563443064689636,1.2904764495044947,1,0.33879781420765026,0.7,Korean,11,장서준,Korean,11
GRU,733,1.0494463443756104,1.30828429736197,1,0.339699863574352,0.7,Portuguese,13,Carlos Sousa,Portuguese,13
GRU,734,1.8843711614608765,1.3445044318586588,0,0.33923705722070846,0.68,Chinese,1,刘娟,Japanese,10
GRU,735,2.930129289627075,1.4014751160889865,0,0.33877551020408164,0.66,Italian,9,Lorenzo Bianchi,Dutch,3
GRU,736,0.5544620752334595,1.395408190563321,1,0.33967391304347827,0.66,Dutch,3,Bram Visser,Dutch,3
GRU,737,1.1145763397216797,1.3562625683099032,1,0.3405698778833107,0.68,Spanish,16,Miguel González,Spanish,16
GRU,738,2.673745632171631,1.3739731324464082,0,0.34010840108401086,0.66,English,4,Thomas Taylor,Dutch,3
GRU,739,2.4712841510772705,1.3813810838013887,0,0.33964817320703655,0.66,Scottish,15,Stuart MacKenzie,Dutch,3
GRU,740,0.91827392578125,1.366347423866391,1,0.34054054054054056,0.66,Dutch,3,Lars van Dijk,Dutch,3
GRU,741,0.09974177926778793,1.3123023920506238,1,0.34143049932523617,0.68,Vietnamese,17,Hoàng Nam,Vietnamese,17
GRU,742,0.6617451310157776,1.3238798693567515,1,0.3423180592991914,0.68,Dutch,3,Sem Meijer,Dutch,3
GRU,743,2.2709386348724365,1.3436234883219003,0,0.34185733512786004,0.66,Irish,8,Oisín Gallagher,Dutch,3
GRU,744,0.018752431496977806,1.3093293951824307,1,0.34274193548387094,0.68,Greek,7,Ανδρέας Αθανασίου,Greek,7
GRU,745,0.4259217381477356,1.2834257470443844,1,0.3436241610738255,0.68,Vietnamese,17,Đặng Phong,Vietnamese,17
GRU,746,0.7799562811851501,1.2581223009899258,1,0.3445040214477212,0.7,Vietnamese,17,Nguyễn Hiếu,Vietnamese,17
GRU,747,1.804995059967041,1.2615095495060087,0,0.34404283801874164,0.68,Irish,8,Fionn Murphy,Dutch,3
GRU,748,4.092772006988525,1.3426610113307833,0,0.34358288770053474,0.66,French,5,Hugo Petit,Dutch,3
GRU,749,2.594363212585449,1.3931671860441566,0,0.3431241655540721,0.64,Italian,9,Fabio Bianchi,Dutch,3
GRU,750,0.9302066564559937,1.3648064687475563,1,0.344,0.66,Korean,11,김지훈,Korean,11
GRU,751,3.1338858604431152,1.3893244006857275,0,0.34354194407456723,0.66,French,5,Noël Bernard,Dutch,3
GRU,752,1.8322651386260986,1.392091386578977,0,0.34308510638297873,0.64,Polish,12,Stanisław Nowak,Portuguese,13
GRU,753,1.7100790739059448,1.425650683604181,1,0.34395750332005315,0.64,English,4,Charles St. John,English,4
GRU,754,0.076276496052742,1.3829278233274818,1,0.3448275862068966,0.66,Arabic,0,عمر الخطيب,Arabic,0
GRU,755,0.7776757478713989,1.3493992307409644,1,0.3456953642384106,0.68,Spanish,16,Pablo González,Spanish,16
GRU,756,1.465580940246582,1.350895304940641,1,0.34656084656084657,0.68,Polish,12,Marcin Kamiński,Polish,12
GRU,757,0.013312737457454205,1.3419421874172985,1,0.3474240422721268,0.68,Russian,14,Владимир Кузнецов,Russian,14
GRU,758,3.264029026031494,1.3882172595150768,0,0.3469656992084433,0.66,French,5,Mathieu Robert,Portuguese,13
GRU,759,1.5989974737167358,1.3957778988964855,1,0.34782608695652173,0.66,Italian,9,Davide Greco,Italian,9
GRU,760,0.29605743288993835,1.4009569452889263,1,0.34868421052631576,0.66,Japanese,10,加藤健一,Japanese,10
GRU,761,1.7857389450073242,1.4033160160668194,1,0.3495400788436268,0.68,Czech,2,Adam Novák,Czech,2
GRU,762,1.4968620538711548,1.405848376620561,0,0.34908136482939633,0.66,English,4,James Williams,Portuguese,13
GRU,763,1.7357556819915771,1.4377565042860807,1,0.34993446920052423,0.66,Chinese,1,吴杰,Chinese,1
GRU,764,2.24573016166687,1.4470612137205898,0,0.3494764397905759,0.64,Czech,2,Michal Dvořák,Polish,12
GRU,765,0.02753317542374134,1.4466086301766337,1,0.3503267973856209,0.64,Russian,14,Евгений Михайлов,Russian,14
GRU,766,1.6062650680541992,1.4519113573990763,0,0.34986945169712796,0.62,Portuguese,13,Carlos Rodrigues,English,4
GRU,767,0.013904843479394913,1.45147690622136,1,0.35071707953063885,0.62,Russian,14,Виктор Попов,Russian,14
GRU,768,2.9703807830810547,1.485437220018357,0,0.3502604166666667,0.6,Irish,8,Michael O'Brien,English,4
GRU,769,0.9196081161499023,1.472156449239701,1,0.3511053315994798,0.6,Spanish,16,Jorge Fernández,Spanish,16
GRU,770,0.9129141569137573,1.4676168688945472,1,0.35194805194805195,0.6,Korean,11,강서준,Korean,11
GRU,771,2.565516471862793,1.4483325633220374,0,0.35149156939040205,0.6,Dutch,3,Joris van den Berg,English,4
GRU,772,2.153310775756836,1.450063877981156,0,0.35103626943005184,0.6,Scottish,15,Ross Fraser,English,4
GRU,773,1.6823749542236328,1.4397161969356238,1,0.351875808538163,0.62,Italian,9,Luca Rossi,Italian,9
GRU,774,0.019495539367198944,1.3822016830556094,1,0.35271317829457366,0.64,Greek,7,Δημήτριος Αθανασίου,Greek,7
GRU,775,2.0193891525268555,1.3655558700673283,0,0.352258064516129,0.64,Chinese,1,王芳,Japanese,10
GRU,776,2.1650583744049072,1.386825334560126,0,0.35180412371134023,0.62,German,6,Felix Fischer,English,4
GRU,777,2.5529251098632812,1.4140361113660038,0,0.35135135135135137,0.6,German,6,Lukas Hoffmann,English,4
GRU,778,1.4698059558868408,1.44004321558401,1,0.35218508997429304,0.6,English,4,Mark St. John,English,4
GRU,779,2.4499402046203613,1.4846879474632442,0,0.35173299101412064,0.58,Irish,8,Aidan Walsh,English,4
GRU,780,0.5586760640144348,1.490476016830653,1,0.3525641025641026,0.58,Japanese,10,鈴木拓也,Japanese,10
GRU,781,0.039974506944417953,1.4758269236050545,1,0.353393085787452,0.58,Arabic,0,يوسف الحسيني,Arabic,0
GRU,782,1.2366912364959717,1.4814338622055947,1,0.35421994884910485,0.58,Portuguese,13,Carlos Ferreira,Portuguese,13
GRU,783,2.2969696521759033,1.5063843283616007,0,0.3537675606641124,0.56,English,4,Paul Jones,Portuguese,13
GRU,784,0.031503234058618546,1.4693269698135554,1,0.35459183673469385,0.58,Vietnamese,17,Đặng Anh,Vietnamese,17
GRU,785,0.018679775297641754,1.411097979526967,1,0.3554140127388535,0.6,Greek,7,Βασίλειος Κωνσταντίνου,Greek,7
GRU,786,0.09057518094778061,1.4018202416412533,1,0.356234096692112,0.6,Vietnamese,17,Võ Linh,Vietnamese,17
GRU,787,1.0926624536514282,1.4013819639198482,1,0.3570520965692503,0.6,Korean,11,김예은,Korean,11
GRU,788,1.257453203201294,1.3730561153404415,1,0.35786802030456855,0.62,Polish,12,Mateusz Woźniak,Polish,12
GRU,789,2.1718952655792236,1.3670683376304806,0,0.3574144486692015,0.62,Chinese,1,杨艳,Japanese,10
GRU,790,0.031058182939887047,1.3493240227736534,1,0.35822784810126584,0.62,Arabic,0,سليم الهاشمي,Arabic,0
GRU,791,1.770050287246704,1.3827301929332316,1,0.359039190897598,0.62,Czech,2,Jan Černý,Czech,2
GRU,792,1.5036430358886719,1.3995681510306894,1,0.35984848484848486,0.62,Portuguese,13,Miguel Martins,Portuguese,13
GRU,793,1.2408945560455322,1.3789672694541515,1,0.36065573770491804,0.64,Polish,12,Piotr Woźniak,Polish,12
GRU,794,1.1699765920639038,1.40199175266549,1,0.3614609571788413,0.64,Portuguese,13,André Pereira,Portuguese,13
GRU,795,2.2238969802856445,1.437951257508248,0,0.3610062893081761,0.62,Dutch,3,Hendrik Bakker,Irish,8
GRU,796,0.03402722626924515,1.42303267640993,1,0.36180904522613067,0.62,Arabic,0,عمر الغامدي,Arabic,0
GRU,797,3.1443490982055664,1.4498197571747005,0,0.3613550815558344,0.62,French,5,Jean-Luc Dubois,Portuguese,13
GRU,798,0.010526019148528576,1.3681748374179006,1,0.36215538847117795,0.64,Russian,14,Павел Михайлов,Russian,14
GRU,799,0.7893335223197937,1.3320742436125874,1,0.36295369211514394,0.66,Korean,11,이현우,Korean,11
GRU,800,1.2197109460830688,1.337864329405129,1,0.36375,0.66,Portuguese,13,Rui Santos,Portuguese,13
GRU,801,0.03248726204037666,1.2758363574370741,1,0.3645443196004994,0.68,Greek,7,Θεόδωρος Αθανασίου,Greek,7
GRU,802,0.7267719507217407,1.253726493678987,1,0.3653366583541147,0.7,Polish,12,Bartosz Lewandowski,Polish,12
GRU,803,2.2278542518615723,1.2640819972380997,0,0.36488169364881695,0.68,Czech,2,Petr Procházka,Portuguese,13
GRU,804,1.2250999212265015,1.2870584657415747,1,0.3656716417910448,0.68,Italian,9,Lorenzo Greco,Italian,9
GRU,805,0.6830999851226807,1.2851669504866003,1,0.36645962732919257,0.68,Japanese,10,高橋悠斗,Japanese,10
GRU,806,0.20831631124019623,1.2600216579064727,1,0.36724565756823824,0.68,Japanese,10,加藤さくら,Japanese,10
GRU,807,2.757084608078003,1.3148970953188837,0,0.3667905824039653,0.66,French,5,J.-P. Martin,English,4
GRU,808,0.886143147945404,1.2673393777571618,1,0.36757425742574257,0.68,Spanish,16,Carlos Gómez,Spanish,16
GRU,809,2.4454548358917236,1.2842685250006616,0,0.36711990111248455,0.66,Dutch,3,Sem Janssen,English,4
GRU,810,0.7352631688117981,1.293052639719099,1,0.36790123456790125,0.66,Spanish,16,Jorge González,Spanish,16
GRU,811,1.2440781593322754,1.2822194240055977,1,0.3686806411837238,0.66,Korean,11,정우진,Korean,11
GRU,812,1.7190138101577759,1.2866624591313303,1,0.3694581280788177,0.68,English,4,James Brown,English,4
GRU,813,2.2976531982421875,1.2979004094563424,0,0.36900369003690037,0.66,Dutch,3,Sophie Jansen,English,4
GRU,814,1.9958648681640625,1.2929031035862864,1,0.36977886977886976,0.68,Irish,8,Niall O'Brien,Irish,8
GRU,815,2.70949125289917,1.3465422651357948,0,0.3693251533742331,0.66,French,5,Mathieu Dubois,Portuguese,13
GRU,816,1.6213208436965942,1.3468433806486428,1,0.3700980392156863,0.68,English,4,Donald St. John,English,4
GRU,817,1.1519306898117065,1.369603897575289,1,0.3708690330477356,0.68,Czech,2,Lukáš Novotný,Czech,2
GRU,818,2.1129510402679443,1.3524553027190267,0,0.3704156479217604,0.68,Scottish,15,Aileen Murray,Irish,8
GRU,819,1.2386866807937622,1.358836874011904,0,0.36996336996337,0.66,Russian,14,Николай Михайлов,Arabic,0
GRU,820,0.3496263325214386,1.3475711175240577,1,0.37073170731707317,0.66,Japanese,10,小林太郎,Japanese,10
GRU,821,0.1608216017484665,1.299477220121771,1,0.37149817295980514,0.68,Japanese,10,鈴木健一,Japanese,10
GRU,822,0.031854793429374695,1.2570481004752219,1,0.3722627737226277,0.7,Russian,14,Роман Иванов,Russian,14
GRU,823,2.162590503692627,1.2666524114646018,0,0.3718104495747266,0.68,Scottish,15,Niall Murray,Irish,8
GRU,824,1.3283511400222778,1.2928295234777034,1,0.3725728155339806,0.68,Italian,9,Lorenzo Esposito,Italian,9
GRU,825,1.7722904682159424,1.287887549791485,0,0.37212121212121213,0.68,Chinese,1,陈勇,Japanese,10
GRU,826,2.5680274963378906,1.2959469322301447,0,0.37167070217917675,0.68,Spanish,16,Sergio García,Portuguese,13
GRU,827,1.1912257671356201,1.2687129453755914,1,0.3724304715840387,0.7,Italian,9,Vincenzo Romano,Italian,9
GRU,828,0.00865730457007885,1.2394899723492563,1,0.37318840579710144,0.7,Russian,14,Евгений Иванов,Russian,14
GRU,829,1.8195993900299072,1.2268831560574471,0,0.37273823884197826,0.7,Chinese,1,陈涛,Japanese,10
GRU,830,1.642876148223877,1.248567157741636,0,0.372289156626506,0.68,Italian,9,Giuseppe Rossi,Polish,12
GRU,831,1.2438673973083496,1.2726450155489146,1,0.3730445246690734,0.68,Czech,2,Štěpán Veselý,Czech,2
GRU,832,0.46125921607017517,1.2571363751403988,1,0.3737980769230769,0.68,Spanish,16,Sergio López,Spanish,16
GRU,833,0.013046029023826122,1.211457902677357,1,0.3745498199279712,0.7,Russian,14,Дмитрий Соколов,Russian,14
GRU,834,0.050436120480298996,1.2118365604057908,1,0.3752997601918465,0.7,Vietnamese,17,Đặng Khang,Vietnamese,17
GRU,835,1.5938595533370972,1.24334015596658,1,0.37604790419161677,0.7,Chinese,1,杨明,Chinese,1
GRU,836,2.439181327819824,1.290312278904021,0,0.37559808612440193,0.68,German,6,Klaus Weber,Dutch,3
GRU,837,2.2912425994873047,1.3142838818207383,0,0.3751493428912784,0.66,Scottish,15,Hamish Fraser,Irish,8
GRU,838,2.5809125900268555,1.3407530695572496,0,0.3747016706443914,0.64,English,4,Mark Smith,Dutch,3
GRU,839,0.008226794190704823,1.297479700129479,1,0.37544696066746125,0.66,Russian,14,Виктор Петров,Russian,14
GRU,840,0.1027011051774025,1.2989125585742294,1,0.3761904761904762,0.66,Japanese,10,加藤一郎,Japanese,10
GRU,841,1.8612202405929565,1.3007359576411546,0,0.375743162901308,0.64,Czech,2,Michal Kučera,Portuguese,13
GRU,842,2.4203200340270996,1.319069497603923,0,0.3752969121140142,0.62,French,5,Jules Martin,English,4
GRU,843,0.01658685691654682,1.2945833436213434,1,0.3760379596678529,0.62,Greek,7,Δημήτριος Σταυρίδης,Greek,7
GRU,844,0.009740916080772877,1.2713786301016807,1,0.3767772511848341,0.62,Russian,14,Максим Попов,Russian,14
GRU,845,0.36349594593048096,1.2341706094145775,1,0.37751479289940826,0.64,Spanish,16,Manuel Sánchez,Spanish,16
GRU,846,2.5210719108581543,1.2839115031063557,0,0.37706855791962174,0.62,French,5,Marcel Robert,Spanish,16
GRU,847,0.7886578440666199,1.2367976780235768,1,0.3778040141676505,0.64,Korean,11,최예준,Korean,11
GRU,848,0.9813811182975769,1.2562147800065577,1,0.3785377358490566,0.64,Polish,12,Tomasz Kamiński,Polish,12
GRU,849,0.12098511308431625,1.2428478118218482,1,0.3792697290930506,0.64,Japanese,10,小林京子,Japanese,10
GRU,850,1.5131961107254028,1.2487175151146948,1,0.38,0.64,Chinese,1,吴芳,Chinese,1
GRU,851,0.1310752034187317,1.250689273942262,1,0.3807285546415981,0.64,Japanese,10,佐藤悠斗,Japanese,10
GRU,852,0.28004807233810425,1.2417547963745892,1,0.3814553990610329,0.64,Japanese,10,鈴木健,Japanese,10
GRU,853,0.046730559319257736,1.198132322523743,1,0.3821805392731536,0.66,Vietnamese,17,Võ Minh,Vietnamese,17
GRU,854,0.9390227198600769,1.1924107784964144,1,0.382903981264637,0.66,Polish,12,Grzegorz Wójcik,Polish,12
GRU,855,1.6827141046524048,1.2124030608870089,0,0.3824561403508772,0.64,Irish,8,Declan Kennedy,Scottish,15
GRU,856,2.58184814453125,1.25987369755283,0,0.3820093457943925,0.62,English,4,David Jones,Portuguese,13
GRU,857,1.2682327032089233,1.2300966594554483,1,0.38273045507584597,0.64,Czech,2,Michal Veselý,Czech,2
GRU,858,2.0007874965667725,1.2523895464278758,0,0.3822843822843823,0.62,English,4,Charles Jones,Portuguese,13
GRU,859,1.0297659635543823,1.224075768981129,1,0.3830034924330617,0.64,Italian,9,Francesco Marino,Italian,9
GRU,860,0.6857073307037354,1.2230846522189678,1,0.38372093023255816,0.64,Polish,12,Adam Kowalski,Polish,12
GRU,861,2.267023801803589,1.243543565068394,0,0.3832752613240418,0.62,Czech,2,Václav Dvořák,Russian,14
GRU,862,0.2778312563896179,1.2147199139930307,1,0.3839907192575406,0.62,Vietnamese,17,Hoàng Phong,Vietnamese,17
GRU,863,0.0886930450797081,1.1705407109297812,1,0.3847045191193511,0.64,Japanese,10,鈴木大輔,Japanese,10
GRU,864,0.38500919938087463,1.1383235975541175,1,0.3854166666666667,0.64,Spanish,16,Daniel Fernández,Spanish,16
GRU,865,1.9229668378829956,1.122593109253794,0,0.38497109826589593,0.64,Portuguese,13,Francisco Rodrigues,English,4
GRU,866,0.949612557888031,1.1091589435376228,1,0.3856812933025404,0.64,Korean,11,김성민,Korean,11
GRU,867,0.6521263718605042,1.0991628571785987,1,0.3863898500576701,0.64,Korean,11,최민지,Korean,11
GRU,868,2.4061174392700195,1.10502618515864,0,0.3859447004608295,0.64,French,5,Mathieu Thomas,English,4
GRU,869,0.053882014006376266,1.0813300918228925,1,0.3866513233601841,0.66,Japanese,10,加藤悠斗,Japanese,10
GRU,870,2.284853458404541,1.1200346343405545,0,0.38620689655172413,0.64,Scottish,15,Iain MacKenzie,English,4
GRU,871,0.03184821084141731,1.1174551665224135,1,0.3869115958668197,0.64,Greek,7,Ευάγγελος Παπαδάκης,Greek,7
GRU,872,1.5171550512313843,1.1471611716784538,1,0.3876146788990826,0.64,English,4,J.R. Smith,English,4
GRU,873,0.7316856384277344,1.118543074373156,1,0.38831615120274915,0.66,Italian,9,Domenico Russo,Italian,9
GRU,874,0.6955670714378357,1.105887393001467,1,0.3890160183066362,0.66,Spanish,16,Rafael Díaz,Spanish,16
GRU,875,0.01529781986027956,1.0707475400343538,1,0.38971428571428574,0.68,Vietnamese,17,Đặng Khang,Vietnamese,17
GRU,876,2.3646061420440674,1.0666791129484772,0,0.3892694063926941,0.68,Spanish,16,Jorge García,Portuguese,13
GRU,877,0.050823237746953964,1.043871062360704,1,0.3899657924743444,0.68,Japanese,10,加藤悠斗,Japanese,10
GRU,878,1.1780422925949097,1.0672587621212006,1,0.3906605922551253,0.68,English,4,Matthew Wilson,English,4
GRU,879,0.4319479465484619,1.0395057332515716,1,0.391353811149033,0.7,Polish,12,Szymon Kowalski,Polish,12
GRU,880,2.302907705307007,1.0527063643932342,0,0.39090909090909093,0.7,French,5,François Thomas,English,4
GRU,881,2.1652097702026367,1.07113321185112,0,0.3904653802497162,0.68,French,5,Émile L'Hôpital,Scottish,15
GRU,882,0.548637866973877,1.0728807848691941,1,0.391156462585034,0.68,Russian,14,Игорь Иванов,Russian,14
GRU,883,1.635026216506958,1.1053203886188567,0,0.39071347678369195,0.66,Portuguese,13,Tiago Oliveira,Czech,2
GRU,884,0.012370878830552101,1.1045590837858617,1,0.3914027149321267,0.66,Greek,7,Αθανάσιος Αθανασίου,Greek,7
GRU,885,0.7920370101928711,1.0885226329229771,1,0.392090395480226,0.66,Italian,9,Marco Greco,Italian,9
GRU,886,0.025219645351171494,1.0402433992736042,1,0.3927765237020316,0.68,Russian,14,Юрий Сидоров,Russian,14
GRU,887,0.036753784865140915,0.9951536229811608,1,0.39346110484780156,0.7,Vietnamese,17,Phạm Bình,Vietnamese,17
GRU,888,0.8798606395721436,0.9611325839720667,1,0.39414414414414417,0.72,Italian,9,Alessandro Colombo,Italian,9
GRU,889,2.27237868309021,1.0064156217500568,0,0.3937007874015748,0.7,German,6,Friedrich Weber,English,4
GRU,890,0.013847824186086655,1.0046385561302305,1,0.3943820224719101,0.7,Russian,14,Сергей Попов,Russian,14
GRU,891,0.6805455088615417,0.9810250614956021,1,0.3950617283950617,0.72,Italian,9,Giuseppe Greco,Italian,9
GRU,892,0.364860862493515,0.9399158780649305,1,0.3957399103139013,0.74,Polish,12,Jakub Lewandowski,Polish,12
GRU,893,0.34080204367637634,0.9464001818001271,1,0.3964165733482643,0.74,Spanish,16,Francisco Martínez,Spanish,16
GRU,894,1.797912359237671,0.982163610663265,0,0.3959731543624161,0.72,French,5,Louis Thomas,English,4
GRU,895,1.2623765468597412,1.0001412226818502,1,0.39664804469273746,0.72,English,4,William Brown,English,4
GRU,896,1.6059767007827759,0.9818393184803427,1,0.39732142857142855,0.74,Chinese,1,吴静,Chinese,1
GRU,897,2.509477376937866,1.0162557091377675,0,0.39687848383500557,0.72,Scottish,15,Rory Stewart,English,4
GRU,898,0.0644974485039711,0.9979180357418954,1,0.3975501113585746,0.72,Vietnamese,17,Trần Hiếu,Vietnamese,17
GRU,899,0.2644900381565094,1.0007881342433393,1,0.3982202447163515,0.72,Spanish,16,Juan Fernández,Spanish,16
GRU,900,0.42376846075057983,0.9789995812438428,1,0.3988888888888889,0.72,Italian,9,Andrea Russo,Italian,9
GRU,901,2.905006170272827,1.0344782005809248,0,0.39844617092119866,0.7,French,5,Hugo Petit,Vietnamese,17
GRU,902,0.01041748933494091,1.0290855889208614,1,0.3991130820399113,0.7,Russian,14,Игорь Васильев,Russian,14
GRU,903,2.1549072265625,1.0712491222657263,0,0.39867109634551495,0.68,English,4,Daniel Miller,French,5
GRU,904,1.7514967918395996,1.0874986037053167,1,0.3993362831858407,0.68,Czech,2,Matěj Novotný,Czech,2
GRU,905,0.010540763847529888,1.0540551368892193,1,0.4,0.7,Russian,14,Евгений Кузнецов,Russian,14
GRU,906,0.32881367206573486,1.008994447439909,1,0.40066225165562913,0.72,Arabic,0,حسين الهاشمي,Arabic,0
GRU,907,1.3336313962936401,1.0103024213016034,1,0.4013230429988975,0.72,Chinese,1,杨芳,Chinese,1
GRU,908,0.2781052589416504,0.9758487765491008,1,0.40198237885462557,0.74,Spanish,16,Pablo López,Spanish,16
GRU,909,0.011263357475399971,0.9554787244275212,1,0.40264026402640263,0.74,Greek,7,Αικατερίνη Νικολάου,Greek,7
GRU,910,1.2815966606140137,0.9673965110257268,1,0.4032967032967033,0.74,Czech,2,Daniel Černý,Czech,2
GRU,911,0.01036805659532547,0.9222633961215615,1,0.4039517014270033,0.76,Greek,7,Χρήστος Παπαδόπουλος,Greek,7
GRU,912,0.050818365067243576,0.9177231382951141,1,0.40460526315789475,0.76,Japanese,10,鈴木裕子,Japanese,10
GRU,913,0.26180002093315125,0.921185277812183,1,0.40525739320920046,0.76,Japanese,10,鈴木彩,Japanese,10
GRU,914,1.3040095567703247,0.9395652849599719,1,0.4059080962800875,0.76,English,4,Charles Smith,English,4
GRU,915,0.530572235584259,0.9117173929139972,1,0.4065573770491803,0.78,Italian,9,Alessandro Colombo,Italian,9
GRU,916,0.9837349057197571,0.9123998398706317,1,0.40720524017467247,0.78,English,4,Donald St. John,English,4
GRU,917,1.7295993566513062,0.9339492995664478,1,0.4078516902944384,0.78,Scottish,15,Ross Murray,Scottish,15
GRU,918,0.1171717569231987,0.8881703859195114,1,0.4084967320261438,0.8,Arabic,0,محمد الخطيب,Arabic,0
GRU,919,0.05295851081609726,0.8881519158557057,1,0.4091403699673558,0.8,Arabic,0,حسن العتيبي,Arabic,0
GRU,920,2.846013069152832,0.8993751080706716,0,0.40869565217391307,0.8,German,6,Sophie Schmidt,English,4
GRU,921,0.15388362109661102,0.9018158162757755,1,0.40933767643865365,0.8,Vietnamese,17,Đặng Hiếu,Vietnamese,17
GRU,922,0.24391815066337585,0.8763510782644153,1,0.40997830802603036,0.8,Spanish,16,Javier Martínez,Spanish,16
GRU,923,2.0400679111480713,0.902518723718822,0,0.409534127843987,0.78,Dutch,3,Anne Meijer,Czech,2
GRU,924,0.5524106025695801,0.8996555943414569,1,0.4101731601731602,0.78,Italian,9,Alessandro Esposito,Italian,9
GRU,925,0.5165881514549255,0.9096814009733498,1,0.41081081081081083,0.78,Italian,9,Luca Russo,Italian,9
GRU,926,1.0655014514923096,0.8836993071623147,1,0.4114470842332613,0.8,Chinese,1,刘芳,Chinese,1
GRU,927,1.8787331581115723,0.9202575055696071,0,0.4110032362459547,0.78,Portuguese,13,Manuel Jesus,English,4
GRU,928,0.013211920857429504,0.8969608981348575,1,0.41163793103448276,0.78,Russian,14,Павел Иванов,Russian,14
GRU,929,2.469071388244629,0.9377033669687808,0,0.41119483315392896,0.76,Dutch,3,Bram Janssen,English,4
GRU,930,0.07273347675800323,0.8930998823978007,1,0.4118279569892473,0.78,Vietnamese,17,Nguyễn Đức,Vietnamese,17
GRU,931,0.20558284223079681,0.8539073438383639,1,0.41245972073039744,0.8,Spanish,16,Francisco Pérez,Spanish,16
GRU,932,0.011922763660550117,0.8431730417720974,1,0.4130901287553648,0.8,Greek,7,Νικόλαος Σταυρίδης,Greek,7
GRU,933,1.1273220777511597,0.8330189589969814,1,0.4137191854233655,0.82,English,4,Donald Brown,English,4
GRU,934,1.5525057315826416,0.8638216560520232,1,0.4143468950749465,0.82,Portuguese,13,João Silva,Portuguese,13
GRU,935,0.5722895264625549,0.8594267063774168,1,0.41497326203208557,0.82,Korean,11,최지훈,Korean,11
GRU,936,1.3537143468856812,0.885996600408107,1,0.4155982905982906,0.82,Portuguese,13,Rui Ferreira,Portuguese,13
GRU,937,1.852701187133789,0.92231554845348,0,0.4151547491995731,0.8,Czech,2,Filip Kučera,Portuguese,13
GRU,938,0.7611405849456787,0.9199411473609507,1,0.4157782515991471,0.8,Korean,11,김하은,Korean,11
GRU,939,0.22264665365219116,0.8789465067721903,1,0.4164004259850905,0.82,Spanish,16,Álvaro Sánchez,Spanish,16
GRU,940,0.2320375293493271,0.8833103008754551,1,0.41702127659574467,0.82,Spanish,16,Jorge Sánchez,Spanish,16
GRU,941,0.04552857577800751,0.8706099622137845,1,0.41764080765143463,0.82,Vietnamese,17,Nguyễn Hải,Vietnamese,17
GRU,942,1.1116819381713867,0.8855463837273418,1,0.4182590233545648,0.82,Polish,12,Jan Lewandowski,Polish,12
GRU,943,1.2826226949691772,0.9043827967531979,1,0.4188759278897137,0.82,Chinese,1,吴娜,Chinese,1
GRU,944,1.2544856071472168,0.8935142617113888,1,0.4194915254237288,0.84,Polish,12,Kamil Kowalczyk,Polish,12
GRU,945,1.7449073791503906,0.9031648783572018,1,0.4201058201058201,0.84,Irish,8,Brendan Kennedy,Irish,8
GRU,946,0.020297322422266006,0.8714512907899916,1,0.42071881606765327,0.84,Arabic,0,طارق الغامدي,Arabic,0
GRU,947,1.107115626335144,0.8434040557779372,1,0.42133051742344246,0.86,Czech,2,Jiří Černý,Czech,2
GRU,948,0.011130033060908318,0.842336707469076,1,0.4219409282700422,0.86,Greek,7,Χρήστος Σταυρίδης,Greek,7
GRU,949,1.8438215255737305,0.8739233372174203,0,0.4214963119072708,0.84,Dutch,3,Sophie Meijer,English,4
GRU,950,0.18681323528289795,0.8691842327080667,1,0.42210526315789476,0.84,Japanese,10,鈴木誠,Japanese,10
GRU,951,1.1534618139266968,0.8341533455811441,1,0.4227129337539432,0.86,Chinese,1,陈勇,Chinese,1
GRU,952,0.04413353651762009,0.8348276665247977,1,0.42331932773109243,0.86,Vietnamese,17,Hoàng Hiếu,Vietnamese,17
GRU,953,2.228020191192627,0.8362899258174002,0,0.4228751311647429,0.86,French,5,J.-P. L'Hôpital,Scottish,15
GRU,954,0.013842768035829067,0.8015368453413249,1,0.42348008385744235,0.86,Russian,14,Сергей Михайлов,Russian,14
GRU,955,2.67301082611084,0.854786246586591,0,0.42303664921465967,0.84,Scottish,15,Angus Douglas,Portuguese,13
GRU,956,2.109527349472046,0.8904005201347173,0,0.4225941422594142,0.82,French,5,Mathieu Bernard,Scottish,15
GRU,957,1.3703017234802246,0.8911339266784489,1,0.4231974921630094,0.82,Czech,2,Tomáš Němec,Czech,2
GRU,958,0.014171441085636616,0.8858552503213286,1,0.42379958246346555,0.82,Russian,14,Евгений Иванов,Russian,14
GRU,959,1.6026524305343628,0.9176830317825079,1,0.424400417101147,0.82,Italian,9,Luca Ferrari,Italian,9
GRU,960,1.312869906425476,0.9183084966987372,1,0.425,0.82,Chinese,1,张艳,Chinese,1
GRU,961,1.1972380876541138,0.942045897319913,1,0.4255983350676379,0.82,Chinese,1,陈伟,Chinese,1
GRU,962,0.4363745450973511,0.9497570209205151,1,0.4261954261954262,0.82,Italian,9,Luca Colombo,Italian,9
GRU,963,0.19677908718585968,0.9484566022455693,1,0.42679127725856697,0.82,Polish,12,Szymon Lewandowski,Polish,12
GRU,964,1.8847614526748657,0.9600716401636601,1,0.42738589211618255,0.82,Scottish,15,Ewan Campbell,Scottish,15
GRU,965,0.9541416764259338,0.9685430289804935,1,0.42797927461139895,0.82,Chinese,1,周杰,Chinese,1
GRU,966,2.1599831581115723,0.9920679940283299,0,0.427536231884058,0.8,German,6,Johannes Fischer,English,4
GRU,967,0.416067510843277,0.9657973571121693,1,0.4281282316442606,0.8,Korean,11,임민지,Korean,11
GRU,968,1.2005894184112549,0.9874657103419304,1,0.4287190082644628,0.8,Chinese,1,吴磊,Chinese,1
GRU,969,0.1739731878042221,0.9898860038816929,1,0.4293085655314757,0.8,Japanese,10,田中美咲,Japanese,10
GRU,970,3.1113929748535156,0.9951936019957066,0,0.4288659793814433,0.8,Dutch,3,Lucas van Dijk,Polish,12
GRU,971,1.3650875091552734,1.01941767975688,1,0.4294541709577755,0.8,Portuguese,13,António Costa,Portuguese,13
GRU,972,0.010471755638718605,1.0147487518563867,1,0.43004115226337447,0.8,Russian,14,Сергей Кузнецов,Russian,14
GRU,973,0.5417439341545105,0.9847822723165155,1,0.4306269270298047,0.82,Japanese,10,高橋愛,Japanese,10
GRU,974,2.5135836601257324,1.0240057334676385,0,0.43018480492813144,0.8,Scottish,15,Stuart Douglas,Portuguese,13
GRU,975,2.1488375663757324,1.0566507217660546,0,0.4297435897435897,0.78,Scottish,15,Ross Stewart,English,4
GRU,976,0.19011594355106354,1.0391430116072298,1,0.430327868852459,0.78,Spanish,16,Javier Rodríguez,Spanish,16
GRU,977,1.2260057926177979,1.0260884642973542,1,0.43091095189355166,0.8,Czech,2,Jakub Němec,Czech,2
GRU,978,1.402605414390564,1.0538763341680168,1,0.43149284253578735,0.8,Portuguese,13,João Santos,Portuguese,13
GRU,979,1.4750313758850098,1.0339955339208244,1,0.432073544433095,0.82,Portuguese,13,André Martins,Portuguese,13
GRU,980,1.8635835647583008,1.0698125356808306,0,0.4316326530612245,0.8,French,5,J.-P. Durand,Scottish,15
GRU,981,1.3072233200073242,1.091845345236361,1,0.4322120285423038,0.8,Italian,9,Antonio Bianchi,Italian,9
GRU,982,1.6303563117980957,1.1242140161991119,1,0.43279022403258655,0.8,Dutch,3,Jan Jansen,Dutch,3
GRU,983,0.09206276386976242,1.103508829921484,1,0.4333672431332655,0.8,Japanese,10,小林美咲,Japanese,10
GRU,984,0.39524537324905396,1.0803636227548123,1,0.4339430894308943,0.8,Italian,9,Vincenzo Esposito,Italian,9
GRU,985,0.010931605473160744,1.0691364643350243,1,0.43451776649746193,0.8,Russian,14,Николай Соколов,Russian,14
GRU,986,1.1130800247192383,1.0643237778916954,1,0.43509127789046653,0.8,Portuguese,13,António Ferreira,Portuguese,13
GRU,987,0.009186027571558952,1.027453474700451,1,0.43566362715298884,0.82,Russian,14,Евгений Кузнецов,Russian,14
GRU,988,0.015910223126411438,1.0125488674640655,1,0.43623481781376516,0.82,Russian,14,Иван Иванов,Russian,14
GRU,989,0.6456574201583862,1.0210090827941896,1,0.4368048533872599,0.82,Korean,11,윤하은,Korean,11
GRU,990,0.8122860789299011,1.0326140537858008,1,0.43737373737373736,0.82,Portuguese,13,Francisco Pereira,Portuguese,13
GRU,991,1.122035026550293,1.0541441828012466,1,0.437941473259334,0.82,Chinese,1,王平,Chinese,1
GRU,992,1.254330039024353,1.056997144818306,1,0.43850806451612906,0.82,Polish,12,Adam Kowalczyk,Polish,12
GRU,993,1.364042043685913,1.0586255317926407,1,0.4390735146022155,0.82,Spanish,16,Juan Díaz,Spanish,16
GRU,994,1.8867257833480835,1.071270335316658,1,0.4396378269617706,0.82,French,5,Gabriel Martin,French,5
GRU,995,1.6482616662979126,1.0693374210596085,1,0.4402010050251256,0.82,English,4,Mark Wilson,English,4
GRU,996,0.022691944614052773,1.0693853135034441,1,0.4407630522088353,0.82,Russian,14,Дмитрий Иванов,Russian,14
GRU,997,2.205263614654541,1.091348273269832,0,0.440320962888666,0.8,English,4,Paul Smith,Portuguese,13
GRU,998,0.023326857015490532,1.0915922097489237,1,0.4408817635270541,0.8,Greek,7,Σοφία Σταυρίδης,Greek,7
GRU,999,0.47313445806503296,1.0641784683987499,1,0.44144144144144143,0.82,Korean,11,정예준,Korean,11
GRU,1000,0.35949406027793884,1.0676320848986507,1,0.442,0.82,Polish,12,Paweł Zieliński,Polish,12
GRU,1001,0.9224307537078857,1.0630114636942745,1,0.44255744255744256,0.82,Chinese,1,赵涛,Chinese,1
GRU,1002,1.5251094102859497,1.092630981169641,1,0.4431137724550898,0.82,English,4,Anthony Taylor,English,4
GRU,1003,0.008571500889956951,1.0482420073635876,1,0.4436689930209372,0.84,Russian,14,Николай Кузнецов,Russian,14
GRU,1004,0.49136096239089966,1.057792371250689,1,0.4442231075697211,0.84,Korean,11,강지호,Korean,11
GRU,1005,1.202370524406433,1.0283795652166008,1,0.44477611940298506,0.86,Czech,2,Jakub Veselý,Czech,2
GRU,1006,1.7541627883911133,1.0212722739949822,0,0.44433399602385687,0.86,English,4,Mark Davis,Portuguese,13
GRU,1007,0.3876022696495056,1.001618284918368,1,0.4448857994041708,0.86,Korean,11,강지훈,Korean,11
GRU,1008,0.3696334958076477,1.0087275260128081,1,0.44543650793650796,0.86,Japanese,10,小林翔,Japanese,10
GRU,1009,4.002058982849121,1.0567156570591032,0,0.4449950445986125,0.84,Irish,8,Conor Walsh,English,4
GRU,1010,2.351442813873291,1.0774871152080596,0,0.44455445544554456,0.82,Dutch,3,Kees de Jong,English,4
GRU,1011,1.899978518486023,1.0915419238246977,0,0.44411473788328387,0.8,French,5,Gabriel Durand,English,4
GRU,1012,0.22963622212409973,1.0874071573652326,1,0.44466403162055335,0.8,Spanish,16,Álvaro López,Spanish,16
GRU,1013,0.8385424613952637,1.1002424248494207,1,0.4452122408687068,0.8,Vietnamese,17,Trần Khôi,Vietnamese,17
GRU,1014,2.1336405277252197,1.1052200063504278,0,0.4447731755424063,0.78,Irish,8,Saoirse Kennedy,Scottish,15
GRU,1015,1.953499674797058,1.1252071663178504,0,0.44433497536945815,0.76,Irish,8,Seán Kennedy,Scottish,15
GRU,1016,0.006851986516267061,1.0821445428859442,1,0.4448818897637795,0.78,Russian,14,Николай Сидоров,Russian,14
GRU,1017,0.4810345470905304,1.0834438836108893,1,0.44542772861356933,0.78,Italian,9,Stefano Marino,Italian,9
GRU,1018,2.2670512199401855,1.1047731196414678,0,0.4449901768172888,0.76,Scottish,15,Malcolm MacKenzie,Dutch,3
GRU,1019,1.422434687614441,1.1297423496376724,1,0.44553483807654565,0.76,Dutch,3,Lucas Jansen,Dutch,3
GRU,1020,2.3267123699188232,1.1140487375389785,0,0.44509803921568625,0.76,Czech,2,Daniel Procházka,Polish,12
GRU,1021,1.7277984619140625,1.1213029565941541,1,0.44564152791381,0.76,French,5,Benoît L'Hôpital,French,5
GRU,1022,0.026302536949515343,1.1216195722203701,1,0.4461839530332681,0.76,Russian,14,Андрей Петров,Russian,14
GRU,1023,0.09260917454957962,1.1126368770282715,1,0.4467253176930596,0.76,Japanese,10,小林拓也,Japanese,10
GRU,1024,0.21051107347011566,1.0665754252951591,1,0.447265625,0.78,Korean,11,임지훈,Korean,11
GRU,1025,0.7854148745536804,1.0393069714587182,1,0.4478048780487805,0.8,Czech,2,Jan Veselý,Czech,2
GRU,1026,0.15957216918468475,1.0386960959713907,1,0.44834307992202727,0.8,Vietnamese,17,Phạm Nam,Vietnamese,17
GRU,1027,1.2702624797821045,1.0395812297146767,1,0.4488802336903603,0.8,Italian,9,Alessandro Ferrari,Italian,9
GRU,1028,1.8615082502365112,1.0487592864315958,0,0.448443579766537,0.78,French,5,Lucien Robert,Dutch,3
GRU,1029,0.22178545594215393,1.0236943680327386,1,0.4489795918367347,0.78,Spanish,16,Rafael González,Spanish,16
GRU,1030,2.0926971435546875,1.0282766396086662,0,0.44854368932038835,0.78,Dutch,3,Sander de Vries,Portuguese,13
GRU,1031,1.2935137748718262,1.0280024487059563,1,0.44907856450048494,0.78,English,4,James Brown,English,4
GRU,1032,2.165017604827881,1.038695674566552,0,0.4486434108527132,0.76,Scottish,15,Fraser MacDonald,French,5
GRU,1033,0.12260936200618744,1.0393066065292806,1,0.4491771539206196,0.76,Korean,11,윤지훈,Korean,11
GRU,1034,0.11959443241357803,1.033793587712571,1,0.4497098646034816,0.76,Korean,11,강민지,Korean,11
GRU,1035,0.030122602358460426,1.034177407650277,1,0.4502415458937198,0.76,Vietnamese,17,Trần Minh,Vietnamese,17
GRU,1036,0.6742846369743347,1.0254014998953789,1,0.45077220077220076,0.76,Czech,2,Matěj Novák,Czech,2
GRU,1037,0.48821821808815,1.0349821437057107,1,0.4513018322082932,0.76,Italian,9,Andrea Romano,Italian,9
GRU,1038,2.488819122314453,1.0844403216894716,0,0.4508670520231214,0.74,Scottish,15,Ross Fraser,Dutch,3
GRU,1039,1.5938193798065186,1.1034035608824342,0,0.4504331087584216,0.72,Portuguese,13,Bruno Sousa,Czech,2
GRU,1040,1.6824718713760376,1.120807276731357,0,0.45,0.7,Portuguese,13,Rui Martins,English,4
GRU,1041,1.938303828239441,1.13713265276514,0,0.4495677233429395,0.68,Czech,2,David Svoboda,Portuguese,13
GRU,1042,0.19235707819461823,1.1158931935485452,1,0.45009596928982726,0.68,Japanese,10,小林健,Japanese,10
GRU,1043,1.5439916849136353,1.1194921863730998,1,0.4506232023010546,0.68,Czech,2,Daniel Procházka,Czech,2
GRU,1044,0.005869652144610882,1.0818750637490302,1,0.4511494252873563,0.68,Russian,14,Николай Михайлов,Russian,14
GRU,1045,0.23037216067314148,1.0535172736365348,1,0.45167464114832534,0.68,Spanish,16,Javier López,Spanish,16
GRU,1046,1.3333247900009155,1.079729930544272,1,0.4521988527724665,0.68,English,4,J.R. St. John,English,4
GRU,1047,0.027629543095827103,1.0361772491130978,1,0.45272206303724927,0.7,Vietnamese,17,Võ Dũng,Vietnamese,17
GRU,1048,1.4660592079162598,1.0650318961311132,1,0.4532442748091603,0.7,French,5,Noël L'Hôpital,French,5
GRU,1049,2.360286235809326,1.102774931685999,0,0.45281220209723544,0.68,English,4,Christopher Miller,Dutch,3
GRU,1050,2.640691041946411,1.1483988713193685,0,0.4523809523809524,0.66,Spanish,16,Miguel García,Portuguese,13
GRU,1051,1.577746868133545,1.1615051936078817,1,0.45290199809705045,0.66,Dutch,3,Joris Janssen,Dutch,3
GRU,1052,1.2944515943527222,1.156892037289217,1,0.4534220532319392,0.66,English,4,Paul Brown,English,4
GRU,1053,1.813124179840088,1.1929830908682197,0,0.452991452991453,0.64,French,5,Augustin Thomas,Portuguese,13
GRU,1054,0.043290600180625916,1.1840216836240143,1,0.45351043643263755,0.64,Japanese,10,加藤花子,Japanese,10
GRU,1055,0.014758927747607231,1.1602694516908378,1,0.45402843601895737,0.64,Greek,7,Βασίλειος Νικολάου,Greek,7
GRU,1056,0.1541331708431244,1.128268859339878,1,0.45454545454545453,0.66,Spanish,16,Luis Rodríguez,Spanish,16
GRU,1057,0.6758712530136108,1.13403423900716,1,0.45506149479659413,0.66,Czech,2,Martin Dvořák,Czech,2
GRU,1058,4.097981929779053,1.2086012076865882,0,0.4546313799621928,0.64,German,6,Klaus Schulz,Spanish,16
GRU,1059,1.556861400604248,1.1596972560416907,0,0.4542020774315392,0.64,Vietnamese,17,Phạm Khôi,Czech,2
GRU,1060,1.1245617866516113,1.135159635497257,1,0.4547169811320755,0.66,English,4,James Taylor,English,4
GRU,1061,1.236560344696045,1.1218912720214576,1,0.45523091423185674,0.68,Italian,9,Stefano Ricci,Italian,9
GRU,1062,0.03354225680232048,1.117969392715022,1,0.455743879472693,0.68,Vietnamese,17,Trần Dũng,Vietnamese,17
GRU,1063,0.21808268129825592,1.1055601971130817,1,0.45625587958607716,0.68,Spanish,16,David Gómez,Spanish,16
GRU,1064,1.7698404788970947,1.0982841961365193,0,0.4558270676691729,0.68,French,5,Louis Dubois,English,4
GRU,1065,1.1521233320236206,1.0822566692810505,1,0.4563380281690141,0.7,English,4,Michael Williams,English,4
GRU,1066,0.29277995228767395,1.0879752285964788,1,0.45684803001876173,0.7,Japanese,10,中村健,Japanese,10
GRU,1067,1.1211577653884888,1.1007776929624378,1,0.45735707591377694,0.7,Chinese,1,王磊,Chinese,1
GRU,1068,0.5009268522262573,1.0654552056081592,1,0.45786516853932585,0.72,Czech,2,Marek Novák,Czech,2
GRU,1069,2.6879026889801025,1.0907645656354725,0,0.45743685687558466,0.7,Irish,8,Oisín O'Connor,English,4
GRU,1070,3.1710362434387207,1.1076510431058706,0,0.4570093457943925,0.7,German,6,Lukas Hoffmann,English,4
GRU,1071,1.714675784111023,1.1073885895498097,0,0.4565826330532213,0.68,Portuguese,13,Mário Martins,English,4
GRU,1072,0.037029754370450974,1.1076031338982284,1,0.457089552238806,0.68,Arabic,0,يوسف الحسيني,Arabic,0
GRU,1073,0.04852566495537758,1.1067214637063443,1,0.4575955265610438,0.68,Vietnamese,17,Phạm Nam,Vietnamese,17
GRU,1074,0.3817736506462097,1.1101467152498663,1,0.4581005586592179,0.68,Italian,9,Carlo Colombo,Italian,9
GRU,1075,0.020457811653614044,1.0948475739918648,1,0.4586046511627907,0.68,Greek,7,Ευάγγελος Αλεξίου,Greek,7
GRU,1076,1.400314211845398,1.1196624148450791,1,0.4591078066914498,0.68,Polish,12,Marek Wójcik,Polish,12
GRU,1077,0.014569442719221115,1.0945485541038216,1,0.4596100278551532,0.68,Russian,14,Сергей Иванов,Russian,14
GRU,1078,0.8596080541610718,1.0745105501823127,1,0.4601113172541744,0.7,Chinese,1,张伟,Chinese,1
GRU,1079,0.011388885788619518,1.070302618779242,1,0.4606116774791474,0.7,Russian,14,Виктор Попов,Russian,14
GRU,1080,1.5252580642700195,1.0589538371935487,1,0.46111111111111114,0.72,Scottish,15,Aileen Murray,Scottish,15
GRU,1081,2.774232864379883,1.0885682189837098,0,0.4606845513413506,0.7,German,6,Thomas Weber,Czech,2
GRU,1082,1.6185797452926636,1.0776394617930054,1,0.4611829944547135,0.72,English,4,James Jones,English,4
GRU,1083,0.15020036697387695,1.0781912818923594,1,0.4616805170821791,0.72,Japanese,10,加藤愛,Japanese,10
GRU,1084,0.20901480317115784,1.0799796893075109,1,0.4621771217712177,0.72,Korean,11,강현우,Korean,11
GRU,1085,0.7802455425262451,1.0949821481108666,1,0.4626728110599078,0.72,English,4,Donald St. John,English,4
GRU,1086,0.4088360667228699,1.0896731767058372,1,0.4631675874769797,0.72,Korean,11,조도윤,Korean,11
GRU,1087,0.03679630160331726,1.0806447383761406,1,0.46366145354185834,0.72,Vietnamese,17,Trần Hoàng,Vietnamese,17
GRU,1088,0.033685650676488876,1.0315420689433814,1,0.4641544117647059,0.74,Japanese,10,田中花子,Japanese,10
GRU,1089,0.012138779275119305,0.9999084569327533,1,0.46464646464646464,0.76,Russian,14,Игорь Петров,Russian,14
GRU,1090,2.338655948638916,1.013032138478011,0,0.46422018348623856,0.76,Irish,8,Michael Doyle,English,4
GRU,1091,0.010586530901491642,0.9744777925312519,1,0.46471127406049495,0.78,Greek,7,Μαρία Παπαδάκης,Greek,7
GRU,1092,1.9711201190948486,1.0100530533492564,0,0.4642857142857143,0.76,Dutch,3,Joris de Jong,English,4
GRU,1093,1.1284772157669067,1.001742763966322,1,0.464775846294602,0.76,Italian,9,Vincenzo Bianchi,Italian,9
GRU,1094,1.0686618089675903,1.0229986071027815,1,0.46526508226691043,0.76,Portuguese,13,Manuel Pereira,Portuguese,13
GRU,1095,1.9597601890563965,1.0575863676704467,0,0.4648401826484018,0.74,French,5,Charles Robert,English,4
GRU,1096,0.27754002809524536,1.0364706724323332,1,0.4653284671532847,0.74,Japanese,10,高橋蓮,Japanese,10
GRU,1097,1.670135736465454,1.0693207962997258,1,0.4658158614402917,0.74,French,5,Gabriel Durand,French,5
GRU,1098,0.16568753123283386,1.0433133627660574,1,0.4663023679417122,0.74,Spanish,16,Álvaro Martínez,Spanish,16
GRU,1099,1.710750699043274,1.0303226520307363,1,0.46678798908098273,0.76,Scottish,15,Aileen Campbell,Scottish,15
GRU,1100,1.7464816570281982,1.012438464332372,0,0.46636363636363637,0.76,Scottish,15,Fergus MacDonald,English,4
GRU,1101,1.145247220993042,1.003788471389562,1,0.46684831970935514,0.76,Czech,2,Jan Procházka,Czech,2
GRU,1102,0.1640491634607315,0.9811804227717221,1,0.4673321234119782,0.76,Spanish,16,Rafael Martínez,Spanish,16
GRU,1103,0.008082421496510506,0.9450795876048506,1,0.46781504986400724,0.78,Greek,7,Ευάγγελος Γεωργίου,Greek,7
GRU,1104,0.11834914982318878,0.9465807585977017,1,0.4682971014492754,0.78,Korean,11,김예준,Korean,11
GRU,1105,0.5275632739067078,0.9568368455208838,1,0.4687782805429864,0.78,Chinese,1,刘杰,Chinese,1
GRU,1106,1.87850022315979,0.9913241865672171,0,0.46835443037974683,0.76,Scottish,15,Murdo Graham,French,5
GRU,1107,1.4307153224945068,1.006421067956835,1,0.46883468834688347,0.76,Scottish,15,Niall Campbell,Scottish,15
GRU,1108,0.14859724044799805,0.927433374170214,1,0.4693140794223827,0.78,Vietnamese,17,Nguyễn Cường,Vietnamese,17
GRU,1109,1.5907599925994873,0.9281113460101187,1,0.4697926059513075,0.8,Dutch,3,Thomas Bakker,Dutch,3
GRU,1110,0.926703691482544,0.9241541841067373,1,0.4702702702702703,0.8,English,4,Joseph Brown,English,4
GRU,1111,0.07691217958927155,0.900961220804602,1,0.47074707470747074,0.8,Korean,11,임지민,Korean,11
GRU,1112,1.141525149345398,0.9231208786554634,1,0.4712230215827338,0.8,Polish,12,Adam Kowalczyk,Polish,12
GRU,1113,0.8332486152648926,0.9354241973347962,1,0.4716981132075472,0.8,Chinese,1,杨娜,Chinese,1
GRU,1114,1.0710238218307495,0.9214478641934692,1,0.47217235188509876,0.82,Chinese,1,赵丽,Chinese,1
GRU,1115,0.017908543348312378,0.8987635684199631,1,0.4726457399103139,0.82,Vietnamese,17,Lê Khang,Vietnamese,17
GRU,1116,0.07302041351795197,0.8943683776445687,1,0.4731182795698925,0.82,Korean,11,윤지훈,Korean,11
GRU,1117,0.7866524457931519,0.887678271252662,1,0.4735899731423456,0.82,Italian,9,Vincenzo Rossi,Italian,9
GRU,1118,0.4250849187374115,0.886161432582885,1,0.4740608228980322,0.82,Polish,12,Mateusz Lewandowski,Polish,12
GRU,1119,0.18083564937114716,0.8360200917907059,1,0.4745308310991957,0.84,Russian,14,Олег Новиков,Russian,14
GRU,1120,0.012539473362267017,0.7728501563891769,1,0.475,0.86,Vietnamese,17,Phạm Linh,Vietnamese,17
GRU,1121,1.7031900882720947,0.7726204424723983,0,0.4745762711864407,0.86,Dutch,3,Joris Jansen,English,4
GRU,1122,0.8621634244918823,0.7891231158748269,1,0.4750445632798574,0.86,Dutch,3,Jan Bakker,Dutch,3
GRU,1123,0.31839337944984436,0.7945204701647163,1,0.4755120213713268,0.86,Korean,11,정동현,Korean,11
GRU,1124,0.008679167367517948,0.7870585804991425,1,0.47597864768683273,0.86,Vietnamese,17,Hoàng Minh,Vietnamese,17
GRU,1125,1.1055147647857666,0.8087597195617855,1,0.47644444444444445,0.86,English,4,Christopher Williams,English,4
GRU,1126,0.13689129054546356,0.7834912611357868,1,0.4769094138543517,0.86,Spanish,16,Carlos Martínez,Spanish,16
GRU,1127,2.0921807289123535,0.8250434868596495,0,0.4764862466725821,0.84,Spanish,16,José García,Portuguese,13
GRU,1128,0.9183960556983948,0.8262192468903958,1,0.4769503546099291,0.84,Chinese,1,王洋,Chinese,1
GRU,1129,0.7608038783073425,0.8412075467407704,1,0.47741364038972545,0.84,English,4,Robert St. John,English,4
GRU,1130,0.13888363540172577,0.8134800581634045,1,0.4778761061946903,0.84,Japanese,10,山本花子,Japanese,10
GRU,1131,0.1161469966173172,0.7603183408081532,1,0.47833775419982316,0.86,Spanish,16,Pedro Martínez,Spanish,16
GRU,1132,0.552749514579773,0.7390017361938953,1,0.4787985865724382,0.86,English,4,Mark Wilson,English,4
GRU,1133,0.11228378862142563,0.7382434046268463,1,0.47925860547219773,0.86,Spanish,16,Pablo Fernández,Spanish,16
GRU,1134,0.030911404639482498,0.7346813366562128,1,0.47971781305114636,0.86,Japanese,10,中村悠斗,Japanese,10
GRU,1135,0.01769014075398445,0.7194302286207676,1,0.4801762114537445,0.86,Japanese,10,高橋花子,Japanese,10
GRU,1136,0.18919122219085693,0.7150373317301273,1,0.48063380281690143,0.86,Polish,12,Stanisław Zieliński,Polish,12
GRU,1137,1.1983250379562378,0.7382679064571858,1,0.4810905892700088,0.86,Italian,9,Luca Ricci,Italian,9
GRU,1138,0.10009582340717316,0.7395961099117995,1,0.48154657293497366,0.86,Japanese,10,山本美咲,Japanese,10
GRU,1139,0.10633908957242966,0.7414801161177457,1,0.4820017559262511,0.86,Spanish,16,Pedro Sánchez,Spanish,16
GRU,1140,2.4435484409332275,0.7435779659636319,0,0.48157894736842105,0.86,Scottish,15,Angus Robertson,English,4
GRU,1141,0.3085995614528656,0.7495382265746593,1,0.4820333041191937,0.86,Italian,9,Andrea Colombo,Italian,9
GRU,1142,0.03068125806748867,0.7107294493541122,1,0.48248686514886163,0.88,Arabic,0,ماجد الغامدي,Arabic,0
GRU,1143,0.018317116424441338,0.6885262473672629,1,0.48293963254593175,0.88,Japanese,10,小林大輔,Japanese,10
GRU,1144,0.8604810833930969,0.6843626328557729,1,0.4833916083916084,0.88,Dutch,3,Kees Bakker,Dutch,3
GRU,1145,0.3304462134838104,0.6517763533443213,1,0.48384279475982533,0.9,Italian,9,Domenico Greco,Italian,9
GRU,1146,0.045900288969278336,0.647143558561802,1,0.48429319371727747,0.9,Arabic,0,كريم المالكي,Arabic,0
GRU,1147,0.9394516348838806,0.6325298765301705,1,0.4847428073234525,0.9,Scottish,15,Gordon Campbell,Scottish,15
GRU,1148,0.00700494134798646,0.6293562247324735,1,0.48519163763066203,0.9,Greek,7,Κωνσταντίνος Σταυρίδης,Greek,7
GRU,1149,0.6029455065727234,0.6072001208830625,1,0.4856396866840731,0.9,Chinese,1,赵洋,Chinese,1
GRU,1150,1.2219171524047852,0.5967088307905942,1,0.4860869565217391,0.92,Scottish,15,Duncan MacKenzie,Scottish,15
GRU,1151,0.0732337087392807,0.575268560545519,1,0.48653344917463076,0.92,Spanish,16,Antonio Gómez,Spanish,16
GRU,1152,0.10698252171278,0.57412722771056,1,0.4869791666666667,0.92,Polish,12,Stanisław Kowalski,Polish,12
GRU,1153,0.006713691167533398,0.5740998531039804,1,0.48742411101474414,0.92,Greek,7,Βασίλειος Παπαδόπουλος,Greek,7
GRU,1154,2.0506536960601807,0.6127459440287203,0,0.48700173310225303,0.9,Dutch,3,Daan de Vries,Portuguese,13
GRU,1155,0.022358017042279243,0.6026418388914316,1,0.48744588744588746,0.9,Arabic,0,كريم الهاشمي,Arabic,0
GRU,1156,0.4375353157520294,0.5738225407432764,1,0.48788927335640137,0.92,Japanese,10,渡辺愛,Japanese,10
GRU,1157,2.3290750980377197,0.5917897362541408,0,0.4874675885911841,0.9,English,4,David Miller,Dutch,3
GRU,1158,2.710679292678833,0.6430313772987575,0,0.48704663212435234,0.88,German,6,Dieter Meyer,Scottish,15
GRU,1159,0.14498166739940643,0.6141158107947559,1,0.48748921484037966,0.88,Spanish,16,Sergio Díaz,Spanish,16
GRU,1160,1.6910209655761719,0.6294021562766283,0,0.4870689655172414,0.86,Scottish,15,Hamish Robertson,English,4
GRU,1161,0.5934121608734131,0.6397321559023113,1,0.48751076658053405,0.86,Chinese,1,周伟,Chinese,1
GRU,1162,0.8622877597808838,0.6341474081110209,1,0.4879518072289157,0.86,English,4,Matthew Davis,English,4
GRU,1163,2.424729347229004,0.6659770227503031,0,0.48753224419604474,0.84,German,6,Wolfgang Becker,Dutch,3
GRU,1164,0.004865473136305809,0.6446538557764143,1,0.4879725085910653,0.84,Japanese,10,小林美咲,Japanese,10
GRU,1165,1.3398016691207886,0.6710917182918638,1,0.488412017167382,0.84,Scottish,15,Ross Fraser,Scottish,15
GRU,1166,0.2577514052391052,0.6747863381262869,1,0.4888507718696398,0.84,Polish,12,Jan Kowalczyk,Polish,12
GRU,1167,2.2803547382354736,0.7046603839751333,0,0.4884318766066838,0.82,French,5,Pierre Richard,Scottish,15
GRU,1168,0.01923222839832306,0.6965433301683516,1,0.4888698630136986,0.82,Vietnamese,17,Hoàng Hoàng,Vietnamese,17
GRU,1169,0.024769462645053864,0.6934220064338297,1,0.4893071000855432,0.82,Vietnamese,17,Hoàng Khôi,Vietnamese,17
GRU,1170,2.9015212059020996,0.7512016410846263,0,0.4888888888888889,0.8,Irish,8,Brian Gallagher,Scottish,15
GRU,1171,0.7503616213798523,0.7321450717467815,1,0.4893253629376601,0.82,Scottish,15,Iain MacKenzie,Scottish,15
GRU,1172,0.009378543123602867,0.7150893741194159,1,0.48976109215017066,0.82,Greek,7,Θεόδωρος Δημητρίου,Greek,7
GRU,1173,0.04511126130819321,0.7096237317565829,1,0.49019607843137253,0.82,Vietnamese,17,Phạm Phong,Vietnamese,17
GRU,1174,0.01805197261273861,0.7098111878614872,1,0.4906303236797274,0.82,Greek,7,Μαρία Δημητρίου,Greek,7
GRU,1175,0.5518887639045715,0.6987386678438634,1,0.49106382978723406,0.82,Italian,9,Alessandro Greco,Italian,9
GRU,1176,3.7228145599365234,0.7704571332316845,0,0.4906462585034014,0.8,German,6,Lukas Schulz,Spanish,16
GRU,1177,0.7433032989501953,0.7434795846324413,1,0.49107901444350044,0.82,Scottish,15,Angus Stewart,Scottish,15
GRU,1178,0.6475279927253723,0.738062223372981,1,0.49151103565365023,0.82,Scottish,15,Iain Stewart,Scottish,15
GRU,1179,0.06864675879478455,0.7242190809827298,1,0.4919423240033927,0.82,Vietnamese,17,Đặng Đức,Vietnamese,17
GRU,1180,3.44730281829834,0.7903874646406621,0,0.4915254237288136,0.8,Irish,8,Darragh Walsh,Scottish,15
GRU,1181,1.1512876749038696,0.8110902782063931,1,0.49195596951735815,0.8,Dutch,3,Kees Visser,Dutch,3
GRU,1182,0.008688503876328468,0.8002090579923242,1,0.49238578680203043,0.8,Vietnamese,17,Hoàng Quân,Vietnamese,17
GRU,1183,0.2652699053287506,0.8032687803264708,1,0.49281487743026203,0.8,Polish,12,Jakub Kowalczyk,Polish,12
GRU,1184,1.2544922828674316,0.8277403978910297,0,0.49239864864864863,0.78,English,4,Donald Brown,Scottish,15
GRU,1185,0.5134408473968506,0.837655412023887,1,0.4928270042194093,0.78,Chinese,1,刘娟,Chinese,1
GRU,1186,0.8172581195831299,0.8502167499717325,1,0.49325463743676223,0.78,Czech,2,Jiří Černý,Czech,2
GRU,1187,0.00854727067053318,0.8264211946260184,1,0.493681550126369,0.78,Russian,14,Владимир Михайлов,Russian,14
GRU,1188,2.237787961959839,0.8691750373970717,0,0.49326599326599324,0.76,Irish,8,Brendan Kennedy,Vietnamese,17
GRU,1189,0.41236162185668945,0.8752954880427569,1,0.49369217830109335,0.76,Scottish,15,Ross MacKenzie,Scottish,15
GRU,1190,2.092601776123047,0.8682765547465533,0,0.49327731092436977,0.76,German,6,Felix Wagner,Scottish,15
GRU,1191,2.749478816986084,0.9170941398572177,0,0.49286314021830396,0.74,Irish,8,Conor Gallagher,Scottish,15
GRU,1192,1.9513636827468872,0.9555077883508056,0,0.4924496644295302,0.72,Irish,8,Michael Kelly,Scottish,15
GRU,1193,1.334238052368164,0.98182620706968,1,0.4928751047778709,0.72,Dutch,3,Sophie Visser,Dutch,3
GRU,1194,0.05519833043217659,0.9657205520104617,1,0.4932998324958124,0.72,Greek,7,Ιωάννης Δημητρίου,Greek,7
GRU,1195,0.46717581152915955,0.9684551439713687,1,0.49372384937238495,0.72,Chinese,1,吴艳,Chinese,1
GRU,1196,0.22057458758354187,0.9719486299436539,1,0.49414715719063546,0.72,Spanish,16,Rafael González,Spanish,16
GRU,1197,0.004476763773709536,0.9532491325214505,1,0.49456975772765244,0.72,Greek,7,Αθανάσιος Παπαδόπουλος,Greek,7
GRU,1198,1.44744074344635,0.9820578485634178,0,0.4941569282136895,0.7,Dutch,3,Dirk Bakker,Vietnamese,17
GRU,1199,0.008252213709056377,0.9701639827061445,1,0.4945788156797331,0.7,Japanese,10,加藤直子,Japanese,10
GRU,1200,0.992228627204895,0.9655702122021467,1,0.495,0.7,Scottish,15,Fergus MacLeod,Scottish,15
GRU,1201,3.4454803466796875,1.0330151449609548,0,0.4945878434637802,0.68,English,4,John Smith,Vietnamese,17
GRU,1202,0.032777100801467896,1.0315310365427286,1,0.4950083194675541,0.68,Vietnamese,17,Lê Anh,Vietnamese,17
GRU,1203,2.394366502761841,1.0792840927746148,0,0.4945968412302577,0.66,Portuguese,13,Rui Jesus,Dutch,3
GRU,1204,1.0862138271331787,1.0599952953960747,1,0.4950166112956811,0.68,Scottish,15,Callum Fraser,Scottish,15
GRU,1205,2.511482000350952,1.1097777750622482,0,0.4946058091286307,0.66,German,6,Johannes Hoffmann,Scottish,15
GRU,1206,1.1379066705703735,1.123785202158615,1,0.49502487562189057,0.66,Italian,9,Antonio Bianchi,Italian,9
GRU,1207,0.3803181052207947,1.0848100623022765,1,0.49544324772162385,0.68,Italian,9,Domenico Marino,Italian,9
GRU,1208,0.5400878190994263,1.0413982328306883,1,0.4958609271523179,0.7,Chinese,1,周超,Chinese,1
GRU,1209,0.6428335309028625,1.0513552701007576,1,0.49627791563275436,0.7,Czech,2,Jakub Horák,Czech,2
GRU,1210,0.004145481623709202,1.0176177604217083,1,0.49669421487603305,0.72,Greek,7,Μαρία Κωνσταντίνου,Greek,7
GRU,1211,0.44994640350341797,1.0147484452743083,1,0.49710982658959535,0.72,Chinese,1,张静,Chinese,1
GRU,1212,1.555897831916809,1.028620646717027,0,0.4966996699669967,0.7,Portuguese,13,Pedro Ferreira,Scottish,15
GRU,1213,0.3250090777873993,0.9866262413281948,1,0.4971145919208574,0.72,Chinese,1,杨芳,Chinese,1
GRU,1214,0.5493716597557068,0.9975163650605827,1,0.4975288303130148,0.72,Scottish,15,Gordon MacKenzie,Scottish,15
GRU,1215,0.42985787987709045,0.9793174892757088,1,0.49794238683127573,0.72,Italian,9,Giovanni Rossi,Italian,9
GRU,1216,0.029087034985423088,0.9747442018706352,1,0.49835526315789475,0.72,Arabic,0,وليد العتيبي,Arabic,0
GRU,1217,2.113368272781372,0.9714044725615532,0,0.4979457682826623,0.72,Dutch,3,Dirk van Dijk,Polish,12
GRU,1218,0.1805577278137207,0.974630982549861,1,0.49835796387520526,0.72,Italian,9,Riccardo Romano,Italian,9
GRU,1219,1.359765648841858,1.0013309062737972,1,0.49876948318293685,0.72,Vietnamese,17,Phan Nam,Vietnamese,17
GRU,1220,0.8426737785339355,0.9601539577264339,1,0.49918032786885247,0.74,Scottish,15,Ross MacLeod,Scottish,15
GRU,1221,0.14512582123279572,0.9480492417234927,1,0.4995904995904996,0.74,Spanish,16,Álvaro Martínez,Spanish,16
GRU,1222,1.8595069646835327,0.9850518101546913,0,0.49918166939443537,0.72,Irish,8,Eoin O'Brien,Dutch,3
GRU,1223,1.5263975858688354,1.0146775366459042,1,0.49959116925592806,0.72,Dutch,3,Johan van Dijk,Dutch,3
GRU,1224,2.606919288635254,1.0664548829663545,0,0.4991830065359477,0.7,French,5,Gabriel L'Hôpital,Scottish,15
GRU,1225,3.596618890762329,1.1273494855035096,0,0.4987755102040816,0.68,Russian,14,Борис Михайлов,Greek,7
GRU,1226,1.1896427869796753,1.0766860500443727,0,0.49836867862969003,0.68,Irish,8,Conor Kennedy,Scottish,15
GRU,1227,2.493162155151367,1.111683227168396,0,0.4979625101874491,0.66,French,5,Charles Martin,English,4
GRU,1228,0.036067668348550797,1.0994540206808596,1,0.498371335504886,0.66,Japanese,10,田中由美,Japanese,10
GRU,1229,1.7055045366287231,1.1321911762375385,0,0.4979658258746949,0.64,German,6,Jürgen Schneider,Dutch,3
GRU,1230,0.36629194021224976,1.0705709586758168,1,0.4983739837398374,0.66,Polish,12,Mateusz Kamiński,Polish,12
GRU,1231,0.24274194240570068,1.0524000440258532,1,0.49878147847278637,0.66,Spanish,16,Daniel López,Spanish,16
GRU,1232,0.9955992102622986,1.0721382581535728,1,0.4991883116883117,0.66,Czech,2,Pavel Procházka,Czech,2
GRU,1233,1.771361231803894,1.1022600846830755,0,0.49878345498783455,0.64,Dutch,3,Bram de Vries,Portuguese,13
GRU,1234,1.4639906883239746,1.1064500527922063,1,0.4991896272285251,0.66,English,4,Robert Davis,English,4
GRU,1235,0.01829499378800392,1.0965471357200294,1,0.49959514170040487,0.66,Japanese,10,田中直子,Japanese,10
GRU,1236,0.011210077442228794,1.0804261748772115,1,0.5,0.66,Arabic,0,حسين العتيبي,Arabic,0
GRU,1237,1.38742196559906,1.108003668775782,0,0.4995957962813258,0.64,Polish,12,Jan Wójcik,Dutch,3
GRU,1238,1.480226993560791,1.0928524494078011,0,0.4991922455573506,0.64,Russian,14,Максим Новиков,Czech,2
GRU,1239,2.155928373336792,1.127723784437403,0,0.49878934624697335,0.62,Irish,8,Cian O'Sullivan,English,4
GRU,1240,0.6568195223808289,1.0990081393625588,1,0.4991935483870968,0.64,Italian,9,Giovanni Ricci,Italian,9
GRU,1241,0.010319212451577187,1.0442249472718685,1,0.49959709911361805,0.66,Arabic,0,حسين العتيبي,Arabic,0
GRU,1242,0.5022057890892029,1.015241789398715,1,0.5,0.68,Korean,11,장하은,Korean,11
GRU,1243,0.11001770943403244,0.9907573825400323,1,0.500402252614642,0.68,Greek,7,Ευάγγελος Παπαδόπουλος,Greek,7
GRU,1244,0.5777357816696167,1.0012081315647812,1,0.5008038585209004,0.68,Dutch,3,Lotte Bakker,Dutch,3
GRU,1245,0.6157544851303101,1.004179705036804,1,0.5012048192771085,0.68,Italian,9,Alessandro Ferrari,Italian,9
GRU,1246,0.05400490388274193,1.0008483113627882,1,0.5016051364365971,0.68,Polish,12,Kamil Szymański,Polish,12
GRU,1247,0.1995973289012909,1.0047507226653396,1,0.5020048115477145,0.68,Spanish,16,Alejandro Díaz,Spanish,16
GRU,1248,0.2146371304988861,0.9800946504063904,1,0.5024038461538461,0.7,Italian,9,Riccardo Marino,Italian,9
GRU,1249,0.9163228869438171,0.9982560638710857,1,0.5028022417934348,0.7,Dutch,3,Hendrik Smit,Dutch,3
GRU,1250,1.01906156539917,0.9987927226349711,1,0.5032,0.7,Italian,9,Paolo Bianchi,Italian,9
GRU,1251,0.05492236465215683,0.9309815629944205,1,0.5035971223021583,0.72,Greek,7,Μαρία Γεωργίου,Greek,7
GRU,1252,1.0587676763534546,0.9515013745054602,1,0.5039936102236422,0.72,English,4,Robert Davis,English,4
GRU,1253,2.67227840423584,0.9570596125349402,0,0.5035913806863528,0.72,English,4,Steven Miller,Dutch,3
GRU,1254,0.3107491433620453,0.9415503188595176,1,0.5039872408293461,0.72,Korean,11,강동현,Korean,11
GRU,1255,0.12708249688148499,0.8938623287901283,1,0.5043824701195219,0.74,Vietnamese,17,Phan Anh,Vietnamese,17
GRU,1256,0.08630315959453583,0.8728302585706115,1,0.5047770700636943,0.74,Vietnamese,17,Võ Khôi,Vietnamese,17
GRU,1257,2.630401611328125,0.9178319286927581,0,0.5043754972155927,0.72,German,6,Maximilian Hoffmann,Dutch,3
GRU,1258,0.028599316254258156,0.9076021586358547,1,0.5047694753577107,0.72,Greek,7,Στέφανος Αλεξίου,Greek,7
GRU,1259,1.43488347530365,0.9234431575238705,0,0.5043685464654488,0.7,Czech,2,Filip Kučera,Portuguese,13
GRU,1260,0.006758568342775106,0.9234954192582517,1,0.5047619047619047,0.7,Russian,14,Олег Васильев,Russian,14
GRU,1261,0.0809844583272934,0.9161161803547293,1,0.5051546391752577,0.7,Korean,11,김민지,Korean,11
GRU,1262,0.8067837357521057,0.9011338984314352,1,0.5055467511885895,0.72,Dutch,3,Sem de Jong,Dutch,3
GRU,1263,0.4105112850666046,0.9028439425770194,1,0.505938242280285,0.72,Vietnamese,17,Phan Khang,Vietnamese,17
GRU,1264,1.7965487241744995,0.9277874838653952,0,0.5055379746835443,0.7,German,6,Michael Becker,Dutch,3
GRU,1265,0.05022947117686272,0.9201949156913907,1,0.5059288537549407,0.7,Vietnamese,17,Trần Thành,Vietnamese,17
GRU,1266,2.289322853088379,0.9653996320534497,0,0.5055292259083728,0.68,French,5,Charles Robert,Dutch,3
GRU,1267,0.11157754808664322,0.9253638175595552,1,0.5059194948697711,0.7,Spanish,16,Manuel Martínez,Spanish,16
GRU,1268,0.8864211440086365,0.9394810858834535,1,0.5063091482649842,0.7,Dutch,3,Lucas Smit,Dutch,3
GRU,1269,2.1515414714813232,0.9553166023362428,0,0.5059101654846335,0.68,German,6,Wolfgang Hoffmann,English,4
GRU,1270,1.8459157943725586,0.9753814426530153,1,0.5062992125984253,0.68,Scottish,15,Duncan MacLeod,Scottish,15
GRU,1271,0.09947212040424347,0.9744683686364443,1,0.5066876475216365,0.68,Spanish,16,Miguel Martínez,Spanish,16
GRU,1272,0.32674965262413025,0.9438132223952561,1,0.5070754716981132,0.7,Chinese,1,杨超,Chinese,1
GRU,1273,1.1134542226791382,0.9355543551314622,1,0.5074626865671642,0.7,English,4,Daniel Davis,English,4
GRU,1274,1.5713379383087158,0.9148427281249315,0,0.5070643642072213,0.7,Portuguese,13,Bruno Costa,Czech,2
GRU,1275,0.34079959988594055,0.8497263423074037,1,0.5074509803921569,0.72,Chinese,1,赵敏,Chinese,1
GRU,1276,0.004256237763911486,0.8260186113230884,1,0.5078369905956113,0.74,Russian,14,Максим Михайлов,Russian,14
GRU,1277,0.1836668699979782,0.7798287056200206,1,0.5082223962411903,0.76,Italian,9,Domenico Greco,Italian,9
GRU,1278,0.020902585238218307,0.779525403957814,1,0.5086071987480438,0.76,Arabic,0,أحمد الهاشمي,Arabic,0
GRU,1279,1.4478458166122437,0.7743722295574844,1,0.5089913995308835,0.78,Irish,8,Seán Murphy,Irish,8
GRU,1280,1.1747466325759888,0.7905413234047591,1,0.509375,0.78,German,6,Andreas Becker,German,6
GRU,1281,0.4729408025741577,0.7951453006081283,1,0.5097580015612803,0.78,Czech,2,Marek Novák,Czech,2
GRU,1282,1.0852789878845215,0.7969388961605728,1,0.5101404056162246,0.78,Portuguese,13,Jorge Oliveira,Portuguese,13
GRU,1283,3.226922035217285,0.8260501122288406,0,0.509742790335152,0.78,Czech,2,Břetislav Kučera,Greek,7
GRU,1284,0.38852035999298096,0.8045407056622207,1,0.5101246105919003,0.78,Chinese,1,王秀英,Chinese,1
GRU,1285,0.9466496706008911,0.8231077991984784,1,0.5105058365758754,0.78,Scottish,15,Hamish MacDonald,Scottish,15
GRU,1286,0.11469525843858719,0.8251775028184056,1,0.5108864696734059,0.78,Italian,9,Davide Romano,Italian,9
GRU,1287,1.7561362981796265,0.832551789470017,0,0.5104895104895105,0.78,French,5,Noël L'Hôpital,Scottish,15
GRU,1288,1.11474609375,0.8252421714738012,1,0.5108695652173914,0.8,English,4,Steven St. John,English,4
GRU,1289,1.0634450912475586,0.8033925058320165,1,0.5112490302560124,0.82,Portuguese,13,Ricardo Oliveira,Portuguese,13
GRU,1290,0.06645797193050385,0.79158527482301,1,0.5116279069767442,0.82,Polish,12,Bartosz Kamiński,Polish,12
GRU,1291,0.18079693615436554,0.7949948292970658,1,0.512006196746708,0.82,Polish,12,Marek Kowalczyk,Polish,12
GRU,1292,0.3986201882362366,0.7929231172800064,1,0.5123839009287926,0.82,Czech,2,Filip Horák,Czech,2
GRU,1293,0.07615046203136444,0.792245772331953,1,0.5127610208816705,0.82,Vietnamese,17,Trần Nam,Vietnamese,17
GRU,1294,0.2080617994070053,0.7848522926867009,1,0.5131375579598145,0.82,Korean,11,이서준,Korean,11
GRU,1295,1.6411083936691284,0.8053593708574772,0,0.5127413127413127,0.8,French,5,Pierre Durand,Scottish,15
GRU,1296,0.08690758794546127,0.8060174245387316,1,0.5131172839506173,0.8,Polish,12,Kamil Lewandowski,Polish,12
GRU,1297,0.7632226943969727,0.8172899318486452,1,0.5134926754047803,0.8,English,4,Richard St. John,English,4
GRU,1298,0.01627868041396141,0.8133227628469467,1,0.5138674884437596,0.8,Greek,7,Γεώργιος Παπαδόπουλος,Greek,7
GRU,1299,0.013715666718780994,0.795270618442446,1,0.5142417244033872,0.8,Arabic,0,وليد العتيبي,Arabic,0
GRU,1300,0.008388877846300602,0.7750571646913886,1,0.5146153846153846,0.8,Russian,14,Максим Михайлов,Russian,14
GRU,1301,0.5156636238098145,0.7842719898745417,1,0.5149884704073789,0.8,Vietnamese,17,Huỳnh Hùng,Vietnamese,17
GRU,1302,0.5040724277496338,0.7731780849024653,1,0.5153609831029186,0.8,Vietnamese,17,Hoàng Quân,Vietnamese,17
GRU,1303,0.02076306752860546,0.7201477781683207,1,0.5157329240214888,0.82,Greek,7,Νικόλαος Δημητρίου,Greek,7
GRU,1304,0.04616623371839523,0.7148561199754476,1,0.5161042944785276,0.82,Russian,14,Дмитрий Кузнецов,Russian,14
GRU,1305,0.8499948978424072,0.7293143679946661,1,0.5164750957854406,0.82,English,4,Christopher Brown,English,4
GRU,1306,2.184964418411255,0.7712875931710005,0,0.5160796324655437,0.8,German,6,Dieter Hoffmann,English,4
GRU,1307,1.0219646692276,0.7391188543289899,1,0.5164498852333589,0.82,Dutch,3,Daan de Jong,Dutch,3
GRU,1308,1.5924091339111328,0.7703950506821274,0,0.5160550458715596,0.8,Portuguese,13,Filipe Martins,English,4
GRU,1309,0.023168690502643585,0.7421607549861073,1,0.5164247517188694,0.82,Arabic,0,أحمد العتيبي,Arabic,0
GRU,1310,1.135973572731018,0.7647450550738722,1,0.516793893129771,0.82,German,6,Felix Müller,German,6
GRU,1311,1.3302375078201294,0.7897301160637289,0,0.5163996948893974,0.8,Dutch,3,Joris Visser,German,6
GRU,1312,0.23036903142929077,0.7782018219772726,1,0.5167682926829268,0.8,Chinese,1,杨涛,Chinese,1
GRU,1313,0.16002288460731506,0.7731920539680869,1,0.5171363290175172,0.8,Chinese,1,刘娜,Chinese,1
GRU,1314,0.1863877922296524,0.7409888353291899,1,0.517503805175038,0.82,Chinese,1,杨娜,Chinese,1
GRU,1315,0.3530234396457672,0.747044714698568,1,0.5178707224334601,0.82,Russian,14,Юрий Сидоров,Russian,14
GRU,1316,0.07375971972942352,0.7027334520313889,1,0.5182370820668692,0.84,Vietnamese,17,Lê Ngọc,Vietnamese,17
GRU,1317,0.2870310842990875,0.7062425227556378,1,0.5186028853454822,0.84,Chinese,1,李明,Chinese,1
GRU,1318,0.1763913631439209,0.6920419271383434,1,0.5189681335356601,0.84,Spanish,16,Miguel Rodríguez,Spanish,16
GRU,1319,0.025762109085917473,0.6495263398904353,1,0.5193328278999242,0.86,Greek,7,Χρήστος Σταυρίδης,Greek,7
GRU,1320,0.2688019573688507,0.6179840631503611,1,0.5196969696969697,0.86,Japanese,10,中村愛,Japanese,10
GRU,1321,0.0813927873969078,0.6176224764902145,1,0.5200605601816806,0.86,Japanese,10,田中太郎,Japanese,10
GRU,1322,0.09235769510269165,0.6129346373397857,1,0.5204236006051437,0.86,Italian,9,Riccardo Russo,Italian,9
GRU,1323,0.314721018075943,0.5969599732477218,1,0.5207860922146637,0.86,Spanish,16,Pedro González,Spanish,16
GRU,1324,0.6900437474250793,0.579334089430049,1,0.5211480362537765,0.88,Portuguese,13,Bruno Pereira,Portuguese,13
GRU,1325,1.033297061920166,0.5931840386707335,1,0.5215094339622641,0.88,Irish,8,Michael Murphy,Irish,8
GRU,1326,0.005805416963994503,0.5932150222547352,1,0.521870286576169,0.88,Vietnamese,17,Vũ Linh,Vietnamese,17
GRU,1327,2.2798781394958496,0.6351392476446927,0,0.5214770158251696,0.86,French,5,Arthur d'Aubigné,Dutch,3
GRU,1328,1.256726622581482,0.6598557283915579,1,0.5218373493975904,0.86,Portuguese,13,António Martins,Portuguese,13
GRU,1329,1.5027062892913818,0.6609529378451406,1,0.5221971407072987,0.86,Scottish,15,Murdo MacDonald,Scottish,15
GRU,1330,0.25505924224853516,0.6425591900385916,1,0.5225563909774437,0.86,Korean,11,장성민,Korean,11
GRU,1331,0.1558782309293747,0.636217938605696,1,0.5229151014274981,0.86,Polish,12,Bartosz Lewandowski,Polish,12
GRU,1332,0.010500774718821049,0.614722374342382,1,0.5232732732732732,0.86,Japanese,10,小林健一,Japanese,10
GRU,1333,0.5098778009414673,0.5603814896568656,1,0.5236309077269318,0.88,Portuguese,13,Carlos Costa,Portuguese,13
GRU,1334,1.1795302629470825,0.5762016877159476,1,0.5239880059970015,0.88,English,4,Steven Brown,English,4
GRU,1335,0.4021545946598053,0.565311786197126,1,0.5243445692883895,0.88,Polish,12,Marcin Wiśniewski,Polish,12
GRU,1336,0.012987665832042694,0.563277634344995,1,0.5247005988023952,0.88,Vietnamese,17,Phan Bình,Vietnamese,17
GRU,1337,0.025073638185858727,0.5286563811451197,1,0.525056095736724,0.9,Greek,7,Ελένη Γεωργίου,Greek,7
GRU,1338,0.26428696513175964,0.5116471985727549,1,0.5254110612855007,0.9,Italian,9,Andrea Greco,Italian,9
GRU,1339,2.736515522003174,0.5451086071878671,0,0.5250186706497386,0.88,English,4,Andrew Miller,German,6
GRU,1340,0.18504370748996735,0.5474803218990565,1,0.5253731343283582,0.88,Chinese,1,赵敏,Chinese,1
GRU,1341,0.4062623083591461,0.5519896293431521,1,0.5257270693512305,0.88,Portuguese,13,Miguel Costa,Portuguese,13
GRU,1342,0.07091370970010757,0.5454354997724294,1,0.526080476900149,0.88,Vietnamese,17,Phan Ngọc,Vietnamese,17
GRU,1343,1.6588859558105469,0.5770902096480132,0,0.5256887565152644,0.86,English,4,J.R. Jones,Portuguese,13
GRU,1344,0.011302962899208069,0.5731550329178572,1,0.5260416666666666,0.86,Greek,7,Αλέξανδρος Δημητρίου,Greek,7
GRU,1345,1.283869743347168,0.566010259911418,1,0.5263940520446097,0.88,German,6,Jürgen Weber,German,6
GRU,1346,2.3380770683288574,0.6110336495190859,0,0.5260029717682021,0.86,Czech,2,Daniel Procházka,Polish,12
GRU,1347,0.2230299562215805,0.600229794755578,1,0.526354862657758,0.86,Korean,11,이준영,Korean,11
GRU,1348,0.03089013881981373,0.6005220239236951,1,0.526706231454006,0.86,Vietnamese,17,Đặng Hải,Vietnamese,17
GRU,1349,1.0604833364486694,0.6214573773182929,1,0.5270570793180134,0.86,German,6,Johannes Müller,German,6
GRU,1350,3.3142852783203125,0.6875753053277731,0,0.5266666666666666,0.84,Irish,8,Brian O'Sullivan,English,4
GRU,1351,0.2229185551404953,0.6817204039543867,1,0.5270170244263509,0.84,Chinese,1,王霞,Chinese,1
GRU,1352,2.1410555839538574,0.7144600670784712,0,0.5266272189349113,0.82,German,6,Friedrich Hoffmann,English,4
GRU,1353,0.0247013121843338,0.7145388319715857,1,0.5269770879526977,0.82,Vietnamese,17,Lê Ngọc,Vietnamese,17
GRU,1354,1.0111902952194214,0.7338393132016062,1,0.5273264401772526,0.82,Scottish,15,Niall MacKenzie,Scottish,15
GRU,1355,0.11627774685621262,0.7191649701818824,1,0.5276752767527675,0.82,Japanese,10,田中彩,Japanese,10
GRU,1356,0.19868455827236176,0.6794393729791045,1,0.528023598820059,0.84,Arabic,0,ماجد النجار,Arabic,0
GRU,1357,1.597773790359497,0.6909555554017425,0,0.5276344878408253,0.82,German,6,Stefan Hoffmann,English,4
GRU,1358,1.5441460609436035,0.6899902939423919,0,0.5272459499263623,0.82,Dutch,3,Sander Meijer,German,6
GRU,1359,1.187473177909851,0.713276383690536,1,0.5275938189845475,0.82,Scottish,15,Callum Campbell,Scottish,15
GRU,1360,0.8786500692367554,0.7081299136206508,1,0.5279411764705882,0.82,German,6,Peter Meyer,German,6
GRU,1361,0.007993730716407299,0.6816850380785763,1,0.5282880235121235,0.84,Greek,7,Δημήτριος Βασιλείου,Greek,7
GRU,1362,0.006074182223528624,0.6771991410944611,1,0.5286343612334802,0.84,Japanese,10,加藤健一,Japanese,10
GRU,1363,0.655428409576416,0.6871072515938431,1,0.528980190755686,0.84,Italian,9,Stefano Bianchi,Italian,9
GRU,1364,0.014696318656206131,0.6836734221223741,1,0.5293255131964809,0.84,Russian,14,Павел Васильев,Russian,14
GRU,1365,0.17723414301872253,0.6801576361898333,1,0.5296703296703297,0.84,Korean,11,최예은,Korean,11
GRU,1366,2.1556739807128906,0.7217959214095027,0,0.5292825768667643,0.82,Irish,8,Ciarán O'Sullivan,German,6
GRU,1367,0.12327001988887787,0.7185207001212984,1,0.5296269202633505,0.82,Spanish,16,Francisco Sánchez,Spanish,16
GRU,1368,0.003819315228611231,0.7150692591629922,1,0.5299707602339181,0.82,Russian,14,Борис Петров,Russian,14
GRU,1369,2.0006144046783447,0.7545663050748408,0,0.5295836376917458,0.8,Scottish,15,Ross Robertson,English,4
GRU,1370,0.02431314066052437,0.7496765287406743,1,0.5299270072992701,0.8,Japanese,10,高橋大輔,Japanese,10
GRU,1371,0.18195456266403198,0.7516877642460167,1,0.5302698760029175,0.8,Korean,11,정민수,Korean,11
GRU,1372,0.7618222236633301,0.7650770548172295,1,0.5306122448979592,0.8,Portuguese,13,Gonçalo Silva,Portuguese,13
GRU,1373,0.009353742934763432,0.7589697093144059,1,0.5309541150764748,0.8,Greek,7,Ανδρέας Σταυρίδης,Greek,7
GRU,1374,1.3597732782363892,0.7723642999306322,1,0.5312954876273653,0.8,English,4,William Smith,English,4
GRU,1375,3.063899278640747,0.8129763442650437,0,0.5309090909090909,0.78,Irish,8,Patrick Gallagher,German,6
GRU,1376,0.3668527901172638,0.8201972917281091,1,0.53125,0.78,Portuguese,13,Ricardo Pereira,Portuguese,13
GRU,1377,1.8236284255981445,0.811072297450155,0,0.5308641975308642,0.78,English,4,Christopher Williams,Portuguese,13
GRU,1378,0.009801003150641918,0.7861337850615382,1,0.5312046444121916,0.78,Japanese,10,高橋健一,Japanese,10
GRU,1379,0.23230300843715668,0.7607257194444537,1,0.5315445975344453,0.78,Polish,12,Paweł Zieliński,Polish,12
GRU,1380,0.006243486423045397,0.7557494043279439,1,0.5318840579710145,0.78,Greek,7,Χρήστος Κωνσταντίνου,Greek,7
GRU,1381,0.011230706237256527,0.7528564538341016,1,0.5322230267921796,0.78,Vietnamese,17,Võ Hoàng,Vietnamese,17
GRU,1382,0.006349864415824413,0.7527734356280417,1,0.532561505065123,0.78,Japanese,10,田中裕子,Japanese,10
GRU,1383,1.7515747547149658,0.7776073747035116,0,0.532176428054953,0.76,Scottish,15,Fergus Robertson,English,4
GRU,1384,0.7711425423622131,0.7694396202918142,1,0.5325144508670521,0.76,Scottish,15,Stuart Murray,Scottish,15
GRU,1385,1.912561297416687,0.7996477543469518,0,0.532129963898917,0.74,French,5,Gabriel L'Hôpital,Scottish,15
GRU,1386,0.1778356432914734,0.8029447138961404,1,0.5324675324675324,0.74,Korean,11,박준영,Korean,11
GRU,1387,0.657157838344574,0.8155863978993148,1,0.5328046142754146,0.74,English,4,William St. John,English,4
GRU,1388,0.028418228030204773,0.8108690231572837,1,0.5331412103746398,0.74,Vietnamese,17,Phan Hải,Vietnamese,17
GRU,1389,2.0418479442596436,0.796975671602413,0,0.5327573794096472,0.74,French,5,Jean-Luc Durand,Scottish,15
GRU,1390,0.5223529934883118,0.80372185732238,1,0.5330935251798561,0.74,Chinese,1,黄涛,Chinese,1
GRU,1391,0.21174836158752441,0.7998315783869475,1,0.5334291876347951,0.74,Chinese,1,王平,Chinese,1
GRU,1392,0.1815977394580841,0.802045258982107,1,0.5337643678160919,0.74,Chinese,1,周明,Chinese,1
GRU,1393,0.006107713561505079,0.7689896941371263,1,0.5340990667623834,0.76,Arabic,0,حسن الهاشمي,Arabic,0
GRU,1394,0.8727880716323853,0.7862193963117897,1,0.5344332855093257,0.76,English,4,John Taylor,English,4
GRU,1395,0.006341809406876564,0.7606688376329839,1,0.5347670250896057,0.76,Greek,7,Ελένη Παπαδόπουλος,Greek,7
GRU,1396,0.8275806903839111,0.730458910074085,1,0.5351002865329513,0.78,English,4,Robert Smith,English,4
GRU,1397,0.8345540761947632,0.7426893924735487,1,0.5354330708661418,0.78,German,6,Stefan Wagner,German,6
GRU,1398,0.07264390587806702,0.7435244678147137,1,0.5357653791130186,0.78,Russian,14,Олег Кузнецов,Russian,14
GRU,1399,0.11965736746788025,0.7247079484350979,1,0.536097212294496,0.78,Chinese,1,赵霞,Chinese,1
GRU,1400,2.0835039615631104,0.7000923220999539,0,0.5357142857142857,0.78,Scottish,15,Hamish Douglas,Portuguese,13
GRU,1401,1.5231800079345703,0.7260975511558354,0,0.5353319057815846,0.76,Scottish,15,Ewan MacDonald,Polish,12
GRU,1402,0.005780053324997425,0.6833920405432582,1,0.5356633380884451,0.78,Arabic,0,وليد الحسيني,Arabic,0
GRU,1403,0.06212267652153969,0.6841404678300023,1,0.5359942979330007,0.78,Vietnamese,17,Huỳnh Hải,Vietnamese,17
GRU,1404,0.009849637746810913,0.6641136546805501,1,0.5363247863247863,0.78,Arabic,0,خالد الحداد,Arabic,0
GRU,1405,0.24852703511714935,0.6667586404457688,1,0.5366548042704626,0.78,Spanish,16,David Díaz,Spanish,16
GRU,1406,1.556505560874939,0.6939150604978204,0,0.5362731152204836,0.76,Irish,8,Maeve McCarthy,Scottish,15
GRU,1407,0.3932245671749115,0.6698240760341286,1,0.5366027007818053,0.78,Italian,9,Davide Rossi,Italian,9
GRU,1408,0.11792861670255661,0.6412997271493077,1,0.5369318181818182,0.8,Spanish,16,Sergio Gómez,Spanish,16
GRU,1409,0.30900129675865173,0.6237302895262837,1,0.5372604684173172,0.8,Portuguese,13,Pedro Ferreira,Portuguese,13
GRU,1410,1.8115482330322266,0.6423882528021931,0,0.5368794326241135,0.78,Dutch,3,Johan Jansen,English,4
GRU,1411,0.12946674227714539,0.644817713033408,1,0.5372076541459957,0.78,Spanish,16,Sergio Fernández,Spanish,16
GRU,1412,0.00976464431732893,0.6448915222752839,1,0.5375354107648725,0.78,Greek,7,Ανδρέας Γεωργίου,Greek,7
GRU,1413,0.10423050075769424,0.6338675640989095,1,0.537862703467799,0.78,Spanish,16,David Rodríguez,Spanish,16
GRU,1414,0.12485205382108688,0.6360706788022071,1,0.5381895332390382,0.78,Korean,11,최재현,Korean,11
GRU,1415,0.341763436794281,0.6393612646777183,1,0.5385159010600706,0.78,Polish,12,Jan Kowalski,Polish,12
GRU,1416,0.055032938718795776,0.5973484438378364,1,0.5388418079096046,0.8,Korean,11,강준영,Korean,11
GRU,1417,0.002305827336385846,0.5949291599867865,1,0.5391672547635851,0.8,Russian,14,Артём Соколов,Russian,14
GRU,1418,0.008497273549437523,0.595022719153203,1,0.5394922425952046,0.8,Greek,7,Αικατερίνη Αλεξίου,Greek,7
GRU,1419,0.00917149893939495,0.555193861038424,1,0.5398167723749119,0.82,Greek,7,Μαρία Δημητρίου,Greek,7
GRU,1420,0.4181717038154602,0.5630710323015228,1,0.5401408450704225,0.82,Czech,2,Ondřej Horák,Czech,2
GRU,1421,0.23726381361484528,0.564177217320539,1,0.5404644616467277,0.82,Chinese,1,李敏,Chinese,1
GRU,1422,0.16943353414535522,0.5523294435301795,1,0.5407876230661041,0.82,Polish,12,Stanisław Kowalczyk,Polish,12
GRU,1423,0.11043186485767365,0.5543510059686377,1,0.5411103302881237,0.82,Polish,12,Piotr Zieliński,Polish,12
GRU,1424,0.7979936003684998,0.54311541241128,1,0.5414325842696629,0.82,Scottish,15,Ross MacDonald,Scottish,15
GRU,1425,0.050901640206575394,0.4828554596425965,1,0.5417543859649123,0.84,Arabic,0,مصطفى الشمري,Arabic,0
GRU,1426,1.580627679824829,0.5071309574367479,0,0.541374474053296,0.82,French,5,Augustin Bernard,Scottish,15
GRU,1427,0.6065908074378967,0.48279020507354287,1,0.5416958654519972,0.84,Scottish,15,Malcolm Murray,Scottish,15
GRU,1428,0.045348022133111954,0.4835011454531923,1,0.542016806722689,0.84,Japanese,10,中村健,Japanese,10
GRU,1429,1.3783586025238037,0.5064222573349252,0,0.5416375087473758,0.82,Dutch,3,Sem Janssen,English,4
GRU,1430,0.12674428522586823,0.5088322733109817,1,0.541958041958042,0.82,Chinese,1,张霞,Chinese,1
GRU,1431,3.244455337524414,0.5734967659367248,0,0.5415793151642209,0.8,German,6,Felix Schulz,Spanish,16
GRU,1432,1.0208262205123901,0.5937862930586562,1,0.5418994413407822,0.8,Scottish,15,Iain Campbell,Scottish,15
GRU,1433,0.12400712072849274,0.5612349403789267,1,0.5422191207257502,0.82,Chinese,1,王平,Chinese,1
GRU,1434,1.4852287769317627,0.5755166650703177,0,0.5418410041841004,0.8,Irish,8,Aoife McCarthy,Scottish,15
GRU,1435,0.22205758094787598,0.5417065907409415,1,0.5421602787456447,0.82,Chinese,1,张丽,Chinese,1
GRU,1436,0.09919601678848267,0.5401337982108817,1,0.5424791086350975,0.82,Japanese,10,佐藤健,Japanese,10
GRU,1437,0.7640169262886047,0.5422709799697623,1,0.5427974947807933,0.82,German,6,Christian Becker,German,6
GRU,1438,0.49557799100875854,0.5516141752293333,1,0.5431154381084841,0.82,English,4,Matthew St. John,English,4
GRU,1439,0.05454925075173378,0.5118682013591751,1,0.5434329395413482,0.84,Polish,12,Szymon Nowak,Polish,12
GRU,1440,0.8864744901657104,0.5191506312927231,1,0.54375,0.84,Italian,9,Andrea Ferrari,Italian,9
GRU,1441,0.007696853019297123,0.5150696011213586,1,0.5440666204024983,0.84,Greek,7,Αλέξανδρος Βασιλείου,Greek,7
GRU,1442,0.011473151855170727,0.5116671093693003,1,0.544382801664355,0.84,Polish,12,Adam Szymański,Polish,12
GRU,1443,0.019575033336877823,0.5119364557648077,1,0.5446985446985447,0.84,Vietnamese,17,Hoàng Đức,Vietnamese,17
GRU,1444,0.23750516772270203,0.4992307976866141,1,0.5450138504155124,0.84,Polish,12,Adam Woźniak,Polish,12
GRU,1445,0.7433642745018005,0.5139712469885126,1,0.5453287197231834,0.84,English,4,Steven Taylor,English,4
GRU,1446,1.7481272220611572,0.5323821776220575,0,0.5449515905947441,0.82,Czech,2,Jiří Kučera,Portuguese,13
GRU,1447,0.03376979008316994,0.5163664918998256,1,0.5452660677263304,0.82,Korean,11,김지호,Korean,11
GRU,1448,0.7283926010131836,0.529481465802528,1,0.5455801104972375,0.82,Dutch,3,Sander Bakker,Dutch,3
GRU,1449,0.008601757697761059,0.5272603536071255,1,0.5458937198067633,0.82,Greek,7,Σοφία Παπαδόπουλος,Greek,7
GRU,1450,0.04616384208202362,0.48651355121750384,1,0.5462068965517242,0.84,Japanese,10,中村誠,Japanese,10
GRU,1451,0.178663432598114,0.45962321971077474,1,0.5465196416264645,0.86,Polish,12,Zbigniew Woźniak,Polish,12
GRU,1452,0.05417712777853012,0.4605911611998454,1,0.546831955922865,0.86,Japanese,10,佐藤愛,Japanese,10
GRU,1453,2.2845001220703125,0.5050387101108208,0,0.5464556090846524,0.84,Irish,8,Michael Doyle,English,4
GRU,1454,0.7528529167175293,0.5198987756902352,1,0.546767537826685,0.84,Scottish,15,Aileen MacKenzie,Scottish,15
GRU,1455,0.02569681592285633,0.5154421713063493,1,0.5470790378006873,0.84,Korean,11,윤지훈,Korean,11
GRU,1456,0.011716598644852638,0.4845463920617476,1,0.5473901098901099,0.86,Polish,12,Łukasz Kamiński,Polish,12
GRU,1457,1.8003031015396118,0.5126879627490416,1,0.547700754975978,0.86,French,5,Mathieu d'Aubigné,French,5
GRU,1458,0.025728069245815277,0.5108439517999068,1,0.5480109739368999,0.86,Polish,12,Piotr Kowalski,Polish,12
GRU,1459,0.15820445120334625,0.5078280148888007,1,0.5483207676490747,0.86,Italian,9,Carlo Esposito,Italian,9
GRU,1460,2.5716896057128906,0.5230308423424139,0,0.547945205479452,0.86,Czech,2,Petr Svoboda,Portuguese,13
GRU,1461,1.0709525346755981,0.541860558190383,0,0.5475701574264202,0.84,Irish,8,Aoife Kelly,Scottish,15
GRU,1462,0.11027290672063828,0.5438707234384492,1,0.5478796169630643,0.84,Polish,12,Andrzej Woźniak,Polish,12
GRU,1463,0.38865533471107483,0.5495592201175168,1,0.5481886534518113,0.84,English,4,Charles St. John,English,4
GRU,1464,0.10743722319602966,0.5492109235050157,1,0.5484972677595629,0.84,Polish,12,Piotr Kowalczyk,Polish,12
GRU,1465,0.05176852270960808,0.5434110252233222,1,0.5488054607508532,0.84,Korean,11,이상현,Korean,11
GRU,1466,0.12129423022270203,0.5447362510534003,1,0.5491132332878581,0.84,Czech,2,Petr Novák,Czech,2
GRU,1467,0.10051550716161728,0.546700444649905,1,0.5494205862304021,0.84,Italian,9,Matteo Romano,Italian,9
GRU,1468,0.37100914120674133,0.5539506820030511,1,0.5497275204359673,0.84,Korean,11,임수빈,Korean,11
GRU,1469,0.6854631900787354,0.5674765158258378,1,0.5500340367597005,0.84,Irish,8,Oisín Kelly,Irish,8
GRU,1470,0.30165374279022217,0.5651461566053331,1,0.5503401360544218,0.84,English,4,Robert Johnson,English,4
GRU,1471,1.5879032611846924,0.59215894555673,0,0.5499660095173351,0.82,French,5,Jules Richard,Scottish,15
GRU,1472,0.002525594551116228,0.5888207867648453,1,0.5502717391304348,0.82,Russian,14,Андрей Соколов,Russian,14
GRU,1473,0.015424837358295918,0.5869206462148577,1,0.5505770536320435,0.82,Vietnamese,17,Phan Linh,Vietnamese,17
GRU,1474,1.6679936647415161,0.6043206475023181,0,0.5502035278154681,0.8,Portuguese,13,Miguel Santos,Scottish,15
GRU,1475,0.007224388420581818,0.6034471024665982,1,0.5505084745762712,0.8,Arabic,0,علي الخطيب,Arabic,0
GRU,1476,0.012859395705163479,0.5720917367842049,1,0.5508130081300813,0.82,Korean,11,윤지훈,Korean,11
GRU,1477,0.2597517967224121,0.5651549565698951,1,0.5511171293161814,0.82,Czech,2,David Veselý,Czech,2
GRU,1478,0.019704081118106842,0.5646420777495951,1,0.5514208389715832,0.82,Japanese,10,伊藤健一,Japanese,10
GRU,1479,0.004572056699544191,0.5371663468331098,1,0.5517241379310345,0.84,Arabic,0,ماجد العتيبي,Arabic,0
GRU,1480,0.5935654640197754,0.546502770408988,1,0.552027027027027,0.84,Portuguese,13,Inês Oliveira,Portuguese,13
GRU,1481,1.1484315395355225,0.5045822944492102,0,0.5516542876434841,0.84,Czech,2,Lukáš Němec,Russian,14
GRU,1482,0.04515695199370384,0.48506890907883643,1,0.5519568151147098,0.84,Vietnamese,17,Phạm Cường,Vietnamese,17
GRU,1483,0.3010238707065582,0.48860924407839773,1,0.5522589345920431,0.84,Spanish,16,Daniel González,Spanish,16
GRU,1484,0.007022579666227102,0.459045120133087,1,0.5525606469002695,0.86,Polish,12,Krzysztof Wiśniewski,Polish,12
GRU,1485,1.1501466035842896,0.4776069005858153,1,0.5528619528619528,0.86,English,4,Thomas Brown,English,4
GRU,1486,0.09784116595983505,0.47757980356924234,1,0.5531628532974427,0.86,Italian,9,Gabriele Esposito,Italian,9
GRU,1487,0.8114473819732666,0.4785284126829356,1,0.5534633490248824,0.86,Scottish,15,Stuart MacLeod,Scottish,15
GRU,1488,0.31484878063201904,0.4749138284754008,1,0.553763440860215,0.86,Czech,2,Pavel Novotný,Czech,2
GRU,1489,0.34966784715652466,0.4808162004034966,1,0.5540631296171927,0.86,Portuguese,13,Francisco Pereira,Portuguese,13
GRU,1490,0.3194558918476105,0.46947582843713465,1,0.5543624161073826,0.86,Portuguese,13,Bruno Pereira,Portuguese,13
GRU,1491,0.7723214626312256,0.4847683206293732,1,0.5546613011401744,0.86,Scottish,15,Isla MacDonald,Scottish,15
GRU,1492,0.04227852821350098,0.4853844281565398,1,0.5549597855227882,0.86,Korean,11,최성민,Korean,11
GRU,1493,0.009740562178194523,0.4851877387333661,1,0.5552578700602813,0.86,Greek,7,Κωνσταντίνος Σταυρίδης,Greek,7
GRU,1494,1.0934264659881592,0.5023061646986753,1,0.5555555555555556,0.86,Scottish,15,Murdo Graham,Scottish,15
GRU,1495,1.1382296085357666,0.5102034713793546,1,0.5558528428093645,0.86,German,6,Felix Meyer,German,6
GRU,1496,1.2105883359909058,0.4994526936579496,1,0.5561497326203209,0.88,Dutch,3,Lucas Jansen,Dutch,3
GRU,1497,0.38445162773132324,0.5064663304109126,1,0.5564462257849031,0.88,Italian,9,Andrea Rossi,Italian,9
GRU,1498,0.0083116814494133,0.49206471201963725,1,0.5567423230974633,0.88,Polish,12,Paweł Kowalczyk,Polish,12
GRU,1499,0.0056110261939466,0.49200489738956094,1,0.5570380253502335,0.88,Polish,12,Tomasz Kowalczyk,Polish,12
GRU,1500,0.3590460419654846,0.49826254138723014,1,0.5573333333333333,0.88,Russian,14,Борис Кузнецов,Russian,14
GRU,1501,0.8749702572822571,0.512188677880913,1,0.5576282478347768,0.88,Portuguese,13,Miguel Jesus,Portuguese,13
GRU,1502,0.44018715620040894,0.5199088784493506,1,0.5579227696404794,0.88,English,4,Steven Brown,English,4
GRU,1503,0.039472587406635284,0.47500832775607704,1,0.5582168995342648,0.9,Japanese,10,中村誠,Japanese,10
GRU,1504,1.35733163356781,0.4870979020930827,0,0.557845744680851,0.88,German,6,Klaus Wagner,Dutch,3
GRU,1505,0.009264928288757801,0.4867692643404007,1,0.5581395348837209,0.88,Japanese,10,高橋裕子,Japanese,10
GRU,1506,0.03443663939833641,0.4872236651554704,1,0.5584329349269588,0.88,Polish,12,Piotr Kowalczyk,Polish,12
GRU,1507,0.15144884586334229,0.45424658004194496,1,0.5587259455872594,0.88,Italian,9,Gabriele Greco,Italian,9
GRU,1508,1.025434136390686,0.4742407013848424,1,0.5590185676392573,0.88,Scottish,15,Gordon Graham,Scottish,15
GRU,1509,0.08005891740322113,0.4726777907088399,1,0.5593108018555335,0.88,Greek,7,Νικόλαος Νικολάου,Greek,7
GRU,1510,0.010400972329080105,0.42145201804116367,1,0.5596026490066225,0.9,Polish,12,Wojciech Wójcik,Polish,12
GRU,1511,0.012431632727384567,0.4002816000021994,1,0.5598941098610192,0.92,Polish,12,Adam Kowalczyk,Polish,12
GRU,1512,0.6304804086685181,0.410685750041157,1,0.5601851851851852,0.92,Dutch,3,Johan Visser,Dutch,3
GRU,1513,0.7224811911582947,0.4173622671701014,1,0.5604758757435558,0.92,German,6,Matthias Becker,German,6
GRU,1514,0.024616990238428116,0.4157058625109494,1,0.5607661822985469,0.92,Vietnamese,17,Lê Hiếu,Vietnamese,17
GRU,1515,0.39299434423446655,0.4225303789414465,1,0.5610561056105611,0.92,Vietnamese,17,Nguyễn Hiếu,Vietnamese,17
GRU,1516,0.0028024944476783276,0.42016054422594606,1,0.5613456464379947,0.92,Russian,14,Алексей Новиков,Russian,14
GRU,1517,0.7983461618423462,0.43411715731956063,1,0.5616348055372445,0.92,German,6,Markus Meyer,German,6
GRU,1518,0.0770171508193016,0.4282373175118119,1,0.5619235836627141,0.92,Italian,9,Stefano Marino,Italian,9
GRU,1519,0.6902309060096741,0.4283326718304306,1,0.5622119815668203,0.92,Czech,2,Martin Procházka,Czech,2
GRU,1520,0.3715205192565918,0.429730007359758,1,0.5625,0.92,Scottish,15,Rory MacLeod,Scottish,15
GRU,1521,0.0854659378528595,0.39968126089312134,1,0.5627876397107167,0.94,Italian,9,Andrea Esposito,Italian,9
GRU,1522,1.8892810344696045,0.4374163696914911,0,0.5624178712220762,0.92,Irish,8,Ronan O'Connor,German,6
GRU,1523,0.3668084442615509,0.4444440418295562,1,0.5627051871306632,0.92,English,4,Michael St. John,English,4
GRU,1524,0.1713830530643463,0.41451182959601285,1,0.562992125984252,0.94,Portuguese,13,Bruno Oliveira,Portuguese,13
GRU,1525,0.3318130671977997,0.42100360317155716,1,0.5632786885245902,0.94,Czech,2,Filip Procházka,Czech,2
GRU,1526,1.6210767030715942,0.4531679493188858,1,0.563564875491481,0.94,Scottish,15,Iain Graham,Scottish,15
GRU,1527,0.022719912230968475,0.4484273116290569,1,0.5638506876227898,0.94,Polish,12,Marek Lewandowski,Polish,12
GRU,1528,0.08993995189666748,0.44983202904462816,1,0.5641361256544503,0.94,Spanish,16,Rafael Gómez,Spanish,16
GRU,1529,0.7134659886360168,0.4640099076833576,1,0.5644211903204709,0.94,Portuguese,13,Inês Rodrigues,Portuguese,13
GRU,1530,0.1024516150355339,0.45418763070367274,1,0.5647058823529412,0.94,Chinese,1,陈杰,Chinese,1
GRU,1531,0.011033830232918262,0.43143967651762066,1,0.5649902024820379,0.96,Vietnamese,17,Vũ Long,Vietnamese,17
GRU,1532,2.390691041946411,0.47835035831667483,0,0.564621409921671,0.94,Czech,2,Ondřej Svoboda,Greek,7
GRU,1533,0.005378063768148422,0.4724374421779066,1,0.5649054142204827,0.94,Greek,7,Βασίλειος Αλεξίου,Greek,7
GRU,1534,0.03640865907073021,0.4730251637659967,1,0.5651890482398957,0.94,Korean,11,박현우,Korean,11
GRU,1535,0.10232129693031311,0.45206865763291715,1,0.5654723127035831,0.94,Chinese,1,赵静,Chinese,1
GRU,1536,0.11408644914627075,0.4523935632966459,1,0.5657552083333334,0.94,Polish,12,Grzegorz Woźniak,Polish,12
GRU,1537,0.06002811715006828,0.43736517800018193,1,0.5660377358490566,0.94,Japanese,10,渡辺拓也,Japanese,10
GRU,1538,2.706843376159668,0.48520506991073487,0,0.5656697009102731,0.92,Dutch,3,Willem de Jong,English,4
GRU,1539,4.132157325744629,0.560854859482497,0,0.5653021442495126,0.9,Dutch,3,Kees van den Berg,Portuguese,13
GRU,1540,3.2998647689819336,0.6204630370251835,0,0.564935064935065,0.88,Greek,7,Μιχάλης Κωνσταντίνου,Russian,14
GRU,1541,0.10194037854671478,0.6070554153434933,1,0.5652173913043478,0.88,Spanish,16,Carlos Pérez,Spanish,16
GRU,1542,0.006255806889384985,0.6063349609170109,1,0.5654993514915694,0.88,Greek,7,Στέφανος Αθανασίου,Greek,7
GRU,1543,0.028997870162129402,0.6067201070766896,1,0.5657809462086844,0.88,Korean,11,강민수,Korean,11
GRU,1544,0.004876980558037758,0.5849491173680872,1,0.5660621761658031,0.88,Russian,14,Роман Новиков,Russian,14
GRU,1545,0.08403535187244415,0.5638652322348208,1,0.5663430420711975,0.88,Spanish,16,Sergio Fernández,Spanish,16
GRU,1546,0.03492359071969986,0.5403519373293966,1,0.5666235446313066,0.88,Korean,11,김동현,Korean,11
GRU,1547,0.3905569911003113,0.5404740445967764,1,0.5669036845507434,0.88,Scottish,15,Fraser MacLeod,Scottish,15
GRU,1548,0.07339213043451309,0.5417756535764784,1,0.5671834625322998,0.88,Italian,9,Fabio Romano,Italian,9
GRU,1549,2.173412799835205,0.5851316890493036,0,0.5668173014848289,0.86,Czech,2,Michal Svoboda,Portuguese,13
GRU,1550,1.404274821281433,0.6060362646356225,0,0.5664516129032258,0.84,English,4,Charles Jones,Portuguese,13
GRU,1551,0.5898212790489197,0.6003332850709557,1,0.5667311411992263,0.84,Italian,9,Francesco Bianchi,Italian,9
GRU,1552,0.006762356963008642,0.5916647890862078,1,0.5670103092783505,0.84,Russian,14,Максим Сидоров,Russian,14
GRU,1553,0.12422697246074677,0.59335987678729,1,0.5672891178364456,0.84,Spanish,16,Daniel Sánchez,Spanish,16
GRU,1554,0.022006601095199585,0.5666533761378377,1,0.5675675675675675,0.86,Korean,11,조지훈,Korean,11
GRU,1555,0.3731461763381958,0.5739310010988266,1,0.5678456591639871,0.86,Dutch,3,Joris Bakker,Dutch,3
GRU,1556,0.005987919867038727,0.5733620267082006,1,0.5681233933161953,0.86,Russian,14,Алексей Кузнецов,Russian,14
GRU,1557,0.1212649792432785,0.5727583493757993,1,0.5684007707129094,0.86,Czech,2,Matěj Dvořák,Czech,2
GRU,1558,0.09566451609134674,0.5541629569698125,1,0.5686777920410783,0.86,Chinese,1,周芳,Chinese,1
GRU,1559,0.7792190313339233,0.5681461592484266,1,0.5689544579858884,0.86,Dutch,3,Dirk de Jong,Dutch,3
GRU,1560,0.003295706817880273,0.5680040539382025,1,0.5692307692307692,0.86,Japanese,10,小林裕子,Japanese,10
GRU,1561,1.0314345359802246,0.5883841120032594,1,0.5695067264573991,0.86,Dutch,3,Ruben Smit,Dutch,3
GRU,1562,1.8029175996780396,0.6118328558234498,0,0.5691421254801536,0.84,French,5,Hugo L'Hôpital,Scottish,15
GRU,1563,0.005278104450553656,0.597488794089295,1,0.5694177863083814,0.84,Greek,7,Σπυρίδων Κωνσταντίνου,Greek,7
GRU,1564,3.1972014904022217,0.6609404840925709,0,0.5690537084398977,0.82,French,5,Augustin Dubois,English,4
GRU,1565,2.3616721630096436,0.7003140404680743,0,0.5686900958466453,0.8,French,5,Émile Robert,Czech,2
GRU,1566,0.020344629883766174,0.7006648831767961,1,0.5689655172413793,0.8,Vietnamese,17,Huỳnh Khang,Vietnamese,17
GRU,1567,0.01116575300693512,0.6849212750000879,1,0.5692405871091257,0.8,Russian,14,Юрий Сидоров,Russian,14
GRU,1568,0.010102448984980583,0.6835829809634015,1,0.5695153061224489,0.8,Polish,12,Piotr Szymański,Polish,12
GRU,1569,2.271148920059204,0.715201341244392,0,0.5691523263224985,0.78,French,5,Gabriel Thomas,English,4
GRU,1570,0.6940668225288391,0.721652267309837,1,0.5694267515923567,0.78,Portuguese,13,José Costa,Portuguese,13
GRU,1571,0.006027023307979107,0.7200634890189395,1,0.5697008274984087,0.78,Arabic,0,إبراهيم القحطاني,Arabic,0
GRU,1572,0.7708892226219177,0.6976956527819858,1,0.5699745547073791,0.8,German,6,Maximilian Meyer,German,6
GRU,1573,0.29525279998779297,0.6962645398965105,1,0.5702479338842975,0.8,Portuguese,13,Inês Oliveira,Portuguese,13
GRU,1574,0.007187935523688793,0.6929806375456974,1,0.5705209656925032,0.8,Arabic,0,محمد القحطاني,Arabic,0
GRU,1575,0.7759856581687927,0.7018640893651172,1,0.5707936507936507,0.8,German,6,Markus Schneider,German,6
GRU,1576,0.6576796174049377,0.6825961476517841,1,0.5710659898477157,0.8,Irish,8,Ciarán Kennedy,Irish,8
GRU,1577,0.2867438793182373,0.6878766269935295,1,0.5713379835129994,0.8,Czech,2,Ondřej Veselý,Czech,2
GRU,1578,0.9075327515602112,0.7042284829868004,1,0.5716096324461344,0.8,Dutch,3,Sophie Janssen,Dutch,3
GRU,1579,1.487956166267395,0.7197182865394279,1,0.5718809373020899,0.8,French,5,Marcel Robert,French,5
GRU,1580,0.011399729177355766,0.7178972488222644,1,0.5721518987341773,0.8,Japanese,10,高橋拓也,Japanese,10
GRU,1581,0.009319965727627277,0.7178629715321585,1,0.5724225173940544,0.8,Russian,14,Евгений Петров,Russian,14
GRU,1582,1.451090693473816,0.6990709645627067,0,0.5720606826801518,0.8,Irish,8,Brendan O'Connor,German,6
GRU,1583,2.4566001892089844,0.7480954070715233,0,0.5716993051168667,0.78,Scottish,15,Rory Fraser,German,6
GRU,1584,0.009644106961786747,0.7475601160293445,1,0.571969696969697,0.78,Japanese,10,中村大輔,Japanese,10
GRU,1585,0.3697769045829773,0.7529092281823978,1,0.5722397476340694,0.78,Polish,12,Marek Zieliński,Polish,12
GRU,1586,0.08499368280172348,0.7523273728555069,1,0.5725094577553594,0.78,Polish,12,Łukasz Zieliński,Polish,12
GRU,1587,0.7895539402961731,0.766917889318429,1,0.5727788279773157,0.78,Dutch,3,Lars van Dijk,Dutch,3
GRU,1588,0.04306933656334877,0.7136424085265025,1,0.5730478589420654,0.8,Korean,11,강하은,Korean,11
GRU,1589,1.7806347608566284,0.6666119572287426,0,0.5726872246696035,0.8,French,5,Lucien d'Aubigné,Greek,7
GRU,1590,0.3757671117782593,0.6081300040846691,1,0.5729559748427673,0.82,Italian,9,Stefano Ricci,Italian,9
GRU,1591,0.09103283286094666,0.6079118531709536,1,0.5732243871778756,0.82,Czech,2,David Horák,Czech,2
GRU,1592,1.592214584350586,0.6396310287201777,0,0.5728643216080402,0.8,English,4,James Jones,Dutch,3
GRU,1593,1.9988328218460083,0.6790277277538553,0,0.5725047080979284,0.78,Dutch,3,Pieter van den Berg,French,5
GRU,1594,0.05063309893012047,0.679942850121297,1,0.5727728983688833,0.78,Italian,9,Giovanni Russo,Italian,9
GRU,1595,1.1442385911941528,0.7011469149077311,1,0.5730407523510972,0.78,French,5,Nicolas Robert,French,5
GRU,1596,1.129478931427002,0.7230380217218771,0,0.5726817042606517,0.76,English,4,Christopher Davis,Polish,12
GRU,1597,0.014153223484754562,0.715509946369566,1,0.5729492798998121,0.76,Polish,12,Marcin Kamiński,Polish,12
GRU,1598,0.2775280177593231,0.7195926641160623,1,0.5732165206508135,0.76,English,4,Joseph Wilson,English,4
GRU,1599,0.014467108063399792,0.6764137502806261,1,0.5734834271419638,0.78,Polish,12,Jakub Kamiński,Polish,12
GRU,1600,1.2406744956970215,0.6731417437689379,0,0.573125,0.78,French,5,Émile Durand,Scottish,15
GRU,1601,0.02735363505780697,0.6618923908891157,1,0.5733916302311055,0.78,Vietnamese,17,Võ Quân,Vietnamese,17
GRU,1602,2.2102653980255127,0.7059624517103658,0,0.5730337078651685,0.76,French,5,Benoît Dubois,English,4
GRU,1603,0.9761006236076355,0.7229999247333034,1,0.5733000623830318,0.76,French,5,Étienne Durand,French,5
GRU,1604,0.03874189034104347,0.7233346305182203,1,0.57356608478803,0.76,Italian,9,Pietro Russo,Italian,9
GRU,1605,0.8811812400817871,0.7334953317930922,1,0.5738317757009346,0.76,French,5,Arthur Robert,French,5
GRU,1606,0.010808495804667473,0.7335917433118447,1,0.5740971357409713,0.76,Russian,14,Сергей Соколов,Russian,14
GRU,1607,0.17000575363636017,0.7345665587997064,1,0.5743621655258245,0.76,Chinese,1,陈艳,Chinese,1
GRU,1608,0.008004373870790005,0.7328133559552953,1,0.5746268656716418,0.76,Arabic,0,خالد الحسيني,Arabic,0
GRU,1609,0.4680728316307068,0.726590431961231,1,0.5748912367930391,0.76,English,4,Charles Williams,English,4
GRU,1610,0.02459070459008217,0.7270163319166749,1,0.5751552795031056,0.76,Polish,12,Krzysztof Zieliński,Polish,12
GRU,1611,0.2559013068675995,0.7115056673344224,1,0.5754189944134078,0.76,Spanish,16,Francisco Gómez,Spanish,16
GRU,1612,0.8115124106407166,0.691677563553676,1,0.575682382133995,0.78,Scottish,15,Ewan Murray,Scottish,15
GRU,1613,0.783615231513977,0.7072443060949445,1,0.5759454432734036,0.78,Scottish,15,Fraser Murray,Scottish,15
GRU,1614,0.009657684713602066,0.6434934299811721,1,0.5762081784386617,0.8,Russian,14,Борис Васильев,Russian,14
GRU,1615,0.49012327194213867,0.606062452159822,1,0.5764705882352941,0.82,French,5,Augustin Bernard,French,5
GRU,1616,0.006446992512792349,0.6057844994124025,1,0.5767326732673267,0.82,Arabic,0,ماجد القحطاني,Arabic,0
GRU,1617,0.0126411821693182,0.6058140079956502,1,0.5769944341372912,0.82,Greek,7,Στέφανος Δημητρίου,Greek,7
GRU,1618,0.10163458436727524,0.6076446507032961,1,0.5772558714462299,0.82,Chinese,1,刘勇,Chinese,1
GRU,1619,0.013931529596447945,0.562500302894041,1,0.5775169857936998,0.84,Greek,7,Ελένη Κωνσταντίνου,Greek,7
GRU,1620,0.3088045120239258,0.5547950566839427,1,0.5777777777777777,0.84,Italian,9,Carlo Ferrari,Italian,9
GRU,1621,0.012096733786165714,0.5549164508935064,1,0.5780382479950648,0.84,Russian,14,Артём Соколов,Russian,14
GRU,1622,1.0851690769195557,0.5612020479794592,1,0.5782983970406905,0.84,Scottish,15,Alasdair Graham,Scottish,15
GRU,1623,0.10209786146879196,0.5573389492090791,1,0.5785582255083179,0.84,Spanish,16,Javier Fernández,Spanish,16
GRU,1624,1.1079678535461426,0.5793545475695282,1,0.5788177339901478,0.84,Dutch,3,Daan van den Berg,Dutch,3
GRU,1625,0.023106371983885765,0.5642969618458301,1,0.579076923076923,0.84,Vietnamese,17,Hoàng Minh,Vietnamese,17
GRU,1626,0.016200566664338112,0.5514673808310181,1,0.5793357933579336,0.84,Vietnamese,17,Đặng Minh,Vietnamese,17
GRU,1627,0.0891837328672409,0.5475161779019981,1,0.5795943454210203,0.84,Chinese,1,周涛,Chinese,1
GRU,1628,0.01880449242889881,0.5297416127193719,1,0.5798525798525799,0.84,Russian,14,Юрий Васильев,Russian,14
GRU,1629,1.0502703189849854,0.5209878957737237,1,0.580110497237569,0.84,German,6,Andreas Meyer,German,6
GRU,1630,0.3811287581920624,0.5283824763540178,1,0.5803680981595092,0.84,Dutch,3,Daan Meijer,Dutch,3
GRU,1631,0.011219979263842106,0.5284204766247421,1,0.5806253832004905,0.84,Greek,7,Μαρία Δημητρίου,Greek,7
GRU,1632,0.07132828235626221,0.5008252284023911,1,0.5808823529411765,0.86,Chinese,1,杨明,Chinese,1
GRU,1633,2.60001540184021,0.5036935326550156,0,0.580526638089406,0.86,Irish,8,Eoin O'Sullivan,French,5
GRU,1634,0.27049753069877625,0.5089106011297554,1,0.5807833537331701,0.86,Czech,2,David Procházka,Czech,2
GRU,1635,0.42836111783981323,0.5100822853948921,1,0.581039755351682,0.86,Dutch,3,Anne Meijer,Dutch,3
GRU,1636,0.00949190929532051,0.508572249924764,1,0.5812958435207825,0.86,Greek,7,Αθανάσιος Γεωργίου,Greek,7
GRU,1637,0.01671464927494526,0.4931154641043395,1,0.5815516188149054,0.86,Korean,11,임지훈,Korean,11
GRU,1638,0.3497507870197296,0.4992490931134671,1,0.5818070818070818,0.86,Portuguese,13,António Ferreira,Portuguese,13
GRU,1639,0.5090311765670776,0.47381702142767607,1,0.5820622330689444,0.88,English,4,Matthew Williams,English,4
GRU,1640,0.9359433650970459,0.4850205464940518,1,0.5823170731707317,0.88,German,6,Maximilian Müller,German,6
GRU,1641,0.14083236455917358,0.48601653712801635,1,0.5825716026812919,0.88,Korean,11,조서연,Korean,11
GRU,1642,2.6327314376831055,0.5068268741946668,0,0.582216808769793,0.88,Irish,8,Ciarán Gallagher,German,6
GRU,1643,0.02980908192694187,0.4674463993962854,1,0.5824710894704809,0.9,Vietnamese,17,Lê Dũng,Vietnamese,17
GRU,1644,0.00523553229868412,0.4665384480636567,1,0.5827250608272506,0.9,Japanese,10,加藤太郎,Japanese,10
GRU,1645,0.09786830097436905,0.445611042259261,1,0.5829787234042553,0.9,Italian,9,Paolo Esposito,Italian,9
GRU,1646,0.6371651887893677,0.4357647674065083,1,0.583232077764277,0.92,Irish,8,Brendan McCarthy,Irish,8
GRU,1647,0.3462666869163513,0.44240703667514025,1,0.583485124468731,0.92,Dutch,3,Lucas Jansen,Dutch,3
GRU,1648,0.5516043901443481,0.4478885641228408,1,0.5837378640776699,0.92,Portuguese,13,Ricardo Silva,Portuguese,13
GRU,1649,1.2151614427566528,0.47190245081670584,1,0.5839902971497878,0.92,Irish,8,Fionn O'Connor,Irish,8
GRU,1650,0.5021728873252869,0.4571324186492711,1,0.5842424242424242,0.94,English,4,J.R. Taylor,English,4
GRU,1651,0.7023894190788269,0.4706331343296915,1,0.5844942459115687,0.94,English,4,Michael Brown,English,4
GRU,1652,0.46968522667884827,0.4358215309027582,1,0.5847457627118644,0.96,English,4,Robert St. John,English,4
GRU,1653,0.004142395220696926,0.41638236633501946,1,0.5849969751966122,0.96,Japanese,10,田中直子,Japanese,10
GRU,1654,0.021929282695055008,0.4160461141820997,1,0.585247883917775,0.96,Polish,12,Paweł Lewandowski,Polish,12
GRU,1655,0.1827331781387329,0.4020771529432386,1,0.5854984894259819,0.96,English,4,Joseph Wilson,English,4
GRU,1656,1.3731439113616943,0.42932386125437916,0,0.5851449275362319,0.94,Irish,8,Seán O'Connor,Dutch,3
GRU,1657,0.21943442523479462,0.43031243468634783,1,0.5853952926976463,0.94,Portuguese,13,Bruno Oliveira,Portuguese,13
GRU,1658,0.013388490304350853,0.43042011701501903,1,0.5856453558504222,0.94,Russian,14,Юрий Иванов,Russian,14
GRU,1659,0.12293294817209244,0.4235173193458468,1,0.5858951175406871,0.94,Czech,2,Tomáš Procházka,Czech,2
GRU,1660,0.13799430429935455,0.42578539134003224,1,0.5861445783132531,0.94,Spanish,16,Juan Díaz,Spanish,16
GRU,1661,0.48324137926101685,0.4303321927879006,1,0.5863937387116195,0.94,Irish,8,Maeve O'Connor,Irish,8
GRU,1662,0.0390470065176487,0.4148828847054392,1,0.5866425992779783,0.94,Korean,11,강서연,Korean,11
GRU,1663,1.746077060699463,0.4341321212891489,0,0.5862898376428142,0.92,Scottish,15,Duncan Stewart,French,5
GRU,1664,0.0050704460591077805,0.43404037651605903,1,0.5865384615384616,0.92,Arabic,0,نورالدين القحطاني,Arabic,0
GRU,1665,1.3681812286376953,0.4516015356499702,0,0.5861861861861862,0.9,Czech,2,Ondřej Němec,Irish,8
GRU,1666,0.0209830179810524,0.45189225615933537,1,0.5864345738295318,0.9,Russian,14,Андрей Михайлов,Russian,14
GRU,1667,0.03642728179693222,0.4523679781518877,1,0.5866826634673066,0.9,Korean,11,김서연,Korean,11
GRU,1668,0.01664629951119423,0.450668212454766,1,0.5869304556354916,0.9,Vietnamese,17,Huỳnh Bình,Vietnamese,17
GRU,1669,0.7742611169815063,0.4658748042024672,1,0.5871779508687837,0.9,German,6,Stefan Meyer,German,6
GRU,1670,1.0364344120025635,0.48042740220203994,1,0.5874251497005988,0.9,German,6,Michael Wagner,German,6
GRU,1671,0.9600435495376587,0.4993863385170698,1,0.587672052663076,0.9,Irish,8,Liam O'Sullivan,Irish,8
GRU,1672,0.37048330903053284,0.48509262315928936,1,0.5879186602870813,0.9,Italian,9,Fabio Bianchi,Italian,9
GRU,1673,0.019536806270480156,0.4834414020553231,1,0.5881649731022116,0.9,Vietnamese,17,Vũ Hoàng,Vietnamese,17
GRU,1674,0.043463535606861115,0.4621513156965375,1,0.5884109916367981,0.9,English,4,William Wilson,English,4
GRU,1675,0.8638449311256409,0.4789660868793726,1,0.5886567164179104,0.9,Scottish,15,Gordon Stewart,Scottish,15
GRU,1676,0.0843280553817749,0.48032863665372133,1,0.5889021479713604,0.9,Chinese,1,王艳,Chinese,1
GRU,1677,1.2639133930206299,0.5038232298567891,0,0.5885509838998211,0.88,Dutch,3,Jan Smit,English,4
GRU,1678,0.008649149909615517,0.5036201230064035,1,0.5887961859356377,0.88,Russian,14,Артём Иванов,Russian,14
GRU,1679,1.468752384185791,0.5119897643104195,0,0.5884455032757594,0.86,Dutch,3,Jan de Vries,English,4
GRU,1680,0.007196457125246525,0.5045111182890832,1,0.5886904761904762,0.86,Russian,14,Павел Попов,Russian,14
GRU,1681,0.00543758412823081,0.504395470386371,1,0.5889351576442594,0.86,Arabic,0,عبدالله الهاشمي,Arabic,0
GRU,1682,3.3393352031707764,0.5697556088026613,0,0.5885850178359097,0.84,German,6,Lukas Schulz,Spanish,16
GRU,1683,0.39479485154151917,0.5256511977966875,1,0.5888294711824124,0.86,English,4,Richard Taylor,English,4
GRU,1684,0.34081655740737915,0.5270575783308595,1,0.5890736342042755,0.86,Italian,9,Alessandro Ferrari,Italian,9
GRU,1685,0.3766115605831146,0.5260225871857256,1,0.5893175074183976,0.86,Irish,8,Conor Kelly,Irish,8
GRU,1686,0.037413254380226135,0.5265810140874236,1,0.5895610913404508,0.86,Korean,11,최성민,Korean,11
GRU,1687,0.0839693695306778,0.5279261084925383,1,0.5898043864848844,0.86,Czech,2,Daniel Černý,Czech,2
GRU,1688,3.045478582382202,0.5818406643997878,0,0.5894549763033176,0.84,French,5,Marcel Martin,English,4
GRU,1689,0.00982413999736309,0.5718565236683935,1,0.5896980461811723,0.84,Polish,12,Jan Szymański,Polish,12
GRU,1690,0.1550430953502655,0.5562385182734579,1,0.5899408284023668,0.84,Italian,9,Domenico Greco,Italian,9
GRU,1691,0.010703299194574356,0.5536359369661659,1,0.5901833234772325,0.84,Greek,7,Ανδρέας Αθανασίου,Greek,7
GRU,1692,2.930542469024658,0.559592157592997,0,0.5898345153664303,0.84,Czech,2,Jan Němec,Vietnamese,17
GRU,1693,0.2604706883430481,0.5642053897213191,1,0.5900767867690491,0.84,Dutch,3,Jan de Jong,Dutch,3
GRU,1694,1.0275623798370361,0.5846519266720861,0,0.589728453364817,0.82,German,6,Klaus Wagner,Dutch,3
GRU,1695,1.8713583946228027,0.6201217285450548,0,0.5893805309734513,0.8,Czech,2,Adam Svoboda,Portuguese,13
GRU,1696,0.008544553071260452,0.6075493158306926,1,0.589622641509434,0.8,Greek,7,Σπυρίδων Κωνσταντίνου,Greek,7
GRU,1697,0.0057505411095917225,0.6007389929145575,1,0.5898644667059517,0.8,Russian,14,Андрей Иванов,Russian,14
GRU,1698,0.005046131554991007,0.5898078277427703,1,0.5901060070671378,0.8,Arabic,0,نورالدين الشمري,Arabic,0
GRU,1699,0.0112083088606596,0.5657287650648505,1,0.5903472630959388,0.8,Japanese,10,鈴木拓也,Japanese,10
GRU,1700,1.2018834352493286,0.5797229760233313,1,0.5905882352941176,0.8,Portuguese,13,Filipe Jesus,Portuguese,13
GRU,1701,0.22501623630523682,0.5701755123678595,1,0.5908289241622575,0.8,English,4,Robert Davis,English,4
GRU,1702,0.7169304490089417,0.5751204168144614,1,0.5910693301997649,0.8,Czech,2,Břetislav Novotný,Czech,2
GRU,1703,0.039292313158512115,0.5758234151732177,1,0.5913094539048738,0.8,Polish,12,Andrzej Kowalski,Polish,12
GRU,1704,0.5733011364936829,0.5868508522491902,1,0.5915492957746479,0.8,Dutch,3,Kees Jansen,Dutch,3
GRU,1705,0.09969387203454971,0.5851900661271066,1,0.5917888563049853,0.8,Japanese,10,伊藤誠,Japanese,10
GRU,1706,0.02802431210875511,0.5582876741420477,1,0.5920281359906213,0.82,Italian,9,Pietro Russo,Italian,9
GRU,1707,0.04591645672917366,0.5548173147719353,1,0.5922671353251318,0.82,Polish,12,Zbigniew Woźniak,Polish,12
GRU,1708,0.36208707094192505,0.5617912863846868,1,0.5925058548009368,0.82,English,4,William Taylor,English,4
GRU,1709,1.1225634813308716,0.5817838970478624,0,0.5921591574019894,0.8,English,4,Paul Smith,Dutch,3
GRU,1710,0.07436247915029526,0.5805112605448812,1,0.5923976608187135,0.8,Spanish,16,David Pérez,Spanish,16
GRU,1711,0.007666805759072304,0.5709997690748423,1,0.592635885447107,0.8,Arabic,0,وليد المالكي,Arabic,0
GRU,1712,1.0616074800491333,0.591450978545472,1,0.592873831775701,0.8,French,5,Lucien Richard,French,5
GRU,1713,0.04423333704471588,0.5574141040723771,1,0.5931115002918855,0.82,Korean,11,임성민,Korean,11
GRU,1714,2.8336737155914307,0.6139861694630235,0,0.5927654609101517,0.8,German,6,Hans Schulz,Spanish,16
GRU,1715,2.3833518028259277,0.6342895809467882,0,0.5924198250728863,0.8,English,4,David Miller,German,6
GRU,1716,0.006061622407287359,0.6339911530353128,1,0.5926573426573427,0.8,Russian,14,Олег Сидоров,Russian,14
GRU,1717,0.8144610524177551,0.6495518284477293,1,0.5928945835760047,0.8,Czech,2,Lukáš Svoboda,Czech,2
GRU,1718,0.1433679759502411,0.6520862619765103,1,0.5931315483119907,0.8,English,4,Matthew St. John,English,4
GRU,1719,0.576129138469696,0.6481236224062741,1,0.5933682373472949,0.8,Dutch,3,Thomas Visser,Dutch,3
GRU,1720,0.02049039676785469,0.6278047421015799,1,0.5936046511627907,0.8,Polish,12,Mateusz Kowalczyk,Polish,12
GRU,1721,0.36346012353897095,0.6158730735816061,1,0.5938407902382336,0.8,Portuguese,13,João Oliveira,Portuguese,13
GRU,1722,0.0938340574502945,0.6103400885500014,1,0.5940766550522648,0.8,English,4,Michael Brown,English,4
GRU,1723,1.5133110284805298,0.6402155729942024,0,0.5937318630295996,0.78,Irish,8,Declan O'Connor,English,4
GRU,1724,0.19374214112758636,0.6432211451046169,1,0.5939675174013921,0.78,Czech,2,Tomáš Dvořák,Czech,2
GRU,1725,0.0808725357055664,0.6275616971962154,1,0.5942028985507246,0.78,Vietnamese,17,Vũ Minh,Vietnamese,17
GRU,1726,0.07848645746707916,0.6274448652379214,1,0.5944380069524913,0.78,Italian,9,Giuseppe Greco,Italian,9
GRU,1727,0.012399725615978241,0.6024145918898285,1,0.5946728430804864,0.8,Arabic,0,إبراهيم الشمري,Arabic,0
GRU,1728,0.11375924199819565,0.6045167937316,1,0.5949074074074074,0.8,Italian,9,Marco Ferrari,Italian,9
GRU,1729,0.11807047575712204,0.5775031555630267,1,0.5951417004048583,0.82,Spanish,16,Pablo Pérez,Spanish,16
GRU,1730,0.09910620003938675,0.5793413504213095,1,0.5953757225433526,0.82,Spanish,16,Javier González,Spanish,16
GRU,1731,0.21498514711856842,0.5835323016811162,1,0.5956094742923166,0.82,Polish,12,Kamil Wójcik,Polish,12
GRU,1732,0.04923029989004135,0.5177302036155015,1,0.5958429561200924,0.84,Chinese,1,刘芳,Chinese,1
GRU,1733,1.1120065450668335,0.5320744374860078,1,0.5960761684939412,0.84,Scottish,15,Aileen Stewart,Scottish,15
GRU,1734,0.7570924758911133,0.5403999558556825,1,0.5963091118800461,0.84,Dutch,3,Pieter van den Berg,Dutch,3
GRU,1735,1.3843891620635986,0.5605555078852922,0,0.5959654178674352,0.82,Scottish,15,Duncan Douglas,French,5
GRU,1736,0.7717083692550659,0.575241410182789,1,0.5961981566820277,0.82,Czech,2,Daniel Kučera,Czech,2
GRU,1737,0.0066544837318360806,0.5736951124668122,1,0.5964306275187105,0.82,Arabic,0,كريم الغامدي,Arabic,0
GRU,1738,0.008579419925808907,0.5129571292176842,1,0.596662830840046,0.84,Japanese,10,鈴木京子,Japanese,10
GRU,1739,0.017644228413701057,0.513113530986011,1,0.5968947671075331,0.84,Polish,12,Paweł Zieliński,Polish,12
GRU,1740,0.34966591000556946,0.5170059872791171,1,0.5971264367816091,0.84,Portuguese,13,Tiago Oliveira,Portuguese,13
GRU,1741,0.13759244978427887,0.5195437702909111,1,0.5973578403216542,0.84,Vietnamese,17,Võ Nam,Vietnamese,17
GRU,1742,1.77531099319458,0.4964391407743096,0,0.5970149253731343,0.84,French,5,Nicolas L'Hôpital,Scottish,15
GRU,1743,1.5490405559539795,0.5222105381265283,0,0.5966724039013196,0.82,Scottish,15,Stuart Robertson,English,4
GRU,1744,0.017905382439494133,0.5020173981785774,1,0.5969036697247706,0.84,Czech,2,Martin Novák,Czech,2
GRU,1745,0.03792814165353775,0.46534879311919214,1,0.597134670487106,0.86,Czech,2,Tomáš Novák,Czech,2
GRU,1746,0.7394323348999023,0.47996654875576494,1,0.5973654066437571,0.86,Irish,8,Michael O'Brien,Irish,8
GRU,1747,0.050691232085227966,0.4808653625752777,1,0.5975958786491128,0.86,Chinese,1,王明,Chinese,1
GRU,1748,0.009009778499603271,0.48094463551416994,1,0.5978260869565217,0.86,Polish,12,Mateusz Lewandowski,Polish,12
GRU,1749,0.041400060057640076,0.48154847053810956,1,0.5980560320182962,0.86,Italian,9,Alessandro Marino,Italian,9
GRU,1750,0.18504579365253448,0.46121171770617364,1,0.5982857142857143,0.86,Spanish,16,Pedro Díaz,Spanish,16
GRU,1751,0.9778398871421814,0.47626819072291254,0,0.5979440319817247,0.84,Portuguese,13,Jorge Costa,Czech,2
GRU,1752,0.020787352696061134,0.46234532879665496,1,0.5981735159817352,0.84,Polish,12,Piotr Kowalski,Polish,12
GRU,1753,0.15903879702091217,0.46474025847390293,1,0.5984027381631489,0.84,Vietnamese,17,Phan Quân,Vietnamese,17
GRU,1754,0.4713602066040039,0.46270143987610934,1,0.5986316989737742,0.84,English,4,Daniel Brown,English,4
GRU,1755,0.08303967863321304,0.4623683560080826,1,0.5988603988603989,0.84,Czech,2,Václav Dvořák,Czech,2
GRU,1756,0.43633949756622314,0.47053465971723196,1,0.5990888382687927,0.84,Czech,2,Josef Kučera,Czech,2
GRU,1757,2.2800111770629883,0.5152165541239083,0,0.5987478656801366,0.82,German,6,Hannah Schmidt,Dutch,3
GRU,1758,0.052410922944545746,0.5090230311639607,1,0.5989761092150171,0.82,Vietnamese,17,Hoàng Dũng,Vietnamese,17
GRU,1759,0.01407917495816946,0.4868533450365067,1,0.5992040932347925,0.84,Polish,12,Łukasz Zieliński,Polish,12
GRU,1760,0.009292211383581161,0.4855519396811724,1,0.5994318181818182,0.84,Czech,2,Václav Dvořák,Czech,2
GRU,1761,0.49841511249542236,0.49536690581589937,1,0.5996592844974447,0.84,Portuguese,13,Miguel Sousa,Portuguese,13
GRU,1762,0.009894492104649544,0.4743326460570097,1,0.5998864926220204,0.84,Greek,7,Στέφανος Παπαδόπουλος,Greek,7
GRU,1763,0.014236904680728912,0.47373271740972994,1,0.6001134429948951,0.84,Greek,7,Ιωάννης Παπαδάκης,Greek,7
GRU,1764,1.5220496654510498,0.4475002364069223,0,0.5997732426303855,0.84,Portuguese,13,Luís Santos,English,4
GRU,1765,0.006945751141756773,0.3999721153732389,1,0.6,0.86,Russian,14,Павел Соколов,Russian,14
GRU,1766,0.07042887061834335,0.40125946033746,1,0.6002265005662514,0.86,Chinese,1,刘平,Chinese,1
GRU,1767,1.1071381568908691,0.40711300242692233,0,0.5998868138087153,0.84,French,5,Jules Bernard,Scottish,15
GRU,1768,0.00978483073413372,0.4044413395226002,1,0.6001131221719457,0.84,Arabic,0,أحمد القحطاني,Arabic,0
GRU,1769,0.41143134236335754,0.4011473836004734,1,0.6003391746749576,0.84,English,4,J.R. Taylor,English,4
GRU,1770,0.0203397236764431,0.4011443701386452,1,0.6005649717514124,0.84,Arabic,0,أحمد النجار,Arabic,0
GRU,1771,0.5762826800346375,0.4054008212685585,1,0.6007905138339921,0.84,Scottish,15,Hamish Stewart,Scottish,15
GRU,1772,0.13305610418319702,0.40618526220321655,1,0.6010158013544018,0.84,Spanish,16,Luis Sánchez,Spanish,16
GRU,1773,0.344893217086792,0.3828169059753418,1,0.6012408347433729,0.86,Irish,8,Liam O'Brien,Irish,8
GRU,1774,0.01948525197803974,0.37933176819235087,1,0.6014656144306652,0.86,Korean,11,이예준,Korean,11
GRU,1775,0.1684696525335312,0.38108371052891016,1,0.6016901408450704,0.86,Irish,8,Fionn Kennedy,Irish,8
GRU,1776,1.6085593700408936,0.41168516878038647,0,0.6013513513513513,0.84,Dutch,3,Sophie Meijer,German,6
GRU,1777,0.0453978069126606,0.4123451304063201,1,0.6015756893640968,0.84,Arabic,0,حسن الغامدي,Arabic,0
GRU,1778,0.27018049359321594,0.4154735554382205,1,0.6017997750281214,0.84,Portuguese,13,Luís Pereira,Portuguese,13
GRU,1779,2.3151328563690186,0.45941480305045845,0,0.6014614952220348,0.82,Spanish,16,Pedro García,Czech,2
GRU,1780,0.22297941148281097,0.4618922672793269,1,0.601685393258427,0.82,Irish,8,Liam Kennedy,Irish,8
GRU,1781,0.37346574664115906,0.4650618792697787,1,0.6019090398652442,0.82,Czech,2,Ondřej Kučera,Czech,2
GRU,1782,0.029986679553985596,0.46467700686305763,1,0.6021324354657688,0.82,Russian,14,Иван Васильев,Russian,14
GRU,1783,0.07820548862218857,0.4440009857341647,1,0.6023555804823332,0.82,Korean,11,김수빈,Korean,11
GRU,1784,0.694320559501648,0.4427455474063754,1,0.6025784753363229,0.82,Scottish,15,Fergus Graham,Scottish,15
GRU,1785,1.0397101640701294,0.435851967446506,1,0.6028011204481792,0.84,French,5,Mathieu Robert,French,5
GRU,1786,1.0601145029067993,0.4416200901195407,1,0.603023516237402,0.84,French,5,Étienne Petit,French,5
GRU,1787,0.3808775842189789,0.4491045521292836,1,0.6032456631225518,0.84,Dutch,3,Kees Visser,Dutch,3
GRU,1788,1.1515693664550781,0.47196435105986895,1,0.6034675615212528,0.84,Dutch,3,Anne de Vries,Dutch,3
GRU,1789,1.4976056814193726,0.5015635801199824,0,0.6031302403577418,0.82,Spanish,16,Alejandro García,Czech,2
GRU,1790,0.06126023828983307,0.49579546668566765,1,0.6033519553072626,0.82,Chinese,1,王敏,Chinese,1
GRU,1791,0.011500845663249493,0.493273634603247,1,0.6035734226689,0.82,Greek,7,Θεόδωρος Παπαδόπουλος,Greek,7
GRU,1792,0.606360137462616,0.4698946174886078,1,0.6037946428571429,0.84,Scottish,15,Niall Stewart,Scottish,15
GRU,1793,0.007427103351801634,0.4390623484365642,1,0.6040156162855549,0.86,Polish,12,Zbigniew Kowalski,Polish,12
GRU,1794,1.5027155876159668,0.4687585525400937,1,0.6042363433667781,0.86,French,5,Hugo Martin,French,5
GRU,1795,0.13609027862548828,0.4707217952795327,1,0.6044568245125348,0.86,Vietnamese,17,Đặng Cường,Vietnamese,17
GRU,1796,0.5081624984741211,0.46609639855101703,1,0.6046770601336303,0.86,Portuguese,13,Filipe Ferreira,Portuguese,13
GRU,1797,0.006988960318267345,0.46522235311567783,1,0.6048970506399555,0.86,Japanese,10,田中直子,Japanese,10
GRU,1798,0.3441357910633087,0.47192487336695194,1,0.6051167964404894,0.86,Portuguese,13,Carlos Sousa,Portuguese,13
GRU,1799,0.010005321353673935,0.4712969785928726,1,0.6053362979433018,0.86,Japanese,10,田中美咲,Japanese,10
GRU,1800,0.34563732147216797,0.4745088091492653,1,0.6055555555555555,0.86,Czech,2,Jakub Veselý,Czech,2
GRU,1801,0.013018847443163395,0.45521238835528494,1,0.6057745696835092,0.88,Korean,11,이서준,Korean,11
GRU,1802,0.03739924356341362,0.455544626172632,1,0.6059933407325194,0.88,Spanish,16,Luis Gómez,Spanish,16
GRU,1803,0.12187597900629044,0.45480136981233954,1,0.6062118691070438,0.88,Chinese,1,张丽,Chinese,1
GRU,1804,0.010989498347043991,0.44559395564720033,1,0.606430155210643,0.88,Greek,7,Σπυρίδων Κωνσταντίνου,Greek,7
GRU,1805,0.06427635252475739,0.4452186891250312,1,0.6066481994459834,0.88,Chinese,1,杨娜,Chinese,1
GRU,1806,0.07788044959306717,0.4380495081655681,1,0.6068660022148394,0.88,Czech,2,Václav Procházka,Czech,2
GRU,1807,1.040498971939087,0.4132592640630901,0,0.606530160486995,0.88,Italian,9,Vincenzo Greco,Czech,2
GRU,1808,0.32081225514411926,0.41862729070708155,1,0.6067477876106194,0.88,Italian,9,Carlo Bianchi,Italian,9
GRU,1809,0.048318393528461456,0.4193120750784874,1,0.6069651741293532,0.88,Czech,2,Petr Veselý,Czech,2
GRU,1810,0.012252775020897388,0.4193712863512337,1,0.6071823204419889,0.88,Russian,14,Андрей Иванов,Russian,14
GRU,1811,0.09431225061416626,0.4112892291136086,1,0.6073992269464384,0.88,Korean,11,박도윤,Korean,11
GRU,1812,0.5059384703636169,0.42121010867878794,1,0.6076158940397351,0.88,Italian,9,Davide Ricci,Italian,9
GRU,1813,0.13772302865982056,0.42367983115836977,1,0.6078323221180364,0.88,Italian,9,Giovanni Greco,Italian,9
GRU,1814,0.010609414428472519,0.3934510261379182,1,0.6080485115766262,0.9,Greek,7,Αικατερίνη Αθανασίου,Greek,7
GRU,1815,0.04079059883952141,0.3941279230918735,1,0.6082644628099173,0.9,Korean,11,윤도윤,Korean,11
GRU,1816,0.30389225482940674,0.39879719077609477,1,0.6084801762114538,0.9,Scottish,15,Stuart Robertson,Scottish,15
GRU,1817,2.650529623031616,0.4296650200989097,0,0.6081452944413869,0.9,German,6,Thomas Hoffmann,Scottish,15
GRU,1818,0.022825483232736588,0.4299258331488818,1,0.6083608360836084,0.9,Vietnamese,17,Đặng Nam,Vietnamese,17
GRU,1819,0.011769263073801994,0.4219325915630907,1,0.6085761407366685,0.9,Greek,7,Αικατερίνη Παπαδάκης,Greek,7
GRU,1820,0.006170626264065504,0.42164920961484315,1,0.6087912087912087,0.9,Arabic,0,خالد الهاشمي,Arabic,0
GRU,1821,0.007661009207367897,0.4102767761982977,1,0.6090060406370126,0.9,Arabic,0,مصطفى النجار,Arabic,0
GRU,1822,0.01809224672615528,0.4079774990491569,1,0.6092206366630076,0.9,Vietnamese,17,Hoàng Hùng,Vietnamese,17
GRU,1823,0.006791010964661837,0.4012154549267143,1,0.6094349972572682,0.9,Arabic,0,حسن الغامدي,Arabic,0
GRU,1824,0.004280334338545799,0.4009113565739244,1,0.6096491228070176,0.9,Arabic,0,ماجد القحطاني,Arabic,0
GRU,1825,0.13933630287647247,0.40032868958078327,1,0.6098630136986302,0.9,Polish,12,Jakub Woźniak,Polish,12
GRU,1826,0.022066306322813034,0.36859882830642166,1,0.6100766703176341,0.92,Italian,9,Fabio Russo,Italian,9
GRU,1827,0.6549109816551208,0.38078909180127085,1,0.6102900930487137,0.92,German,6,Maximilian Wagner,German,6
GRU,1828,0.010280866175889969,0.37559109925292433,1,0.6105032822757112,0.92,Greek,7,Χρήστος Αθανασίου,Greek,7
GRU,1829,0.267454594373703,0.334637534013018,1,0.6107162383816293,0.94,Scottish,15,Rory MacDonald,Scottish,15
GRU,1830,0.12939773499965668,0.3327659004833549,1,0.6109289617486339,0.94,English,4,Robert St. John,English,4
GRU,1831,0.24190667271614075,0.3301347190048546,1,0.6111414527580558,0.94,Irish,8,Conor Kelly,Irish,8
GRU,1832,0.05785299837589264,0.3306920453812927,1,0.611353711790393,0.94,Chinese,1,张平,Chinese,1
GRU,1833,0.030384795740246773,0.32973563152365387,1,0.6115657392253137,0.94,Spanish,16,Diego Martínez,Spanish,16
GRU,1834,0.020757930353283882,0.3162643789406866,1,0.6117775354416576,0.94,Korean,11,강하은,Korean,11
GRU,1835,0.0949966311454773,0.29737010828219357,1,0.6119891008174387,0.94,Czech,2,Jiří Veselý,Czech,2
GRU,1836,0.43419501185417175,0.284851718461141,1,0.6122004357298475,0.94,Dutch,3,Lars Janssen,Dutch,3
GRU,1837,0.574481725692749,0.28872380129061637,1,0.6124115405552532,0.94,English,4,Michael Taylor,English,4
GRU,1838,0.5147149562835693,0.2759867130871862,1,0.6126224156692056,0.94,Polish,12,Szymon Nowak,Polish,12
GRU,1839,0.07037287205457687,0.2474420568998903,1,0.6128330614464382,0.96,Chinese,1,杨艳,Chinese,1
GRU,1840,0.23110641539096832,0.250838980441913,1,0.6130434782608696,0.96,English,4,James Brown,English,4
GRU,1841,0.054742369800806046,0.25170381092466415,1,0.6132536664856056,0.96,Italian,9,Fabio Esposito,Italian,9
GRU,1842,0.03334661200642586,0.24024354041554033,1,0.6134636264929425,0.96,Japanese,10,渡辺太郎,Japanese,10
GRU,1843,0.011337969452142715,0.24032175773754716,1,0.6136733586543679,0.96,Japanese,10,伊藤花子,Japanese,10
GRU,1844,0.006562705151736736,0.21039870008826256,1,0.613882863340564,0.96,Russian,14,Евгений Смирнов,Russian,14
GRU,1845,0.01104691717773676,0.20789783285930752,1,0.6140921409214092,0.96,Greek,7,Σοφία Παπαδόπουλος,Greek,7
GRU,1846,2.4321136474609375,0.24637685583904387,0,0.613759479956663,0.94,German,6,Friedrich Schmidt,English,4
GRU,1847,0.28027617931365967,0.2518426002189517,1,0.6139685977260422,0.94,Dutch,3,Lotte Jansen,Dutch,3
GRU,1848,0.8866925835609436,0.2626937360689044,1,0.6141774891774892,0.94,Dutch,3,Willem de Vries,Dutch,3
GRU,1849,0.0143114123493433,0.2627798578888178,1,0.6143861546782045,0.94,Russian,14,Юрий Попов,Russian,14
GRU,1850,0.11199553310871124,0.2581070221215487,1,0.6145945945945946,0.94,Japanese,10,渡辺健,Japanese,10
GRU,1851,0.20182834565639496,0.2618832120858133,1,0.6148028092922745,0.94,Dutch,3,Sophie Janssen,Dutch,3
GRU,1852,0.022076567634940147,0.26157675856724383,1,0.6150107991360692,0.94,Korean,11,임하은,Korean,11
GRU,1853,0.8654037117958069,0.2764473132230341,1,0.6152185644900162,0.94,German,6,Maximilian Meyer,German,6
GRU,1854,0.03153754025697708,0.2768582740612328,1,0.6154261057173679,0.94,Italian,9,Vincenzo Romano,Italian,9
GRU,1855,0.37786605954170227,0.2831300682015717,1,0.615633423180593,0.94,Irish,8,Niall Kelly,Irish,8
GRU,1856,0.12184695899486542,0.28400939838960765,1,0.6158405172413793,0.94,Czech,2,Jan Novotný,Czech,2
GRU,1857,0.04585200920701027,0.2641164591349661,1,0.6160473882606354,0.96,Italian,9,Alessandro Greco,Italian,9
GRU,1858,0.03618023544549942,0.25842381874099374,1,0.616254036598493,0.96,Chinese,1,张明,Chinese,1
GRU,1859,0.035522714257240295,0.2581679051555693,1,0.6164604626143088,0.96,Japanese,10,鈴木彩,Japanese,10
GRU,1860,0.4687967300415039,0.26729878425598147,1,0.6166666666666667,0.96,Czech,2,Pavel Němec,Czech,2
GRU,1861,0.009919397532939911,0.2656109271943569,1,0.6168726491133799,0.96,Greek,7,Θεόδωρος Νικολάου,Greek,7
GRU,1862,0.010796703398227692,0.2557080918550491,1,0.617078410311493,0.96,Polish,12,Wojciech Lewandowski,Polish,12
GRU,1863,0.12474799156188965,0.25544859111309054,1,0.6172839506172839,0.96,Chinese,1,吴娟,Chinese,1
GRU,1864,0.09221464395523071,0.2570806957036257,1,0.6174892703862661,0.96,Italian,9,Fabio Esposito,Italian,9
GRU,1865,1.3465826511383057,0.2831965367496014,0,0.6171581769436997,0.94,French,5,Gabriel Martin,Irish,8
GRU,1866,0.1696966588497162,0.28051262483000755,1,0.617363344051447,0.94,Polish,12,Kamil Kamiński,Polish,12
GRU,1867,0.006496145389974117,0.22763195527717472,1,0.6175682913765399,0.96,Vietnamese,17,Đặng Linh,Vietnamese,17
GRU,1868,0.011363663710653782,0.22740271888673305,1,0.6177730192719486,0.96,Vietnamese,17,Phạm Dũng,Vietnamese,17
GRU,1869,0.2902851998806,0.23297303762286903,1,0.6179775280898876,0.96,Dutch,3,Anne Bakker,Dutch,3
GRU,1870,0.1950143724679947,0.2367499125469476,1,0.6181818181818182,0.96,Dutch,3,Sem Jansen,Dutch,3
GRU,1871,0.30891507863998413,0.24277499393559993,1,0.61838588989845,0.96,Dutch,3,Hendrik de Jong,Dutch,3
GRU,1872,0.0671156495809555,0.24375546199269593,1,0.6185897435897436,0.96,Chinese,1,周平,Chinese,1
GRU,1873,0.008862565271556377,0.24379689307883382,1,0.6187933796049119,0.96,Greek,7,Αθανάσιος Παπαδάκης,Greek,7
GRU,1874,0.565270721912384,0.2550167008303106,1,0.6189967982924226,0.96,German,6,Klaus Meyer,German,6
GRU,1875,0.005166275426745415,0.25233330028131606,1,0.6192,0.96,Korean,11,장지민,Korean,11
GRU,1876,0.06760310381650925,0.25324403623118996,1,0.6194029850746269,0.96,Czech,2,Michal Veselý,Czech,2
GRU,1877,0.2572319507598877,0.2452904556132853,1,0.6196057538625466,0.96,Irish,8,Aoife Murphy,Irish,8
GRU,1878,0.0053774709813296795,0.2451923877093941,1,0.6198083067092651,0.96,Arabic,0,وليد الحداد,Arabic,0
GRU,1879,2.7418160438537598,0.29467961669899523,0,0.6194784459819053,0.94,German,6,Dieter Schulz,Spanish,16
GRU,1880,0.005959006026387215,0.29221084211952986,1,0.6196808510638298,0.94,Russian,14,Максим Петров,Russian,14
GRU,1881,0.04710591956973076,0.28831482705660166,1,0.6198830409356725,0.94,Czech,2,Martin Černý,Czech,2
GRU,1882,0.09207331389188766,0.28899923336692157,1,0.6200850159404888,0.94,Dutch,3,Thomas de Jong,Dutch,3
GRU,1883,0.0055038584396243095,0.2885016146209091,1,0.6202867764206054,0.94,Russian,14,Максим Иванов,Russian,14
GRU,1884,0.9998960494995117,0.3080843770038337,1,0.6204883227176221,0.94,French,5,François Dubois,French,5
GRU,1885,0.6152094006538391,0.3184886323940009,1,0.6206896551724138,0.94,Portuguese,13,Pedro Sousa,Portuguese,13
GRU,1886,0.005533970892429352,0.30991541157476604,1,0.6208907741251326,0.94,Polish,12,Marcin Lewandowski,Polish,12
GRU,1887,0.004845899064093828,0.2985226950421929,1,0.6210916799152093,0.94,Arabic,0,سليم الغامدي,Arabic,0
GRU,1888,0.18119284510612488,0.291852252818644,1,0.621292372881356,0.94,Portuguese,13,Carlos Ferreira,Portuguese,13
GRU,1889,0.0931081473827362,0.29230695832520726,1,0.621492853361567,0.94,Korean,11,박수빈,Korean,11
GRU,1890,0.5606358051300049,0.298897546119988,1,0.6216931216931217,0.94,French,5,Jules Petit,French,5
GRU,1891,1.6762373447418213,0.3313274456188083,0,0.6213643574828134,0.92,Irish,8,Aidan Doyle,Dutch,3
GRU,1892,1.4910587072372437,0.36048168752342463,0,0.6210359408033826,0.9,English,4,Thomas Smith,Dutch,3
GRU,1893,0.0072120800614356995,0.3603991697356105,1,0.6212361331220285,0.9,Greek,7,Αλέξανδρος Αλεξίου,Greek,7
GRU,1894,0.13942953944206238,0.363056506421417,1,0.6214361140443506,0.9,Italian,9,Francesco Colombo,Italian,9
GRU,1895,0.879420280456543,0.3804239736869931,1,0.6216358839050132,0.9,Portuguese,13,João Martins,Portuguese,13
GRU,1896,0.7233381271362305,0.34624846328049896,1,0.6218354430379747,0.92,Scottish,15,Rory MacDonald,Scottish,15
GRU,1897,0.029559122398495674,0.34123412214219573,1,0.6220347917764892,0.92,Czech,2,Marek Dvořák,Czech,2
GRU,1898,0.008154433220624924,0.32366335913538935,1,0.6222339304531085,0.92,Polish,12,Kamil Kowalski,Polish,12
GRU,1899,0.12169043719768524,0.3258109396323562,1,0.6224328593996841,0.92,Portuguese,13,Gonçalo Ferreira,Portuguese,13
GRU,1900,0.20617985725402832,0.3276946261152625,1,0.6226315789473684,0.92,Spanish,16,Daniel Rodríguez,Spanish,16
GRU,1901,0.26938772201538086,0.32904581364244223,1,0.6228300894266176,0.92,Vietnamese,17,Nguyễn Đức,Vietnamese,17
GRU,1902,0.033079084008932114,0.3292658639699221,1,0.6230283911671924,0.92,Polish,12,Andrzej Woźniak,Polish,12
GRU,1903,0.01692470908164978,0.3122962839156389,1,0.6232264844981608,0.92,Korean,11,조현우,Korean,11
GRU,1904,0.06108216941356659,0.31288717649877074,1,0.6234243697478992,0.92,Vietnamese,17,Phan Đức,Vietnamese,17
GRU,1905,0.019340157508850098,0.3057166584581137,1,0.6236220472440945,0.92,Korean,11,윤성민,Korean,11
GRU,1906,0.09310782700777054,0.30514187581837177,1,0.6238195173137461,0.92,Spanish,16,Carlos López,Spanish,16
GRU,1907,0.004607774317264557,0.30431699112057686,1,0.6240167802831673,0.92,Polish,12,Mateusz Wójcik,Polish,12
GRU,1908,0.9102672338485718,0.3217987310886383,1,0.6242138364779874,0.92,French,5,François Martin,French,5
GRU,1909,0.031120816245675087,0.321710693128407,1,0.6244106862231534,0.92,Japanese,10,中村大輔,Japanese,10
GRU,1910,0.0066599310375750065,0.3124679571483284,1,0.624607329842932,0.92,Greek,7,Χρήστος Παπαδόπουλος,Greek,7
GRU,1911,0.13675998151302338,0.3150047688279301,1,0.6248037676609105,0.92,Irish,8,Aidan Murphy,Irish,8
GRU,1912,1.4778331518173218,0.34434549779631196,0,0.6244769874476988,0.9,Scottish,15,Rory Fraser,German,6
GRU,1913,0.019696015864610672,0.3422444582823664,1,0.6246732880292734,0.9,Korean,11,임서연,Korean,11
GRU,1914,0.008293711580336094,0.3405660396348685,1,0.6248693834900731,0.9,Greek,7,Γεώργιος Γεωργίου,Greek,7
GRU,1915,2.299241065979004,0.35961920793168245,0,0.6245430809399478,0.9,Dutch,3,Hendrik van den Berg,Irish,8
GRU,1916,0.0068400283344089985,0.3563620753213763,1,0.6247390396659708,0.9,Greek,7,Βασίλειος Δημητρίου,Greek,7
GRU,1917,0.007287112530320883,0.35637789466418324,1,0.6249347939488784,0.9,Vietnamese,17,Đặng Hùng,Vietnamese,17
GRU,1918,0.040400609374046326,0.3569586335774511,1,0.6251303441084463,0.9,Chinese,1,周明,Chinese,1
GRU,1919,0.006995471194386482,0.3512928390037268,1,0.6253256904637832,0.9,Greek,7,Χρήστος Βασιλείου,Greek,7
GRU,1920,0.006575258448719978,0.34752405672334136,1,0.6255208333333333,0.9,Polish,12,Łukasz Kowalczyk,Polish,12
GRU,1921,0.8395570516586304,0.35813689618371425,1,0.6257157730348777,0.9,French,5,Étienne Thomas,French,5
GRU,1922,0.007237052079290152,0.35693932423368097,1,0.6259105098855359,0.9,Greek,7,Θεόδωρος Βασιλείου,Greek,7
GRU,1923,0.03328492492437363,0.3574277714267373,1,0.626105044201768,0.9,Japanese,10,加藤蓮,Japanese,10
GRU,1924,0.014710767194628716,0.3464165723323822,1,0.6262993762993763,0.9,Korean,11,윤도윤,Korean,11
GRU,1925,0.005294349975883961,0.346419133823365,1,0.6264935064935065,0.9,Arabic,0,محمد القحطاني,Arabic,0
GRU,1926,0.01594729721546173,0.345386017691344,1,0.6266874350986501,0.9,Korean,11,윤정훈,Korean,11
GRU,1927,0.098727285861969,0.34221592439338566,1,0.6268811624286456,0.9,English,4,William Wilson,English,4
GRU,1928,0.5491968989372253,0.35309231295250354,1,0.6270746887966805,0.9,German,6,Michael Wagner,German,6
GRU,1929,0.016420584172010422,0.2985844037588686,1,0.6272680145152929,0.92,Vietnamese,17,Phạm Tuấn,Vietnamese,17
GRU,1930,0.4415721893310547,0.3072966674249619,1,0.6274611398963731,0.92,French,5,Étienne Durand,French,5
GRU,1931,0.08636417984962463,0.3080818326305598,1,0.6276540652511652,0.92,Chinese,1,李敏,Chinese,1
GRU,1932,0.03661899268627167,0.3069727462064475,1,0.6278467908902692,0.92,Chinese,1,张平,Chinese,1
GRU,1933,0.006182592362165451,0.3069863208848983,1,0.628039317123642,0.92,Greek,7,Αλέξανδρος Παπαδόπουλος,Greek,7
GRU,1934,0.04586874693632126,0.2879057748336345,1,0.6282316442605997,0.92,Spanish,16,Carlos Sánchez,Spanish,16
GRU,1935,0.008587101474404335,0.2757733288500458,1,0.6284237726098191,0.92,Arabic,0,خالد الغامدي,Arabic,0
GRU,1936,1.8705418109893799,0.3130734856519848,0,0.628099173553719,0.9,German,6,Johannes Schmidt,Scottish,15
GRU,1937,0.005194263532757759,0.3130804529413581,1,0.628291171915333,0.9,Japanese,10,加藤直子,Japanese,10
GRU,1938,0.36265403032302856,0.31670967664569616,1,0.628482972136223,0.9,French,5,Benoît Robert,French,5
GRU,1939,0.06440277397632599,0.31613556917756797,1,0.62867457452295,0.9,Chinese,1,王丽,Chinese,1
GRU,1940,0.19508303701877594,0.30882451381534337,1,0.6288659793814433,0.9,English,4,Christopher Wilson,English,4
GRU,1941,0.11525281518697739,0.2776048232242465,1,0.6290571870170015,0.92,English,4,Andrew St. John,English,4
GRU,1942,0.5666937232017517,0.2591175235435367,1,0.6292481977342945,0.94,Dutch,3,Lucas Janssen,Dutch,3
GRU,1943,0.010232606902718544,0.2591779340803623,1,0.629439011837365,0.94,Korean,11,김예은,Korean,11
GRU,1944,0.00979604572057724,0.25658526420593264,1,0.6296296296296297,0.94,Korean,11,임민수,Korean,11
GRU,1945,0.006921008694916964,0.2391352787707001,1,0.6298200514138818,0.94,Polish,12,Łukasz Zieliński,Polish,12
GRU,1946,0.1847429871559143,0.22836337597109377,1,0.6300102774922919,0.94,Dutch,3,Kees van Dijk,Dutch,3
GRU,1947,0.14012248814105988,0.23057464328594507,1,0.6302003081664098,0.94,Italian,9,Antonio Bianchi,Italian,9
GRU,1948,0.36311015486717224,0.237673757718876,1,0.6303901437371663,0.94,English,4,James Williams,English,4
GRU,1949,0.8617798089981079,0.25247554515488446,1,0.6305797845048743,0.94,Portuguese,13,Manuel Jesus,Portuguese,13
GRU,1950,1.0646603107452393,0.2696451542247087,0,0.6302564102564102,0.92,Scottish,15,Fraser Douglas,French,5
GRU,1951,0.034351982176303864,0.2649444394279271,1,0.6304459251665813,0.92,Japanese,10,高橋健,Japanese,10
GRU,1952,0.007226874120533466,0.2644273952301592,1,0.6306352459016393,0.92,Vietnamese,17,Võ Quân,Vietnamese,17
GRU,1953,0.017439942806959152,0.26443769990466537,1,0.6308243727598566,0.92,Korean,11,박하은,Korean,11
GRU,1954,0.3544854521751404,0.2703057655598968,1,0.6310133060388946,0.92,French,5,Noël Robert,French,5
GRU,1955,0.05758237838745117,0.27107060997746885,1,0.6312020460358057,0.92,Italian,9,Francesco Greco,Italian,9
GRU,1956,0.01699327491223812,0.2695483189355582,1,0.6313905930470347,0.92,Italian,9,Marco Russo,Italian,9
GRU,1957,0.36370277404785156,0.2767302189301699,1,0.631578947368421,0.92,French,5,François L'Hôpital,French,5
GRU,1958,0.006017662119120359,0.2586452274955809,1,0.6317671092951992,0.92,Arabic,0,مصطفى الشمري,Arabic,0
GRU,1959,0.007675678003579378,0.258176324730739,1,0.631955079122001,0.92,Polish,12,Stanisław Woźniak,Polish,12
GRU,1960,0.07033631205558777,0.25944985235109924,1,0.6321428571428571,0.92,Chinese,1,张强,Chinese,1
GRU,1961,0.012115460820496082,0.2569569619372487,1,0.6323304436511984,0.92,Japanese,10,中村悠斗,Japanese,10
GRU,1962,0.007003994192928076,0.22754037878476083,1,0.6325178389398572,0.94,Greek,7,Νικόλαος Αλεξίου,Greek,7
GRU,1963,0.1659976840019226,0.23046641214750707,1,0.6327050433010698,0.94,Dutch,3,Bram Janssen,Dutch,3
GRU,1964,0.8301433324813843,0.24690340456552803,1,0.6328920570264766,0.94,English,4,William Jones,English,4
GRU,1965,0.03807056322693825,0.2016799945104867,1,0.6330788804071247,0.96,Czech,2,Jan Dvořák,Czech,2
GRU,1966,0.005443274974822998,0.201652059443295,1,0.633265513733469,0.96,Korean,11,정지훈,Korean,11
GRU,1967,0.44272831082344055,0.2103608834091574,1,0.6334519572953736,0.96,French,5,Benoît d'Aubigné,French,5
GRU,1968,0.5027053952217102,0.21960697912611069,1,0.6336382113821138,0.96,Czech,2,Petr Němec,Czech,2
GRU,1969,0.061470452696084976,0.22069647875614465,1,0.6338242762823768,0.96,Japanese,10,渡辺誠,Japanese,10
GRU,1970,0.004823239985853434,0.22066143838688732,1,0.6340101522842639,0.96,Arabic,0,يوسف العتيبي,Arabic,0
GRU,1971,1.8400421142578125,0.24067113963887096,0,0.6336884830035515,0.94,German,6,Wolfgang Fischer,English,4
GRU,1972,0.19481150805950165,0.24442262875847517,1,0.6338742393509128,0.94,Czech,2,Michal Černý,Czech,2
GRU,1973,0.36669185757637024,0.2510907674115151,1,0.6340598073998986,0.94,Irish,8,Fionn Kelly,Irish,8
GRU,1974,0.008613931015133858,0.2509688306879252,1,0.6342451874366768,0.94,Arabic,0,كريم الحداد,Arabic,0
GRU,1975,0.005687246099114418,0.25097668861038985,1,0.6344303797468355,0.94,Polish,12,Grzegorz Kamiński,Polish,12
GRU,1976,0.09309402853250504,0.2525196232367307,1,0.6346153846153846,0.94,Portuguese,13,António Ferreira,Portuguese,13
GRU,1977,1.0181732177734375,0.27090854187496005,1,0.6348002023267577,0.94,Portuguese,13,Miguel Rodrigues,Portuguese,13
GRU,1978,0.016521194949746132,0.2602550277952105,1,0.6349848331648129,0.94,Polish,12,Mateusz Kowalczyk,Polish,12
GRU,1979,0.02669573947787285,0.2604605309013277,1,0.6351692774128348,0.94,Vietnamese,17,Hoàng Phong,Vietnamese,17
GRU,1980,1.2217683792114258,0.27606445469893515,0,0.6348484848484849,0.92,Dutch,3,Willem Janssen,English,4
GRU,1981,0.00565642723813653,0.27445029964670536,1,0.6350328117112569,0.92,Greek,7,Δημήτριος Γεωργίου,Greek,7
GRU,1982,0.009957521222531796,0.2739170702174306,1,0.6352169525731585,0.92,Russian,14,Сергей Иванов,Russian,14
GRU,1983,0.02308214269578457,0.274255061224103,1,0.6354009077155824,0.92,Chinese,1,刘明,Chinese,1
GRU,1984,0.011839007027447224,0.2735744664259255,1,0.6355846774193549,0.92,Arabic,0,أحمد الغامدي,Arabic,0
GRU,1985,0.18524183332920074,0.2771075610630214,1,0.6357682619647356,0.92,Irish,8,Oisín Kelly,Irish,8
GRU,1986,0.05728084221482277,0.24084234168753027,1,0.6359516616314199,0.94,Czech,2,Ondřej Černý,Czech,2
GRU,1987,0.6374168395996094,0.2534867932088673,1,0.6361348766985405,0.94,French,5,Noël Robert,French,5
GRU,1988,3.4759361743927,0.31575243609026077,0,0.635814889336016,0.92,French,5,Gabriel L'Hôpital,Greek,7
GRU,1989,0.04347563534975052,0.3153338933177292,1,0.6359979889391654,0.92,Czech,2,Jan Veselý,Czech,2
GRU,1990,0.057506974786520004,0.3125823720730841,1,0.6361809045226131,0.92,Czech,2,Jakub Černý,Czech,2
GRU,1991,0.7971459627151489,0.32622023502364755,1,0.6363636363636364,0.92,Scottish,15,Alasdair Robertson,Scottish,15
GRU,1992,0.004620233550667763,0.31497876523062585,1,0.6365461847389559,0.92,Arabic,0,سعيد الهاشمي,Arabic,0
GRU,1993,0.6325479745864868,0.32742507258430126,1,0.6367285499247366,0.92,French,5,Nicolas Dubois,French,5
GRU,1994,0.05738012492656708,0.32837675416842105,1,0.6369107321965898,0.92,Portuguese,13,João Ferreira,Portuguese,13
GRU,1995,0.0977080911397934,0.3301924958173186,1,0.6370927318295739,0.92,Chinese,1,李丽,Chinese,1
GRU,1996,0.013037086464464664,0.32675837780348954,1,0.6372745490981964,0.92,Japanese,10,高橋大輔,Japanese,10
GRU,1997,1.0772398710250854,0.34550072546117006,1,0.6374561842764146,0.92,German,6,Jürgen Meyer,German,6
GRU,1998,0.005670888349413872,0.33835194013081493,1,0.6376376376376376,0.92,Vietnamese,17,Đặng Đức,Vietnamese,17
GRU,1999,0.023034730926156044,0.32157703856937586,1,0.6378189094547274,0.92,Vietnamese,17,Phạm Hoàng,Vietnamese,17
GRU,2000,0.18675914406776428,0.30401901523582636,1,0.638,0.94,Italian,9,Riccardo Esposito,Italian,9
