model,step,loss,rolling_loss,correct,running_accuracy,window_accuracy,category,target_index,name,predicted_category,predicted_index
RNN,1,2.99587082862854,2.99587082862854,0,0.0,0.0,Dutch,3,Kees de Jong,French,5
RNN,2,2.9143922328948975,2.9551315307617188,0,0.0,0.0,Irish,8,Liam Walsh,French,5
RNN,3,2.9153316020965576,2.9418648878733316,0,0.0,0.0,Greek,7,Ευάγγελος Παπαδάκης,German,6
RNN,4,3.0308499336242676,2.9641111493110657,0,0.0,0.0,Dutch,3,Ruben Smit,German,6
RNN,5,2.9142239093780518,2.954133701324463,0,0.0,0.0,Vietnamese,17,Trần Cường,Japanese,10
RNN,6,2.8955655097961426,2.9443723360697427,0,0.0,0.0,Portuguese,13,Jorge Silva,German,6
RNN,7,2.859241485595703,2.932210786002023,0,0.0,0.0,Arabic,0,عمر الخطيب,French,5
RNN,8,2.7366583347320557,2.907766729593277,1,0.125,0.125,German,6,Hannah Schneider,German,6
RNN,9,3.005697250366211,2.9186478985680475,0,0.1111111111111111,0.1111111111111111,Spanish,16,Miguel Pérez,German,6
RNN,10,2.9389681816101074,2.9206799268722534,0,0.1,0.1,Arabic,0,عمر المالكي,German,6
RNN,11,2.771273136138916,2.907097491351041,1,0.18181818181818182,0.18181818181818182,German,6,Wolfgang Hoffmann,German,6
RNN,12,2.8940658569335938,2.9060115218162537,0,0.16666666666666666,0.16666666666666666,Vietnamese,17,Huỳnh Hoàng,French,5
RNN,13,2.940702199935913,2.908680035517766,0,0.15384615384615385,0.15384615384615385,Greek,7,Στέφανος Αθανασίου,German,6
RNN,14,2.9558637142181396,2.9120502982820784,0,0.14285714285714285,0.14285714285714285,Irish,8,Patrick Murphy,German,6
RNN,15,2.8013124465942383,2.904667774836222,0,0.13333333333333333,0.13333333333333333,French,5,Jean-Luc d'Aubigné,German,6
RNN,16,2.8366472721099854,2.9004164934158325,0,0.125,0.125,Portuguese,13,Rui Oliveira,German,6
RNN,17,2.909256935119629,2.900936519398409,0,0.11764705882352941,0.11764705882352941,Irish,8,Aoife Kelly,German,6
RNN,18,2.759321689605713,2.89306902885437,1,0.16666666666666666,0.16666666666666666,German,6,Maximilian Hoffmann,German,6
RNN,19,2.827752113342285,2.8896312964589974,0,0.15789473684210525,0.15789473684210525,Japanese,10,鈴木翔,German,6
RNN,20,2.894925594329834,2.889896011352539,0,0.15,0.15,Czech,2,Štěpán Černý,German,6
RNN,21,3.00941801071167,2.895587535131545,0,0.14285714285714285,0.14285714285714285,Dutch,3,Sander van Dijk,German,6
RNN,22,2.9510765075683594,2.8981097611514004,0,0.13636363636363635,0.13636363636363635,Korean,11,윤수빈,German,6
RNN,23,2.9155731201171875,2.898869037628174,0,0.13043478260869565,0.13043478260869565,Irish,8,Brendan Murphy,German,6
RNN,24,2.8897759914398193,2.898490160703659,0,0.125,0.125,Russian,14,Роман Васильев,German,6
RNN,25,2.9907944202423096,2.9021823310852053,0,0.12,0.12,Dutch,3,Finn van Dijk,German,6
RNN,26,2.870975971221924,2.900982086475079,0,0.11538461538461539,0.11538461538461539,Czech,2,Petr Veselý,German,6
RNN,27,2.9076056480407715,2.9012274035701044,0,0.1111111111111111,0.1111111111111111,Italian,9,Alessandro Marino,French,5
RNN,28,2.9046385288238525,2.9013492294720242,0,0.10714285714285714,0.10714285714285714,Korean,11,윤상현,German,6
RNN,29,2.750929832458496,2.896162353712937,1,0.13793103448275862,0.13793103448275862,German,6,Hans Hoffmann,German,6
RNN,30,2.924548864364624,2.8971085707346598,0,0.13333333333333333,0.13333333333333333,Czech,2,Marek Novák,German,6
RNN,31,2.9144575595855713,2.897668215536302,0,0.12903225806451613,0.12903225806451613,Greek,7,Ελένη Σταυρίδης,German,6
RNN,32,2.932894229888916,2.8987690284848213,0,0.125,0.125,Italian,9,Alessandro Russo,Portuguese,13
RNN,33,2.8919003009796143,2.898560885227088,0,0.12121212121212122,0.12121212121212122,Greek,7,Αλέξανδρος Παπαδάκης,German,6
RNN,34,2.905994415283203,2.8987795184640324,0,0.11764705882352941,0.11764705882352941,Polish,12,Wojciech Wójcik,German,6
RNN,35,2.9109888076782227,2.8991283552987235,0,0.11428571428571428,0.11428571428571428,Russian,14,Андрей Михайлов,Japanese,10
RNN,36,2.8924944400787354,2.898944079875946,0,0.1111111111111111,0.1111111111111111,Korean,11,박지훈,Japanese,10
RNN,37,2.8629441261291504,2.8979711081530595,0,0.10810810810810811,0.10810810810810811,Korean,11,정서준,German,6
RNN,38,2.704677104949951,2.892884423858241,1,0.13157894736842105,0.13157894736842105,German,6,Matthias Schulz,German,6
RNN,39,2.7959823608398438,2.890399755575718,0,0.1282051282051282,0.1282051282051282,Irish,8,Aoife O'Connor,German,6
RNN,40,2.8428409099578857,2.889210784435272,0,0.125,0.125,Czech,2,Daniel Veselý,German,6
RNN,41,2.7925922870635986,2.8868542357188898,0,0.12195121951219512,0.12195121951219512,French,5,Noël Durand,German,6
RNN,42,2.9133949279785156,2.887486156963167,0,0.11904761904761904,0.11904761904761904,Greek,7,Δημήτριος Γεωργίου,German,6
RNN,43,2.8949971199035645,2.8876608305199203,0,0.11627906976744186,0.11627906976744186,Russian,14,Роман Кузнецов,Korean,11
RNN,44,2.7769501209259033,2.885144678029147,0,0.11363636363636363,0.11363636363636363,Irish,8,Conor O'Connor,German,6
RNN,45,2.9354732036590576,2.8862630897098116,0,0.1111111111111111,0.1111111111111111,Vietnamese,17,Lê Phong,French,5
RNN,46,2.8821067810058594,2.8861727351727695,0,0.10869565217391304,0.10869565217391304,Japanese,10,加藤悠斗,Greek,7
RNN,47,2.981046438217163,2.8881913245992457,0,0.10638297872340426,0.10638297872340426,Chinese,1,张霞,German,6
RNN,48,2.994567632675171,2.8904074976841607,0,0.10416666666666667,0.10416666666666667,Chinese,1,陈伟,Japanese,10
RNN,49,2.896989107131958,2.89054181624432,0,0.10204081632653061,0.10204081632653061,Polish,12,Jakub Wójcik,German,6
RNN,50,2.8627843856811523,2.889986667633057,0,0.1,0.1,Czech,2,Filip Novotný,French,5
RNN,51,2.8629586696624756,2.8873284244537354,0,0.09803921568627451,0.1,Japanese,10,高橋誠,German,6
RNN,52,2.966001272201538,2.888360605239868,0,0.09615384615384616,0.1,Scottish,15,Angus Murray,German,6
RNN,53,2.900460958480835,2.8880631923675537,0,0.09433962264150944,0.1,Russian,14,Павел Петров,Japanese,10
RNN,54,2.8584353923797607,2.8846149015426636,0,0.09259259259259259,0.1,Irish,8,Michael Kelly,German,6
RNN,55,2.8845138549804688,2.884020700454712,0,0.09090909090909091,0.1,Greek,7,Μιχάλης Σταυρίδης,German,6
RNN,56,2.9568581581115723,2.8852465534210205,0,0.08928571428571429,0.1,Vietnamese,17,Phan Quân,German,6
RNN,57,2.8442680835723877,2.884947085380554,0,0.08771929824561403,0.1,Irish,8,Brendan Kennedy,German,6
RNN,58,2.8499228954315186,2.8872123765945434,0,0.08620689655172414,0.08,Portuguese,13,Luís Martins,Irish,8
RNN,59,2.8589653968811035,2.8842777395248413,0,0.0847457627118644,0.08,Polish,12,Grzegorz Kowalczyk,German,6
RNN,60,2.8679776191711426,2.882857928276062,0,0.08333333333333333,0.08,Greek,7,Ευάγγελος Παπαδάκης,German,6
RNN,61,3.0331387519836426,2.8880952405929565,0,0.08196721311475409,0.06,Spanish,16,Fernando Sánchez,German,6
RNN,62,2.8937628269195557,2.888089179992676,0,0.08064516129032258,0.06,Czech,2,Adam Němec,German,6
RNN,63,2.9454293251037598,2.8881837224960325,0,0.07936507936507936,0.06,Chinese,1,李军,German,6
RNN,64,2.9379076957702637,2.887824602127075,0,0.078125,0.06,English,4,James Taylor,German,6
RNN,65,2.8095498085021973,2.887989349365234,0,0.07692307692307693,0.06,French,5,Mathieu d'Aubigné,German,6
RNN,66,2.835052967071533,2.887957463264465,0,0.07575757575757576,0.06,Portuguese,13,Diogo Martins,French,5
RNN,67,2.813910722732544,2.8860505390167237,0,0.07462686567164178,0.06,Czech,2,Břetislav Černý,German,6
RNN,68,2.903719663619995,2.8889384984970095,0,0.07352941176470588,0.04,Polish,12,Grzegorz Zieliński,Portuguese,13
RNN,69,2.8653812408447266,2.889691081047058,0,0.07246376811594203,0.04,Russian,14,Олег Васильев,German,6
RNN,70,2.741664171218872,2.8866258525848387,0,0.07142857142857142,0.04,Irish,8,Patrick Gallagher,German,6
RNN,71,2.932810068130493,2.8850936937332152,0,0.07042253521126761,0.04,Arabic,0,ماجد الشمري,German,6
RNN,72,3.0415563583374023,2.886903290748596,0,0.06944444444444445,0.04,Dutch,3,Lucas Smit,German,6
RNN,73,2.920137882232666,2.8869945859909056,0,0.0684931506849315,0.04,Vietnamese,17,Đặng Long,Irish,8
RNN,74,2.818985939025879,2.885578784942627,0,0.06756756756756757,0.04,Irish,8,Brian Kennedy,German,6
RNN,75,2.8373169898986816,2.8825092363357543,0,0.06666666666666667,0.04,Japanese,10,鈴木蓮,Irish,8
RNN,76,2.904038429260254,2.883170485496521,0,0.06578947368421052,0.04,Italian,9,Luca Romano,Irish,8
RNN,77,2.76754093170166,2.8803691911697387,0,0.06493506493506493,0.04,French,5,Noël Richard,Irish,8
RNN,78,2.8801045417785645,2.879878511428833,0,0.0641025641025641,0.04,Arabic,0,خالد القحطاني,German,6
RNN,79,2.8043272495269775,2.8809464597702026,0,0.06329113924050633,0.02,Irish,8,Ronan McCarthy,French,5
RNN,80,2.7669594287872314,2.8777946710586546,0,0.0625,0.02,French,5,Hugo Durand,Irish,8
RNN,81,3.0266661643981934,2.880038843154907,0,0.06172839506172839,0.02,Dutch,3,Jan Smit,Irish,8
RNN,82,2.893632411956787,2.8792536067962646,0,0.06097560975609756,0.02,Italian,9,Carlo Marino,Irish,8
RNN,83,3.0225348472595215,2.8818662977218628,0,0.060240963855421686,0.02,Spanish,16,Pablo Pérez,French,5
RNN,84,2.7824461460113525,2.8793953323364256,0,0.05952380952380952,0.02,German,6,Hannah Schmidt,Irish,8
RNN,85,2.847710371017456,2.8781297636032104,0,0.058823529411764705,0.02,Korean,11,임지민,German,6
RNN,86,2.7506492137908936,2.8752928590774536,0,0.05813953488372093,0.02,French,5,Jean-Luc Durand,Irish,8
RNN,87,2.9736905097961426,2.8775077867507934,0,0.05747126436781609,0.02,Spanish,16,Alejandro García,German,6
RNN,88,2.8885061740875244,2.8811843681335447,0,0.056818181818181816,0.0,Japanese,10,山本裕子,French,5
RNN,89,2.8601059913635254,2.8824668407440184,0,0.056179775280898875,0.0,Arabic,0,إبراهيم الخطيب,French,5
RNN,90,2.9051356315612793,2.8837127351760863,0,0.05555555555555555,0.0,Korean,11,최예은,French,5
RNN,91,2.8799355030059814,2.885459599494934,0,0.054945054945054944,0.0,Greek,7,Στέφανος Παπαδόπουλος,German,6
RNN,92,2.9018921852111816,2.8852295446395875,0,0.05434782608695652,0.0,Greek,7,Αλέξανδρος Βασιλείου,Irish,8
RNN,93,2.8772361278533936,2.884874324798584,0,0.053763440860215055,0.0,Czech,2,Petr Svoboda,German,6
RNN,94,2.95811128616333,2.8884975481033326,0,0.05319148936170213,0.0,Scottish,15,Stuart MacDonald,Irish,8
RNN,95,2.9248595237731934,2.8882852745056153,0,0.05263157894736842,0.0,Vietnamese,17,Đặng Phong,French,5
RNN,96,2.9101126194000244,2.8888453912734984,0,0.052083333333333336,0.0,English,4,Matthew Johnson,German,6
RNN,97,2.9044768810272217,2.8873140001296997,0,0.05154639175257732,0.0,Scottish,15,Alasdair Graham,French,5
RNN,98,2.785957098007202,2.8831417894363405,0,0.05102040816326531,0.0,French,5,Gabriel Petit,Irish,8
RNN,99,2.9945058822631836,2.8850921249389647,0,0.050505050505050504,0.0,Spanish,16,Pablo Pérez,French,5
RNN,100,2.86491322517395,2.8851347017288207,0,0.05,0.0,Portuguese,13,André Ferreira,French,5
RNN,101,2.959031343460083,2.887056155204773,0,0.04950495049504951,0.0,Vietnamese,17,Đặng Minh,French,5
RNN,102,2.7709741592407227,2.8831556129455564,0,0.049019607843137254,0.0,German,6,Klaus Hoffmann,French,5
RNN,103,2.8824985027313232,2.8827963638305665,0,0.04854368932038835,0.0,Italian,9,Antonio Romano,French,5
RNN,104,2.9171290397644043,2.8839702367782594,0,0.04807692307692308,0.0,Korean,11,강예준,French,5
RNN,105,2.975156784057617,2.8857830953598023,0,0.047619047619047616,0.0,Spanish,16,Pablo Martínez,French,5
RNN,106,3.0032925605773926,2.8867117834091185,0,0.04716981132075472,0.0,Dutch,3,Hendrik van den Berg,French,5
RNN,107,2.8535256385803223,2.886896934509277,0,0.04672897196261682,0.0,Greek,7,Μαρία Παπαδόπουλος,German,6
RNN,108,2.8919711112976074,2.887737898826599,0,0.046296296296296294,0.0,Japanese,10,佐藤裕子,French,5
RNN,109,2.933499813079834,2.8892285871505736,0,0.045871559633027525,0.0,Vietnamese,17,Lê Thành,French,5
RNN,110,2.836155652999878,2.8885921478271483,0,0.045454545454545456,0.0,Greek,7,Δημήτριος Παπαδόπουλος,German,6
RNN,111,2.8825364112854004,2.8855801010131836,0,0.04504504504504504,0.0,Czech,2,Petr Němec,Irish,8
RNN,112,2.9787158966064453,2.887279162406921,0,0.044642857142857144,0.0,Chinese,1,张霞,Irish,8
RNN,113,2.871680498123169,2.8858041858673094,0,0.04424778761061947,0.0,Czech,2,Jiří Novák,German,6
RNN,114,2.81473445892334,2.883340721130371,0,0.043859649122807015,0.0,Japanese,10,佐藤健一,German,6
RNN,115,2.968883514404297,2.886527395248413,0,0.043478260869565216,0.0,Spanish,16,Alejandro Rodríguez,German,6
RNN,116,2.7425882816314697,2.884678101539612,1,0.05172413793103448,0.02,Irish,8,Brendan O'Connor,Irish,8
RNN,117,2.9662795066833496,2.887725477218628,0,0.05128205128205128,0.02,Scottish,15,Ross MacKenzie,French,5
RNN,118,2.932713031768799,2.888305344581604,0,0.05084745762711865,0.02,Vietnamese,17,Trần Minh,French,5
RNN,119,2.9218013286590576,2.8894337463378905,0,0.05042016806722689,0.02,Scottish,15,Callum Campbell,German,6
RNN,120,2.933051109313965,2.8932614850997926,0,0.05,0.02,Scottish,15,Ewan Murray,German,6
RNN,121,2.782017230987549,2.8902456283569338,0,0.049586776859504134,0.02,German,6,Jürgen Schmidt,Irish,8
RNN,122,3.013093948364258,2.8896763801574705,0,0.04918032786885246,0.02,Dutch,3,Daan Smit,German,6
RNN,123,2.875243902206421,2.888778500556946,0,0.04878048780487805,0.02,Portuguese,13,Francisco Oliveira,German,6
RNN,124,2.822904586791992,2.888856873512268,0,0.04838709677419355,0.02,Portuguese,13,Pedro Costa,German,6
RNN,125,2.9121575355529785,2.890353684425354,0,0.048,0.02,Russian,14,Виктор Новиков,Korean,11
RNN,126,3.0153729915618896,2.8925803756713866,0,0.047619047619047616,0.02,Chinese,1,吴杰,German,6
RNN,127,2.9598875045776367,2.8964273071289064,0,0.047244094488188976,0.02,Dutch,3,Sem de Jong,French,5
RNN,128,2.9050681591033936,2.896926579475403,0,0.046875,0.02,Polish,12,Michał Woźniak,German,6
RNN,129,2.866849422454834,2.89817702293396,0,0.046511627906976744,0.02,Japanese,10,鈴木愛,German,6
RNN,130,2.872997283935547,2.9002977800369263,0,0.046153846153846156,0.02,Greek,7,Ανδρέας Γεωργίου,German,6
RNN,131,2.737657070159912,2.8945175981521607,1,0.05343511450381679,0.04,German,6,Felix Wagner,German,6
RNN,132,2.9144914150238037,2.894934778213501,0,0.05303030303030303,0.04,Russian,14,Олег Петров,Japanese,10
RNN,133,2.838916063308716,2.891262402534485,0,0.05263157894736842,0.04,Portuguese,13,Miguel Ferreira,German,6
RNN,134,2.759220838546753,2.890797896385193,0,0.05223880597014925,0.04,Irish,8,Saoirse Doyle,German,6
RNN,135,2.822223663330078,2.890288162231445,0,0.05185185185185185,0.04,Greek,7,Σοφία Παπαδόπουλος,German,6
RNN,136,2.88565731048584,2.8929883241653442,0,0.051470588235294115,0.04,Russian,14,Александр Соколов,Japanese,10
RNN,137,2.9451632499694824,2.8924177789688112,0,0.051094890510948905,0.04,Dutch,3,Joris de Jong,French,5
RNN,138,2.884561538696289,2.8923388862609865,0,0.050724637681159424,0.04,Vietnamese,17,Nguyễn Dũng,French,5
RNN,139,2.8744118213653564,2.8926250028610228,0,0.050359712230215826,0.04,Czech,2,David Němec,Irish,8
RNN,140,2.845269203186035,2.891427674293518,0,0.05,0.04,Greek,7,Ιωάννης Γεωργίου,German,6
RNN,141,2.8376193046569824,2.890581350326538,0,0.04964539007092199,0.04,Portuguese,13,Carlos Rodrigues,German,6
RNN,142,2.9349660873413086,2.8912428283691405,0,0.04929577464788732,0.04,Scottish,15,Ross MacKenzie,German,6
RNN,143,2.8790090084075928,2.8912782859802246,0,0.04895104895104895,0.04,Polish,12,Kamil Nowak,German,6
RNN,144,2.826462745666504,2.888645315170288,0,0.04861111111111111,0.04,French,5,Pierre Robert,Greek,7
RNN,145,2.9485723972320557,2.889119572639465,0,0.04827586206896552,0.04,Arabic,0,مصطفى الغامدي,Greek,7
RNN,146,2.751081705093384,2.8859389543533327,0,0.04794520547945205,0.04,Irish,8,Brian Doyle,German,6
RNN,147,2.894010305404663,2.8857296228408815,0,0.047619047619047616,0.04,Italian,9,Gabriele Romano,Irish,8
RNN,148,2.889814615249634,2.88780677318573,0,0.0472972972972973,0.04,Vietnamese,17,Võ Khang,French,5
RNN,149,2.842974901199341,2.884776153564453,0,0.04697986577181208,0.04,Scottish,15,Isla MacLeod,Irish,8
RNN,150,2.738044023513794,2.88223876953125,0,0.04666666666666667,0.04,German,6,Maximilian Fischer,Irish,8
RNN,151,2.7008941173553467,2.8770760250091554,1,0.052980132450331126,0.06,German,6,Friedrich Müller,German,6
RNN,152,2.8829782009124756,2.8793161058425905,0,0.05263157894736842,0.06,Vietnamese,17,Nguyễn Ngọc,Irish,8
RNN,153,2.861870527267456,2.878903546333313,0,0.05228758169934641,0.06,Japanese,10,佐藤誠,Greek,7
RNN,154,2.909794569015503,2.878756856918335,0,0.05194805194805195,0.06,Chinese,1,赵洋,German,6
RNN,155,2.95918345451355,2.878437390327454,0,0.05161290322580645,0.06,Scottish,15,Hamish Fraser,German,6
RNN,156,2.964686870574951,2.877665276527405,0,0.05128205128205128,0.06,Spanish,16,Alejandro González,German,6
RNN,157,3.017791271209717,2.8809505891799927,0,0.050955414012738856,0.06,Chinese,1,黄勇,Greek,7
RNN,158,2.837171792984009,2.8798546028137206,0,0.05063291139240506,0.06,Czech,2,Ondřej Novotný,French,5
RNN,159,2.7825820446014404,2.8768362474441527,0,0.050314465408805034,0.06,Czech,2,David Veselý,German,6
RNN,160,2.8296096324920654,2.8767053270339966,0,0.05,0.06,Czech,2,David Horák,German,6
RNN,161,2.855664014816284,2.876167879104614,0,0.049689440993788817,0.06,Greek,7,Νικόλαος Αθανασίου,German,6
RNN,162,2.995525360107422,2.8765040683746337,0,0.04938271604938271,0.06,Dutch,3,Dirk Visser,German,6
RNN,163,2.8334460258483887,2.875739378929138,0,0.049079754601226995,0.06,Greek,7,Βασίλειος Βασιλείου,Irish,8
RNN,164,2.9232914447784424,2.87791051864624,0,0.04878048780487805,0.06,Chinese,1,赵霞,French,5
RNN,165,2.854550361633301,2.8756238555908205,0,0.048484848484848485,0.06,Czech,2,Ondřej Procházka,German,6
RNN,166,2.946704626083374,2.8797061824798584,0,0.04819277108433735,0.04,Spanish,16,Alejandro López,German,6
RNN,167,2.8365814685821533,2.8771122217178347,0,0.04790419161676647,0.04,Irish,8,Ciarán O'Brien,German,6
RNN,168,2.826916456222534,2.874996290206909,0,0.047619047619047616,0.04,Japanese,10,田中花子,Greek,7
RNN,169,2.7342138290405273,2.871244540214539,1,0.05325443786982249,0.06,Irish,8,Patrick Doyle,Irish,8
RNN,170,2.986769676208496,2.872318911552429,0,0.052941176470588235,0.06,English,4,Daniel Taylor,Irish,8
RNN,171,2.8933613300323486,2.874545793533325,0,0.05263157894736842,0.06,Italian,9,Stefano Romano,Irish,8
RNN,172,2.8386688232421875,2.871057291030884,0,0.05232558139534884,0.06,Japanese,10,加藤大輔,Irish,8
RNN,173,2.8169057369232178,2.86989052772522,0,0.05202312138728324,0.06,Czech,2,Pavel Novák,German,6
RNN,174,2.9120242595672607,2.8716729211807253,0,0.05172413793103448,0.06,Russian,14,Юрий Соколов,Japanese,10
RNN,175,2.937361717224121,2.872177004814148,0,0.05142857142857143,0.06,Dutch,3,Anne de Jong,Czech,2
RNN,176,2.953021287918091,2.870929970741272,0,0.05113636363636364,0.06,Vietnamese,17,Lê Nam,French,5
RNN,177,2.955422878265381,2.8708406782150266,0,0.05084745762711865,0.06,Spanish,16,Francisco Rodríguez,German,6
RNN,178,2.9596381187438965,2.8719320774078367,0,0.05056179775280899,0.06,English,4,Charles Jones,Irish,8
RNN,179,2.797041177749634,2.870535912513733,0,0.05027932960893855,0.06,Czech,2,Pavel Dvořák,German,6
RNN,180,2.9502875804901123,2.872081718444824,0,0.05,0.06,Korean,11,최예준,Irish,8
RNN,181,2.7760870456695557,2.872850317955017,0,0.049723756906077346,0.04,French,5,Lucien Richard,Irish,8
RNN,182,2.903963327407837,2.8726397562026977,0,0.04945054945054945,0.04,Vietnamese,17,Đặng Anh,Czech,2
RNN,183,2.9549713134765625,2.8749608612060547,0,0.04918032786885246,0.04,Italian,9,Riccardo Ricci,German,6
RNN,184,2.925684690475464,2.878290138244629,0,0.04891304347826087,0.04,Spanish,16,Carlos García,German,6
RNN,185,2.847745895385742,2.8788005828857424,0,0.04864864864864865,0.04,Vietnamese,17,Phạm Phong,Czech,2
RNN,186,3.02805495262146,2.8816485357284547,0,0.04838709677419355,0.04,Dutch,3,Lucas Jansen,Czech,2
RNN,187,2.8176231384277344,2.8790977334976198,0,0.0481283422459893,0.04,Irish,8,Eoin Kelly,German,6
RNN,188,2.9797072410583496,2.8810006475448606,0,0.047872340425531915,0.04,Dutch,3,Thomas Meijer,German,6
RNN,189,2.877403736114502,2.8810604858398436,0,0.047619047619047616,0.04,Vietnamese,17,Trần Tuấn,German,6
RNN,190,2.8132317066192627,2.880419735908508,0,0.04736842105263158,0.04,Irish,8,Ciarán Walsh,Czech,2
RNN,191,2.7788918018341064,2.8792451858520507,0,0.04712041884816754,0.04,German,6,Wolfgang Hoffmann,Irish,8
RNN,192,2.822690010070801,2.8769996643066404,0,0.046875,0.04,Japanese,10,高橋大輔,Irish,8
RNN,193,2.791334390640259,2.875246171951294,0,0.046632124352331605,0.04,Irish,8,Eoin McCarthy,French,5
RNN,194,2.8986945152282715,2.8766908073425292,0,0.04639175257731959,0.04,Scottish,15,Ewan Campbell,Czech,2
RNN,195,2.915165424346924,2.876022667884827,0,0.046153846153846156,0.04,Chinese,1,李敏,Irish,8
RNN,196,2.8643622398376465,2.8782882785797117,0,0.04591836734693878,0.04,Portuguese,13,Francisco Pereira,German,6
RNN,197,2.9609200954437256,2.879626474380493,0,0.04568527918781726,0.04,Chinese,1,王伟,Japanese,10
RNN,198,2.7698960304260254,2.877228102684021,0,0.045454545454545456,0.04,Japanese,10,加藤彩,Czech,2
RNN,199,2.975299119949341,2.879874587059021,0,0.04522613065326633,0.04,English,4,Michael Taylor,Irish,8
RNN,200,2.781895160675049,2.880751609802246,0,0.045,0.04,Irish,8,Patrick O'Brien,German,6
RNN,201,2.9099438190460205,2.8849326038360594,0,0.04477611940298507,0.02,Russian,14,Алексей Соколов,Irish,8
RNN,202,2.8616724014282227,2.8845064878463744,0,0.04455445544554455,0.02,Portuguese,13,Manuel Martins,Irish,8
RNN,203,2.9162402153015137,2.885593881607056,0,0.04433497536945813,0.02,Arabic,0,إبراهيم الخطيب,Irish,8
RNN,204,2.7944109439849854,2.8832862091064455,0,0.04411764705882353,0.02,Czech,2,Matěj Horák,Irish,8
RNN,205,2.967174768447876,2.883446035385132,0,0.04390243902439024,0.02,English,4,J.R. Davis,Irish,8
RNN,206,3.0001580715179443,2.8841554594039915,0,0.043689320388349516,0.02,Chinese,1,陈涛,Irish,8
RNN,207,2.880591869354248,2.8814114713668824,0,0.043478260869565216,0.02,Vietnamese,17,Trần Quân,German,6
RNN,208,2.8326258659362793,2.881320552825928,0,0.04326923076923077,0.02,Portuguese,13,Diogo Santos,Irish,8
RNN,209,2.942823648452759,2.884525384902954,0,0.0430622009569378,0.02,Chinese,1,刘霞,Irish,8
RNN,210,2.9331459999084473,2.8865961122512815,0,0.04285714285714286,0.02,Korean,11,김서준,Greek,7
RNN,211,2.897932529449463,2.887441482543945,0,0.04265402843601896,0.02,Korean,11,박지호,Irish,8
RNN,212,2.861489772796631,2.8847607707977296,0,0.04245283018867924,0.02,Greek,7,Μιχάλης Αλεξίου,Irish,8
RNN,213,2.9547502994537354,2.8871868562698366,0,0.04225352112676056,0.02,Dutch,3,Thomas van Dijk,Irish,8
RNN,214,2.8980298042297363,2.886681623458862,0,0.04205607476635514,0.02,Vietnamese,17,Huỳnh Đức,Irish,8
RNN,215,2.9470486640930176,2.8885315895080566,0,0.04186046511627907,0.02,English,4,James Brown,German,6
RNN,216,2.818371057510376,2.8859649181365965,0,0.041666666666666664,0.02,French,5,Étienne Thomas,Irish,8
RNN,217,2.8939261436462402,2.8871118116378782,0,0.041474654377880185,0.02,Portuguese,13,Miguel Silva,German,6
RNN,218,2.7786970138549805,2.8861474227905273,0,0.04128440366972477,0.02,French,5,Georges L'Hôpital,Czech,2
RNN,219,2.859761953353882,2.8886583852767944,0,0.0410958904109589,0.0,Japanese,10,渡辺裕子,Greek,7
RNN,220,2.837308168411255,2.8856691551208495,0,0.04090909090909091,0.0,Greek,7,Βασίλειος Δημητρίου,Irish,8
RNN,221,2.8054964542388916,2.8839118576049803,0,0.04072398190045249,0.0,French,5,J.-P. d'Aubigné,Irish,8
RNN,222,2.9397835731506348,2.8859341526031494,0,0.04054054054054054,0.0,Dutch,3,Sophie van Dijk,Irish,8
RNN,223,2.9306774139404297,2.8882095861434935,0,0.04035874439461883,0.0,Chinese,1,黄伟,Japanese,10
RNN,224,2.826026201248169,2.886489624977112,0,0.04017857142857143,0.0,Greek,7,Θεόδωρος Γεωργίου,Irish,8
RNN,225,2.906226873397827,2.8858669281005858,0,0.04,0.0,Russian,14,Евгений Кузнецов,Irish,8
RNN,226,2.955528974533081,2.885917081832886,0,0.03982300884955752,0.0,Italian,9,Vincenzo Ferrari,Greek,7
RNN,227,2.7908945083618164,2.8826265144348144,1,0.04405286343612335,0.02,Greek,7,Παναγιώτης Παπαδόπουλος,Greek,7
RNN,228,2.7463507652282715,2.878360767364502,0,0.043859649122807015,0.02,German,6,Klaus Meyer,Irish,8
RNN,229,2.800482988357544,2.8784296035766603,0,0.043668122270742356,0.02,Japanese,10,田中陽子,Greek,7
RNN,230,2.825251579284668,2.875928883552551,0,0.043478260869565216,0.02,Czech,2,Štěpán Němec,Irish,8
RNN,231,2.8318228721618652,2.8770436000823976,0,0.04329004329004329,0.02,Irish,8,Eoin O'Sullivan,German,6
RNN,232,2.958798885345459,2.87814031124115,0,0.04310344827586207,0.02,Spanish,16,Carlos Martínez,Czech,2
RNN,233,2.8955564498901367,2.8769520139694214,0,0.04291845493562232,0.02,Vietnamese,17,Hoàng Đức,Irish,8
RNN,234,2.9184341430664062,2.87680700302124,0,0.042735042735042736,0.02,Arabic,0,عبدالله الخطيب,Irish,8
RNN,235,2.77982497215271,2.8754485845565796,0,0.0425531914893617,0.02,Irish,8,Declan O'Brien,German,6
RNN,236,2.783437490463257,2.8705562353134155,0,0.0423728813559322,0.02,Irish,8,Eoin Murphy,Greek,7
RNN,237,2.9492645263671875,2.873189063072205,0,0.04219409282700422,0.02,Dutch,3,Joris Visser,Irish,8
RNN,238,2.8359951972961426,2.8703148221969603,0,0.04201680672268908,0.02,Portuguese,13,Jorge Oliveira,German,6
RNN,239,2.807337999343872,2.868913507461548,0,0.04184100418410042,0.02,Japanese,10,渡辺陽子,Greek,7
RNN,240,2.963334798812866,2.87191556930542,0,0.041666666666666664,0.02,Spanish,16,Jorge Fernández,Irish,8
RNN,241,2.9786012172698975,2.875909757614136,0,0.04149377593360996,0.02,Polish,12,Marcin Zieliński,Japanese,10
RNN,242,2.7527997493743896,2.8745119524002076,0,0.04132231404958678,0.02,German,6,Dieter Fischer,Irish,8
RNN,243,2.8724911212921143,2.8761350870132447,0,0.0411522633744856,0.02,Chinese,1,周芳,Japanese,10
RNN,244,2.880028009414673,2.8757617568969724,0,0.040983606557377046,0.02,Portuguese,13,João Silva,German,6
RNN,245,2.942739248275757,2.8763132333755492,0,0.04081632653061224,0.02,Spanish,16,Rafael Sánchez,Irish,8
RNN,246,2.742455244064331,2.873875093460083,0,0.04065040650406504,0.02,German,6,Johannes Weber,Irish,8
RNN,247,2.864386796951294,2.8719444274902344,0,0.04048582995951417,0.02,Portuguese,13,Filipe Silva,German,6
RNN,248,2.801136016845703,2.872569227218628,0,0.04032258064516129,0.02,Japanese,10,中村さくら,French,5
RNN,249,2.8231613636016846,2.8695264720916747,0,0.040160642570281124,0.02,Japanese,10,小林美咲,Irish,8
RNN,250,2.9558396339416504,2.873005361557007,0,0.04,0.02,Dutch,3,Johan Meijer,Irish,8
RNN,251,2.9985711574554443,2.8747779083251954,0,0.0398406374501992,0.02,Italian,9,Giovanni Colombo,Japanese,10
RNN,252,2.8991432189941406,2.8755273246765136,0,0.03968253968253968,0.02,Italian,9,Lorenzo Marino,Irish,8
RNN,253,2.795853614807129,2.873119592666626,0,0.039525691699604744,0.02,Portuguese,13,Manuel Oliveira,German,6
RNN,254,2.9711780548095703,2.876654934883118,0,0.03937007874015748,0.02,Polish,12,Zbigniew Szymański,Japanese,10
RNN,255,2.944993734359741,2.876211314201355,0,0.0392156862745098,0.02,Italian,9,Andrea Ricci,Japanese,10
RNN,256,2.95479416847229,2.875304036140442,0,0.0390625,0.02,English,4,Charles Williams,Irish,8
RNN,257,2.757909059524536,2.8728503799438476,0,0.038910505836575876,0.02,Portuguese,13,Francisco Jesus,Irish,8
RNN,258,2.9541432857513428,2.875280728340149,0,0.03875968992248062,0.02,Polish,12,Adam Szymański,Japanese,10
RNN,259,2.7941970825195312,2.8723081970214843,0,0.03861003861003861,0.02,French,5,Pierre Dubois,Irish,8
RNN,260,2.860624074935913,2.8708577585220336,0,0.038461538461538464,0.02,Italian,9,Carlo Romano,Irish,8
RNN,261,2.8849339485168457,2.870597786903381,0,0.038314176245210725,0.02,Vietnamese,17,Nguyễn Anh,Irish,8
RNN,262,2.883946418762207,2.871046919822693,0,0.03816793893129771,0.02,Italian,9,Matteo Esposito,French,5
RNN,263,2.7162604331970215,2.8662771224975585,1,0.04182509505703422,0.04,German,6,Christian Meyer,German,6
RNN,264,2.7908928394317627,2.8641343832015993,0,0.041666666666666664,0.04,Japanese,10,渡辺さくら,French,5
RNN,265,2.9263551235198975,2.863720512390137,0,0.04150943396226415,0.04,Russian,14,Михаил Попов,Japanese,10
RNN,266,2.7142791748046875,2.8616386747360227,1,0.045112781954887216,0.06,German,6,Christian Wagner,German,6
RNN,267,2.9317257404327393,2.862394666671753,0,0.0449438202247191,0.06,Scottish,15,Hamish Robertson,German,6
RNN,268,2.804392099380493,2.862908568382263,0,0.04477611940298507,0.06,French,5,Georges d'Aubigné,Irish,8
RNN,269,2.8382444381713867,2.8624782180786132,0,0.04460966542750929,0.06,Czech,2,David Dvořák,German,6
RNN,270,2.9331095218658447,2.864394245147705,0,0.044444444444444446,0.06,Spanish,16,Jorge Gómez,German,6
RNN,271,2.7738635540008545,2.8637615871429443,1,0.04797047970479705,0.08,Japanese,10,鈴木直子,Japanese,10
RNN,272,2.8351755142211914,2.8616694259643554,0,0.04779411764705882,0.08,Greek,7,Σπυρίδων Αλεξίου,Japanese,10
RNN,273,2.886017084121704,2.860776219367981,0,0.047619047619047616,0.08,Italian,9,Stefano Ferrari,Japanese,10
RNN,274,2.7637953758239746,2.859531602859497,0,0.04744525547445255,0.08,German,6,Felix Schmidt,Irish,8
RNN,275,2.9814655780792236,2.861036376953125,0,0.04727272727272727,0.08,Arabic,0,طارق الحداد,German,6
RNN,276,2.8214166164398193,2.85835412979126,0,0.04710144927536232,0.08,Greek,7,Δημήτριος Κωνσταντίνου,Japanese,10
RNN,277,2.8790879249572754,2.860117998123169,0,0.04693140794223827,0.06,Czech,2,Matěj Procházka,German,6
RNN,278,2.757232427597046,2.8603356313705444,0,0.046762589928057555,0.06,Portuguese,13,José Jesus,German,6
RNN,279,2.7500381469726562,2.859326734542847,1,0.05017921146953405,0.08,German,6,Wolfgang Hoffmann,German,6
RNN,280,2.948913335800171,2.861799969673157,0,0.05,0.08,Polish,12,Michał Lewandowski,Japanese,10
RNN,281,2.9122989177703857,2.8634094905853273,0,0.0498220640569395,0.08,Polish,12,Andrzej Wójcik,German,6
RNN,282,2.9790046215057373,2.8638136053085326,0,0.04964539007092199,0.08,English,4,Joseph Taylor,German,6
RNN,283,2.9418768882751465,2.864740014076233,0,0.04946996466431095,0.08,Arabic,0,كريم القحطاني,German,6
RNN,284,2.9624195098876953,2.8656197214126586,0,0.04929577464788732,0.08,Dutch,3,Lotte Meijer,German,6
RNN,285,2.7711234092712402,2.8654456901550294,0,0.04912280701754386,0.08,Portuguese,13,Bruno Ferreira,German,6
RNN,286,2.79937481880188,2.865764436721802,0,0.04895104895104895,0.08,French,5,Jean-Luc d'Aubigné,German,6
RNN,287,2.914605140686035,2.865071249008179,0,0.04878048780487805,0.08,Spanish,16,Sergio Martínez,German,6
RNN,288,2.9173784255981445,2.866698913574219,0,0.04861111111111111,0.08,Chinese,1,赵娜,German,6
RNN,289,2.8166050910949707,2.8668842554092406,0,0.04844290657439446,0.08,Greek,7,Θεόδωρος Παπαδάκης,Japanese,10
RNN,290,2.9261233806610107,2.8661400270462036,0,0.04827586206896552,0.08,Russian,14,Николай Петров,Japanese,10
RNN,291,2.8962721824645996,2.8644934463500977,0,0.048109965635738834,0.08,Russian,14,Иван Михайлов,Japanese,10
RNN,292,2.90482497215271,2.867533950805664,0,0.04794520547945205,0.08,Spanish,16,Daniel Pérez,German,6
RNN,293,2.7870469093322754,2.865825066566467,0,0.04778156996587031,0.08,Japanese,10,加藤京子,Greek,7
RNN,294,2.874462127685547,2.865713748931885,0,0.047619047619047616,0.08,Russian,14,Павел Соколов,Japanese,10
RNN,295,2.8787264823913574,2.8644334936141966,0,0.04745762711864407,0.08,Spanish,16,Jorge Martínez,German,6
RNN,296,2.931245803833008,2.8682093048095703,0,0.0472972972972973,0.08,Vietnamese,17,Huỳnh Nam,French,5
RNN,297,2.76011061668396,2.8661237812042235,1,0.050505050505050504,0.1,French,5,Jules L'Hôpital,French,5
RNN,298,2.986246347427368,2.8698259878158567,0,0.050335570469798654,0.1,Scottish,15,Rory Murray,German,6
RNN,299,2.8154826164245605,2.8696724128723146,0,0.05016722408026756,0.1,Irish,8,Ciarán Kennedy,German,6
RNN,300,2.803511142730713,2.8666258430480958,0,0.05,0.1,Greek,7,Νικόλαος Αλεξίου,German,6
RNN,301,2.7944889068603516,2.862544198036194,0,0.04983388704318937,0.1,Irish,8,Brian Kennedy,German,6
RNN,302,2.8804128170013428,2.8621695899963377,0,0.04966887417218543,0.1,Spanish,16,David Sánchez,French,5
RNN,303,2.774489402770996,2.861742305755615,0,0.04950495049504951,0.1,Greek,7,Μιχάλης Δημητρίου,Irish,8
RNN,304,2.860088348388672,2.8595205116271973,0,0.049342105263157895,0.1,Russian,14,Юрий Иванов,Japanese,10
RNN,305,2.8766191005706787,2.858153018951416,0,0.04918032786885246,0.1,Italian,9,Alessandro Esposito,Greek,7
RNN,306,2.826869010925293,2.855594515800476,0,0.049019607843137254,0.1,Irish,8,Declan O'Sullivan,German,6
RNN,307,2.7523224353790283,2.8554827833175658,1,0.05211726384364821,0.12,Japanese,10,山本健一,Japanese,10
RNN,308,2.863401174545288,2.8536679410934447,0,0.05194805194805195,0.12,Czech,2,Daniel Svoboda,German,6
RNN,309,2.963130235671997,2.857046604156494,0,0.05177993527508091,0.12,English,4,J.R. Williams,Irish,8
RNN,310,2.936176061630249,2.858557643890381,0,0.05161290322580645,0.12,Polish,12,Stanisław Szymański,Japanese,10
RNN,311,2.995927333831787,2.86077751159668,0,0.05144694533762058,0.12,English,4,James St. John,German,6
RNN,312,2.6902732849121094,2.8569040489196778,1,0.05448717948717949,0.14,German,6,Lukas Müller,German,6
RNN,313,2.7612555027008057,2.857803950309753,0,0.054313099041533544,0.12,Portuguese,13,Carlos Costa,German,6
RNN,314,2.739102363586426,2.8567681407928465,1,0.05732484076433121,0.14,Japanese,10,山本健一,Japanese,10
RNN,315,2.8693525791168213,2.8556280899047852,0,0.05714285714285714,0.14,Russian,14,Виктор Попов,Japanese,10
RNN,316,2.9679718017578125,2.8607019424438476,0,0.056962025316455694,0.12,Chinese,1,张杰,Japanese,10
RNN,317,2.7625718116760254,2.8573188638687133,0,0.056782334384858045,0.12,Portuguese,13,Inês Oliveira,German,6
RNN,318,2.9413974285125732,2.860058970451355,0,0.05660377358490566,0.12,Arabic,0,ياسر القحطاني,German,6
RNN,319,2.9260096549987793,2.861814274787903,0,0.05642633228840126,0.12,Polish,12,Andrzej Lewandowski,Japanese,10
RNN,320,2.973578453063965,2.862623653411865,0,0.05625,0.12,Arabic,0,سعيد الغامدي,Greek,7
RNN,321,2.8817532062530518,2.864781446456909,0,0.056074766355140186,0.1,Italian,9,Marco Greco,Portuguese,13
RNN,322,2.9046285152435303,2.866170506477356,0,0.055900621118012424,0.1,Polish,12,Marcin Kamiński,Japanese,10
RNN,323,2.895716428756714,2.8663644933700563,0,0.05572755417956656,0.1,Vietnamese,17,Đặng Linh,Japanese,10
RNN,324,2.91715407371521,2.869431667327881,0,0.05555555555555555,0.1,Vietnamese,17,Vũ Nam,French,5
RNN,325,2.7874741554260254,2.8655518388748167,0,0.055384615384615386,0.1,Greek,7,Κωνσταντίνος Κωνσταντίνου,Japanese,10
RNN,326,2.7511303424835205,2.864146113395691,1,0.05828220858895705,0.12,Greek,7,Ανδρέας Δημητρίου,Greek,7
RNN,327,2.7840323448181152,2.8622450017929078,0,0.0581039755351682,0.12,Portuguese,13,Carlos Rodrigues,German,6
RNN,328,2.9550435543060303,2.8662012243270873,0,0.057926829268292686,0.12,Arabic,0,مصطفى الغامدي,Greek,7
RNN,329,2.7463912963867188,2.8661282873153686,0,0.057750759878419454,0.1,Japanese,10,小林陽子,Greek,7
RNN,330,2.8963418006896973,2.8650768566131593,0,0.05757575757575758,0.1,Polish,12,Paweł Woźniak,Japanese,10
RNN,331,2.781562328338623,2.862462124824524,0,0.05740181268882175,0.1,French,5,J.-P. Richard,Japanese,10
RNN,332,2.9188504219055176,2.8612590408325196,0,0.0572289156626506,0.1,English,4,J.R. Wilson,German,6
RNN,333,2.8816723823547363,2.8600549507141113,0,0.057057057057057055,0.1,Vietnamese,17,Nguyễn Hiếu,Portuguese,13
RNN,334,2.879377603530884,2.858394112586975,0,0.05688622754491018,0.1,Polish,12,Wojciech Zieliński,Japanese,10
RNN,335,2.882296562194824,2.860617575645447,0,0.056716417910447764,0.1,Arabic,0,أحمد الخطيب,Greek,7
RNN,336,2.7454774379730225,2.8595396280288696,1,0.05952380952380952,0.12,Portuguese,13,André Santos,Portuguese,13
RNN,337,2.8584232330322266,2.8584159898757933,0,0.05934718100890208,0.12,Russian,14,Виктор Сидоров,Japanese,10
RNN,338,2.956955909729004,2.8592075395584104,0,0.05917159763313609,0.12,Chinese,1,刘强,Japanese,10
RNN,339,2.8377175331115723,2.8596297883987427,0,0.058997050147492625,0.12,Polish,12,Krzysztof Kowalczyk,Japanese,10
RNN,340,2.6952874660491943,2.8550130701065064,1,0.061764705882352944,0.14,German,6,Lukas Meyer,German,6
RNN,341,2.7337698936462402,2.8517630243301393,1,0.06451612903225806,0.16,Japanese,10,伊藤翔,Japanese,10
RNN,342,2.8498947620391846,2.8506644201278686,0,0.06432748538011696,0.16,Polish,12,Wojciech Wójcik,Japanese,10
RNN,343,2.720741033554077,2.8493383026123045,1,0.06705539358600583,0.18,Portuguese,13,Carlos Pereira,Portuguese,13
RNN,344,2.915512800216675,2.850159316062927,0,0.06686046511627906,0.18,Czech,2,Jan Kučera,Portuguese,13
RNN,345,2.878434419631958,2.850153474807739,0,0.06666666666666667,0.18,Arabic,0,طارق القحطاني,German,6
RNN,346,2.8665883541107178,2.8488603258132934,0,0.06647398843930635,0.18,Vietnamese,17,Nguyễn Minh,Japanese,10
RNN,347,3.0011188983917236,2.8536804914474487,0,0.06628242074927954,0.16,Korean,11,박하은,Greek,7
RNN,348,2.869332790374756,2.8513422203063965,0,0.06609195402298851,0.16,Czech,2,Václav Němec,Portuguese,13
RNN,349,2.9043774604797363,2.8531201171875,0,0.0659025787965616,0.16,Chinese,1,周娟,French,5
RNN,350,2.864348888397217,2.85433687210083,0,0.06571428571428571,0.16,Arabic,0,عمر العتيبي,German,6
RNN,351,2.6824071407318115,2.8520952367782595,1,0.06837606837606838,0.18,German,6,Dieter Müller,German,6
RNN,352,2.957693099975586,2.853640842437744,0,0.06818181818181818,0.18,English,4,John Brown,German,6
RNN,353,2.947006940841675,2.8570911931991576,0,0.0679886685552408,0.18,English,4,John Davis,Portuguese,13
RNN,354,2.98599910736084,2.859609408378601,0,0.06779661016949153,0.18,Dutch,3,Johan Visser,German,6
RNN,355,2.6690526008605957,2.8554580783843995,1,0.07042253521126761,0.2,German,6,Hannah Meyer,German,6
RNN,356,2.807753324508667,2.8550757646560667,0,0.0702247191011236,0.2,Irish,8,Brian Kennedy,German,6
RNN,357,2.969693183898926,2.859423179626465,0,0.0700280112044818,0.18,Korean,11,박현우,Greek,7
RNN,358,2.9856338500976562,2.861867833137512,0,0.06983240223463687,0.18,Dutch,3,Lotte Meijer,German,6
RNN,359,2.8540947437286377,2.859687123298645,0,0.06963788300835655,0.18,French,5,J.-P. Petit,Japanese,10
RNN,360,2.948254346847534,2.8599286890029907,0,0.06944444444444445,0.18,Dutch,3,Daan Visser,German,6
RNN,361,2.8500261306762695,2.8570106649398803,0,0.06925207756232687,0.18,Arabic,0,مصطفى العتيبي,German,6
RNN,362,2.8543128967285156,2.8602914571762086,0,0.06906077348066299,0.16,Polish,12,Piotr Kamiński,Portuguese,13
RNN,363,2.657088041305542,2.858208107948303,1,0.07162534435261708,0.18,German,6,Hannah Müller,German,6
RNN,364,2.8073201179504395,2.8595724630355837,0,0.07142857142857142,0.16,Greek,7,Παναγιώτης Παπαδάκης,Japanese,10
RNN,365,2.8634424209594727,2.8594542598724364,0,0.07123287671232877,0.16,Italian,9,Pietro Marino,Japanese,10
RNN,366,2.9301435947418213,2.8586976957321166,0,0.07103825136612021,0.16,Dutch,3,Johan Visser,German,6
RNN,367,2.97232723236084,2.862892804145813,0,0.07084468664850137,0.16,Chinese,1,陈军,Greek,7
RNN,368,2.836373805999756,2.860792331695557,0,0.07065217391304347,0.16,Vietnamese,17,Huỳnh Khang,Japanese,10
RNN,369,2.99863862991333,2.8622449111938475,0,0.07046070460704607,0.16,Korean,11,김하은,Greek,7
RNN,370,2.9047508239746094,2.8608683586120605,0,0.07027027027027027,0.16,Spanish,16,Diego Gómez,German,6
RNN,371,2.786024332046509,2.8589537811279295,0,0.07008086253369272,0.16,Japanese,10,佐藤直子,Greek,7
RNN,372,2.7710816860198975,2.856282844543457,0,0.06989247311827956,0.16,Portuguese,13,Pedro Rodrigues,German,6
RNN,373,2.9376039505004883,2.8571205949783325,0,0.06970509383378017,0.16,Dutch,3,Thomas Bakker,German,6
RNN,374,2.965996503829956,2.8580974435806272,0,0.06951871657754011,0.16,Korean,11,장현우,Greek,7
RNN,375,2.85020112991333,2.8593519830703737,0,0.06933333333333333,0.16,Russian,14,Алексей Новиков,Japanese,10
RNN,376,2.963524580001831,2.86359986782074,0,0.06914893617021277,0.14,English,4,Daniel Miller,German,6
RNN,377,2.7910382747650146,2.8637399864196778,0,0.06896551724137931,0.14,French,5,Gabriel L'Hôpital,Japanese,10
RNN,378,2.889766216278076,2.862434439659119,0,0.06878306878306878,0.14,Spanish,16,Fernando Gómez,German,6
RNN,379,2.7549760341644287,2.8626061344146727,0,0.06860158311345646,0.14,Irish,8,Maeve Gallagher,German,6
RNN,380,2.8439102172851562,2.861557502746582,0,0.06842105263157895,0.14,Vietnamese,17,Đặng Thành,German,6
RNN,381,3.0255908966064453,2.8664380741119384,0,0.06824146981627296,0.14,Scottish,15,Isla Murray,German,6
RNN,382,2.778345823287964,2.8636279821395876,0,0.06806282722513089,0.14,Portuguese,13,Rui Sousa,German,6
RNN,383,2.8452987670898438,2.8629005098342897,0,0.06788511749347259,0.14,Irish,8,Liam O'Sullivan,German,6
RNN,384,2.802079916000366,2.861354556083679,0,0.06770833333333333,0.14,Greek,7,Ιωάννης Παπαδάκης,Portuguese,13
RNN,385,2.7273318767547607,2.858255262374878,1,0.07012987012987013,0.16,Irish,8,Michael Doyle,Irish,8
RNN,386,2.784130811691284,2.8590283298492434,0,0.06994818652849741,0.14,Greek,7,Σπυρίδων Σταυρίδης,Portuguese,13
RNN,387,2.8417859077453613,2.858695583343506,0,0.06976744186046512,0.14,Russian,14,Борис Соколов,Japanese,10
RNN,388,2.828608751296997,2.8561286401748656,0,0.06958762886597938,0.14,Polish,12,Michał Kowalczyk,Japanese,10
RNN,389,2.8551886081695557,2.8564780616760252,0,0.06940874035989718,0.14,Arabic,0,حسين الحسيني,German,6
RNN,390,2.746471881866455,2.8575017499923705,0,0.06923076923076923,0.12,Japanese,10,高橋翔,German,6
RNN,391,3.0170631408691406,2.863167614936829,0,0.06905370843989769,0.1,Scottish,15,Ross MacKenzie,Irish,8
RNN,392,2.990966558456421,2.8659890508651733,0,0.06887755102040816,0.1,Korean,11,최동현,German,6
RNN,393,2.730008840560913,2.86617440700531,1,0.07124681933842239,0.1,Japanese,10,田中陽子,Japanese,10
RNN,394,2.7116024494171143,2.8620961999893186,0,0.07106598984771574,0.1,Irish,8,Liam Gallagher,German,6
RNN,395,2.8358097076416016,2.8612437057495117,0,0.07088607594936709,0.1,Arabic,0,كريم الحسيني,German,6
RNN,396,2.761993885040283,2.859151816368103,0,0.0707070707070707,0.1,German,6,Peter Schmidt,Irish,8
RNN,397,2.7737483978271484,2.8546044063568115,0,0.07052896725440806,0.1,Greek,7,Κωνσταντίνος Σταυρίδης,German,6
RNN,398,2.7536685466766357,2.8522911214828492,1,0.0728643216080402,0.12,Portuguese,13,Pedro Rodrigues,Portuguese,13
RNN,399,2.899197578430176,2.8521875238418577,0,0.07268170426065163,0.12,Vietnamese,17,Đặng Nam,German,6
RNN,400,2.7501492500305176,2.8499035310745238,1,0.075,0.14,Greek,7,Μαρία Αλεξίου,Greek,7
RNN,401,3.0087363719940186,2.856430115699768,0,0.07481296758104738,0.12,Scottish,15,Fergus Douglas,Portuguese,13
RNN,402,2.987851619720459,2.8570332860946657,0,0.07462686567164178,0.12,Scottish,15,Ross Murray,German,6
RNN,403,2.8268322944641113,2.8546297931671143,0,0.07444168734491315,0.12,Arabic,0,عمر الخطيب,Greek,7
RNN,404,2.9330496788024902,2.853570804595947,0,0.07425742574257425,0.12,Italian,9,Riccardo Ferrari,Greek,7
RNN,405,2.8594090938568115,2.8573779344558714,0,0.07407407407407407,0.1,Polish,12,Stanisław Szymański,Portuguese,13
RNN,406,2.718916654586792,2.855601201057434,1,0.07635467980295567,0.12,Greek,7,Αικατερίνη Δημητρίου,Greek,7
RNN,407,2.9818480014801025,2.8558442974090577,0,0.07616707616707617,0.12,Korean,11,조지훈,Japanese,10
RNN,408,2.8464465141296387,2.853060550689697,0,0.07598039215686274,0.12,Vietnamese,17,Phan Ngọc,Greek,7
RNN,409,2.9623241424560547,2.8552251386642458,0,0.07579462102689487,0.12,Korean,11,강재현,Greek,7
RNN,410,2.87430477142334,2.853746147155762,0,0.07560975609756097,0.12,Vietnamese,17,Hoàng Đức,Greek,7
RNN,411,2.939485788345337,2.8555353403091432,0,0.07542579075425791,0.12,Korean,11,장민지,Greek,7
RNN,412,2.8461756706237793,2.855372595787048,0,0.07524271844660194,0.12,Russian,14,Евгений Смирнов,Japanese,10
RNN,413,2.8959529399871826,2.8601498937606813,0,0.07506053268765134,0.1,Italian,9,Davide Esposito,Greek,7
RNN,414,2.7329213619232178,2.8586619186401365,1,0.07729468599033816,0.12,Greek,7,Μιχάλης Παπαδάκης,Greek,7
RNN,415,2.6975865364074707,2.8553448009490965,1,0.07951807228915662,0.14,German,6,Hans Weber,German,6
RNN,416,2.9481873512268066,2.8557056760787964,0,0.07932692307692307,0.14,Dutch,3,Thomas Meijer,German,6
RNN,417,2.8154728412628174,2.852568588256836,0,0.07913669064748201,0.14,Vietnamese,17,Đặng Ngọc,Greek,7
RNN,418,2.849367141723633,2.8528284549713137,0,0.07894736842105263,0.14,French,5,Hugo Thomas,Portuguese,13
RNN,419,2.753619909286499,2.847928080558777,1,0.081145584725537,0.16,German,6,Stefan Hoffmann,German,6
RNN,420,2.96164608001709,2.8490659856796263,0,0.08095238095238096,0.16,Scottish,15,Lachlan Campbell,German,6
RNN,421,2.9117236137390137,2.8515799713134764,0,0.08076009501187649,0.16,Spanish,16,Luis Pérez,German,6
RNN,422,2.9013898372650146,2.854186134338379,0,0.08056872037914692,0.16,Italian,9,Domenico Russo,Greek,7
RNN,423,2.6651999950408936,2.848738055229187,1,0.08274231678486997,0.18,German,6,Maximilian Fischer,German,6
RNN,424,2.71512770652771,2.843720679283142,1,0.08490566037735849,0.2,Greek,7,Σπυρίδων Νικολάου,Greek,7
RNN,425,2.873598337173462,2.844188623428345,0,0.08470588235294117,0.2,French,5,Pierre Petit,Greek,7
RNN,426,2.8180062770843506,2.841278257369995,0,0.08450704225352113,0.2,Arabic,0,أحمد القحطاني,German,6
RNN,427,2.787036895751953,2.841198229789734,0,0.08430913348946135,0.2,Vietnamese,17,Trần Long,Greek,7
RNN,428,2.8318090438842773,2.840039086341858,0,0.08411214953271028,0.2,Irish,8,Brendan Murphy,Greek,7
RNN,429,2.9118685722351074,2.8431769371032716,0,0.08391608391608392,0.2,Chinese,1,赵芳,German,6
RNN,430,2.830442428588867,2.842907581329346,0,0.08372093023255814,0.2,Italian,9,Vincenzo Marino,Greek,7
RNN,431,2.9720213413238525,2.841836190223694,0,0.08352668213457076,0.2,English,4,Michael Taylor,German,6
RNN,432,2.901174545288086,2.844292764663696,0,0.08333333333333333,0.2,Scottish,15,Fraser MacLeod,Greek,7
RNN,433,2.890303611755371,2.845192861557007,0,0.08314087759815242,0.2,Arabic,0,حسين المالكي,Greek,7
RNN,434,2.898350477218628,2.847118272781372,0,0.08294930875576037,0.2,Italian,9,Alessandro Colombo,Greek,7
RNN,435,2.9565329551696777,2.8517022943496704,0,0.08275862068965517,0.18,Scottish,15,Murdo Murray,German,6
RNN,436,2.8128185272216797,2.8522760486602783,0,0.08256880733944955,0.18,Japanese,10,高橋愛,German,6
RNN,437,2.9731690883636475,2.854903712272644,0,0.08237986270022883,0.18,Chinese,1,刘静,Greek,7
RNN,438,2.868464469909668,2.8557008266448975,0,0.0821917808219178,0.18,Scottish,15,Iain MacLeod,Greek,7
RNN,439,2.968597650527954,2.8579690074920654,0,0.08200455580865604,0.18,Czech,2,Pavel Procházka,German,6
RNN,440,2.9164981842041016,2.8613695335388183,0,0.08181818181818182,0.18,Scottish,15,Aileen MacDonald,German,6
RNN,441,2.9637625217437744,2.860303521156311,0,0.08163265306122448,0.18,Chinese,1,李霞,Irish,8
RNN,442,2.9105165004730225,2.858694519996643,0,0.08144796380090498,0.18,English,4,William Wilson,Greek,7
RNN,443,2.858832359313965,2.861270990371704,0,0.08126410835214447,0.16,Italian,9,Andrea Russo,Greek,7
RNN,444,2.726327896118164,2.861565499305725,1,0.08333333333333333,0.18,Greek,7,Μιχάλης Παπαδάκης,Greek,7
RNN,445,2.802734613418579,2.8609039974212647,0,0.08314606741573034,0.18,Vietnamese,17,Đặng Ngọc,Greek,7
RNN,446,2.769460439682007,2.861053328514099,1,0.08520179372197309,0.2,Portuguese,13,Ricardo Martins,Portuguese,13
RNN,447,2.7048768997192383,2.859675898551941,1,0.087248322147651,0.22,Greek,7,Αικατερίνη Σταυρίδης,Greek,7
RNN,448,2.8980846405029297,2.862564220428467,0,0.08705357142857142,0.2,Spanish,16,Rafael López,German,6
RNN,449,2.8625855445861816,2.861831979751587,0,0.08685968819599109,0.2,Russian,14,Михаил Попов,Greek,7
RNN,450,2.8730294704437256,2.864289584159851,0,0.08666666666666667,0.18,Italian,9,Lorenzo Ricci,Greek,7
RNN,451,2.728972911834717,2.858694314956665,1,0.08869179600886919,0.2,Portuguese,13,Mário Pereira,Portuguese,13
RNN,452,2.9346604347229004,2.857630491256714,0,0.08849557522123894,0.2,Chinese,1,赵超,German,6
RNN,453,2.9485089778900146,2.860064024925232,0,0.08830022075055188,0.2,Dutch,3,Sem Meijer,German,6
RNN,454,2.731243848800659,2.856027908325195,1,0.09030837004405286,0.22,German,6,Hans Schulz,German,6
RNN,455,2.6633644104003906,2.8521070146560668,1,0.09230769230769231,0.24,German,6,Thomas Fischer,German,6
RNN,456,2.9102039337158203,2.8559327602386473,0,0.09210526315789473,0.22,Czech,2,Jan Novotný,Greek,7
RNN,457,2.6812686920166016,2.8499211740493773,1,0.09409190371991247,0.24,Greek,7,Κωνσταντίνος Γεωργίου,Greek,7
RNN,458,2.837836980819702,2.849748983383179,0,0.09388646288209607,0.24,Vietnamese,17,Nguyễn Tuấn,German,6
RNN,459,2.889521598815918,2.848292932510376,0,0.09368191721132897,0.24,French,5,Arthur Martin,Greek,7
RNN,460,2.7172672748565674,2.8451521825790405,1,0.09565217391304348,0.26,Portuguese,13,Ricardo Costa,Portuguese,13
RNN,461,2.9084792137145996,2.844532051086426,0,0.09544468546637744,0.26,Scottish,15,Ross Campbell,German,6
RNN,462,2.985813617706299,2.847324810028076,0,0.09523809523809523,0.26,Chinese,1,张平,German,6
RNN,463,2.815507650375366,2.8457159042358398,0,0.09503239740820735,0.26,Italian,9,Alessandro Greco,Greek,7
RNN,464,2.7569570541381836,2.846196618080139,1,0.09698275862068965,0.26,Italian,9,Giuseppe Marino,Italian,9
RNN,465,2.8363420963287354,2.8489717292785643,0,0.0967741935483871,0.24,Russian,14,Сергей Иванов,Greek,7
RNN,466,2.6596550941467285,2.843201084136963,1,0.09871244635193133,0.26,Greek,7,Χρήστος Δημητρίου,Greek,7
RNN,467,2.643031597137451,2.8397522592544555,1,0.1006423982869379,0.28,German,6,Andreas Meyer,German,6
RNN,468,2.9931082725524902,2.842627081871033,0,0.10042735042735043,0.28,Dutch,3,Lotte Janssen,German,6
RNN,469,2.653930425643921,2.840633292198181,1,0.1023454157782516,0.28,Greek,7,Αλέξανδρος Αλεξίου,Greek,7
RNN,470,2.9599854946136475,2.840600080490112,0,0.10212765957446808,0.28,English,4,Thomas Brown,Greek,7
RNN,471,2.9666690826416016,2.841698989868164,0,0.10191082802547771,0.28,English,4,Andrew Smith,Greek,7
RNN,472,2.959713935852051,2.8428654718399047,0,0.1016949152542373,0.28,Chinese,1,张娜,Greek,7
RNN,473,2.828939199447632,2.8461402559280398,0,0.1014799154334038,0.26,Italian,9,Marco Ricci,Greek,7
RNN,474,2.720916986465454,2.8462560415267943,1,0.10337552742616034,0.26,Italian,9,Marco Romano,Italian,9
RNN,475,2.92570161819458,2.8472981071472168,0,0.1031578947368421,0.26,Dutch,3,Lotte Bakker,German,6
RNN,476,2.7024827003479004,2.8449876356124877,1,0.10504201680672269,0.28,Italian,9,Giuseppe Marino,Italian,9
RNN,477,2.897465705871582,2.8471962118148806,0,0.10482180293501048,0.28,Polish,12,Mateusz Wójcik,Greek,7
RNN,478,2.913431406021118,2.848828659057617,0,0.10460251046025104,0.28,Spanish,16,Sergio Sánchez,German,6
RNN,479,2.9224374294281006,2.849040036201477,0,0.10438413361169102,0.28,Scottish,15,Murdo Murray,Greek,7
RNN,480,2.882141590118408,2.8500740194320677,0,0.10416666666666667,0.28,Czech,2,Adam Veselý,Greek,7
RNN,481,2.9457037448883057,2.849547667503357,0,0.10395010395010396,0.28,Chinese,1,杨勇,Greek,7
RNN,482,2.8629870414733887,2.848783917427063,0,0.1037344398340249,0.28,Japanese,10,中村誠,Greek,7
RNN,483,2.881243944168091,2.8486027240753176,0,0.10351966873706005,0.28,Irish,8,Oisín Murphy,Greek,7
RNN,484,2.8910837173461914,2.848457388877869,0,0.10330578512396695,0.28,Czech,2,Břetislav Novotný,Greek,7
RNN,485,2.8415238857269287,2.846157207489014,0,0.10309278350515463,0.28,Arabic,0,ياسر القحطاني,Greek,7
RNN,486,2.773869752883911,2.8453782320022585,0,0.102880658436214,0.28,Irish,8,Fionn Gallagher,German,6
RNN,487,2.9674324989318848,2.845263500213623,0,0.1026694045174538,0.28,Chinese,1,周明,German,6
RNN,488,2.851823091506958,2.8449306726455688,0,0.10245901639344263,0.28,French,5,Arthur Durand,Greek,7
RNN,489,2.8919222354888916,2.8433971643447875,0,0.10224948875255624,0.28,Spanish,16,Fernando Gómez,German,6
RNN,490,2.8586363792419434,2.8422399282455446,0,0.10204081632653061,0.28,Russian,14,Игорь Смирнов,Greek,7
RNN,491,2.830188751220703,2.839568452835083,0,0.10183299389002037,0.28,French,5,Hugo Dubois,Greek,7
RNN,492,2.7234907150268555,2.83582793712616,1,0.10365853658536585,0.3,Portuguese,13,António Jesus,Portuguese,13
RNN,493,2.84334397315979,2.835518169403076,0,0.10344827586206896,0.3,Scottish,15,Duncan MacLeod,Greek,7
RNN,494,2.9276528358459473,2.839544668197632,0,0.10323886639676114,0.28,Scottish,15,Iain Stewart,Greek,7
RNN,495,2.7317376136779785,2.83812472820282,1,0.10505050505050505,0.3,Portuguese,13,Pedro Oliveira,Portuguese,13
RNN,496,2.789240598678589,2.8385203313827514,0,0.10483870967741936,0.28,Japanese,10,小林陽子,Greek,7
RNN,497,2.9418675899505615,2.843260145187378,0,0.10462776659959759,0.26,Dutch,3,Pieter de Vries,Greek,7
RNN,498,2.822648763656616,2.841751427650452,0,0.10441767068273092,0.26,Japanese,10,渡辺裕子,Greek,7
RNN,499,2.870346784591675,2.8419066524505614,0,0.10420841683366733,0.26,Scottish,15,Niall Campbell,Greek,7
RNN,500,2.8972325325012207,2.8423907136917115,0,0.104,0.26,Polish,12,Bartosz Woźniak,Greek,7
RNN,501,2.8179123401641846,2.8441695022583007,0,0.10379241516966067,0.24,Vietnamese,17,Nguyễn Khang,Greek,7
RNN,502,2.8512728214263916,2.842501749992371,0,0.10358565737051793,0.24,Russian,14,Андрей Петров,Greek,7
RNN,503,2.774770736694336,2.839026985168457,0,0.10337972166998012,0.24,Japanese,10,田中健,Greek,7
RNN,504,2.8204538822174072,2.840811185836792,0,0.10317460317460317,0.22,Japanese,10,鈴木美咲,Greek,7
RNN,505,2.8855948448181152,2.8452557945251464,0,0.10297029702970296,0.2,Polish,12,Wojciech Lewandowski,Greek,7
RNN,506,2.879878282546997,2.84464928150177,0,0.10276679841897234,0.2,Arabic,0,إبراهيم الشمري,Greek,7
RNN,507,2.8163604736328125,2.847351117134094,0,0.10256410256410256,0.18,Vietnamese,17,Huỳnh Thành,Greek,7
RNN,508,2.7950456142425537,2.8464952898025513,0,0.10236220472440945,0.18,Portuguese,13,Tiago Silva,German,6
RNN,509,2.678351640701294,2.8422718906402586,1,0.10412573673870335,0.2,German,6,Markus Wagner,German,6
RNN,510,2.9908385276794434,2.8477433156967162,0,0.10392156862745099,0.18,Korean,11,윤민지,Greek,7
RNN,511,2.898080587387085,2.847535343170166,0,0.10371819960861056,0.18,Scottish,15,Alasdair Douglas,German,6
RNN,512,2.8224222660064697,2.8442675161361692,0,0.103515625,0.18,Russian,14,Николай Новиков,Greek,7
RNN,513,2.9502997398376465,2.846963357925415,0,0.10331384015594541,0.18,Chinese,1,张杰,German,6
RNN,514,2.769418954849243,2.847212595939636,0,0.10311284046692606,0.16,Irish,8,Seán Gallagher,German,6
RNN,515,2.9651286602020264,2.849788327217102,0,0.1029126213592233,0.16,English,4,Anthony Brown,Greek,7
RNN,516,2.8088130950927734,2.852771487236023,0,0.10271317829457365,0.14,Russian,14,Сергей Михайлов,Japanese,10
RNN,517,2.7960903644561768,2.8558326625823973,0,0.10251450676982592,0.12,Scottish,15,Malcolm MacLeod,Greek,7
RNN,518,2.8618762493133545,2.853208022117615,0,0.10231660231660232,0.12,Arabic,0,أحمد الشمري,Greek,7
RNN,519,2.70489239692688,2.854227261543274,1,0.10404624277456648,0.12,Greek,7,Δημήτριος Σταυρίδης,Greek,7
RNN,520,2.8801777362823486,2.852631106376648,0,0.10384615384615385,0.12,French,5,J.-P. Petit,Greek,7
RNN,521,2.7768714427948,2.848835153579712,0,0.1036468330134357,0.12,Vietnamese,17,Nguyễn Dũng,Greek,7
RNN,522,2.8424973487854004,2.846490821838379,0,0.10344827586206896,0.12,Vietnamese,17,Huỳnh Đức,Greek,7
RNN,523,2.90975284576416,2.8481070947647096,0,0.10325047801147227,0.12,Czech,2,Štěpán Novotný,Greek,7
RNN,524,2.924813747406006,2.8521850299835205,0,0.10305343511450382,0.1,Dutch,3,Anne Bakker,German,6
RNN,525,2.9397900104522705,2.8524667978286744,0,0.10285714285714286,0.1,Dutch,3,Dirk Smit,Greek,7
RNN,526,2.97023606300354,2.857821865081787,0,0.10266159695817491,0.08,English,4,Joseph Davis,Greek,7
RNN,527,2.821129560470581,2.8562951421737672,0,0.10246679316888045,0.08,Italian,9,Lorenzo Colombo,Greek,7
RNN,528,2.7801401615142822,2.8536293172836302,0,0.10227272727272728,0.08,Irish,8,Oisín Doyle,German,6
RNN,529,2.9429030418395996,2.8540386295318605,0,0.10207939508506617,0.08,Scottish,15,Alasdair Fraser,German,6
RNN,530,2.6841394901275635,2.8500785875320434,1,0.10377358490566038,0.1,Greek,7,Μαρία Αθανασίου,Greek,7
RNN,531,2.8302435874938965,2.847769384384155,0,0.10357815442561205,0.1,Vietnamese,17,Trần Quân,Greek,7
RNN,532,2.8845620155334473,2.8482008838653563,0,0.10338345864661654,0.1,Polish,12,Jakub Wiśniewski,Greek,7
RNN,533,2.900815010070801,2.8485923051834106,0,0.10318949343339587,0.1,Spanish,16,Juan Díaz,German,6
RNN,534,2.967288017272949,2.850116391181946,0,0.10299625468164794,0.1,English,4,Paul Smith,Greek,7
RNN,535,2.8301258087158203,2.8498884296417235,0,0.102803738317757,0.1,Irish,8,Maeve Kennedy,Greek,7
RNN,536,2.732151746749878,2.849054069519043,1,0.1044776119402985,0.12,Portuguese,13,Rui Oliveira,Portuguese,13
RNN,537,2.90657114982605,2.8478368425369265,0,0.1042830540037244,0.12,Spanish,16,Javier Rodríguez,German,6
RNN,538,2.817899465560913,2.8471583700180054,0,0.10408921933085502,0.12,Arabic,0,كريم العتيبي,Greek,7
RNN,539,2.8240981101989746,2.845801887512207,0,0.1038961038961039,0.12,Italian,9,Lorenzo Ricci,Greek,7
RNN,540,2.7741947174072266,2.8441130542755126,0,0.1037037037037037,0.12,Scottish,15,Aileen MacLeod,Greek,7
RNN,541,2.8277711868286133,2.844064702987671,0,0.10351201478743069,0.12,Russian,14,Роман Васильев,Greek,7
RNN,542,2.8655476570129395,2.8469058418273927,0,0.1033210332103321,0.1,Scottish,15,Hamish Stewart,Greek,7
RNN,543,2.7723827362060547,2.845486617088318,0,0.10313075506445672,0.1,Japanese,10,中村花子,Greek,7
RNN,544,2.754349708557129,2.8420205545425414,0,0.10294117647058823,0.1,Vietnamese,17,Hoàng Phong,Greek,7
RNN,545,2.7975146770477295,2.8433360958099367,0,0.10275229357798166,0.08,Russian,14,Андрей Кузнецов,Greek,7
RNN,546,2.7540030479431152,2.842631344795227,1,0.1043956043956044,0.1,German,6,Sophie Schulz,German,6
RNN,547,2.678314208984375,2.8373602771759034,1,0.10603290676416818,0.12,Greek,7,Παναγιώτης Βασιλείου,Greek,7
RNN,548,2.877825975418091,2.838463821411133,0,0.10583941605839416,0.12,Polish,12,Szymon Wiśniewski,Greek,7
RNN,549,2.794313907623291,2.8369431638717653,0,0.10564663023679417,0.12,Portuguese,13,Gonçalo Silva,German,6
RNN,550,2.777320146560669,2.834544916152954,0,0.10545454545454545,0.12,Japanese,10,加藤拓也,Greek,7
RNN,551,2.8098413944244385,2.834383497238159,0,0.10526315789473684,0.12,Scottish,15,Alasdair Robertson,Greek,7
RNN,552,2.8414218425750732,2.8341864776611327,0,0.10507246376811594,0.12,Polish,12,Zbigniew Kowalczyk,Greek,7
RNN,553,2.956007719039917,2.8378112173080443,0,0.10488245931283906,0.12,English,4,Richard Davis,Greek,7
RNN,554,2.9677093029022217,2.8407563257217405,0,0.10469314079422383,0.12,Chinese,1,李杰,Greek,7
RNN,555,2.8923182487487793,2.840890793800354,0,0.1045045045045045,0.12,Spanish,16,Juan Pérez,German,6
RNN,556,2.7684953212738037,2.8386631345748903,0,0.10431654676258993,0.12,Japanese,10,鈴木裕子,Greek,7
RNN,557,2.795328378677368,2.838242492675781,0,0.10412926391382406,0.12,Russian,14,Борис Петров,Greek,7
RNN,558,2.8712663650512695,2.8397669076919554,0,0.1039426523297491,0.12,Spanish,16,Pedro Martínez,German,6
RNN,559,2.8053054809570312,2.84230598449707,0,0.1037567084078712,0.1,Arabic,0,خالد القحطاني,Greek,7
RNN,560,2.962219476699829,2.841733603477478,0,0.10357142857142858,0.1,English,4,William Miller,German,6
RNN,561,2.93235182762146,2.8424190282821655,0,0.10338680926916222,0.1,English,4,J.R. Smith,Greek,7
RNN,562,2.8104300498962402,2.842179183959961,0,0.10320284697508897,0.1,Scottish,15,Gordon Campbell,Greek,7
RNN,563,2.7693352699279785,2.8385598945617674,0,0.10301953818827708,0.1,Japanese,10,中村さくら,Greek,7
RNN,564,2.8579657077789307,2.8403308296203615,0,0.10283687943262411,0.1,Polish,12,Michał Szymański,Greek,7
RNN,565,2.9090399742126465,2.839209055900574,0,0.10265486725663717,0.1,Czech,2,Martin Černý,Greek,7
RNN,566,2.8246939182281494,2.8395266723632813,0,0.10247349823321555,0.1,Vietnamese,17,Hoàng Quân,Greek,7
RNN,567,2.793893337249756,2.8394827318191527,0,0.10229276895943562,0.1,Japanese,10,小林太郎,Greek,7
RNN,568,2.8906662464141846,2.8400585317611693,0,0.10211267605633803,0.1,Scottish,15,Aileen Fraser,German,6
RNN,569,2.904066324234009,2.844042010307312,0,0.10193321616871705,0.08,Chinese,1,赵霞,Scottish,15
RNN,570,2.946820020675659,2.8453748559951784,0,0.10175438596491228,0.08,Czech,2,Jan Dvořák,Greek,7
RNN,571,2.820465087890625,2.8462467288970945,0,0.10157618213660245,0.08,Italian,9,Vincenzo Ferrari,Greek,7
RNN,572,2.967602252960205,2.8487488269805907,0,0.10139860139860139,0.08,Czech,2,Marek Procházka,Japanese,10
RNN,573,2.9209673404693604,2.848973116874695,0,0.1012216404886562,0.08,Dutch,3,Lucas Meijer,German,6
RNN,574,2.898469924926758,2.84844624042511,0,0.10104529616724739,0.08,Dutch,3,Ruben Bakker,German,6
RNN,575,2.901763677597046,2.8476857137680054,0,0.10086956521739131,0.08,French,5,Pierre d'Aubigné,Scottish,15
RNN,576,2.8208065032958984,2.8446971225738524,0,0.10069444444444445,0.08,Italian,9,Francesco Rossi,Greek,7
RNN,577,2.928776979446411,2.8468500709533693,0,0.10051993067590988,0.08,Chinese,1,陈敏,Greek,7
RNN,578,3.0008671283721924,2.8512646102905275,0,0.10034602076124567,0.08,Chinese,1,刘明,Vietnamese,17
RNN,579,2.9677159786224365,2.851760869026184,0,0.1001727115716753,0.08,Korean,11,정지민,Greek,7
RNN,580,2.758589267730713,2.853249864578247,0,0.1,0.06,Portuguese,13,Filipe Santos,Greek,7
RNN,581,2.685763120651245,2.850360255241394,1,0.10154905335628227,0.08,Greek,7,Ευάγγελος Κωνσταντίνου,Greek,7
RNN,582,2.7541136741638184,2.8477512884140013,1,0.10309278350515463,0.1,Portuguese,13,Carlos Martins,Portuguese,13
RNN,583,2.872225046157837,2.8471794891357423,0,0.10291595197255575,0.1,French,5,Charles Thomas,Portuguese,13
RNN,584,2.8388659954071045,2.8446110486984253,0,0.10273972602739725,0.1,French,5,Arthur Bernard,Greek,7
RNN,585,2.8466901779174805,2.8449423360824584,0,0.10256410256410256,0.1,Polish,12,Zbigniew Zieliński,Greek,7
RNN,586,2.66827392578125,2.843664779663086,1,0.10409556313993173,0.1,Greek,7,Χρήστος Κωνσταντίνου,Greek,7
RNN,587,2.912233591079712,2.8437780284881593,0,0.10391822827938671,0.1,English,4,J.R. Williams,Greek,7
RNN,588,2.8055989742279053,2.843532018661499,0,0.10374149659863946,0.1,Russian,14,Антон Михайлов,Greek,7
RNN,589,2.804584503173828,2.8431417465209963,0,0.1035653650254669,0.1,Irish,8,Maeve Doyle,Greek,7
RNN,590,2.783966064453125,2.843337173461914,0,0.10338983050847457,0.1,Irish,8,Niall O'Connor,Greek,7
RNN,591,2.8562896251678467,2.8439075422286986,0,0.10321489001692047,0.1,Arabic,0,مصطفى الهاشمي,Greek,7
RNN,592,2.726419687271118,2.8411249828338625,1,0.10472972972972973,0.12,Italian,9,Matteo Marino,Italian,9
RNN,593,2.8126132488250732,2.8419295930862427,0,0.1045531197301855,0.12,Vietnamese,17,Lê Anh,Greek,7
RNN,594,2.9661543369293213,2.8461656856536863,0,0.10437710437710437,0.12,Czech,2,Adam Procházka,Portuguese,13
RNN,595,3.0250515937805176,2.8507164239883425,0,0.10420168067226891,0.12,Korean,11,윤서준,Greek,7
RNN,596,2.707594633102417,2.849788255691528,1,0.10570469798657718,0.12,Italian,9,Carlo Marino,Italian,9
RNN,597,2.7073302268981934,2.8503685760498048,1,0.10720268006700168,0.12,Portuguese,13,Bruno Jesus,Portuguese,13
RNN,598,2.773588180541992,2.848283820152283,1,0.10869565217391304,0.14,Irish,8,Brian Doyle,Irish,8
RNN,599,2.76467227935791,2.847690987586975,0,0.10851419031719532,0.14,Italian,9,Lorenzo Ferrari,Greek,7
RNN,600,2.8386735916137695,2.848918056488037,0,0.10833333333333334,0.14,Polish,12,Krzysztof Lewandowski,Greek,7
RNN,601,2.9327826499938965,2.8513768815994265,0,0.10815307820299501,0.14,Dutch,3,Jan van den Berg,Greek,7
RNN,602,2.817100763320923,2.850890460014343,0,0.1079734219269103,0.14,Polish,12,Michał Zieliński,Greek,7
RNN,603,3.0184497833251953,2.8521393013000487,0,0.1077943615257048,0.14,Korean,11,윤상현,Greek,7
RNN,604,2.6743264198303223,2.8462716436386106,1,0.10927152317880795,0.16,Italian,9,Giuseppe Marino,Italian,9
RNN,605,2.749285936355591,2.843410997390747,0,0.10909090909090909,0.16,Italian,9,Domenico Rossi,Greek,7
RNN,606,2.828439950942993,2.844609889984131,0,0.10891089108910891,0.16,Polish,12,Łukasz Wójcik,Greek,7
RNN,607,2.910344123840332,2.84691020488739,0,0.10873146622734761,0.16,Arabic,0,خالد المالكي,Greek,7
RNN,608,2.9383974075317383,2.8482528257369997,0,0.10855263157894737,0.16,Chinese,1,赵明,Vietnamese,17
RNN,609,2.8090922832489014,2.848328561782837,0,0.10837438423645321,0.16,Scottish,15,Niall Campbell,Greek,7
RNN,610,2.6690847873687744,2.842465867996216,1,0.10983606557377049,0.18,Greek,7,Ευάγγελος Βασιλείου,Greek,7
RNN,611,2.9481186866760254,2.842781205177307,0,0.10965630114566285,0.18,Korean,11,박서연,Greek,7
RNN,612,2.721557378768921,2.841003751754761,1,0.1111111111111111,0.2,German,6,Sophie Becker,German,6
RNN,613,2.7693309783935547,2.841003665924072,1,0.11256117455138662,0.22,Irish,8,Darragh O'Connor,Irish,8
RNN,614,2.945462226867676,2.842753596305847,0,0.11237785016286644,0.22,English,4,James Taylor,Irish,8
RNN,615,2.943213701248169,2.8434370708465577,0,0.11219512195121951,0.22,Dutch,3,Jan Smit,Greek,7
RNN,616,2.959336757659912,2.846129927635193,0,0.11201298701298701,0.22,Chinese,1,刘平,Greek,7
RNN,617,2.793177604675293,2.8461156129837035,0,0.11183144246353323,0.22,Russian,14,Дмитрий Иванов,Greek,7
RNN,618,2.9781856536865234,2.8478660011291503,0,0.11165048543689321,0.22,Korean,11,임상현,Greek,7
RNN,619,2.8766510486602783,2.847317695617676,0,0.11147011308562198,0.22,English,4,Michael Johnson,Greek,7
RNN,620,2.740384817123413,2.843188991546631,0,0.11129032258064517,0.22,Italian,9,Carlo Bianchi,Greek,7
RNN,621,2.724231004714966,2.8412643098831176,1,0.11272141706924316,0.24,Portuguese,13,Carlos Ferreira,Portuguese,13
RNN,622,2.8229198455810547,2.8383706617355347,0,0.11254019292604502,0.24,German,6,Johannes Schmidt,Italian,9
RNN,623,2.8160297870635986,2.8362719106674192,0,0.11235955056179775,0.24,Vietnamese,17,Hoàng Minh,Italian,9
RNN,624,2.9097681045532227,2.836497874259949,0,0.11217948717948718,0.24,Spanish,16,Javier Sánchez,Italian,9
RNN,625,2.8528969287872314,2.8355205392837526,0,0.112,0.24,Irish,8,Liam O'Brien,German,6
RNN,626,2.820310115814209,2.8355106115341187,0,0.11182108626198083,0.24,Irish,8,Conor McCarthy,Greek,7
RNN,627,2.685403823852539,2.8306431484222414,1,0.11323763955342903,0.26,Italian,9,Luca Greco,Italian,9
RNN,628,2.8436968326568604,2.8274997425079347,0,0.11305732484076433,0.26,Japanese,10,鈴木美咲,Italian,9
RNN,629,2.774996757507324,2.823645358085632,0,0.11287758346581876,0.26,Russian,14,Юрий Иванов,Japanese,10
RNN,630,2.9410343170166016,2.82729425907135,0,0.1126984126984127,0.26,English,4,Anthony St. John,Greek,7
RNN,631,2.6670217514038086,2.8269194316864015,1,0.11410459587955626,0.26,Greek,7,Αθανάσιος Αλεξίου,Greek,7
RNN,632,2.810520887374878,2.8280475759506225,0,0.11392405063291139,0.24,Polish,12,Andrzej Zieliński,Greek,7
RNN,633,2.9841299057006836,2.8302856731414794,0,0.11374407582938388,0.24,Korean,11,이준영,Greek,7
RNN,634,2.8104846477508545,2.8297180461883547,0,0.11356466876971609,0.24,Polish,12,Krzysztof Nowak,Greek,7
RNN,635,2.806666612625122,2.8289175748825075,0,0.11338582677165354,0.24,Irish,8,Maeve McCarthy,Greek,7
RNN,636,2.899306058883667,2.8335382175445556,0,0.11320754716981132,0.22,Dutch,3,Finn Bakker,German,6
RNN,637,2.993457078933716,2.8351626873016356,0,0.1130298273155416,0.22,Korean,11,장예준,Greek,7
RNN,638,2.7200582027435303,2.833451871871948,1,0.11442006269592477,0.24,Irish,8,Eoin Gallagher,Irish,8
RNN,639,2.782043933868408,2.8330010604858398,0,0.11424100156494522,0.24,Polish,12,Krzysztof Szymański,Greek,7
RNN,640,2.944779634475708,2.8362173318862913,0,0.1140625,0.24,Korean,11,이상현,Greek,7
RNN,641,2.6535696983337402,2.8321629333496094,1,0.11544461778471139,0.26,Greek,7,Γεώργιος Κωνσταντίνου,Greek,7
RNN,642,2.9138576984405518,2.835911693572998,0,0.11526479750778816,0.24,Arabic,0,نورالدين المالكي,Greek,7
RNN,643,2.7700729370117188,2.835060887336731,0,0.1150855365474339,0.24,Vietnamese,17,Hoàng Dũng,Greek,7
RNN,644,2.63397479057312,2.828417296409607,1,0.11645962732919254,0.26,Greek,7,Αλέξανδρος Αλεξίου,Greek,7
RNN,645,2.9524335861206055,2.8269649362564087,0,0.11627906976744186,0.26,Czech,2,Pavel Horák,Greek,7
RNN,646,2.778940439224243,2.828391852378845,0,0.11609907120743033,0.24,Russian,14,Юрий Михайлов,Greek,7
RNN,647,2.640653371810913,2.8270583152770996,1,0.11746522411128284,0.24,Italian,9,Fabio Marino,Italian,9
RNN,648,2.7444517612457275,2.826475586891174,0,0.11728395061728394,0.22,Portuguese,13,Luís Santos,Greek,7
RNN,649,2.9329724311828613,2.8298415899276734,0,0.11710323574730354,0.22,English,4,Daniel Smith,Greek,7
RNN,650,3.045433521270752,2.833976788520813,0,0.11692307692307692,0.22,Chinese,1,刘秀英,Irish,8
RNN,651,2.7680420875549316,2.8306819772720337,0,0.11674347158218126,0.22,Scottish,15,Iain MacLeod,Greek,7
RNN,652,2.922884464263916,2.8327976512908934,0,0.1165644171779141,0.22,Dutch,3,Jan van den Berg,Greek,7
RNN,653,2.8563454151153564,2.829555563926697,0,0.11638591117917305,0.22,Vietnamese,17,Trần Nam,Greek,7
RNN,654,2.7715401649475098,2.8314998388290404,0,0.1162079510703364,0.2,Polish,12,Marek Kamiński,Greek,7
RNN,655,2.987356662750244,2.8362612533569336,0,0.11603053435114503,0.2,Korean,11,장도윤,Greek,7
RNN,656,2.7228002548217773,2.8341484594345094,1,0.1173780487804878,0.22,Vietnamese,17,Huỳnh Hoàng,Vietnamese,17
RNN,657,2.9341795444488525,2.8346251678466796,0,0.1171993911719939,0.22,English,4,Richard Miller,German,6
RNN,658,2.950502634048462,2.8348672723770143,0,0.11702127659574468,0.22,Dutch,3,Dirk Janssen,Greek,7
RNN,659,2.7131309509277344,2.832948045730591,1,0.11836115326251896,0.24,Portuguese,13,Gonçalo Pereira,Portuguese,13
RNN,660,2.9563710689544678,2.838693771362305,0,0.11818181818181818,0.22,Chinese,1,吴超,Italian,9
RNN,661,2.8680458068847656,2.8370923137664796,0,0.11800302571860817,0.22,Korean,11,박지민,Italian,9
RNN,662,2.7769436836242676,2.8382000398635863,0,0.11782477341389729,0.2,Russian,14,Михаил Попов,Greek,7
RNN,663,2.6313211917877197,2.8354398441314697,1,0.1191553544494721,0.2,Greek,7,Σπυρίδων Νικολάου,Greek,7
RNN,664,2.906719923019409,2.8346649980545044,0,0.11897590361445783,0.2,Dutch,3,Sem Smit,Greek,7
RNN,665,2.905658483505249,2.833913893699646,0,0.11879699248120301,0.2,Korean,11,조민지,Greek,7
RNN,666,2.848510503768921,2.831697368621826,0,0.11861861861861862,0.2,Korean,11,김지민,Greek,7
RNN,667,2.8080997467041016,2.831995811462402,0,0.1184407796101949,0.2,Polish,12,Łukasz Wójcik,Greek,7
RNN,668,2.8456974029541016,2.829346046447754,0,0.11826347305389222,0.2,German,6,Matthias Schmidt,Greek,7
RNN,669,2.7537412643432617,2.8268878507614135,0,0.11808669656203288,0.2,Russian,14,Антон Петров,Greek,7
RNN,670,2.7992985248565674,2.828066124916077,0,0.11791044776119403,0.2,German,6,Jürgen Schulz,Greek,7
RNN,671,2.933807611465454,2.8322576570510862,0,0.11773472429210134,0.18,Arabic,0,كريم الحداد,Greek,7
RNN,672,2.8798227310180664,2.8333957147598268,0,0.11755952380952381,0.18,Japanese,10,田中一郎,Italian,9
RNN,673,2.839505434036255,2.8338652276992797,0,0.11738484398216939,0.18,English,4,William Wilson,Greek,7
RNN,674,2.7085444927215576,2.8298407554626466,1,0.11869436201780416,0.2,German,6,Felix Müller,German,6
RNN,675,2.784994125366211,2.8284826993942263,0,0.11851851851851852,0.2,Vietnamese,17,Lê Minh,Greek,7
RNN,676,2.7030348777770996,2.8261371946334837,1,0.11982248520710059,0.22,German,6,Hannah Schneider,German,6
RNN,677,2.777477264404297,2.827978663444519,0,0.11964549483013294,0.2,Japanese,10,加藤健一,Greek,7
RNN,678,2.820512056350708,2.827514967918396,0,0.11946902654867257,0.2,English,4,Matthew Wilson,Greek,7
RNN,679,2.813953399658203,2.8282941007614135,0,0.11929307805596466,0.2,Arabic,0,سعيد العتيبي,Greek,7
RNN,680,2.8039586544036865,2.825552587509155,0,0.11911764705882352,0.2,English,4,Anthony Johnson,Greek,7
RNN,681,2.816049814224243,2.828533148765564,0,0.11894273127753303,0.18,Vietnamese,17,Phạm Đức,Greek,7
RNN,682,2.9300031661987305,2.830922794342041,0,0.1187683284457478,0.18,French,5,Georges Bernard,Greek,7
RNN,683,2.842317819595337,2.828086552619934,0,0.11859443631039532,0.18,Arabic,0,فهد الخطيب,Vietnamese,17
RNN,684,2.831493854522705,2.828506736755371,0,0.11842105263157894,0.18,Arabic,0,طارق الغامدي,Greek,7
RNN,685,2.6314001083374023,2.8250014066696165,1,0.11970802919708029,0.2,Greek,7,Μιχάλης Βασιλείου,Greek,7
RNN,686,2.7854037284851074,2.8227233600616457,0,0.119533527696793,0.2,Japanese,10,佐藤健,Greek,7
RNN,687,2.9705207347869873,2.822264633178711,0,0.11935953420669577,0.2,French,5,Gabriel Petit,Greek,7
RNN,688,2.947105884552002,2.8268055868148805,0,0.11918604651162791,0.18,Chinese,1,李杰,Italian,9
RNN,689,2.7703230381011963,2.826571168899536,0,0.11901306240928883,0.18,Portuguese,13,André Rodrigues,Greek,7
RNN,690,2.879685640335083,2.8252692890167235,0,0.11884057971014493,0.18,Dutch,3,Thomas Meijer,German,6
RNN,691,3.0396432876586914,2.8329907608032228,0,0.11866859623733719,0.16,Czech,2,Petr Kučera,Portuguese,13
RNN,692,2.7374188899993896,2.8294619846343996,0,0.11849710982658959,0.16,Russian,14,Юрий Новиков,Greek,7
RNN,693,2.9352869987487793,2.832766265869141,0,0.11832611832611832,0.16,Korean,11,조도윤,Greek,7
RNN,694,2.859048366546631,2.837267737388611,0,0.11815561959654179,0.14,Dutch,3,Sem Bakker,German,6
RNN,695,2.9358510971069336,2.8369360876083376,0,0.11798561151079137,0.14,Spanish,16,Pedro González,German,6
RNN,696,2.8922040462493896,2.83920135974884,0,0.11781609195402298,0.14,Chinese,1,周强,Greek,7
RNN,697,2.928887367248535,2.8449660396575926,0,0.11764705882352941,0.12,Spanish,16,Rafael Rodríguez,German,6
RNN,698,2.722656726837158,2.8445301389694215,1,0.11891117478510028,0.14,Russian,14,Артём Михайлов,Russian,14
RNN,699,2.8719844818115234,2.8433103799819945,0,0.11874105865522175,0.14,Arabic,0,ياسر الحداد,Portuguese,13
RNN,700,2.8868179321289062,2.840138068199158,0,0.11857142857142858,0.14,Scottish,15,Callum Murray,Greek,7
RNN,701,2.705821990966797,2.838893666267395,1,0.11982881597717546,0.16,Portuguese,13,Ricardo Jesus,Portuguese,13
RNN,702,2.9161479473114014,2.838758935928345,0,0.11965811965811966,0.16,Dutch,3,Dirk Janssen,German,6
RNN,703,2.6943135261535645,2.835518298149109,1,0.12091038406827881,0.18,Russian,14,Сергей Иванов,Russian,14
RNN,704,2.9344871044158936,2.8387772369384767,0,0.12073863636363637,0.18,Czech,2,Pavel Černý,Greek,7
RNN,705,2.88368821144104,2.8367038679122927,0,0.12056737588652482,0.18,English,4,Steven Smith,Greek,7
RNN,706,2.8374035358428955,2.838995933532715,0,0.12039660056657224,0.16,English,4,Christopher Brown,Greek,7
RNN,707,2.7197110652923584,2.834706563949585,1,0.12164073550212164,0.18,Vietnamese,17,Đặng Cường,Vietnamese,17
RNN,708,2.7399215698242188,2.8304949426651,0,0.12146892655367232,0.18,Japanese,10,伊藤彩,Greek,7
RNN,709,2.9158170223236084,2.8345486640930178,0,0.12129760225669958,0.16,Spanish,16,Pablo Rodríguez,German,6
RNN,710,2.72381329536438,2.8298975086212157,1,0.12253521126760564,0.18,Russian,14,Евгений Васильев,Russian,14
RNN,711,2.721010208129883,2.826956796646118,0,0.12236286919831224,0.18,Portuguese,13,Pedro Santos,Greek,7
RNN,712,2.8792803287506104,2.829003529548645,0,0.12219101123595505,0.18,Dutch,3,Bram Smit,Greek,7
RNN,713,2.8060104846954346,2.8324973154067994,0,0.12201963534361851,0.16,Vietnamese,17,Đặng Đức,Greek,7
RNN,714,2.6998462677001953,2.828359842300415,1,0.12324929971988796,0.18,German,6,Christian Meyer,German,6
RNN,715,2.675814390182495,2.82376296043396,1,0.12447552447552447,0.2,Russian,14,Сергей Сидоров,Russian,14
RNN,716,2.701923370361328,2.820831217765808,1,0.12569832402234637,0.22,Portuguese,13,Miguel Oliveira,Portuguese,13
RNN,717,2.6590640544891357,2.817850503921509,1,0.12691771269177127,0.24,Russian,14,Андрей Попов,Russian,14
RNN,718,2.7425763607025146,2.815788083076477,1,0.12813370473537605,0.26,Portuguese,13,Miguel Sousa,Portuguese,13
RNN,719,2.8765108585357666,2.8182434749603273,0,0.12795549374130738,0.26,Dutch,3,Jan van Dijk,Greek,7
RNN,720,2.661611318588257,2.815489730834961,1,0.12916666666666668,0.28,Portuguese,13,João Oliveira,Portuguese,13
RNN,721,2.919379234313965,2.815201163291931,0,0.1289875173370319,0.28,Irish,8,Michael O'Sullivan,Greek,7
RNN,722,2.8500254154205322,2.8146052169799805,0,0.12880886426592797,0.28,English,4,Mark Taylor,German,6
RNN,723,2.8761086463928223,2.815337281227112,0,0.12863070539419086,0.28,Scottish,15,Stuart MacDonald,Portuguese,13
RNN,724,3.0153024196624756,2.8214724397659303,0,0.12845303867403315,0.26,Czech,2,Petr Svoboda,Portuguese,13
RNN,725,3.0090107917785645,2.825952773094177,0,0.12827586206896552,0.26,Czech,2,Josef Procházka,Portuguese,13
RNN,726,2.8116703033447266,2.8281254816055297,0,0.128099173553719,0.24,Dutch,3,Thomas Meijer,German,6
RNN,727,2.8945884704589844,2.8304677057266234,0,0.1279229711141678,0.24,Korean,11,이지호,Greek,7
RNN,728,2.7500152587890625,2.8290577697753907,0,0.12774725274725274,0.24,Vietnamese,17,Nguyễn Ngọc,Greek,7
RNN,729,2.691873073577881,2.8266161632537843,1,0.1289437585733882,0.26,Vietnamese,17,Vũ Dũng,Vietnamese,17
RNN,730,2.7748754024505615,2.826034498214722,0,0.12876712328767123,0.26,Japanese,10,小林陽子,Greek,7
RNN,731,2.790771245956421,2.825528926849365,0,0.12859097127222982,0.26,Dutch,3,Dirk Bakker,German,6
RNN,732,2.89367938041687,2.824802451133728,0,0.1284153005464481,0.26,Korean,11,장서준,Greek,7
RNN,733,2.722217082977295,2.822400436401367,1,0.1296043656207367,0.28,Portuguese,13,Carlos Sousa,Portuguese,13
RNN,734,2.933668375015259,2.8244439268112185,0,0.12942779291553133,0.28,Chinese,1,刘娟,Italian,9
RNN,735,2.809450626373291,2.828004937171936,0,0.1292517006802721,0.26,Italian,9,Lorenzo Bianchi,Greek,7
RNN,736,2.7556636333465576,2.827410135269165,0,0.12907608695652173,0.26,Dutch,3,Bram Visser,German,6
RNN,737,2.907930374145508,2.8261583280563354,0,0.12890094979647218,0.26,Spanish,16,Miguel González,German,6
RNN,738,2.840776205062866,2.8240317344665526,0,0.12872628726287264,0.26,English,4,Thomas Taylor,German,6
RNN,739,2.899738073348999,2.826620035171509,0,0.12855209742895804,0.26,Scottish,15,Stuart MacKenzie,Greek,7
RNN,740,2.8171677589416504,2.82536967754364,0,0.12837837837837837,0.26,Dutch,3,Lars van Dijk,Greek,7
RNN,741,2.7906832695007324,2.820390477180481,0,0.1282051282051282,0.26,Vietnamese,17,Hoàng Nam,Dutch,3
RNN,742,2.7328710556030273,2.820299520492554,0,0.1280323450134771,0.26,Dutch,3,Sem Meijer,German,6
RNN,743,2.8063888549804688,2.8177215576171877,0,0.1278600269179004,0.26,Irish,8,Oisín Gallagher,Dutch,3
RNN,744,2.665935516357422,2.8138593006134034,1,0.12903225806451613,0.28,Greek,7,Ανδρέας Αθανασίου,Greek,7
RNN,745,2.682156801223755,2.80878541469574,1,0.13020134228187918,0.3,Vietnamese,17,Đặng Phong,Vietnamese,17
RNN,746,2.750290870666504,2.805947151184082,0,0.13002680965147453,0.3,Vietnamese,17,Nguyễn Hiếu,Portuguese,13
RNN,747,2.8863725662231445,2.8050968551635744,0,0.12985274431057564,0.3,Irish,8,Fionn Murphy,Greek,7
RNN,748,3.014761447906494,2.810938949584961,0,0.12967914438502673,0.28,French,5,Hugo Petit,Vietnamese,17
RNN,749,2.797856569290161,2.8094563913345336,0,0.1295060080106809,0.28,Italian,9,Fabio Bianchi,Greek,7
RNN,750,2.9102582931518555,2.8099251985549927,0,0.12933333333333333,0.28,Korean,11,김지훈,Vietnamese,17
RNN,751,2.9396719932556152,2.814602198600769,0,0.12916111850865514,0.26,French,5,Noël Bernard,Greek,7
RNN,752,2.8649256229400635,2.8135777521133423,0,0.12898936170212766,0.26,Polish,12,Stanisław Nowak,Vietnamese,17
RNN,753,2.85339617729187,2.8167594051361085,0,0.12881806108897742,0.24,English,4,Charles St. John,Greek,7
RNN,754,2.8426480293273926,2.8149226236343385,0,0.1286472148541114,0.24,Arabic,0,عمر الخطيب,Vietnamese,17
RNN,755,2.9007534980773926,2.8152639293670654,0,0.12847682119205298,0.24,Spanish,16,Pablo González,German,6
RNN,756,2.8342294692993164,2.815200448036194,0,0.1283068783068783,0.24,Polish,12,Marcin Kamiński,Portuguese,13
RNN,757,2.6705570220947266,2.8142173671722412,1,0.12945838837516513,0.24,Russian,14,Владимир Кузнецов,Russian,14
RNN,758,3.0001280307769775,2.8194214963912962,0,0.12928759894459102,0.24,French,5,Mathieu Robert,Vietnamese,17
RNN,759,2.7385759353637695,2.8158766746521,1,0.13043478260869565,0.26,Italian,9,Davide Greco,Italian,9
RNN,760,2.7872486114501953,2.817145380973816,0,0.13026315789473683,0.24,Japanese,10,加藤健一,Greek,7
RNN,761,2.99786639213562,2.8226825046539306,0,0.13009198423127463,0.24,Czech,2,Adam Novák,Vietnamese,17
RNN,762,2.830613374710083,2.82170916557312,0,0.12992125984251968,0.24,English,4,James Williams,Portuguese,13
RNN,763,2.978188991546631,2.825152735710144,0,0.12975098296199214,0.24,Chinese,1,吴杰,Italian,9
RNN,764,2.967013359069824,2.8304960775375365,0,0.12958115183246074,0.22,Czech,2,Michal Dvořák,Vietnamese,17
RNN,765,2.659498691558838,2.8301697635650633,1,0.13071895424836602,0.22,Russian,14,Евгений Михайлов,Russian,14
RNN,766,2.7252016067504883,2.8306353282928467,1,0.13185378590078328,0.22,Portuguese,13,Carlos Rodrigues,Portuguese,13
RNN,767,2.644211530685425,2.8303382778167725,1,0.13298565840938723,0.22,Russian,14,Виктор Попов,Russian,14
RNN,768,2.8736162185668945,2.83295907497406,0,0.1328125,0.2,Irish,8,Michael O'Brien,Vietnamese,17
RNN,769,2.9155211448669434,2.8337392807006836,0,0.13263979193758127,0.2,Spanish,16,Jorge Fernández,Dutch,3
RNN,770,2.8942723274230957,2.8383925008773803,0,0.13246753246753246,0.18,Korean,11,강서준,Greek,7
RNN,771,2.80603289604187,2.8361255741119384,0,0.13229571984435798,0.18,Dutch,3,Joris van den Berg,Vietnamese,17
RNN,772,2.9710991382598877,2.8385470485687256,0,0.13212435233160622,0.18,Scottish,15,Ross Fraser,Dutch,3
RNN,773,2.787027597427368,2.8367654275894165,0,0.13195342820181113,0.18,Italian,9,Luca Rossi,Portuguese,13
RNN,774,2.6770811080932617,2.830001001358032,1,0.1330749354005168,0.2,Greek,7,Δημήτριος Αθανασίου,Greek,7
RNN,775,2.922132968902588,2.8282634449005126,0,0.1329032258064516,0.2,Chinese,1,王芳,Vietnamese,17
RNN,776,2.7511656284332275,2.8270533514022826,0,0.1327319587628866,0.2,German,6,Felix Fischer,Dutch,3
RNN,777,2.848597288131714,2.8261335277557373,0,0.13256113256113256,0.2,German,6,Lukas Hoffmann,Vietnamese,17
RNN,778,2.8410449028015137,2.827954120635986,0,0.13239074550128535,0.2,English,4,Mark St. John,Greek,7
RNN,779,2.911667585372925,2.8323500108718873,0,0.13222079589216945,0.18,Irish,8,Aidan Walsh,Greek,7
RNN,780,2.813683032989502,2.833126163482666,0,0.13205128205128205,0.18,Japanese,10,鈴木拓也,Portuguese,13
RNN,781,2.801856279373169,2.833347864151001,0,0.13188220230473752,0.18,Arabic,0,يوسف الحسيني,Greek,7
RNN,782,2.6675164699554443,2.8288246059417723,1,0.1329923273657289,0.2,Portuguese,13,Carlos Ferreira,Portuguese,13
RNN,783,2.8340108394622803,2.8310604810714723,0,0.13282247765006386,0.18,English,4,Paul Jones,Portuguese,13
RNN,784,2.727372169494629,2.8269345569610596,1,0.13392857142857142,0.2,Vietnamese,17,Đặng Anh,Vietnamese,17
RNN,785,2.6649279594421387,2.8240441036224366,1,0.13503184713375796,0.22,Greek,7,Βασίλειος Κωνσταντίνου,Greek,7
RNN,786,2.706988573074341,2.8230706024169923,1,0.1361323155216285,0.24,Vietnamese,17,Võ Linh,Vietnamese,17
RNN,787,2.8987631797790527,2.822887258529663,0,0.13595933926302414,0.24,Korean,11,김예은,Greek,7
RNN,788,2.887864828109741,2.8238290309906007,0,0.13578680203045684,0.24,Polish,12,Mateusz Woźniak,Vietnamese,17
RNN,789,2.894657611846924,2.8237274217605592,0,0.13561470215462612,0.24,Chinese,1,杨艳,Vietnamese,17
RNN,790,2.8149516582489014,2.823683099746704,0,0.13544303797468354,0.24,Arabic,0,سليم الهاشمي,English,4
RNN,791,2.9244587421417236,2.826358609199524,0,0.13527180783817952,0.24,Czech,2,Jan Černý,Vietnamese,17
RNN,792,2.696911096572876,2.825639410018921,1,0.13636363636363635,0.26,Portuguese,13,Miguel Martins,Portuguese,13
RNN,793,2.869046211242676,2.826892557144165,0,0.13619167717528374,0.26,Polish,12,Piotr Woźniak,Vietnamese,17
RNN,794,2.6285736560821533,2.8261453199386595,1,0.13727959697732997,0.26,Portuguese,13,André Pereira,Portuguese,13
RNN,795,2.7555954456329346,2.827614092826843,0,0.1371069182389937,0.24,Dutch,3,Hendrik Bakker,German,6
RNN,796,2.8228445053100586,2.8290651655197143,0,0.13693467336683418,0.24,Arabic,0,عمر الغامدي,Greek,7
RNN,797,2.964393138885498,2.8306255769729614,0,0.13676286072772897,0.24,French,5,Jean-Luc Dubois,Portuguese,13
RNN,798,2.6394596099853516,2.8231195402145386,1,0.13784461152882205,0.26,Russian,14,Павел Михайлов,Russian,14
RNN,799,2.857780694961548,2.8243180227279665,0,0.1376720901126408,0.26,Korean,11,이현우,Greek,7
RNN,800,2.645655870437622,2.8190259742736816,1,0.13875,0.28,Portuguese,13,Rui Santos,Portuguese,13
RNN,801,2.657043218612671,2.813373398780823,1,0.13982521847690388,0.3,Greek,7,Θεόδωρος Αθανασίου,Greek,7
RNN,802,2.8285908699035645,2.812646703720093,0,0.1396508728179551,0.3,Polish,12,Bartosz Lewandowski,Portuguese,13
RNN,803,3.006178855895996,2.8157023572921753,0,0.13947696139476962,0.3,Czech,2,Petr Procházka,Portuguese,13
RNN,804,2.745535373687744,2.8137601041793823,0,0.13930348258706468,0.3,Italian,9,Lorenzo Greco,Portuguese,13
RNN,805,2.8684706687927246,2.813114447593689,0,0.1391304347826087,0.3,Japanese,10,高橋悠斗,Greek,7
RNN,806,2.82234787940979,2.8128768157958985,0,0.13895781637717122,0.3,Japanese,10,加藤さくら,Portuguese,13
RNN,807,3.008962869644165,2.819644932746887,0,0.13878562577447337,0.28,French,5,J.-P. Martin,Russian,14
RNN,808,2.9051992893218994,2.8177463579177857,0,0.13861386138613863,0.28,Spanish,16,Carlos Gómez,Portuguese,13
RNN,809,2.835320234298706,2.8196812438964844,0,0.138442521631644,0.26,Dutch,3,Sem Janssen,Portuguese,13
RNN,810,2.8745951652526855,2.8214281749725343,0,0.1382716049382716,0.26,Spanish,16,Jorge González,German,6
RNN,811,2.8827643394470215,2.819126133918762,0,0.1381011097410604,0.26,Korean,11,정우진,Greek,7
RNN,812,2.8071300983428955,2.8186564683914184,0,0.13793103448275862,0.26,English,4,James Brown,Portuguese,13
RNN,813,2.829139232635498,2.815675473213196,0,0.13776137761377613,0.26,Dutch,3,Sophie Jansen,Portuguese,13
RNN,814,2.8858413696289062,2.8140520334243773,0,0.1375921375921376,0.26,Irish,8,Niall O'Brien,English,4
RNN,815,2.9323935508728027,2.8195099306106566,0,0.1374233128834356,0.24,French,5,Mathieu Dubois,Portuguese,13
RNN,816,2.8186800479888916,2.821379499435425,0,0.13725490196078433,0.22,English,4,Donald St. John,Greek,7
RNN,817,2.9234464168548584,2.8269641971588135,0,0.13708690330477355,0.2,Czech,2,Lukáš Novotný,Vietnamese,17
RNN,818,2.9174864292144775,2.827841601371765,0,0.13691931540342298,0.2,Scottish,15,Aileen Murray,Greek,7
RNN,819,2.643847942352295,2.822408137321472,1,0.13797313797313798,0.22,Russian,14,Николай Михайлов,Russian,14
RNN,820,2.8454723358154297,2.8214321374893188,0,0.1378048780487805,0.22,Japanese,10,小林太郎,Portuguese,13
RNN,821,2.7513980865478516,2.8203394412994385,1,0.13885505481120586,0.24,Japanese,10,鈴木健一,Japanese,10
RNN,822,2.612377882003784,2.8131650161743162,1,0.13990267639902676,0.26,Russian,14,Роман Иванов,Russian,14
RNN,823,2.902216911315918,2.8154688024520875,0,0.13973268529769137,0.26,Scottish,15,Niall Murray,Russian,14
RNN,824,2.752181053161621,2.8169708013534547,0,0.1395631067961165,0.24,Italian,9,Lorenzo Esposito,Dutch,3
RNN,825,3.003931999206543,2.8186067819595335,0,0.1393939393939394,0.24,Chinese,1,陈勇,Greek,7
RNN,826,3.0169317722320557,2.82392210483551,0,0.13922518159806296,0.24,Spanish,16,Sergio García,Portuguese,13
RNN,827,2.685800790786743,2.820666174888611,1,0.14026602176541716,0.26,Italian,9,Vincenzo Romano,Italian,9
RNN,828,2.595097064971924,2.815747218132019,1,0.14130434782608695,0.28,Russian,14,Евгений Иванов,Russian,14
RNN,829,2.9808080196380615,2.817130026817322,0,0.1411338962605549,0.28,Chinese,1,陈涛,Greek,7
RNN,830,2.7640886306762695,2.8161381387710573,0,0.14096385542168674,0.28,Italian,9,Giuseppe Rossi,Portuguese,13
RNN,831,2.8953235149383545,2.818007483482361,0,0.1407942238267148,0.28,Czech,2,Štěpán Veselý,Russian,14
RNN,832,2.8461813926696777,2.8215807819366456,0,0.140625,0.26,Spanish,16,Sergio López,Dutch,3
RNN,833,2.585148572921753,2.816603536605835,1,0.14165666266506602,0.28,Russian,14,Дмитрий Соколов,Russian,14
RNN,834,2.7068066596984863,2.816192226409912,1,0.14268585131894485,0.28,Vietnamese,17,Đặng Khang,Vietnamese,17
RNN,835,2.950918674468994,2.8219120407104494,0,0.14251497005988023,0.26,Chinese,1,杨明,Vietnamese,17
RNN,836,2.7729616165161133,2.8232315015792846,0,0.1423444976076555,0.24,German,6,Klaus Weber,Dutch,3
RNN,837,2.9740617275238037,2.8247374725341796,0,0.14217443249701314,0.24,Scottish,15,Hamish Fraser,Dutch,3
RNN,838,2.840667486190796,2.823793525695801,0,0.14200477326968974,0.24,English,4,Mark Smith,Russian,14
RNN,839,2.5795159339904785,2.817490692138672,1,0.1430274135876043,0.26,Russian,14,Виктор Петров,Russian,14
RNN,840,2.856630325317383,2.8183242654800416,0,0.14285714285714285,0.26,Japanese,10,加藤一郎,Portuguese,13
RNN,841,2.9974825382232666,2.8197847414016723,0,0.1426872770511296,0.26,Czech,2,Michal Kučera,Portuguese,13
RNN,842,2.9931302070617676,2.82570912361145,0,0.14251781472684086,0.24,French,5,Jules Martin,Russian,14
RNN,843,2.7580509185791016,2.8234892177581785,0,0.1423487544483986,0.24,Greek,7,Δημήτριος Σταυρίδης,Russian,14
RNN,844,2.5650103092193604,2.8222179508209226,1,0.14336492890995262,0.24,Russian,14,Максим Попов,Russian,14
RNN,845,2.8555338382720947,2.824216718673706,0,0.14319526627218934,0.24,Spanish,16,Manuel Sánchez,Dutch,3
RNN,846,2.974417209625244,2.82724817276001,0,0.1430260047281324,0.24,French,5,Marcel Robert,Greek,7
RNN,847,2.9056968688964844,2.8260742473602294,0,0.14285714285714285,0.24,Korean,11,최예준,Russian,14
RNN,848,2.8402583599090576,2.8300902223587037,0,0.14268867924528303,0.22,Polish,12,Tomasz Kamiński,Russian,14
RNN,849,2.7804908752441406,2.8285444259643553,0,0.1425206124852768,0.22,Japanese,10,小林京子,Russian,14
RNN,850,2.8962795734405518,2.833556900024414,0,0.1423529411764706,0.2,Chinese,1,吴芳,Japanese,10
RNN,851,2.83132004737854,2.8370424365997313,0,0.14218566392479437,0.18,Japanese,10,佐藤悠斗,Greek,7
RNN,852,2.7698891162872314,2.8358684015274047,0,0.142018779342723,0.18,Japanese,10,鈴木健,Portuguese,13
RNN,853,2.741603374481201,2.830576891899109,1,0.14302461899179367,0.2,Vietnamese,17,Võ Minh,Vietnamese,17
RNN,854,2.8625450134277344,2.832917084693909,0,0.14285714285714285,0.2,Polish,12,Grzegorz Wójcik,Russian,14
RNN,855,2.881507158279419,2.8331778144836424,0,0.14269005847953217,0.2,Irish,8,Declan Kennedy,Russian,14
RNN,856,2.8382318019866943,2.8334954929351808,0,0.1425233644859813,0.2,English,4,David Jones,Portuguese,13
RNN,857,2.867550849914551,2.8306672525405885,0,0.1423570595099183,0.2,Czech,2,Michal Veselý,Russian,14
RNN,858,2.817936658859253,2.8289219999313353,0,0.14219114219114218,0.2,English,4,Charles Jones,Portuguese,13
RNN,859,2.678443431854248,2.8257844638824463,1,0.14318975552968569,0.22,Italian,9,Francesco Marino,Italian,9
RNN,860,2.8014883995056152,2.8243223285675048,0,0.14302325581395348,0.22,Polish,12,Adam Kowalski,Russian,14
RNN,861,2.921926498413086,2.825105571746826,0,0.14285714285714285,0.22,Czech,2,Václav Dvořák,Japanese,10
RNN,862,2.6835508346557617,2.8226339864730834,1,0.14385150812064965,0.24,Vietnamese,17,Hoàng Phong,Vietnamese,17
RNN,863,2.778895378112793,2.8216291093826293,1,0.14484356894553882,0.26,Japanese,10,鈴木大輔,Japanese,10
RNN,864,2.8547775745391846,2.821007833480835,0,0.14467592592592593,0.26,Spanish,16,Daniel Fernández,Japanese,10
RNN,865,2.7419204711914062,2.817198371887207,1,0.14566473988439307,0.28,Portuguese,13,Francisco Rodrigues,Portuguese,13
RNN,866,2.8648650646209717,2.8181220722198486,0,0.14549653579676675,0.28,Korean,11,김성민,Portuguese,13
RNN,867,2.865767240524292,2.816968488693237,0,0.1453287197231834,0.28,Korean,11,최민지,Russian,14
RNN,868,2.9290874004364014,2.8172005081176756,0,0.14516129032258066,0.28,French,5,Mathieu Thomas,Portuguese,13
RNN,869,2.781472682952881,2.8199530029296875,0,0.14499424626006904,0.26,Japanese,10,加藤悠斗,Greek,7
RNN,870,2.9235527515411377,2.8215146112442016,0,0.14482758620689656,0.26,Scottish,15,Iain MacKenzie,Japanese,10
RNN,871,2.7723143100738525,2.8219329357147216,0,0.1446613088404133,0.24,Greek,7,Ευάγγελος Παπαδάκης,Japanese,10
RNN,872,2.818697690963745,2.826059331893921,0,0.1444954128440367,0.22,English,4,J.R. Smith,Vietnamese,17
RNN,873,2.7296524047851562,2.8226080417633055,1,0.145475372279496,0.24,Italian,9,Domenico Russo,Italian,9
RNN,874,2.833034038543701,2.8242251014709474,0,0.14530892448512586,0.24,Spanish,16,Rafael Díaz,Japanese,10
RNN,875,2.690117835998535,2.817948818206787,1,0.1462857142857143,0.26,Vietnamese,17,Đặng Khang,Vietnamese,17
RNN,876,2.9596338272094727,2.8168028593063354,0,0.1461187214611872,0.26,Spanish,16,Jorge García,Portuguese,13
RNN,877,2.770075559616089,2.8184883546829225,0,0.1459521094640821,0.24,Japanese,10,加藤悠斗,Greek,7
RNN,878,2.7117245197296143,2.8208209037780763,1,0.1469248291571754,0.24,English,4,Matthew Wilson,English,4
RNN,879,2.795865535736084,2.817122054100037,0,0.14675767918088736,0.24,Polish,12,Szymon Kowalski,Japanese,10
RNN,880,2.9143896102905273,2.820128073692322,0,0.14659090909090908,0.24,French,5,François Thomas,Portuguese,13
RNN,881,2.885749578475952,2.8199365949630737,0,0.14642451759364358,0.24,French,5,Émile L'Hôpital,Japanese,10
RNN,882,2.576873779296875,2.8145504426956176,1,0.1473922902494331,0.26,Russian,14,Игорь Иванов,Russian,14
RNN,883,2.688474178314209,2.8166169548034667,1,0.14835787089467722,0.26,Portuguese,13,Tiago Oliveira,Portuguese,13
RNN,884,2.6830806732177734,2.8161424350738526,1,0.1493212669683258,0.26,Greek,7,Αθανάσιος Αθανασίου,Greek,7
RNN,885,2.7012219429016113,2.811148500442505,1,0.15028248587570622,0.28,Italian,9,Marco Greco,Italian,9
RNN,886,2.5695574283599854,2.807080416679382,1,0.15124153498871332,0.3,Russian,14,Юрий Сидоров,Russian,14
RNN,887,2.7180073261260986,2.8019593286514284,1,0.15219842164599776,0.32,Vietnamese,17,Phạm Bình,Vietnamese,17
RNN,888,2.7375495433807373,2.799896969795227,1,0.15315315315315314,0.34,Italian,9,Alessandro Colombo,Italian,9
RNN,889,2.793600082397461,2.8041786527633668,0,0.1529808773903262,0.32,German,6,Friedrich Weber,Vietnamese,17
RNN,890,2.552686929702759,2.798099784851074,1,0.15393258426966291,0.34,Russian,14,Сергей Попов,Russian,14
RNN,891,2.660768747329712,2.791365509033203,1,0.15488215488215487,0.36,Italian,9,Giuseppe Greco,Italian,9
RNN,892,2.796530246734619,2.78743350982666,0,0.1547085201793722,0.36,Polish,12,Jakub Lewandowski,Russian,14
RNN,893,2.8029286861419678,2.7883310651779176,0,0.15453527435610304,0.36,Spanish,16,Francisco Martínez,Italian,9
RNN,894,2.8848116397857666,2.7947270917892455,0,0.15436241610738255,0.34,French,5,Louis Thomas,Portuguese,13
RNN,895,2.770014762878418,2.793016710281372,0,0.15418994413407822,0.34,English,4,William Brown,Russian,14
RNN,896,2.9234368801116943,2.791997103691101,0,0.15401785714285715,0.34,Chinese,1,吴静,Japanese,10
RNN,897,2.9539949893951416,2.7929630661010743,0,0.15384615384615385,0.34,Scottish,15,Rory Stewart,Italian,9
RNN,898,2.771009683609009,2.7915780925750733,0,0.15367483296213807,0.34,Vietnamese,17,Trần Hiếu,Russian,14
RNN,899,2.7975521087646484,2.7919193172454833,0,0.15350389321468297,0.34,Spanish,16,Juan Fernández,Italian,9
RNN,900,2.6660609245300293,2.787314944267273,1,0.15444444444444444,0.36,Italian,9,Andrea Russo,Italian,9
RNN,901,2.902397394180298,2.788736491203308,0,0.15427302996670367,0.36,French,5,Hugo Petit,Italian,9
RNN,902,2.6046884059906006,2.7854324769973755,1,0.15521064301552107,0.38,Russian,14,Игорь Васильев,Russian,14
RNN,903,2.828007459640503,2.7871605587005615,0,0.15503875968992248,0.36,English,4,Daniel Miller,German,6
RNN,904,2.898982524871826,2.787889308929443,0,0.15486725663716813,0.36,Czech,2,Matěj Novotný,Vietnamese,17
RNN,905,2.5310347080230713,2.7808798599243163,1,0.1558011049723757,0.38,Russian,14,Евгений Кузнецов,Russian,14
RNN,906,2.874114990234375,2.78159752368927,0,0.15562913907284767,0.38,Arabic,0,حسين الهاشمي,English,4
RNN,907,2.8534421920776367,2.7813153505325316,0,0.15545755237045203,0.38,Chinese,1,杨芳,Italian,9
RNN,908,2.747868061065674,2.7799139785766602,1,0.15638766519823788,0.4,Spanish,16,Pablo López,Spanish,16
RNN,909,2.688577651977539,2.780116662979126,1,0.1573157315731573,0.4,Greek,7,Αικατερίνη Νικολάου,Greek,7
RNN,910,2.8660409450531006,2.7814077138900757,0,0.15714285714285714,0.4,Czech,2,Daniel Černý,Vietnamese,17
RNN,911,2.7002451419830322,2.7769740867614745,1,0.15806805708013172,0.42,Greek,7,Χρήστος Παπαδόπουλος,Greek,7
RNN,912,2.752234935760498,2.7783477687835694,0,0.15789473684210525,0.4,Japanese,10,鈴木裕子,Russian,14
RNN,913,2.718474864959717,2.777139358520508,1,0.1588170865279299,0.4,Japanese,10,鈴木彩,Japanese,10
RNN,914,2.7884137630462646,2.7758120822906496,0,0.1586433260393873,0.4,English,4,Charles Smith,Russian,14
RNN,915,2.6978561878204346,2.77493079662323,1,0.15956284153005465,0.4,Italian,9,Alessandro Colombo,Italian,9
RNN,916,2.7574594020843506,2.7727826833724976,0,0.15938864628820962,0.4,English,4,Donald St. John,Russian,14
RNN,917,2.914581298828125,2.7737589645385743,0,0.15921483097055616,0.4,Scottish,15,Ross Murray,Russian,14
RNN,918,2.8940787315368652,2.7730587911605835,0,0.15904139433551198,0.4,Arabic,0,محمد الخطيب,Vietnamese,17
RNN,919,2.8193962574005127,2.773817262649536,0,0.1588683351468988,0.4,Arabic,0,حسن العتيبي,English,4
RNN,920,2.9043238162994385,2.7734326839447023,0,0.15869565217391304,0.4,German,6,Sophie Schmidt,Italian,9
RNN,921,2.7691657543182373,2.7733697128295898,0,0.15852334419109662,0.4,Vietnamese,17,Đặng Hiếu,Russian,14
RNN,922,2.7535195350646973,2.772066149711609,1,0.1594360086767896,0.42,Spanish,16,Javier Martínez,Spanish,16
RNN,923,2.8115806579589844,2.7737047147750853,0,0.15926327193932827,0.4,Dutch,3,Anne Meijer,Vietnamese,17
RNN,924,2.6400744915008545,2.7698455238342286,1,0.16017316017316016,0.42,Italian,9,Alessandro Esposito,Italian,9
RNN,925,2.6239116191864014,2.768521399497986,1,0.16108108108108107,0.42,Italian,9,Luca Russo,Italian,9
RNN,926,2.889573335647583,2.767120189666748,0,0.16090712742980562,0.42,Chinese,1,刘芳,Italian,9
RNN,927,2.7082579135894775,2.765883836746216,1,0.16181229773462782,0.44,Portuguese,13,Manuel Jesus,Portuguese,13
RNN,928,2.5120086669921875,2.7618895196914672,1,0.1627155172413793,0.44,Russian,14,Павел Иванов,Russian,14
RNN,929,2.8762459754943848,2.7634971284866334,0,0.16254036598493002,0.44,Dutch,3,Bram Janssen,English,4
RNN,930,2.769131660461426,2.760591969490051,0,0.16236559139784945,0.44,Vietnamese,17,Nguyễn Đức,Italian,9
RNN,931,2.733680248260498,2.757550582885742,1,0.16326530612244897,0.46,Spanish,16,Francisco Pérez,Spanish,16
RNN,932,2.7337732315063477,2.7606885719299314,0,0.1630901287553648,0.44,Greek,7,Νικόλαος Σταυρίδης,Russian,14
RNN,933,2.7261300086975098,2.7614416885375976,1,0.1639871382636656,0.44,English,4,Donald Brown,English,4
RNN,934,2.7853810787200928,2.763487696647644,0,0.16381156316916487,0.42,Portuguese,13,João Silva,English,4
RNN,935,2.9215242862701416,2.767893743515015,0,0.16363636363636364,0.4,Korean,11,최지훈,Italian,9
RNN,936,2.6731722354888916,2.769966039657593,1,0.16452991452991453,0.4,Portuguese,13,Rui Ferreira,Portuguese,13
RNN,937,3.000546455383301,2.775616822242737,0,0.16435432230522945,0.38,Czech,2,Filip Kučera,Portuguese,13
RNN,938,2.892604112625122,2.7787179136276245,0,0.16417910447761194,0.36,Korean,11,김하은,Russian,14
RNN,939,2.7280290126800537,2.7774064922332764,1,0.1650692225772098,0.38,Spanish,16,Álvaro Sánchez,Spanish,16
RNN,940,2.702427387237549,2.7804013013839723,1,0.16595744680851063,0.38,Spanish,16,Jorge Sánchez,Spanish,16
RNN,941,2.8063769340515137,2.7833134651184084,0,0.16578108395324123,0.36,Vietnamese,17,Nguyễn Hải,Italian,9
RNN,942,2.821791887283325,2.7838186979293824,0,0.16560509554140126,0.36,Polish,12,Jan Lewandowski,Italian,9
RNN,943,2.9513912200927734,2.7867879486083984,0,0.16542948038176034,0.36,Chinese,1,吴娜,Italian,9
RNN,944,2.8216941356658936,2.785525598526001,0,0.1652542372881356,0.36,Polish,12,Kamil Kowalczyk,Vietnamese,17
RNN,945,2.9785265922546387,2.7896958351135255,0,0.16507936507936508,0.36,Irish,8,Brendan Kennedy,Russian,14
RNN,946,2.8751699924468994,2.7887304973602296,0,0.1649048625792812,0.36,Arabic,0,طارق الغامدي,English,4
RNN,947,2.860297441482544,2.7868565464019777,0,0.16473072861668428,0.36,Czech,2,Jiří Černý,Vietnamese,17
RNN,948,2.7268614768981934,2.7859735822677614,0,0.16455696202531644,0.36,Greek,7,Χρήστος Σταυρίδης,Russian,14
RNN,949,2.7930145263671875,2.785882830619812,0,0.1643835616438356,0.36,Dutch,3,Sophie Meijer,Vietnamese,17
RNN,950,2.828519821166992,2.789132008552551,0,0.16421052631578947,0.34,Japanese,10,鈴木誠,Vietnamese,17
RNN,951,2.963855266571045,2.790361166000366,0,0.1640378548895899,0.34,Chinese,1,陈勇,Greek,7
RNN,952,2.749577283859253,2.7932589435577393,0,0.1638655462184874,0.32,Vietnamese,17,Hoàng Hiếu,Russian,14
RNN,953,2.8985354900360107,2.7946695041656495,0,0.16369359916054566,0.32,French,5,J.-P. L'Hôpital,Vietnamese,17
RNN,954,2.535219669342041,2.7873942470550537,1,0.16457023060796647,0.34,Russian,14,Сергей Михайлов,Russian,14
RNN,955,2.9568824768066406,2.795911202430725,0,0.1643979057591623,0.32,Scottish,15,Angus Douglas,Portuguese,13
RNN,956,2.883876085281372,2.796106424331665,0,0.16422594142259414,0.32,French,5,Mathieu Bernard,Greek,7
RNN,957,2.969542980194092,2.798428440093994,0,0.16405433646812956,0.32,Czech,2,Tomáš Němec,English,4
RNN,958,2.5043702125549316,2.793558483123779,1,0.1649269311064718,0.32,Russian,14,Евгений Иванов,Russian,14
RNN,959,2.689493179321289,2.7935767936706544,1,0.16579770594369134,0.32,Italian,9,Luca Ferrari,Italian,9
RNN,960,2.876236915588379,2.7937807130813597,0,0.165625,0.32,Chinese,1,张艳,Italian,9
RNN,961,2.899026870727539,2.79775634765625,0,0.16545265348595214,0.3,Chinese,1,陈伟,Japanese,10
RNN,962,2.65615177154541,2.795834684371948,1,0.16632016632016633,0.32,Italian,9,Luca Colombo,Italian,9
RNN,963,2.7894859313964844,2.7972549057006835,0,0.16614745586708204,0.3,Polish,12,Szymon Lewandowski,Italian,9
RNN,964,2.898160934448242,2.799449849128723,0,0.16597510373443983,0.3,Scottish,15,Ewan Campbell,Italian,9
RNN,965,2.858786106109619,2.802668447494507,0,0.16580310880829016,0.28,Chinese,1,周杰,Italian,9
RNN,966,2.807631492614746,2.803671889305115,0,0.16563146997929606,0.28,German,6,Johannes Fischer,Italian,9
RNN,967,2.8773350715637207,2.8029269647598265,0,0.1654601861427094,0.28,Korean,11,임민지,Italian,9
RNN,968,2.8915021419525146,2.80287543296814,0,0.1652892561983471,0.28,Chinese,1,吴磊,Italian,9
RNN,969,2.8259177207946777,2.8030058622360228,0,0.1651186790505676,0.28,Japanese,10,田中美咲,Italian,9
RNN,970,2.8787477016448975,2.8024943399429323,0,0.16494845360824742,0.28,Dutch,3,Lucas van Dijk,Italian,9
RNN,971,2.705641746520996,2.801223859786987,1,0.16580844490216273,0.3,Portuguese,13,António Costa,Portuguese,13
RNN,972,2.5152246952056885,2.796457962989807,1,0.16666666666666666,0.3,Russian,14,Сергей Кузнецов,Russian,14
RNN,973,2.810673952102661,2.7964398288726806,0,0.16649537512846865,0.3,Japanese,10,高橋愛,Italian,9
RNN,974,2.937774658203125,2.802393832206726,0,0.16632443531827515,0.28,Scottish,15,Stuart Douglas,Portuguese,13
RNN,975,2.9334304332733154,2.8085842084884645,0,0.16615384615384615,0.26,Scottish,15,Ross Stewart,Italian,9
RNN,976,2.7058568000793457,2.8049098777770998,1,0.16700819672131148,0.28,Spanish,16,Javier Rodríguez,Spanish,16
RNN,977,2.958554744720459,2.8099158143997194,0,0.1668372569089048,0.26,Czech,2,Jakub Němec,Italian,9
RNN,978,2.7149322032928467,2.8139742851257323,1,0.16768916155419222,0.26,Portuguese,13,João Santos,Portuguese,13
RNN,979,2.7134785652160645,2.810718936920166,1,0.16853932584269662,0.28,Portuguese,13,André Martins,Portuguese,13
RNN,980,2.9026591777801514,2.8133894872665404,0,0.1683673469387755,0.28,French,5,J.-P. Durand,Italian,9
RNN,981,2.692523241043091,2.8125663471221922,1,0.1692150866462793,0.28,Italian,9,Antonio Bianchi,Italian,9
RNN,982,2.8785078525543213,2.815461039543152,0,0.1690427698574338,0.28,Dutch,3,Jan Jansen,English,4
RNN,983,2.798736333847046,2.8169131660461426,0,0.1688708036622584,0.26,Japanese,10,小林美咲,Italian,9
RNN,984,2.589273452758789,2.8129910135269167,1,0.16971544715447154,0.28,Italian,9,Vincenzo Esposito,Italian,9
RNN,985,2.4934027194976807,2.804428582191467,1,0.17055837563451776,0.3,Russian,14,Николай Соколов,Russian,14
RNN,986,2.6519815921783447,2.8040047693252563,1,0.17139959432048682,0.3,Portuguese,13,António Ferreira,Portuguese,13
RNN,987,2.48358416557312,2.793665523529053,1,0.17223910840932116,0.32,Russian,14,Евгений Кузнецов,Russian,14
RNN,988,2.4389235973358154,2.7845919132232666,1,0.17307692307692307,0.34,Russian,14,Иван Иванов,Russian,14
RNN,989,2.8946926593780518,2.7879251861572265,0,0.17290192113245703,0.32,Korean,11,윤하은,Russian,14
RNN,990,2.618039608001709,2.78623743057251,1,0.17373737373737375,0.32,Portuguese,13,Francisco Pereira,Portuguese,13
RNN,991,2.9103598594665527,2.7883170890808104,0,0.17356205852674067,0.32,Chinese,1,王平,Italian,9
RNN,992,2.829145669937134,2.788464164733887,0,0.17338709677419356,0.32,Polish,12,Adam Kowalczyk,Italian,9
RNN,993,2.7235279083251953,2.783906898498535,1,0.17421953675730112,0.34,Spanish,16,Juan Díaz,Spanish,16
RNN,994,2.948791980743408,2.7864488554000855,0,0.17404426559356137,0.34,French,5,Gabriel Martin,Russian,14
RNN,995,2.7169535160064697,2.781217393875122,0,0.17386934673366833,0.34,English,4,Mark Wilson,Russian,14
RNN,996,2.4220495223999023,2.772154984474182,1,0.1746987951807229,0.36,Russian,14,Дмитрий Иванов,Russian,14
RNN,997,2.800208330154419,2.7709532022476195,0,0.17452357071213642,0.36,English,4,Paul Smith,Russian,14
RNN,998,2.750262975692749,2.7714212322235108,0,0.1743486973947896,0.36,Greek,7,Σοφία Σταυρίδης,Russian,14
RNN,999,2.8913490772247314,2.7733879232406617,0,0.17417417417417416,0.36,Korean,11,정예준,Russian,14
RNN,1000,2.796199321746826,2.7727415132522584,0,0.174,0.36,Polish,12,Paweł Zieliński,Russian,14
RNN,1001,2.8207852840423584,2.7698801136016846,0,0.17382617382617382,0.36,Chinese,1,赵涛,Russian,14
RNN,1002,2.7764217853546143,2.7704170036315916,0,0.17365269461077845,0.36,English,4,Anthony Taylor,Russian,14
RNN,1003,2.4247078895568848,2.7609404516220093,1,0.1744765702891326,0.38,Russian,14,Николай Кузнецов,Russian,14
RNN,1004,2.868678331375122,2.7676096248626707,0,0.17430278884462153,0.36,Korean,11,강지호,Russian,14
RNN,1005,2.864173412322998,2.765755443572998,0,0.17412935323383086,0.36,Czech,2,Jakub Veselý,Russian,14
RNN,1006,2.7813618183135986,2.7637051582336425,0,0.17395626242544732,0.36,English,4,Mark Davis,Portuguese,13
RNN,1007,2.864629030227661,2.761606879234314,0,0.17378351539225423,0.36,Korean,11,강지훈,Russian,14
RNN,1008,2.7666709423065186,2.7668528938293457,0,0.1736111111111111,0.34,Japanese,10,小林翔,Russian,14
RNN,1009,3.0797617435455322,2.7746582651138305,0,0.1734390485629336,0.32,Irish,8,Conor Walsh,Russian,14
RNN,1010,2.851893901824951,2.774171404838562,0,0.17326732673267325,0.32,Dutch,3,Kees de Jong,Vietnamese,17
RNN,1011,2.9021100997924805,2.7742330694198607,0,0.17309594460929772,0.32,French,5,Gabriel Durand,Italian,9
RNN,1012,2.682034969329834,2.7747507333755492,1,0.17391304347826086,0.32,Spanish,16,Álvaro López,Spanish,16
RNN,1013,2.8582746982574463,2.7761265087127684,0,0.17374136229022705,0.32,Vietnamese,17,Trần Khôi,Russian,14
RNN,1014,2.9950122833251953,2.7780635356903076,0,0.17357001972386588,0.32,Irish,8,Saoirse Kennedy,Russian,14
RNN,1015,2.9655115604400635,2.7801980447769163,0,0.17339901477832512,0.32,Irish,8,Seán Kennedy,Russian,14
RNN,1016,2.411004066467285,2.7722654962539672,1,0.17421259842519685,0.34,Russian,14,Николай Сидоров,Russian,14
RNN,1017,2.5651562213897705,2.7660219192504885,1,0.1750245821042281,0.36,Italian,9,Stefano Marino,Italian,9
RNN,1018,2.9396073818206787,2.7669840240478516,0,0.17485265225933203,0.36,Scottish,15,Malcolm MacKenzie,Russian,14
RNN,1019,2.8761870861053467,2.767989411354065,0,0.1746810598626104,0.36,Dutch,3,Lucas Jansen,English,4
RNN,1020,2.96787166595459,2.769771890640259,0,0.17450980392156862,0.36,Czech,2,Daniel Procházka,Russian,14
RNN,1021,2.865368366241455,2.772966423034668,0,0.1743388834476004,0.34,French,5,Benoît L'Hôpital,Russian,14
RNN,1022,2.3997881412506104,2.7706576919555665,1,0.175146771037182,0.34,Russian,14,Андрей Петров,Russian,14
RNN,1023,2.7518198490142822,2.7694806098937987,0,0.17497556207233628,0.34,Japanese,10,小林拓也,Russian,14
RNN,1024,2.8406572341918945,2.7675382614135744,0,0.1748046875,0.34,Korean,11,임지훈,Russian,14
RNN,1025,2.834656000137329,2.7655627727508545,0,0.1746341463414634,0.34,Czech,2,Jan Veselý,Russian,14
RNN,1026,2.809068202972412,2.767627000808716,0,0.17446393762183235,0.32,Vietnamese,17,Phạm Nam,Russian,14
RNN,1027,2.6580498218536377,2.7616169023513795,1,0.17526777020447906,0.34,Italian,9,Alessandro Ferrari,Italian,9
RNN,1028,2.924880266189575,2.7658158636093138,0,0.17509727626459143,0.32,French,5,Lucien Robert,Italian,9
RNN,1029,2.6856558322906494,2.7652594089508056,1,0.17589893100097181,0.32,Spanish,16,Rafael González,Spanish,16
RNN,1030,2.8317277431488037,2.7638407802581786,0,0.17572815533980582,0.32,Dutch,3,Sander de Vries,Portuguese,13
RNN,1031,2.741212844848633,2.7648145723342896,0,0.1755577109602328,0.3,English,4,James Brown,Russian,14
RNN,1032,2.9031693935394287,2.7653078031539917,0,0.1753875968992248,0.3,Scottish,15,Fraser MacDonald,Russian,14
RNN,1033,2.8415279388427734,2.766163635253906,0,0.17521781219748306,0.3,Korean,11,윤지훈,Russian,14
RNN,1034,2.814882516860962,2.7706758165359497,0,0.17504835589941972,0.28,Korean,11,강민지,Russian,14
RNN,1035,2.725688934326172,2.7753215408325196,0,0.1748792270531401,0.26,Vietnamese,17,Trần Minh,Italian,9
RNN,1036,2.9203031063079834,2.7806879711151122,0,0.17471042471042472,0.24,Czech,2,Matěj Novák,Russian,14
RNN,1037,2.546987771987915,2.781956043243408,1,0.1755062680810029,0.24,Italian,9,Andrea Romano,Italian,9
RNN,1038,2.9751362800598145,2.7926802968978883,0,0.17533718689788053,0.22,Scottish,15,Ross Fraser,Italian,9
RNN,1039,2.7418224811553955,2.7896228933334353,0,0.1751684311838306,0.22,Portuguese,13,Bruno Sousa,Italian,9
RNN,1040,2.6978085041046143,2.7912182712554934,1,0.17596153846153847,0.22,Portuguese,13,Rui Martins,Portuguese,13
RNN,1041,2.9175539016723633,2.7913621520996093,0,0.17579250720461095,0.22,Czech,2,David Svoboda,Portuguese,13
RNN,1042,2.7694613933563232,2.790168466567993,0,0.17562380038387715,0.22,Japanese,10,小林健,Portuguese,13
RNN,1043,2.9042038917541504,2.7937819862365725,0,0.17545541706615533,0.2,Czech,2,Daniel Procházka,Russian,14
RNN,1044,2.403935194015503,2.7828848505020143,1,0.17624521072796934,0.22,Russian,14,Николай Михайлов,Russian,14
RNN,1045,2.6703178882598877,2.7819521379470826,1,0.17703349282296652,0.24,Spanish,16,Javier López,Spanish,16
RNN,1046,2.753404378890991,2.788579235076904,0,0.17686424474187382,0.22,English,4,J.R. St. John,Russian,14
RNN,1047,2.6720211505889893,2.7860154914855957,1,0.17765042979942694,0.24,Vietnamese,17,Võ Dũng,Vietnamese,17
RNN,1048,2.8531267642974854,2.7880727672576904,0,0.17748091603053434,0.24,French,5,Noël L'Hôpital,Russian,14
RNN,1049,2.7951347827911377,2.7861484813690187,0,0.1773117254528122,0.24,English,4,Christopher Miller,Italian,9
RNN,1050,2.8785409927368164,2.787795314788818,0,0.17714285714285713,0.24,Spanish,16,Miguel García,Portuguese,13
RNN,1051,2.848088026046753,2.788341369628906,0,0.17697431018078022,0.24,Dutch,3,Joris Janssen,English,4
RNN,1052,2.693042516708374,2.7866737842559814,0,0.17680608365019013,0.24,English,4,Paul Brown,Russian,14
RNN,1053,2.85537052154541,2.795287036895752,0,0.17663817663817663,0.22,French,5,Augustin Thomas,Portuguese,13
RNN,1054,2.7305233478546143,2.792523937225342,0,0.17647058823529413,0.22,Japanese,10,加藤花子,Russian,14
RNN,1055,2.7270140647888184,2.7897807502746583,0,0.176303317535545,0.22,Greek,7,Βασίλειος Νικολάου,English,4
RNN,1056,2.6475565433502197,2.7871046447753907,1,0.17708333333333334,0.24,Spanish,16,Luis Rodríguez,Spanish,16
RNN,1057,2.871333599090576,2.787238736152649,0,0.17691579943235572,0.24,Czech,2,Martin Dvořák,Russian,14
RNN,1058,2.956063747406006,2.7910265922546387,0,0.1767485822306238,0.24,German,6,Klaus Schulz,Russian,14
RNN,1059,2.825517177581787,2.7859417009353638,0,0.17658168083097261,0.24,Vietnamese,17,Phạm Khôi,Russian,14
RNN,1060,2.7198538780212402,2.7833009004592895,1,0.17735849056603772,0.26,English,4,James Taylor,English,4
RNN,1061,2.6814463138580322,2.7788876247406007,1,0.17813383600377003,0.28,Italian,9,Stefano Ricci,Italian,9
RNN,1062,2.6404452323913574,2.778055830001831,1,0.17890772128060264,0.28,Vietnamese,17,Trần Dũng,Vietnamese,17
RNN,1063,2.620436191558838,2.773299059867859,1,0.17968015051740358,0.3,Spanish,16,David Gómez,Spanish,16
RNN,1064,2.8356268405914307,2.7701113510131834,0,0.17951127819548873,0.3,French,5,Louis Dubois,English,4
RNN,1065,2.7155404090881348,2.765111927986145,1,0.18028169014084508,0.32,English,4,Michael Williams,English,4
RNN,1066,2.7630553245544434,2.7721529531478883,0,0.1801125703564728,0.3,Japanese,10,中村健,Russian,14
RNN,1067,2.9171574115753174,2.7791929769515993,0,0.17994376757263356,0.28,Chinese,1,王磊,Japanese,10
RNN,1068,2.859144687652588,2.777583723068237,0,0.1797752808988764,0.28,Czech,2,Marek Novák,Russian,14
RNN,1069,2.967833995819092,2.779416661262512,0,0.1796071094480823,0.28,Irish,8,Oisín O'Connor,English,4
RNN,1070,2.9910175800323486,2.779879579544067,0,0.17943925233644858,0.28,German,6,Lukas Hoffmann,English,4
RNN,1071,2.711308717727661,2.7767983865737915,1,0.18020541549953314,0.3,Portuguese,13,Mário Martins,Portuguese,13
RNN,1072,2.9222371578216553,2.7872473669052122,0,0.18003731343283583,0.28,Arabic,0,يوسف الحسيني,English,4
RNN,1073,2.7587413787841797,2.7873857975006104,0,0.1798695246971109,0.28,Vietnamese,17,Phạm Nam,Italian,9
RNN,1074,2.6435673236846924,2.7834439992904665,1,0.18063314711359404,0.3,Italian,9,Carlo Colombo,Italian,9
RNN,1075,2.7265071868896484,2.7812810230255125,0,0.18046511627906978,0.3,Greek,7,Ευάγγελος Αλεξίου,English,4
RNN,1076,2.9049277305603027,2.7831982135772706,0,0.18029739776951673,0.3,Polish,12,Marek Wójcik,English,4
RNN,1077,2.4111804962158203,2.778260827064514,1,0.181058495821727,0.3,Russian,14,Сергей Иванов,Russian,14
RNN,1078,2.860530376434326,2.776973829269409,0,0.18089053803339517,0.3,Chinese,1,张伟,Japanese,10
RNN,1079,2.406853199005127,2.7713977766036986,1,0.18164967562557924,0.3,Russian,14,Виктор Попов,Russian,14
RNN,1080,2.9178130626678467,2.7731194829940797,0,0.1814814814814815,0.3,Scottish,15,Aileen Murray,Russian,14
RNN,1081,2.859938621520996,2.775493998527527,0,0.18131359851988899,0.3,German,6,Thomas Weber,Italian,9
RNN,1082,2.728097438812256,2.7719925594329835,1,0.18207024029574861,0.32,English,4,James Jones,English,4
RNN,1083,2.8289973735809326,2.7717419481277465,0,0.1819021237303786,0.32,Japanese,10,加藤愛,Russian,14
RNN,1084,2.842506170272827,2.772294421195984,0,0.18173431734317344,0.32,Korean,11,강현우,Russian,14
RNN,1085,2.676193952560425,2.771304521560669,1,0.1824884792626728,0.34,English,4,Donald St. John,English,4
RNN,1086,2.8652079105377197,2.7702026176452637,0,0.18232044198895028,0.34,Korean,11,조도윤,English,4
RNN,1087,2.6111505031585693,2.7714858722686766,1,0.18307267709291627,0.34,Vietnamese,17,Trần Hoàng,Vietnamese,17
RNN,1088,2.712768793106079,2.7662385225296022,0,0.18290441176470587,0.34,Japanese,10,田中花子,Russian,14
RNN,1089,2.3816909790039062,2.759035892486572,1,0.18365472910927455,0.36,Russian,14,Игорь Петров,Russian,14
RNN,1090,2.965299129486084,2.7643857049942016,0,0.1834862385321101,0.34,Irish,8,Michael Doyle,Russian,14
RNN,1091,2.7950894832611084,2.7619364166259768,0,0.18331805682859761,0.34,Greek,7,Μαρία Παπαδάκης,Russian,14
RNN,1092,2.855161190032959,2.7636504125595094,0,0.18315018315018314,0.34,Dutch,3,Joris de Jong,Vietnamese,17
RNN,1093,2.683316469192505,2.7592326641082763,0,0.18298261665141813,0.34,Italian,9,Vincenzo Bianchi,Russian,14
RNN,1094,2.6471893787384033,2.7640977478027344,1,0.18372943327239488,0.34,Portuguese,13,Manuel Pereira,Portuguese,13
RNN,1095,2.9173858165740967,2.7690391063690187,0,0.18356164383561643,0.32,French,5,Charles Robert,Italian,9
RNN,1096,2.7471656799316406,2.7689143323898318,0,0.18339416058394162,0.32,Japanese,10,高橋蓮,Russian,14
RNN,1097,2.8504772186279297,2.7724834537506102,0,0.18322698268003645,0.3,French,5,Gabriel Durand,Italian,9
RNN,1098,2.6441307067871094,2.768303532600403,1,0.18397085610200364,0.32,Spanish,16,Álvaro Martínez,Spanish,16
RNN,1099,2.8941080570220947,2.770282998085022,0,0.18380345768880801,0.32,Scottish,15,Aileen Campbell,Russian,14
RNN,1100,2.8856403827667236,2.77042498588562,0,0.18363636363636363,0.32,Scottish,15,Fergus MacDonald,Russian,14
RNN,1101,2.9059901237487793,2.7715830278396605,0,0.18346957311534967,0.32,Czech,2,Jan Procházka,Russian,14
RNN,1102,2.6172430515289307,2.7700670385360717,1,0.18421052631578946,0.34,Spanish,16,Rafael Martínez,Spanish,16
RNN,1103,2.69345760345459,2.7668287801742553,0,0.1840435176790571,0.34,Greek,7,Ευάγγελος Γεωργίου,English,4
RNN,1104,2.846222400665283,2.769142761230469,0,0.1838768115942029,0.34,Korean,11,김예준,Russian,14
RNN,1105,2.9045944213867188,2.7726943683624268,0,0.18371040723981902,0.34,Chinese,1,刘杰,Italian,9
RNN,1106,2.853731632232666,2.776817870140076,0,0.18354430379746836,0.32,Scottish,15,Murdo Graham,Italian,9
RNN,1107,2.837529182434082,2.776141781806946,0,0.18337850045167117,0.32,Scottish,15,Niall Campbell,English,4
RNN,1108,2.635166883468628,2.7697238445281984,1,0.18411552346570398,0.34,Vietnamese,17,Nguyễn Cường,Vietnamese,17
RNN,1109,2.7794666290283203,2.768802833557129,0,0.18394950405770966,0.34,Dutch,3,Thomas Bakker,Spanish,16
RNN,1110,2.6522910594940186,2.7674515771865846,1,0.18468468468468469,0.34,English,4,Joseph Brown,English,4
RNN,1111,2.740262508392334,2.7686279010772705,0,0.1845184518451845,0.32,Korean,11,임지민,Russian,14
RNN,1112,2.885585069656372,2.773530697822571,0,0.1843525179856115,0.3,Polish,12,Adam Kowalczyk,English,4
RNN,1113,2.8598058223724365,2.7783180904388427,0,0.18418688230008984,0.28,Chinese,1,杨娜,Russian,14
RNN,1114,2.827239513397217,2.7781503438949584,0,0.18402154398563733,0.28,Chinese,1,赵丽,Italian,9
RNN,1115,2.6402976512908936,2.7766454887390135,1,0.18475336322869956,0.28,Vietnamese,17,Lê Khang,Vietnamese,17
RNN,1116,2.799647331237793,2.7773773288726806,0,0.18458781362007168,0.28,Korean,11,윤지훈,Japanese,10
RNN,1117,2.6651289463043213,2.7723367595672608,1,0.18531781557743957,0.3,Italian,9,Vincenzo Rossi,Italian,9
RNN,1118,2.8463332653045654,2.7720805311203005,0,0.1851520572450805,0.3,Polish,12,Mateusz Lewandowski,English,4
RNN,1119,2.4030601978302,2.7607850551605226,1,0.18588025022341376,0.32,Russian,14,Олег Новиков,Russian,14
RNN,1120,2.6520841121673584,2.7540063858032227,1,0.18660714285714286,0.34,Vietnamese,17,Phạm Linh,Vietnamese,17
RNN,1121,2.866814374923706,2.7571164989471435,0,0.1864406779661017,0.32,Dutch,3,Joris Jansen,English,4
RNN,1122,2.742439031600952,2.7535205364227293,0,0.18627450980392157,0.32,Dutch,3,Jan Bakker,Vietnamese,17
RNN,1123,2.792464256286621,2.7541949939727783,0,0.1861086375779163,0.32,Korean,11,정동현,Russian,14
RNN,1124,2.635101318359375,2.754025673866272,1,0.18683274021352314,0.32,Vietnamese,17,Hoàng Minh,Vietnamese,17
RNN,1125,2.6948463916778564,2.753392457962036,1,0.18755555555555556,0.34,English,4,Christopher Williams,English,4
RNN,1126,2.6161019802093506,2.747615942955017,1,0.1882770870337478,0.36,Spanish,16,Carlos Martínez,Spanish,16
RNN,1127,2.8266100883483887,2.7559245347976686,0,0.1881100266193434,0.34,Spanish,16,José García,English,4
RNN,1128,2.835538864135742,2.7554247045516966,0,0.1879432624113475,0.34,Chinese,1,王洋,Russian,14
RNN,1129,2.6518168449401855,2.760323977470398,1,0.1886625332152347,0.34,English,4,Robert St. John,English,4
RNN,1130,2.7379112243652344,2.756725940704346,0,0.18849557522123894,0.34,Japanese,10,山本花子,Russian,14
RNN,1131,2.565268039703369,2.7508325290679934,1,0.1892130857648099,0.36,Spanish,16,Pedro Martínez,Spanish,16
RNN,1132,2.5558271408081055,2.7473871231079103,1,0.18992932862190812,0.36,English,4,Mark Wilson,English,4
RNN,1133,2.55678653717041,2.7419429063796996,1,0.19064430714916153,0.38,Spanish,16,Pablo Fernández,Spanish,16
RNN,1134,2.7951853275299072,2.740996489524841,0,0.19047619047619047,0.38,Japanese,10,中村悠斗,Italian,9
RNN,1135,2.6750428676605225,2.7409734678268434,0,0.19030837004405288,0.36,Japanese,10,高橋花子,Russian,14
RNN,1136,2.8448050022125244,2.7405654096603396,0,0.19014084507042253,0.36,Polish,12,Stanisław Zieliński,English,4
RNN,1137,2.6751863956451416,2.7418461275100707,1,0.19085312225153914,0.36,Italian,9,Luca Ricci,Italian,9
RNN,1138,2.776515483856201,2.7431210613250734,0,0.19068541300527242,0.36,Japanese,10,山本美咲,Italian,9
RNN,1139,2.523196220397949,2.7459511661529543,1,0.19139596136962247,0.36,Spanish,16,Pedro Sánchez,Spanish,16
RNN,1140,2.8755218982696533,2.7441556215286256,0,0.1912280701754386,0.36,Scottish,15,Angus Robertson,English,4
RNN,1141,2.623654365539551,2.7407269191741945,1,0.19193689745836984,0.38,Italian,9,Andrea Colombo,Italian,9
RNN,1142,3.02447509765625,2.7441131973266604,0,0.19176882661996497,0.38,Arabic,0,ماجد الغامدي,English,4
RNN,1143,2.727027177810669,2.7449874114990234,0,0.19160104986876642,0.38,Japanese,10,小林大輔,English,4
RNN,1144,2.7332944869995117,2.7467095136642454,0,0.19143356643356643,0.36,Dutch,3,Kees Bakker,Spanish,16
RNN,1145,2.546337127685547,2.739288539886475,1,0.19213973799126638,0.38,Italian,9,Domenico Greco,Italian,9
RNN,1146,3.0347394943237305,2.7450400161743165,0,0.19197207678883071,0.38,Arabic,0,كريم المالكي,English,4
RNN,1147,2.8290441036224365,2.7446113538742067,0,0.1918047079337402,0.38,Scottish,15,Gordon Campbell,English,4
RNN,1148,2.783841848373413,2.7474055767059324,0,0.1916376306620209,0.36,Greek,7,Κωνσταντίνος Σταυρίδης,Russian,14
RNN,1149,2.7690820693969727,2.74490505695343,0,0.19147084421235858,0.36,Chinese,1,赵洋,Italian,9
RNN,1150,2.8579928874969482,2.7443521070480346,0,0.19130434782608696,0.36,Scottish,15,Duncan MacKenzie,Italian,9
RNN,1151,2.4917032718658447,2.736066370010376,1,0.19200695047784536,0.38,Spanish,16,Antonio Gómez,Spanish,16
RNN,1152,2.824157953262329,2.740204668045044,0,0.1918402777777778,0.36,Polish,12,Stanisław Kowalski,Italian,9
RNN,1153,2.7253801822662354,2.740843119621277,0,0.191673894189072,0.36,Greek,7,Βασίλειος Παπαδόπουλος,English,4
RNN,1154,2.7895190715789795,2.739709053039551,0,0.19150779896013864,0.36,Dutch,3,Daan de Vries,Spanish,16
RNN,1155,2.9567012786865234,2.740751190185547,0,0.19134199134199134,0.36,Arabic,0,كريم الهاشمي,English,4
RNN,1156,2.752225399017334,2.7387210655212404,0,0.19117647058823528,0.36,Japanese,10,渡辺愛,Italian,9
RNN,1157,2.7183074951171875,2.7363366317749023,0,0.19101123595505617,0.36,English,4,David Miller,Spanish,16
RNN,1158,2.8945820331573486,2.7415249347686768,0,0.19084628670120898,0.34,German,6,Dieter Meyer,Spanish,16
RNN,1159,2.5164294242858887,2.736264190673828,1,0.1915444348576359,0.36,Spanish,16,Sergio Díaz,Spanish,16
RNN,1160,2.82210373878479,2.7396604442596435,0,0.19137931034482758,0.34,Scottish,15,Hamish Robertson,English,4
RNN,1161,2.8134493827819824,2.7411241817474363,0,0.19121447028423771,0.34,Chinese,1,周伟,Japanese,10
RNN,1162,2.671764612197876,2.7368477725982667,1,0.1919104991394148,0.36,English,4,Matthew Davis,English,4
RNN,1163,2.8659591674804688,2.7369708395004273,0,0.19174548581255374,0.36,German,6,Wolfgang Becker,Spanish,16
RNN,1164,2.7215912342071533,2.734857873916626,1,0.19243986254295534,0.38,Japanese,10,小林美咲,Japanese,10
RNN,1165,2.8910231590270996,2.73987238407135,0,0.192274678111588,0.36,Scottish,15,Ross Fraser,Spanish,16
RNN,1166,2.849839210510254,2.7408762216567992,0,0.19210977701543738,0.36,Polish,12,Jan Kowalczyk,English,4
RNN,1167,2.8871328830718994,2.745316300392151,0,0.1919451585261354,0.34,French,5,Pierre Richard,Spanish,16
RNN,1168,2.5885446071624756,2.740160527229309,1,0.19263698630136986,0.36,Vietnamese,17,Hoàng Hoàng,Vietnamese,17
RNN,1169,2.7737581729888916,2.747574486732483,0,0.1924721984602224,0.34,Vietnamese,17,Hoàng Khôi,Italian,9
RNN,1170,3.050767183303833,2.755548148155212,0,0.19230769230769232,0.32,Irish,8,Brian Gallagher,Spanish,16
RNN,1171,2.805999755859375,2.7543318557739256,0,0.19214346712211786,0.32,Scottish,15,Iain MacKenzie,Spanish,16
RNN,1172,2.6874172687530518,2.753231420516968,0,0.19197952218430034,0.32,Greek,7,Θεόδωρος Δημητρίου,English,4
RNN,1173,2.57659912109375,2.7489141178131105,1,0.1926683716965047,0.34,Vietnamese,17,Phạm Phong,Vietnamese,17
RNN,1174,2.657348394393921,2.749359059333801,0,0.19250425894378195,0.32,Greek,7,Μαρία Δημητρίου,English,4
RNN,1175,2.554133653640747,2.746544804573059,1,0.19319148936170213,0.32,Italian,9,Alessandro Greco,Italian,9
RNN,1176,2.974954128265381,2.75372184753418,0,0.19302721088435373,0.3,German,6,Lukas Schulz,Spanish,16
RNN,1177,2.8223676681518555,2.753636999130249,0,0.19286321155480035,0.3,Scottish,15,Angus Stewart,Italian,9
RNN,1178,2.793722152709961,2.7528006649017334,0,0.1926994906621392,0.3,Scottish,15,Iain Stewart,Italian,9
RNN,1179,2.692547559738159,2.753615279197693,0,0.19253604749787956,0.28,Vietnamese,17,Đặng Đức,English,4
RNN,1180,3.176161050796509,2.7623802757263185,0,0.1923728813559322,0.28,Irish,8,Darragh Walsh,Vietnamese,17
RNN,1181,2.7084333896636963,2.765243582725525,0,0.1922099915325995,0.26,Dutch,3,Kees Visser,Spanish,16
RNN,1182,2.698364734649658,2.768094334602356,0,0.19204737732656516,0.24,Vietnamese,17,Hoàng Quân,English,4
RNN,1183,2.834223747253418,2.773643078804016,0,0.19188503803888418,0.22,Polish,12,Jakub Kowalczyk,Vietnamese,17
RNN,1184,2.607097864151001,2.769881329536438,1,0.19256756756756757,0.24,English,4,Donald Brown,English,4
RNN,1185,2.8566505908966064,2.7735134840011595,0,0.19240506329113924,0.24,Chinese,1,刘娟,Italian,9
RNN,1186,2.867932081222534,2.77397602558136,0,0.19224283305227655,0.24,Czech,2,Jiří Černý,Vietnamese,17
RNN,1187,2.4848337173461914,2.770168972015381,1,0.19292333614153329,0.24,Russian,14,Владимир Михайлов,Russian,14
RNN,1188,3.0763213634490967,2.7761650896072387,0,0.19276094276094277,0.24,Irish,8,Brendan Kennedy,English,4
RNN,1189,2.7534027099609375,2.7807692193984987,0,0.19259882253994953,0.22,Scottish,15,Ross MacKenzie,Vietnamese,17
RNN,1190,2.8674821853637695,2.7806084251403806,0,0.19243697478991598,0.22,German,6,Felix Wagner,Spanish,16
RNN,1191,2.987640857696533,2.7878881549835204,0,0.19227539882451722,0.2,Irish,8,Conor Gallagher,Spanish,16
RNN,1192,3.0239968299865723,2.787878589630127,0,0.19211409395973153,0.2,Irish,8,Michael Kelly,Russian,14
RNN,1193,2.6970160007476807,2.7872783660888674,0,0.19195305951383068,0.2,Dutch,3,Sophie Visser,Spanish,16
RNN,1194,2.6679139137268066,2.785970754623413,0,0.19179229480737017,0.2,Greek,7,Ιωάννης Δημητρίου,English,4
RNN,1195,2.8430986404418945,2.79190598487854,0,0.1916317991631799,0.18,Chinese,1,吴艳,Italian,9
RNN,1196,2.5076546669006348,2.781364288330078,1,0.19230769230769232,0.2,Spanish,16,Rafael González,Spanish,16
RNN,1197,2.6918885707855225,2.77862117767334,0,0.1921470342522974,0.2,Greek,7,Αθανάσιος Παπαδόπουλος,English,4
RNN,1198,2.6832828521728516,2.7766099977493286,0,0.19198664440734559,0.2,Dutch,3,Dirk Bakker,Spanish,16
RNN,1199,2.683253288269043,2.77489342212677,0,0.19182652210175147,0.2,Japanese,10,加藤直子,English,4
RNN,1200,2.6530675888061523,2.770794916152954,1,0.1925,0.22,Scottish,15,Fergus MacLeod,Scottish,15
RNN,1201,2.687453269958496,2.774709916114807,0,0.19233971690258117,0.2,English,4,John Smith,Vietnamese,17
RNN,1202,2.6074490547180176,2.7703757381439207,1,0.1930116472545757,0.22,Vietnamese,17,Lê Anh,Vietnamese,17
RNN,1203,2.7954764366149902,2.771777663230896,0,0.19285120532003325,0.22,Portuguese,13,Rui Jesus,English,4
RNN,1204,2.7923004627227783,2.771833291053772,0,0.19269102990033224,0.22,Scottish,15,Callum Fraser,Dutch,3
RNN,1205,3.011899471282959,2.7729372549057008,0,0.19253112033195022,0.22,German,6,Johannes Hoffmann,English,4
RNN,1206,2.6762611865997314,2.7714179706573487,1,0.1932006633499171,0.24,Italian,9,Antonio Bianchi,Italian,9
RNN,1207,2.518948793411255,2.76743079662323,1,0.19386909693454846,0.26,Italian,9,Domenico Marino,Italian,9
RNN,1208,2.8299849033355713,2.7661388540267944,0,0.19370860927152317,0.26,Chinese,1,周超,Italian,9
RNN,1209,2.9297878742218018,2.7744060230255125,0,0.1935483870967742,0.24,Czech,2,Jakub Horák,Vietnamese,17
RNN,1210,2.6398074626922607,2.770760097503662,0,0.1933884297520661,0.24,Greek,7,Μαρία Κωνσταντίνου,English,4
RNN,1211,2.802220582962036,2.7705355215072633,0,0.19322873658133774,0.24,Chinese,1,张静,Japanese,10
RNN,1212,2.761446237564087,2.7723291540145873,0,0.19306930693069307,0.22,Portuguese,13,Pedro Ferreira,Italian,9
RNN,1213,2.7426979541778564,2.769863929748535,0,0.19291014014839242,0.22,Chinese,1,杨芳,Vietnamese,17
RNN,1214,2.707367420196533,2.7695794534683227,1,0.19357495881383854,0.22,Scottish,15,Gordon MacKenzie,Scottish,15
RNN,1215,2.614351987838745,2.7640460300445557,1,0.194238683127572,0.24,Italian,9,Giovanni Rossi,Italian,9
RNN,1216,2.9691104888916016,2.7664314556121825,0,0.19407894736842105,0.24,Arabic,0,وليد العتيبي,English,4
RNN,1217,2.805903434753418,2.764806866645813,0,0.19391947411668037,0.24,Dutch,3,Dirk van Dijk,Italian,9
RNN,1218,2.4784185886383057,2.76260434627533,1,0.19458128078817735,0.24,Italian,9,Riccardo Romano,Italian,9
RNN,1219,2.689894437789917,2.7609270715713503,0,0.1944216570959803,0.24,Vietnamese,17,Phan Nam,Italian,9
RNN,1220,2.598534107208252,2.7518824100494386,1,0.19508196721311474,0.26,Scottish,15,Ross MacLeod,Scottish,15
RNN,1221,2.506474256515503,2.7458919000625612,1,0.19574119574119575,0.28,Spanish,16,Álvaro Martínez,Spanish,16
RNN,1222,3.0995869636535645,2.754135293960571,0,0.1955810147299509,0.28,Irish,8,Eoin O'Brien,English,4
RNN,1223,2.778998613357544,2.758183283805847,0,0.19542109566639412,0.26,Dutch,3,Johan van Dijk,Italian,9
RNN,1224,2.9200124740600586,2.7634365653991697,0,0.19526143790849673,0.26,French,5,Gabriel L'Hôpital,Scottish,15
RNN,1225,2.5127108097076416,2.762608108520508,1,0.19591836734693877,0.26,Russian,14,Борис Михайлов,Russian,14
RNN,1226,3.018437385559082,2.763477773666382,0,0.19575856443719414,0.26,Irish,8,Conor Kennedy,Scottish,15
RNN,1227,2.989960193634033,2.7668296241760255,0,0.19559902200489,0.26,French,5,Charles Martin,English,4
RNN,1228,2.70902681350708,2.765135717391968,1,0.1962540716612378,0.28,Japanese,10,田中由美,Japanese,10
RNN,1229,2.8577795028686523,2.768440356254578,0,0.19609438567941415,0.28,German,6,Jürgen Schneider,Dutch,3
RNN,1230,2.819780111312866,2.761312737464905,0,0.19593495934959348,0.28,Polish,12,Mateusz Kamiński,Italian,9
RNN,1231,2.4765522480010986,2.756675114631653,1,0.1965881397238018,0.3,Spanish,16,Daniel López,Spanish,16
RNN,1232,2.9614815711975098,2.76193745136261,0,0.19642857142857142,0.3,Czech,2,Pavel Procházka,Scottish,15
RNN,1233,2.723971128463745,2.7597323989868165,0,0.19626926196269262,0.3,Dutch,3,Bram de Vries,Spanish,16
RNN,1234,2.7124109268188477,2.761838660240173,1,0.19692058346839547,0.3,English,4,Robert Davis,English,4
RNN,1235,2.6891913414001465,2.758489475250244,0,0.19676113360323888,0.3,Japanese,10,田中直子,English,4
RNN,1236,2.9560139179229736,2.7602511119842528,0,0.1966019417475728,0.3,Arabic,0,حسين العتيبي,English,4
RNN,1237,2.8720455169677734,2.767995347976685,0,0.19644300727566694,0.28,Polish,12,Jan Wójcik,Scottish,15
RNN,1238,2.502276659011841,2.7565144538879394,1,0.19709208400646203,0.3,Russian,14,Максим Новиков,Russian,14
RNN,1239,3.0684986114501953,2.7628163719177246,0,0.19693301049233253,0.3,Irish,8,Cian O'Sullivan,English,4
RNN,1240,2.6156563758850098,2.7577798557281494,1,0.1975806451612903,0.32,Italian,9,Giovanni Ricci,Italian,9
RNN,1241,2.924682855606079,2.75652069568634,0,0.19742143432715553,0.32,Arabic,0,حسين العتيبي,English,4
RNN,1242,2.910623788833618,2.754253234863281,0,0.1972624798711755,0.32,Korean,11,장하은,Italian,9
RNN,1243,2.7001593112945557,2.7543161010742185,1,0.19790828640386163,0.34,Greek,7,Ευάγγελος Παπαδόπουλος,Greek,7
RNN,1244,2.6372616291046143,2.753703055381775,1,0.1985530546623794,0.36,Dutch,3,Lotte Bakker,Dutch,3
RNN,1245,2.5670928955078125,2.748182940483093,1,0.19919678714859437,0.38,Italian,9,Alessandro Ferrari,Italian,9
RNN,1246,2.790712833404541,2.7538441038131714,0,0.19903691813804172,0.36,Polish,12,Kamil Szymański,Italian,9
RNN,1247,2.532628297805786,2.7506588983535765,1,0.1996792301523657,0.38,Spanish,16,Alejandro Díaz,Spanish,16
RNN,1248,2.444730043411255,2.7458878421783446,1,0.20032051282051283,0.4,Italian,9,Riccardo Marino,Italian,9
RNN,1249,2.737406015396118,2.746970896720886,0,0.200160128102482,0.4,Dutch,3,Hendrik Smit,Italian,9
RNN,1250,2.546884059906006,2.744847226142883,1,0.2008,0.4,Italian,9,Paolo Bianchi,Italian,9
RNN,1251,2.628051996231079,2.743659200668335,1,0.2014388489208633,0.42,Greek,7,Μαρία Γεωργίου,Greek,7
RNN,1252,2.7086777687072754,2.74568377494812,0,0.2012779552715655,0.4,English,4,Robert Davis,Italian,9
RNN,1253,2.7329089641571045,2.7444324254989625,0,0.2011173184357542,0.4,English,4,Steven Miller,Dutch,3
RNN,1254,2.91505765914917,2.74688756942749,0,0.20095693779904306,0.4,Korean,11,강동현,Italian,9
RNN,1255,2.6237220764160156,2.7391240215301513,0,0.200796812749004,0.4,Vietnamese,17,Phan Anh,Italian,9
RNN,1256,2.7291789054870605,2.740182375907898,0,0.20063694267515925,0.38,Vietnamese,17,Võ Khôi,Italian,9
RNN,1257,3.022359848022461,2.750250597000122,0,0.20047732696897375,0.36,German,6,Maximilian Hoffmann,Italian,9
RNN,1258,2.616410970687866,2.745979118347168,1,0.20111287758346583,0.38,Greek,7,Στέφανος Αλεξίου,Greek,7
RNN,1259,3.0124945640563965,2.74763325214386,0,0.20095313741064336,0.38,Czech,2,Filip Kučera,Italian,9
RNN,1260,2.604891061782837,2.7469349241256715,1,0.2015873015873016,0.4,Russian,14,Олег Васильев,Russian,14
RNN,1261,2.8607704639434814,2.7481059217453003,0,0.2014274385408406,0.4,Korean,11,김민지,Italian,9
RNN,1262,2.715250015258789,2.747181997299194,0,0.20126782884310618,0.4,Dutch,3,Sem de Jong,Vietnamese,17
RNN,1263,2.551187753677368,2.7433517932891847,1,0.20190023752969122,0.42,Vietnamese,17,Phan Khang,Vietnamese,17
RNN,1264,2.838809013366699,2.745980625152588,0,0.20174050632911392,0.4,German,6,Michael Becker,Dutch,3
RNN,1265,2.5419421195983887,2.7445324277877807,1,0.20237154150197628,0.4,Vietnamese,17,Trần Thành,Vietnamese,17
RNN,1266,3.0065767765045166,2.745281753540039,0,0.20221169036334913,0.4,French,5,Charles Robert,Italian,9
RNN,1267,2.482921600341797,2.7388221168518068,1,0.20284135753749014,0.42,Spanish,16,Manuel Martínez,Spanish,16
RNN,1268,2.7048137187957764,2.7433500194549563,0,0.20268138801261829,0.4,Dutch,3,Lucas Smit,Vietnamese,17
RNN,1269,2.9839611053466797,2.7492313528060914,0,0.20252167060677698,0.4,German,6,Wolfgang Hoffmann,Vietnamese,17
RNN,1270,2.6346311569213867,2.749953293800354,1,0.2031496062992126,0.4,Scottish,15,Duncan MacLeod,Scottish,15
RNN,1271,2.4475319385528564,2.748774447441101,1,0.2037765538945712,0.4,Spanish,16,Miguel Martínez,Spanish,16
RNN,1272,2.8192570209503174,2.7431678485870363,0,0.20361635220125787,0.4,Chinese,1,杨超,Italian,9
RNN,1273,2.6809017658233643,2.7412059116363525,1,0.204241948153967,0.42,English,4,Daniel Davis,English,4
RNN,1274,2.837768077850342,2.739561023712158,0,0.20408163265306123,0.42,Portuguese,13,Bruno Costa,Italian,9
RNN,1275,2.7398242950439453,2.7441032934188843,0,0.20392156862745098,0.4,Chinese,1,赵敏,Italian,9
RNN,1276,2.4901046752929688,2.733536639213562,1,0.20454545454545456,0.42,Russian,14,Максим Михайлов,Russian,14
RNN,1277,2.456984519958496,2.7228771257400513,1,0.20516836335160532,0.44,Italian,9,Domenico Greco,Italian,9
RNN,1278,2.9723410606384277,2.7281434106826783,0,0.20500782472613457,0.42,Arabic,0,أحمد الهاشمي,English,4
RNN,1279,3.0928537845611572,2.732844896316528,0,0.20484753713838938,0.42,Irish,8,Seán Murphy,Vietnamese,17
RNN,1280,2.7938404083251953,2.732326102256775,0,0.2046875,0.42,German,6,Andreas Becker,Dutch,3
RNN,1281,2.9722652435302734,2.7422403621673586,0,0.20452771272443404,0.4,Czech,2,Marek Novák,Italian,9
RNN,1282,2.7963149547576904,2.738937029838562,0,0.20436817472698907,0.4,Portuguese,13,Jorge Oliveira,Italian,9
RNN,1283,2.9834744930267334,2.7441270971298217,0,0.20420888542478566,0.4,Czech,2,Břetislav Kučera,Italian,9
RNN,1284,3.0555529594421387,2.7509899377822875,0,0.20404984423676012,0.38,Chinese,1,王秀英,Vietnamese,17
RNN,1285,2.714691162109375,2.751499934196472,0,0.20389105058365758,0.38,Scottish,15,Hamish MacDonald,Italian,9
RNN,1286,2.4285786151885986,2.7409512281417845,1,0.20451010886469673,0.4,Italian,9,Davide Romano,Italian,9
RNN,1287,2.9108169078826904,2.741726655960083,0,0.20435120435120435,0.4,French,5,Noël L'Hôpital,Vietnamese,17
RNN,1288,2.6497058868408203,2.7446752405166626,1,0.20496894409937888,0.4,English,4,Steven St. John,English,4
RNN,1289,2.7741189002990723,2.7387876462936402,0,0.20480993017843288,0.4,Portuguese,13,Ricardo Oliveira,Italian,9
RNN,1290,2.8118128776550293,2.7427107763290404,0,0.20465116279069767,0.38,Polish,12,Bartosz Kamiński,Italian,9
RNN,1291,2.8187367916107178,2.7405918550491335,0,0.20449264136328427,0.38,Polish,12,Marek Kowalczyk,Italian,9
RNN,1292,2.908186435699463,2.74054310798645,0,0.2043343653250774,0.38,Czech,2,Filip Horák,Italian,9
RNN,1293,2.6730310916900635,2.7400005435943604,0,0.20417633410672853,0.36,Vietnamese,17,Trần Nam,Italian,9
RNN,1294,2.877706289291382,2.7448094367980955,0,0.20401854714064915,0.34,Korean,11,이서준,Italian,9
RNN,1295,2.92206072807312,2.751908793449402,0,0.20386100386100386,0.32,French,5,Pierre Durand,Italian,9
RNN,1296,2.7580676078796387,2.751255888938904,0,0.2037037037037037,0.32,Polish,12,Kamil Lewandowski,Italian,9
RNN,1297,2.6348700523376465,2.753300724029541,1,0.20431765612952968,0.32,English,4,Richard St. John,English,4
RNN,1298,2.691304922103882,2.7582322216033934,0,0.2041602465331279,0.3,Greek,7,Γεώργιος Παπαδόπουλος,English,4
RNN,1299,2.9306905269622803,2.762097911834717,0,0.2040030792917629,0.3,Arabic,0,وليد العتيبي,English,4
RNN,1300,2.497865915298462,2.761117548942566,1,0.20461538461538462,0.3,Russian,14,Максим Михайлов,Russian,14
RNN,1301,2.5173354148864746,2.758903217315674,1,0.20522674865488086,0.3,Vietnamese,17,Huỳnh Hùng,Vietnamese,17
RNN,1302,2.650834083557129,2.757746343612671,0,0.20506912442396313,0.3,Vietnamese,17,Hoàng Quân,English,4
RNN,1303,2.612481117248535,2.7553377866744997,1,0.2056792018419033,0.32,Greek,7,Νικόλαος Δημητρίου,Greek,7
RNN,1304,2.4774668216705322,2.7465859699249267,1,0.2062883435582822,0.34,Russian,14,Дмитрий Кузнецов,Russian,14
RNN,1305,2.584728956222534,2.745806107521057,1,0.20689655172413793,0.36,English,4,Christopher Brown,English,4
RNN,1306,2.975726366043091,2.7507370567321776,0,0.20673813169984687,0.36,German,6,Dieter Hoffmann,Vietnamese,17
RNN,1307,2.7336387634277344,2.744962635040283,0,0.20657995409334354,0.36,Dutch,3,Daan de Jong,Vietnamese,17
RNN,1308,2.8327817916870117,2.749290051460266,0,0.20642201834862386,0.34,Portuguese,13,Filipe Martins,Vietnamese,17
RNN,1309,2.8972830772399902,2.746985821723938,0,0.20626432391138275,0.34,Arabic,0,أحمد العتيبي,English,4
RNN,1310,2.7819013595581055,2.7505260276794434,0,0.20610687022900764,0.32,German,6,Felix Müller,Dutch,3
RNN,1311,2.599790573120117,2.745306429862976,1,0.20671243325705568,0.34,Dutch,3,Joris Visser,Dutch,3
RNN,1312,2.8032209873199463,2.747065849304199,0,0.20655487804878048,0.34,Chinese,1,杨涛,Vietnamese,17
RNN,1313,2.8316235542297363,2.7526745653152465,0,0.2063975628332064,0.32,Chinese,1,刘娜,Italian,9
RNN,1314,2.7609894275665283,2.7511181735992434,0,0.20624048706240486,0.32,Chinese,1,杨娜,Italian,9
RNN,1315,2.4482104778289795,2.749243540763855,1,0.20684410646387832,0.32,Russian,14,Юрий Сидоров,Russian,14
RNN,1316,2.581573486328125,2.740743474960327,1,0.2074468085106383,0.34,Vietnamese,17,Lê Ngọc,Vietnamese,17
RNN,1317,2.8343136310577393,2.747771315574646,0,0.2072892938496583,0.32,Chinese,1,李明,Vietnamese,17
RNN,1318,2.493441581726074,2.7435438728332517,1,0.2078907435508346,0.34,Spanish,16,Miguel Rodríguez,Spanish,16
RNN,1319,2.7148797512054443,2.738162245750427,0,0.20773313115996966,0.34,Greek,7,Χρήστος Σταυρίδης,Vietnamese,17
RNN,1320,2.841870069503784,2.7423070240020753,0,0.20757575757575758,0.32,Japanese,10,中村愛,Italian,9
RNN,1321,2.8275246620178223,2.7499068784713745,0,0.20741862225586677,0.3,Japanese,10,田中太郎,Vietnamese,17
RNN,1322,2.499852180480957,2.7435187816619875,1,0.20801815431164902,0.32,Italian,9,Riccardo Russo,Italian,9
RNN,1323,2.463019609451294,2.739161138534546,1,0.20861678004535147,0.32,Spanish,16,Pedro González,Spanish,16
RNN,1324,2.7394447326660156,2.7371946716308595,0,0.2084592145015106,0.32,Portuguese,13,Bruno Pereira,Italian,9
RNN,1325,3.1040334701538086,2.744478855133057,0,0.20830188679245282,0.32,Irish,8,Michael Murphy,Vietnamese,17
RNN,1326,2.5121846199035645,2.7449204540252685,1,0.20889894419306185,0.32,Vietnamese,17,Vũ Linh,Vietnamese,17
RNN,1327,2.986856460571289,2.7555178928375246,0,0.20874152223059533,0.3,French,5,Arthur d'Aubigné,Vietnamese,17
RNN,1328,2.7979395389556885,2.7520298624038695,0,0.2085843373493976,0.3,Portuguese,13,António Martins,Vietnamese,17
RNN,1329,2.751466989517212,2.7452021265029907,0,0.20842738901429647,0.3,Scottish,15,Murdo MacDonald,Vietnamese,17
RNN,1330,2.887032985687256,2.747065978050232,0,0.20827067669172933,0.3,Korean,11,장성민,Italian,9
RNN,1331,2.7808117866516113,2.7432369089126585,0,0.20811419984973703,0.3,Polish,12,Bartosz Lewandowski,Italian,9
RNN,1332,2.734652280807495,2.742003655433655,0,0.20795795795795796,0.3,Japanese,10,小林健一,English,4
RNN,1333,2.740931272506714,2.7371527910232545,0,0.2078019504876219,0.3,Portuguese,13,Carlos Costa,Italian,9
RNN,1334,2.6007468700408936,2.7280566692352295,1,0.20839580209895053,0.32,English,4,Steven Brown,English,4
RNN,1335,2.753488540649414,2.7288326168060304,0,0.20823970037453182,0.32,Polish,12,Marcin Wiśniewski,Vietnamese,17
RNN,1336,2.5092661380767822,2.7304463672637937,1,0.2088323353293413,0.32,Vietnamese,17,Phan Bình,Vietnamese,17
RNN,1337,2.5999226570129395,2.724228482246399,1,0.2094240837696335,0.34,Greek,7,Ελένη Γεωργίου,Greek,7
RNN,1338,2.48016095161438,2.7208375835418703,1,0.2100149476831091,0.34,Italian,9,Andrea Greco,Italian,9
RNN,1339,2.701516628265381,2.7193855381011964,0,0.20985810306198655,0.34,English,4,Andrew Miller,Vietnamese,17
RNN,1340,2.681938409805298,2.7167880487442018,1,0.21044776119402986,0.36,Chinese,1,赵敏,Chinese,1
RNN,1341,2.713460922241211,2.7146825313568117,0,0.21029082774049218,0.36,Portuguese,13,Miguel Costa,Italian,9
RNN,1342,2.545630931854248,2.707431421279907,1,0.21087928464977646,0.38,Vietnamese,17,Phan Ngọc,Vietnamese,17
RNN,1343,2.6340341567993164,2.7066514825820924,1,0.2114668652271035,0.4,English,4,J.R. Jones,English,4
RNN,1344,2.5597102642059326,2.700291562080383,1,0.21205357142857142,0.42,Greek,7,Αλέξανδρος Δημητρίου,Greek,7
RNN,1345,2.832980155944824,2.6985099506378174,0,0.21189591078066913,0.42,German,6,Jürgen Weber,Vietnamese,17
RNN,1346,3.0014853477478027,2.7033783054351805,0,0.21173848439821694,0.42,Czech,2,Daniel Procházka,English,4
RNN,1347,2.9106695652008057,2.7088942956924438,0,0.21158129175946547,0.4,Korean,11,이준영,Vietnamese,17
RNN,1348,2.6046643257141113,2.7071614837646485,1,0.21216617210682492,0.42,Vietnamese,17,Đặng Hải,Vietnamese,17
RNN,1349,2.7764666080474854,2.7040770053863525,0,0.21200889547813195,0.42,German,6,Johannes Müller,Vietnamese,17
RNN,1350,3.1474504470825195,2.7170686960220336,0,0.21185185185185185,0.4,Irish,8,Brian O'Sullivan,English,4
RNN,1351,2.7834136486053467,2.722390260696411,0,0.21169504071058476,0.38,Chinese,1,王霞,Italian,9
RNN,1352,2.9299182891845703,2.72797194480896,0,0.21153846153846154,0.38,German,6,Friedrich Hoffmann,Vietnamese,17
RNN,1353,2.5076327323913574,2.7258749771118165,1,0.21212121212121213,0.38,Vietnamese,17,Lê Ngọc,Vietnamese,17
RNN,1354,2.7750422954559326,2.7318264865875244,0,0.2119645494830133,0.36,Scottish,15,Niall MacKenzie,Vietnamese,17
RNN,1355,2.753918170928955,2.735210270881653,0,0.2118081180811808,0.34,Japanese,10,田中彩,Vietnamese,17
RNN,1356,3.1762523651123047,2.7392207908630373,0,0.21165191740412978,0.34,Arabic,0,ماجد النجار,Vietnamese,17
RNN,1357,2.9041759967803955,2.7426315355300903,0,0.21149594694178334,0.34,German,6,Stefan Hoffmann,Vietnamese,17
RNN,1358,2.653927803039551,2.7390544557571412,0,0.211340206185567,0.34,Dutch,3,Sander Meijer,Vietnamese,17
RNN,1359,2.730799913406372,2.7357247924804686,0,0.21118469462840322,0.34,Scottish,15,Callum Campbell,Vietnamese,17
RNN,1360,2.707266330718994,2.7342320919036864,0,0.21102941176470588,0.34,German,6,Peter Meyer,Vietnamese,17
RNN,1361,2.588998794555664,2.7340162563323975,0,0.21087435709037472,0.32,Greek,7,Δημήτριος Βασιλείου,Vietnamese,17
RNN,1362,2.739762306213379,2.732747082710266,0,0.21071953010279001,0.32,Japanese,10,加藤健一,Vietnamese,17
RNN,1363,2.606595754623413,2.7282465267181397,0,0.21056493030080703,0.32,Italian,9,Stefano Bianchi,Vietnamese,17
RNN,1364,2.5954437255859375,2.724935612678528,1,0.21114369501466276,0.34,Russian,14,Павел Васильев,Russian,14
RNN,1365,2.89279842376709,2.73382737159729,0,0.210989010989011,0.32,Korean,11,최예은,Italian,9
RNN,1366,3.1267151832580566,2.744730205535889,0,0.2108345534407028,0.3,Irish,8,Ciarán O'Sullivan,English,4
RNN,1367,2.5180459022521973,2.738404850959778,1,0.21141185076810534,0.32,Spanish,16,Francisco Sánchez,Spanish,16
RNN,1368,2.452209949493408,2.7375802183151245,1,0.21198830409356725,0.32,Russian,14,Борис Петров,Russian,14
RNN,1369,2.747617721557617,2.738234977722168,0,0.21183345507669832,0.32,Scottish,15,Ross Robertson,English,4
RNN,1370,2.782332181930542,2.737044219970703,0,0.2116788321167883,0.32,Japanese,10,高橋大輔,Vietnamese,17
RNN,1371,2.827211856842041,2.7370379638671873,0,0.21152443471918309,0.32,Korean,11,정민수,Italian,9
RNN,1372,2.8193132877349854,2.743427186012268,0,0.21137026239067055,0.3,Portuguese,13,Gonçalo Silva,Vietnamese,17
RNN,1373,2.667119026184082,2.747509174346924,0,0.2112163146394756,0.28,Greek,7,Ανδρέας Σταυρίδης,Vietnamese,17
RNN,1374,2.671828269958496,2.7461568450927736,0,0.21106259097525473,0.28,English,4,William Smith,Vietnamese,17
RNN,1375,2.9965662956237793,2.744007501602173,0,0.2109090909090909,0.28,Irish,8,Patrick Gallagher,Vietnamese,17
RNN,1376,2.6585543155670166,2.746934895515442,0,0.21075581395348839,0.26,Portuguese,13,Ricardo Pereira,Vietnamese,17
RNN,1377,2.6177501678466797,2.73955276966095,1,0.2113289760348584,0.28,English,4,Christopher Williams,English,4
RNN,1378,2.697756290435791,2.737549104690552,0,0.2111756168359942,0.28,Japanese,10,高橋健一,English,4
RNN,1379,2.7918779850006104,2.7383573246002197,0,0.21102248005801305,0.28,Polish,12,Paweł Zieliński,Vietnamese,17
RNN,1380,2.535965919494629,2.731335983276367,1,0.21159420289855072,0.3,Greek,7,Χρήστος Κωνσταντίνου,Greek,7
RNN,1381,2.404078960418701,2.723801326751709,1,0.21216509775524983,0.32,Vietnamese,17,Võ Hoàng,Vietnamese,17
RNN,1382,2.709352493286133,2.7232953310012817,0,0.21201157742402316,0.32,Japanese,10,田中裕子,English,4
RNN,1383,2.7354819774627686,2.723186345100403,0,0.2118582791033984,0.32,Scottish,15,Fergus Robertson,English,4
RNN,1384,2.723318099975586,2.7256377696990968,0,0.21170520231213874,0.3,Scottish,15,Stuart Murray,Vietnamese,17
RNN,1385,2.9673004150390625,2.7299140071868897,0,0.21155234657039712,0.3,French,5,Gabriel L'Hôpital,Vietnamese,17
RNN,1386,2.8554954528808594,2.7368385934829713,0,0.2113997113997114,0.28,Korean,11,박준영,Vietnamese,17
RNN,1387,2.562591314315796,2.7360919666290284,1,0.21196827685652486,0.28,English,4,William St. John,English,4
RNN,1388,2.5938615798950195,2.7383659791946413,1,0.21253602305475505,0.28,Vietnamese,17,Phan Hải,Vietnamese,17
RNN,1389,2.9771480560302734,2.743878607749939,0,0.21238300935925125,0.28,French,5,Jean-Luc Durand,Vietnamese,17
RNN,1390,2.8265268802642822,2.7467703771591188,0,0.21223021582733814,0.26,Chinese,1,黄涛,Vietnamese,17
RNN,1391,2.8191800117492676,2.7488847589492797,0,0.21207764198418405,0.26,Chinese,1,王平,Vietnamese,17
RNN,1392,2.7844057083129883,2.7536602544784547,0,0.21192528735632185,0.24,Chinese,1,周明,Vietnamese,17
RNN,1393,2.945080518722534,2.759881181716919,0,0.21177315147164394,0.22,Arabic,0,حسن الهاشمي,English,4
RNN,1394,2.6018033027648926,2.760723042488098,1,0.21233859397417504,0.22,English,4,John Taylor,English,4
RNN,1395,2.5697450637817383,2.7554583406448363,1,0.2129032258064516,0.24,Greek,7,Ελένη Παπαδόπουλος,Greek,7
RNN,1396,2.585202932357788,2.7471326923370363,0,0.21275071633237821,0.24,English,4,Robert Smith,Vietnamese,17
RNN,1397,2.7561733722686768,2.7440427684783937,0,0.2125984251968504,0.24,German,6,Stefan Wagner,English,4
RNN,1398,2.465622901916504,2.7412619400024414,1,0.21316165951359084,0.24,Russian,14,Олег Кузнецов,Russian,14
RNN,1399,2.678095579147339,2.7392945194244387,1,0.2137240886347391,0.26,Chinese,1,赵霞,Chinese,1
RNN,1400,2.7647409439086914,2.731640329360962,0,0.21357142857142858,0.26,Scottish,15,Hamish Douglas,English,4
RNN,1401,2.6693336963653564,2.729358730316162,0,0.21341898643825838,0.26,Scottish,15,Ewan MacDonald,English,4
RNN,1402,2.897958278656006,2.728719530105591,0,0.21326676176890158,0.26,Arabic,0,وليد الحسيني,English,4
RNN,1403,2.569406747817993,2.7299550104141237,1,0.21382751247327156,0.26,Vietnamese,17,Huỳnh Hải,Vietnamese,17
RNN,1404,3.0353190898895264,2.7351605463027955,0,0.21367521367521367,0.26,Arabic,0,خالد الحداد,Vietnamese,17
RNN,1405,2.5996952056884766,2.732076086997986,0,0.21352313167259787,0.26,Spanish,16,David Díaz,Vietnamese,17
RNN,1406,3.086272716522217,2.730276494026184,0,0.21337126600284495,0.26,Irish,8,Maeve McCarthy,Vietnamese,17
RNN,1407,2.637787103652954,2.7249487161636354,0,0.21321961620469082,0.26,Italian,9,Davide Rossi,Vietnamese,17
RNN,1408,2.499343156814575,2.721857023239136,1,0.2137784090909091,0.28,Spanish,16,Sergio Gómez,Spanish,16
RNN,1409,2.68080735206604,2.720857172012329,0,0.21362668559261888,0.28,Portuguese,13,Pedro Ferreira,Vietnamese,17
RNN,1410,2.815152883529663,2.7230149030685427,0,0.21347517730496454,0.28,Dutch,3,Johan Jansen,English,4
RNN,1411,2.493131637573242,2.7210975599288942,1,0.21403260099220411,0.3,Spanish,16,Sergio Fernández,Spanish,16
RNN,1412,2.5021283626556396,2.716344881057739,1,0.21458923512747877,0.32,Greek,7,Ανδρέας Γεωργίου,Greek,7
RNN,1413,2.433209180831909,2.7128771495819093,1,0.2151450813871196,0.34,Spanish,16,David Rodríguez,Spanish,16
RNN,1414,2.868530035018921,2.7183388757705687,0,0.214992927864215,0.32,Korean,11,최재현,Vietnamese,17
RNN,1415,2.805286407470703,2.716588635444641,0,0.21484098939929328,0.32,Polish,12,Jan Kowalski,Vietnamese,17
RNN,1416,2.868082046508789,2.7114159727096556,0,0.21468926553672316,0.32,Korean,11,강준영,Vietnamese,17
RNN,1417,2.434723138809204,2.709749517440796,1,0.21524347212420608,0.32,Russian,14,Артём Соколов,Russian,14
RNN,1418,2.4881529808044434,2.7104683780670165,1,0.2157968970380818,0.32,Greek,7,Αικατερίνη Αλεξίου,Greek,7
RNN,1419,2.419753313064575,2.7039110898971557,1,0.21634954193093728,0.34,Greek,7,Μαρία Δημητρίου,Greek,7
RNN,1420,3.0700228214263916,2.7096649026870727,0,0.21619718309859154,0.34,Czech,2,Ondřej Horák,Vietnamese,17
RNN,1421,2.700472831726074,2.7071301221847532,1,0.21674876847290642,0.36,Chinese,1,李敏,Chinese,1
RNN,1422,2.847193717956543,2.7076877307891847,0,0.21659634317862167,0.36,Polish,12,Stanisław Kowalczyk,Vietnamese,17
RNN,1423,2.757164478302002,2.7094886398315428,0,0.21644413211524946,0.36,Polish,12,Piotr Zieliński,Vietnamese,17
RNN,1424,2.672463893890381,2.7095013523101805,1,0.2169943820224719,0.38,Scottish,15,Ross MacDonald,Scottish,15
RNN,1425,2.904010534286499,2.707650237083435,0,0.2168421052631579,0.38,Arabic,0,مصطفى الشمري,English,4
RNN,1426,2.9741780757904053,2.713962712287903,0,0.21669004207573633,0.38,French,5,Augustin Bernard,Vietnamese,17
RNN,1427,2.671238899230957,2.715032486915588,0,0.21653819201121233,0.36,Scottish,15,Malcolm Murray,Vietnamese,17
RNN,1428,2.736201286315918,2.7158013868331907,0,0.21638655462184875,0.36,Japanese,10,中村健,Vietnamese,17
RNN,1429,2.7996957302093506,2.7159577417373657,0,0.21623512946116166,0.36,Dutch,3,Sem Janssen,English,4
RNN,1430,2.72224497795105,2.7196833229064943,1,0.21678321678321677,0.36,Chinese,1,张霞,Chinese,1
RNN,1431,2.8985445499420166,2.7295726346969604,0,0.21663172606568834,0.34,German,6,Felix Schulz,Spanish,16
RNN,1432,2.6216747760772705,2.7278190803527833,1,0.21717877094972068,0.36,Scottish,15,Iain Campbell,Scottish,15
RNN,1433,2.761946678161621,2.7283483743667603,0,0.21702721563154223,0.36,Chinese,1,王平,Vietnamese,17
RNN,1434,3.085090398788452,2.7355838203430176,0,0.21687587168758718,0.36,Irish,8,Aoife McCarthy,Vietnamese,17
RNN,1435,2.708064556121826,2.730399103164673,1,0.21742160278745645,0.38,Chinese,1,张丽,Chinese,1
RNN,1436,2.7041547298431396,2.7273722887039185,1,0.217966573816156,0.4,Japanese,10,佐藤健,Japanese,10
RNN,1437,2.706723690032959,2.7302549362182615,0,0.21781489213639527,0.38,German,6,Christian Becker,Vietnamese,17
RNN,1438,2.5662503242492676,2.7297027111053467,1,0.21835883171070933,0.38,English,4,Matthew St. John,English,4
RNN,1439,2.8318228721618652,2.7267962074279786,0,0.21820708825573315,0.38,Polish,12,Szymon Nowak,Vietnamese,17
RNN,1440,2.6376125812530518,2.723017921447754,0,0.21805555555555556,0.38,Italian,9,Andrea Ferrari,Vietnamese,17
RNN,1441,2.465015172958374,2.7159346246719362,1,0.21859819569743233,0.4,Greek,7,Αλέξανδρος Βασιλείου,Greek,7
RNN,1442,2.709979772567749,2.7144461059570313,0,0.21844660194174756,0.4,Polish,12,Adam Szymański,English,4
RNN,1443,2.583747625350952,2.7072194480895995,1,0.218988218988219,0.42,Vietnamese,17,Hoàng Đức,Vietnamese,17
RNN,1444,2.808560609817505,2.711354594230652,0,0.2188365650969529,0.4,Polish,12,Adam Woźniak,Vietnamese,17
RNN,1445,2.601719379425049,2.711994080543518,1,0.2193771626297578,0.4,English,4,Steven Taylor,English,4
RNN,1446,3.0924525260925293,2.722139072418213,0,0.21922544951590595,0.4,Czech,2,Jiří Kučera,Vietnamese,17
RNN,1447,2.841179847717285,2.723839201927185,0,0.21907394609536973,0.4,Korean,11,김지호,Vietnamese,17
RNN,1448,2.6816585063934326,2.7281599140167234,0,0.21892265193370167,0.38,Dutch,3,Sander Bakker,Vietnamese,17
RNN,1449,2.4891490936279297,2.7243809843063356,1,0.2194616977225673,0.38,Greek,7,Σοφία Παπαδόπουλος,Greek,7
RNN,1450,2.7700626850128174,2.724487419128418,0,0.2193103448275862,0.38,Japanese,10,中村誠,English,4
RNN,1451,2.784608840942383,2.7267929220199587,0,0.2191592005513439,0.38,Polish,12,Zbigniew Woźniak,Vietnamese,17
RNN,1452,2.7327449321746826,2.723488655090332,0,0.2190082644628099,0.38,Japanese,10,佐藤愛,English,4
RNN,1453,3.0401084423065186,2.7329026889801025,0,0.2188575361321404,0.36,Irish,8,Michael Doyle,Vietnamese,17
RNN,1454,2.6456570625305176,2.7251094484329226,1,0.21939477303988997,0.38,Scottish,15,Aileen MacKenzie,Scottish,15
RNN,1455,2.825477361679077,2.7296250915527343,0,0.21924398625429553,0.38,Korean,11,윤지훈,Vietnamese,17
RNN,1456,2.627316951751709,2.720445976257324,0,0.2190934065934066,0.38,Polish,12,Łukasz Kamiński,Vietnamese,17
RNN,1457,3.051494836807251,2.72872013092041,0,0.2189430336307481,0.38,French,5,Mathieu d'Aubigné,Vietnamese,17
RNN,1458,2.5902624130249023,2.7305385160446165,1,0.2194787379972565,0.38,Polish,12,Piotr Kowalski,Polish,12
RNN,1459,2.5755834579467773,2.7284340381622316,1,0.22001370801919123,0.4,Italian,9,Carlo Esposito,Italian,9
RNN,1460,3.0415878295898438,2.732962737083435,0,0.21986301369863015,0.4,Czech,2,Petr Svoboda,English,4
RNN,1461,3.038839101791382,2.743876886367798,0,0.21971252566735114,0.38,Irish,8,Aoife Kelly,Scottish,15
RNN,1462,2.6996936798095703,2.7478281927108763,0,0.21956224350205197,0.36,Polish,12,Andrzej Woźniak,Vietnamese,17
RNN,1463,2.5584676265716553,2.7503333616256715,1,0.22009569377990432,0.36,English,4,Charles St. John,English,4
RNN,1464,2.605290174484253,2.745068564414978,1,0.22062841530054644,0.38,Polish,12,Piotr Kowalczyk,Polish,12
RNN,1465,2.822016477584839,2.745403165817261,0,0.2204778156996587,0.38,Korean,11,이상현,Vietnamese,17
RNN,1466,2.987905502319336,2.7477996349334717,0,0.2203274215552524,0.38,Czech,2,Petr Novák,Polish,12
RNN,1467,2.510637044906616,2.7493179130554197,1,0.22085889570552147,0.38,Italian,9,Matteo Romano,Italian,9
RNN,1468,2.8620829582214355,2.75679651260376,0,0.22070844686648503,0.36,Korean,11,임수빈,Vietnamese,17
RNN,1469,3.0127615928649902,2.768656678199768,0,0.2205582028590878,0.34,Irish,8,Oisín Kelly,Scottish,15
RNN,1470,2.490510940551758,2.7570664405822756,1,0.22108843537414966,0.36,English,4,Robert Johnson,English,4
RNN,1471,2.951563835144043,2.7620882606506347,0,0.22093813732154996,0.34,French,5,Jules Richard,Scottish,15
RNN,1472,2.512904405593872,2.755402474403381,1,0.22146739130434784,0.36,Russian,14,Андрей Соколов,Russian,14
RNN,1473,2.5153298377990723,2.750565781593323,1,0.2219959266802444,0.38,Vietnamese,17,Phan Linh,Vietnamese,17
RNN,1474,2.8298730850219727,2.7537139654159546,0,0.22184531886024422,0.36,Portuguese,13,Miguel Santos,English,4
RNN,1475,3.0107581615448,2.7558489179611207,0,0.2216949152542373,0.36,Arabic,0,علي الخطيب,Vietnamese,17
RNN,1476,2.7786030769348145,2.7519374179840086,0,0.22154471544715448,0.36,Korean,11,윤지훈,Vietnamese,17
RNN,1477,2.8904173374176025,2.756320986747742,0,0.22139471902505078,0.36,Czech,2,David Veselý,English,4
RNN,1478,2.6905007362365723,2.755406975746155,1,0.2219215155615697,0.38,Japanese,10,伊藤健一,Japanese,10
RNN,1479,2.858624219894409,2.756585545539856,0,0.22177146720757268,0.38,Arabic,0,ماجد العتيبي,English,4
RNN,1480,2.722487688064575,2.7565903997421266,0,0.22162162162162163,0.36,Portuguese,13,Inês Oliveira,Vietnamese,17
RNN,1481,3.016299247741699,2.75894549369812,0,0.22147197839297772,0.36,Czech,2,Lukáš Němec,English,4
RNN,1482,2.463104486465454,2.7557740879058836,1,0.22199730094466938,0.36,Vietnamese,17,Phạm Cường,Vietnamese,17
RNN,1483,2.510209083557129,2.750739336013794,1,0.222521915037087,0.38,Spanish,16,Daniel González,Spanish,16
RNN,1484,2.5384039878845215,2.739805607795715,1,0.22304582210242588,0.4,Polish,12,Krzysztof Wiśniewski,Polish,12
RNN,1485,2.5231029987335205,2.736106376647949,1,0.22356902356902356,0.4,English,4,Thomas Brown,English,4
RNN,1486,2.569810390472412,2.733419489860535,1,0.22409152086137282,0.4,Italian,9,Gabriele Esposito,Italian,9
RNN,1487,2.575802803039551,2.7308010721206664,1,0.2246133154001345,0.42,Scottish,15,Stuart MacLeod,Scottish,15
RNN,1488,2.8812320232391357,2.7371007061004637,0,0.22446236559139784,0.4,Czech,2,Pavel Novotný,Vietnamese,17
RNN,1489,2.6894195079803467,2.7342526388168333,0,0.22431161853593015,0.4,Portuguese,13,Francisco Pereira,Vietnamese,17
RNN,1490,2.655521869659424,2.7346108245849607,1,0.22483221476510068,0.42,Portuguese,13,Bruno Pereira,Portuguese,13
RNN,1491,2.628948211669922,2.737889485359192,1,0.22535211267605634,0.42,Scottish,15,Isla MacDonald,Scottish,15
RNN,1492,2.7764785289764404,2.739219460487366,0,0.225201072386059,0.42,Korean,11,최성민,Vietnamese,17
RNN,1493,2.6009912490844727,2.7395643329620363,1,0.22572002679169456,0.42,Greek,7,Κωνσταντίνος Σταυρίδης,Greek,7
RNN,1494,2.615264415740967,2.735698409080505,0,0.22556894243641232,0.42,Scottish,15,Murdo Graham,Vietnamese,17
RNN,1495,2.7610208988189697,2.738884439468384,0,0.2254180602006689,0.4,German,6,Felix Meyer,Vietnamese,17
RNN,1496,2.8568460941314697,2.7341723108291625,0,0.2252673796791444,0.4,Dutch,3,Lucas Jansen,English,4
RNN,1497,2.6339428424835205,2.7300275707244874,0,0.22511690046760188,0.4,Italian,9,Andrea Rossi,Polish,12
RNN,1498,2.5961050987243652,2.728316502571106,1,0.22563417890520696,0.42,Polish,12,Paweł Kowalczyk,Polish,12
RNN,1499,2.5608928203582764,2.7297513771057127,1,0.22615076717811874,0.42,Polish,12,Tomasz Kowalczyk,Polish,12
RNN,1500,2.563185214996338,2.7256138277053834,1,0.22666666666666666,0.44,Russian,14,Борис Кузнецов,Russian,14
RNN,1501,2.7308249473571777,2.724538149833679,0,0.22651565622918055,0.44,Portuguese,13,Miguel Jesus,English,4
RNN,1502,2.5112040042877197,2.72010733127594,1,0.2270306258322237,0.46,English,4,Steven Brown,English,4
RNN,1503,2.7632265090942383,2.7145696926116942,0,0.2268795741849634,0.46,Japanese,10,中村誠,English,4
RNN,1504,2.765634536743164,2.7169692420959475,0,0.22672872340425532,0.44,German,6,Klaus Wagner,English,4
RNN,1505,2.6926803588867188,2.7143133020401002,0,0.226578073089701,0.44,Japanese,10,高橋裕子,English,4
RNN,1506,2.5426831245422363,2.7126206254959104,1,0.22709163346613545,0.46,Polish,12,Piotr Kowalczyk,Polish,12
RNN,1507,2.517561912536621,2.701941967010498,1,0.2276045122760451,0.48,Italian,9,Gabriele Greco,Italian,9
RNN,1508,2.600416421890259,2.702145047187805,1,0.22811671087533156,0.48,Scottish,15,Gordon Graham,Scottish,15
RNN,1509,2.4721758365631104,2.700076894760132,1,0.2286282306163022,0.48,Greek,7,Νικόλαος Νικολάου,Greek,7
RNN,1510,2.5608036518096924,2.690461211204529,1,0.22913907284768212,0.5,Polish,12,Wojciech Wójcik,Polish,12
RNN,1511,2.4731218814849854,2.679146866798401,1,0.22964923891462607,0.52,Polish,12,Adam Kowalczyk,Polish,12
RNN,1512,2.7095744609832764,2.679344482421875,0,0.2294973544973545,0.52,Dutch,3,Johan Visser,English,4
RNN,1513,2.721630811691284,2.6826077461242677,0,0.2293456708526107,0.5,German,6,Matthias Becker,Dutch,3
RNN,1514,2.631502151489258,2.683131985664368,1,0.22985468956406868,0.5,Vietnamese,17,Lê Hiếu,Vietnamese,17
RNN,1515,2.5848469734191895,2.6783885955810547,1,0.23036303630363036,0.52,Vietnamese,17,Nguyễn Hiếu,Vietnamese,17
RNN,1516,2.5541927814483643,2.669714341163635,1,0.23087071240105542,0.54,Russian,14,Алексей Новиков,Russian,14
RNN,1517,2.696657180786133,2.6734347438812254,0,0.23071852340145024,0.52,German,6,Markus Meyer,Vietnamese,17
RNN,1518,2.46759295463562,2.6655449438095093,1,0.23122529644268774,0.54,Italian,9,Stefano Marino,Italian,9
RNN,1519,2.987856864929199,2.6650468492507935,0,0.23107307439104674,0.54,Czech,2,Martin Procházka,Polish,12
RNN,1520,2.5002939701080322,2.665242509841919,1,0.23157894736842105,0.54,Scottish,15,Rory MacLeod,Scottish,15
RNN,1521,2.47990083694458,2.6558092498779295,1,0.23208415516107825,0.56,Italian,9,Andrea Esposito,Italian,9
RNN,1522,3.052189588546753,2.6665949535369875,0,0.23193166885676741,0.54,Irish,8,Ronan O'Connor,Scottish,15
RNN,1523,2.5323147773742676,2.666934652328491,1,0.2324359816152331,0.54,English,4,Michael St. John,English,4
RNN,1524,2.667278528213501,2.6636827611923217,0,0.23228346456692914,0.54,Portuguese,13,Bruno Oliveira,Italian,9
RNN,1525,2.957442045211792,2.6626164388656615,0,0.2321311475409836,0.54,Czech,2,Filip Procházka,Polish,12
RNN,1526,2.5597310066223145,2.658238997459412,1,0.23263433813892528,0.56,Scottish,15,Iain Graham,Scottish,15
RNN,1527,2.41252064704895,2.6486810636520386,1,0.23313686967910938,0.58,Polish,12,Marek Lewandowski,Polish,12
RNN,1528,2.5369131565093994,2.6456093120574953,1,0.23363874345549737,0.58,Spanish,16,Rafael Gómez,Spanish,16
RNN,1529,2.7932069301605225,2.644300966262817,0,0.23348593852190974,0.58,Portuguese,13,Inês Rodrigues,English,4
RNN,1530,2.798619270324707,2.64582359790802,0,0.23333333333333334,0.58,Chinese,1,陈杰,English,4
RNN,1531,2.451725721359253,2.6345321273803712,1,0.23383409536250815,0.6,Vietnamese,17,Vũ Long,Vietnamese,17
RNN,1532,2.9354007244110107,2.6439780521392824,0,0.23368146214099217,0.58,Czech,2,Ondřej Svoboda,English,4
RNN,1533,2.4903154373168945,2.6435801792144775,1,0.23418134377038485,0.58,Greek,7,Βασίλειος Αλεξίου,Greek,7
RNN,1534,2.7784035205841064,2.648380169868469,0,0.23402868318122555,0.56,Korean,11,박현우,Scottish,15
RNN,1535,2.634174346923828,2.6506015968322756,1,0.23452768729641693,0.56,Chinese,1,赵静,Chinese,1
RNN,1536,2.52011775970459,2.649607744216919,1,0.23502604166666666,0.56,Polish,12,Grzegorz Woźniak,Polish,12
RNN,1537,2.7827630043029785,2.6537469482421874,0,0.23487312947299935,0.54,Japanese,10,渡辺拓也,Scottish,15
RNN,1538,2.8566794395446777,2.6532558965682984,0,0.23472041612483746,0.54,Dutch,3,Willem de Jong,Vietnamese,17
RNN,1539,2.8507847785949707,2.6564832019805906,0,0.2345679012345679,0.54,Dutch,3,Kees van den Berg,Vietnamese,17
RNN,1540,2.443575143814087,2.652244267463684,1,0.23506493506493506,0.54,Greek,7,Μιχάλης Κωνσταντίνου,Greek,7
RNN,1541,2.5191292762756348,2.6500478887557986,1,0.23556132381570408,0.54,Spanish,16,Carlos Pérez,Spanish,16
RNN,1542,2.4095258712768555,2.6427088356018067,1,0.23605706874189364,0.56,Greek,7,Στέφανος Αθανασίου,Greek,7
RNN,1543,2.7795073986053467,2.646279158592224,0,0.23590408295528192,0.54,Korean,11,강민수,Italian,9
RNN,1544,2.5789482593536377,2.6455528354644775,0,0.23575129533678757,0.54,Russian,14,Роман Новиков,English,4
RNN,1545,2.5097198486328125,2.6405268144607543,1,0.23624595469255663,0.56,Spanish,16,Sergio Fernández,Spanish,16
RNN,1546,2.7755253314971924,2.638900399208069,0,0.23609314359637776,0.56,Korean,11,김동현,Vietnamese,17
RNN,1547,2.4757165908813477,2.6357358741760253,1,0.2365869424692954,0.58,Scottish,15,Fraser MacLeod,Scottish,15
RNN,1548,2.4397809505462646,2.6326093912124633,1,0.23708010335917312,0.58,Italian,9,Fabio Romano,Italian,9
RNN,1549,2.9345579147338867,2.6400826930999757,0,0.23692704970949,0.56,Czech,2,Michal Svoboda,Scottish,15
RNN,1550,2.6271286010742188,2.641361560821533,1,0.23741935483870968,0.56,English,4,Charles Jones,English,4
RNN,1551,2.5710456371307373,2.6381659746170043,0,0.23726627981947132,0.56,Italian,9,Francesco Bianchi,Polish,12
RNN,1552,2.558563709259033,2.6391131687164306,0,0.23711340206185566,0.54,Russian,14,Максим Сидоров,English,4
RNN,1553,2.4680888652801514,2.633210415840149,1,0.2376046361880232,0.56,Spanish,16,Daniel Sánchez,Spanish,16
RNN,1554,2.7188661098480225,2.632275047302246,0,0.23745173745173745,0.56,Korean,11,조지훈,Japanese,10
RNN,1555,2.671586275100708,2.631853165626526,0,0.23729903536977492,0.56,Dutch,3,Joris Bakker,Spanish,16
RNN,1556,2.520644187927246,2.631412386894226,1,0.2377892030848329,0.56,Russian,14,Алексей Кузнецов,Russian,14
RNN,1557,2.9085001945495605,2.6392311525344847,0,0.23763648041104687,0.54,Czech,2,Matěj Dvořák,Polish,12
RNN,1558,2.653660774230957,2.640296039581299,1,0.2381258023106547,0.54,Chinese,1,周芳,Chinese,1
RNN,1559,2.7728402614593506,2.646309328079224,0,0.2379730596536241,0.52,Dutch,3,Dirk de Jong,Vietnamese,17
RNN,1560,2.7031447887420654,2.649156150817871,0,0.2378205128205128,0.5,Japanese,10,小林裕子,English,4
RNN,1561,2.7529349327087402,2.6547524118423462,0,0.23766816143497757,0.48,Dutch,3,Ruben Smit,Scottish,15
RNN,1562,3.0886001586914062,2.662332925796509,0,0.23751600512163892,0.48,French,5,Hugo L'Hôpital,Scottish,15
RNN,1563,2.395232915878296,2.655804967880249,1,0.2380038387715931,0.5,Greek,7,Σπυρίδων Κωνσταντίνου,Greek,7
RNN,1564,3.096989393234253,2.665114712715149,0,0.23785166240409208,0.48,French,5,Augustin Dubois,English,4
RNN,1565,3.089052438735962,2.675198822021484,0,0.23769968051118212,0.46,French,5,Émile Robert,Scottish,15
RNN,1566,2.5071170330047607,2.674257307052612,1,0.23818646232439336,0.46,Vietnamese,17,Huỳnh Khang,Vietnamese,17
RNN,1567,2.4866933822631836,2.6700580310821533,1,0.23867262284620294,0.48,Russian,14,Юрий Сидоров,Russian,14
RNN,1568,2.4505555629730225,2.6697172832489016,1,0.23915816326530612,0.48,Polish,12,Piotr Szymański,Polish,12
RNN,1569,2.998149871826172,2.669923143386841,0,0.2390057361376673,0.48,French,5,Gabriel Thomas,Scottish,15
RNN,1570,2.7235567569732666,2.6743883991241457,0,0.23885350318471338,0.46,Portuguese,13,José Costa,Scottish,15
RNN,1571,2.986692190170288,2.6845242261886595,0,0.23870146403564607,0.44,Arabic,0,إبراهيم القحطاني,English,4
RNN,1572,2.7396984100341797,2.678274402618408,0,0.2385496183206107,0.44,German,6,Maximilian Meyer,Dutch,3
RNN,1573,2.642199993133545,2.680472106933594,1,0.23903369357914814,0.44,Portuguese,13,Inês Oliveira,Portuguese,13
RNN,1574,2.9367411136627197,2.685861358642578,0,0.2388818297331639,0.44,Arabic,0,محمد القحطاني,English,4
RNN,1575,2.7218992710113525,2.681150503158569,0,0.23873015873015874,0.44,German,6,Markus Schneider,Dutch,3
RNN,1576,3.1005685329437256,2.6919672536849975,0,0.23857868020304568,0.42,Irish,8,Ciarán Kennedy,Scottish,15
RNN,1577,2.8167498111724854,2.7000518369674684,0,0.238427393785669,0.4,Czech,2,Ondřej Veselý,Scottish,15
RNN,1578,2.7433345317840576,2.7041802644729613,0,0.23827629911280102,0.38,Dutch,3,Sophie Janssen,English,4
RNN,1579,3.0037124156951904,2.708390374183655,0,0.23812539582013934,0.38,French,5,Marcel Robert,Scottish,15
RNN,1580,2.726595163345337,2.7069498920440673,1,0.23860759493670886,0.4,Japanese,10,高橋拓也,Japanese,10
RNN,1581,2.4548022747039795,2.707011423110962,1,0.23908918406072105,0.4,Russian,14,Евгений Петров,Russian,14
RNN,1582,3.0309603214263916,2.7089226150512697,0,0.23893805309734514,0.4,Irish,8,Brendan O'Connor,Dutch,3
RNN,1583,2.7442731857299805,2.7140017700195314,0,0.23878711307643716,0.38,Scottish,15,Rory Fraser,Dutch,3
RNN,1584,2.7563300132751465,2.713560299873352,0,0.23863636363636365,0.38,Japanese,10,中村大輔,Polish,12
RNN,1585,2.4441416263580322,2.7097596454620363,1,0.2391167192429022,0.38,Polish,12,Marek Zieliński,Polish,12
RNN,1586,2.4046592712402344,2.707450475692749,1,0.23959646910466584,0.38,Polish,12,Łukasz Zieliński,Polish,12
RNN,1587,2.77961802482605,2.7073875761032102,0,0.23944549464398235,0.38,Dutch,3,Lars van Dijk,Polish,12
RNN,1588,2.767951488494873,2.7056130170822144,0,0.23929471032745592,0.38,Korean,11,강하은,Japanese,10
RNN,1589,2.9834580421447754,2.7082664823532103,0,0.23914411579609818,0.38,French,5,Lucien d'Aubigné,Vietnamese,17
RNN,1590,2.6118247509002686,2.711631474494934,0,0.2389937106918239,0.36,Italian,9,Stefano Ricci,Polish,12
RNN,1591,2.8690590858459473,2.7186300706863404,0,0.23884349465744814,0.34,Czech,2,David Horák,Polish,12
RNN,1592,2.705484390258789,2.724549241065979,0,0.23869346733668342,0.32,English,4,James Jones,Dutch,3
RNN,1593,2.7471015453338623,2.7239011240005495,0,0.23854362837413684,0.32,Dutch,3,Pieter van den Berg,Vietnamese,17
RNN,1594,2.4819655418395996,2.7219614696502688,1,0.23902132998745296,0.34,Italian,9,Giovanni Russo,Italian,9
RNN,1595,2.948540210723877,2.73073787689209,0,0.23887147335423198,0.32,French,5,Nicolas Robert,Italian,9
RNN,1596,2.67165207862854,2.7286604118347166,0,0.2387218045112782,0.32,English,4,Christopher Davis,Polish,12
RNN,1597,2.382138252258301,2.7267888450622557,1,0.23919849718221667,0.32,Polish,12,Marcin Kamiński,Polish,12
RNN,1598,2.509798288345337,2.7281891918182373,1,0.23967459324155194,0.32,English,4,Joseph Wilson,English,4
RNN,1599,2.3408877849578857,2.716315789222717,1,0.2401500938086304,0.34,Polish,12,Jakub Kamiński,Polish,12
RNN,1600,2.881277084350586,2.7213987588882445,0,0.24,0.32,French,5,Émile Durand,Scottish,15
RNN,1601,2.720789909362793,2.7243936443328858,0,0.23985009369144286,0.32,Vietnamese,17,Võ Quân,English,4
RNN,1602,2.8531994819641113,2.7302863597869873,0,0.2397003745318352,0.32,French,5,Benoît Dubois,Polish,12
RNN,1603,2.7970354557037354,2.7368652915954588,0,0.2395508421709295,0.3,French,5,Étienne Durand,Scottish,15
RNN,1604,2.4510645866394043,2.731509261131287,1,0.24002493765586036,0.32,Italian,9,Pietro Russo,Italian,9
RNN,1605,2.798123359680176,2.734040002822876,0,0.2398753894080997,0.32,French,5,Arthur Robert,Italian,9
RNN,1606,2.4719574451446533,2.733066267967224,1,0.2403486924034869,0.32,Russian,14,Сергей Соколов,Russian,14
RNN,1607,2.7367591857910156,2.729631447792053,1,0.24082140634723087,0.34,Chinese,1,陈艳,Chinese,1
RNN,1608,2.942366600036621,2.7354055643081665,0,0.24067164179104478,0.32,Arabic,0,خالد الحسيني,Polish,12
RNN,1609,2.63224196434021,2.7325935983657836,1,0.24114356743318832,0.34,English,4,Charles Williams,English,4
RNN,1610,2.3313770294189453,2.725158243179321,1,0.24161490683229814,0.36,Polish,12,Krzysztof Zieliński,Polish,12
RNN,1611,2.5001230239868164,2.720102005004883,1,0.24208566108007448,0.38,Spanish,16,Francisco Gómez,Spanish,16
RNN,1612,2.6472318172454834,2.7112746381759645,0,0.24193548387096775,0.38,Scottish,15,Ewan Murray,Polish,12
RNN,1613,2.6020421981811523,2.7154108238220216,0,0.24178549287042778,0.36,Scottish,15,Fraser Murray,Polish,12
RNN,1614,2.631343126296997,2.7060978984832764,0,0.241635687732342,0.36,Russian,14,Борис Васильев,Polish,12
RNN,1615,2.7143661975860596,2.698604173660278,0,0.24148606811145512,0.36,French,5,Augustin Bernard,Scottish,15
RNN,1616,2.918194055557251,2.706825714111328,0,0.24133663366336633,0.34,Arabic,0,ماجد القحطاني,Polish,12
RNN,1617,2.482280969619751,2.7067374658584593,1,0.24180581323438466,0.34,Greek,7,Στέφανος Δημητρίου,Greek,7
RNN,1618,2.7634549140930176,2.7129954528808593,0,0.24165636588380718,0.32,Chinese,1,刘勇,Japanese,10
RNN,1619,2.446080446243286,2.7019540643692017,1,0.24212476837554045,0.34,Greek,7,Ελένη Κωνσταντίνου,Greek,7
RNN,1620,2.522341251373291,2.6979297542572023,0,0.2419753086419753,0.34,Italian,9,Carlo Ferrari,Polish,12
RNN,1621,2.4132626056671143,2.686461162567139,1,0.24244293645897594,0.36,Russian,14,Артём Соколов,Russian,14
RNN,1622,2.5751657485961914,2.683170509338379,1,0.24290998766954378,0.38,Scottish,15,Alasdair Graham,Scottish,15
RNN,1623,2.515671491622925,2.6806399393081666,1,0.24337646333949475,0.38,Spanish,16,Javier Fernández,Spanish,16
RNN,1624,2.755824089050293,2.677021598815918,0,0.24322660098522167,0.38,Dutch,3,Daan van den Berg,Scottish,15
RNN,1625,2.567981243133545,2.673943238258362,1,0.24369230769230768,0.4,Vietnamese,17,Hoàng Minh,Vietnamese,17
RNN,1626,2.518268585205078,2.662297239303589,1,0.24415744157441574,0.42,Vietnamese,17,Đặng Minh,Vietnamese,17
RNN,1627,2.685885429382324,2.6596799516677856,1,0.2446220036877689,0.44,Chinese,1,周涛,Chinese,1
RNN,1628,2.5608386993408203,2.656030035018921,1,0.24508599508599507,0.46,Russian,14,Юрий Васильев,Russian,14
RNN,1629,2.7437150478363037,2.650830087661743,0,0.24493554327808473,0.46,German,6,Andreas Meyer,Dutch,3
RNN,1630,2.5840706825256348,2.647979598045349,1,0.24539877300613497,0.46,Dutch,3,Daan Meijer,Dutch,3
RNN,1631,2.407546043395996,2.6470344734191893,1,0.2458614347026364,0.46,Greek,7,Μαρία Δημητρίου,Greek,7
RNN,1632,2.713088035583496,2.6406770277023317,0,0.24571078431372548,0.46,Chinese,1,杨明,Vietnamese,17
RNN,1633,3.226564884185791,2.6503228616714476,0,0.24556031843233314,0.46,Irish,8,Eoin O'Sullivan,English,4
RNN,1634,2.9635822772979736,2.654467906951904,0,0.24541003671970624,0.46,Czech,2,David Procházka,Polish,12
RNN,1635,2.5471885204315186,2.656528844833374,1,0.24587155963302754,0.46,Dutch,3,Anne Meijer,Dutch,3
RNN,1636,2.377441883087158,2.6559844970703126,1,0.24633251833740832,0.46,Greek,7,Αθανάσιος Γεωργίου,Greek,7
RNN,1637,2.745518684387207,2.6553025102615355,0,0.24618204031765425,0.46,Korean,11,임지훈,Italian,9
RNN,1638,2.708646774291992,2.654116415977478,0,0.24603174603174602,0.46,Portuguese,13,António Ferreira,Italian,9
RNN,1639,2.6391921043395996,2.6472310972213746,1,0.24649176327028677,0.48,English,4,Matthew Williams,English,4
RNN,1640,2.7338602542877197,2.6496718072891237,0,0.24634146341463414,0.48,German,6,Maximilian Müller,Dutch,3
RNN,1641,2.714437246322632,2.646579370498657,1,0.24680073126142596,0.5,Korean,11,조서연,Korean,11
RNN,1642,3.059044361114502,2.6536505699157713,0,0.2466504263093788,0.5,Irish,8,Ciarán Gallagher,Dutch,3
RNN,1643,2.4783496856689453,2.648275532722473,1,0.24710894704808278,0.52,Vietnamese,17,Lê Dũng,Vietnamese,17
RNN,1644,2.80161452293396,2.6546685123443603,0,0.24695863746958638,0.5,Japanese,10,加藤太郎,Vietnamese,17
RNN,1645,2.4625039100646973,2.6449477863311768,1,0.2474164133738602,0.52,Italian,9,Paolo Esposito,Italian,9
RNN,1646,3.082204818725586,2.6531588411331177,0,0.24726609963547996,0.52,Irish,8,Brendan McCarthy,Greek,7
RNN,1647,2.6662850379943848,2.658841776847839,0,0.24711596842744385,0.5,Dutch,3,Lucas Jansen,English,4
RNN,1648,2.820789098739624,2.665061593055725,0,0.24696601941747573,0.48,Portuguese,13,Ricardo Silva,English,4
RNN,1649,2.997615337371826,2.678196144104004,0,0.24681625227410553,0.46,Irish,8,Fionn O'Connor,Dutch,3
RNN,1650,2.659367561340332,2.6737579536437988,0,0.24666666666666667,0.46,English,4,J.R. Taylor,Dutch,3
RNN,1651,2.5354485511779785,2.6700511264801023,1,0.2471229557843731,0.48,English,4,Michael Brown,English,4
RNN,1652,2.503650665283203,2.6630601501464843,1,0.24757869249394673,0.5,English,4,Robert St. John,English,4
RNN,1653,2.7160439491271973,2.6614403200149535,0,0.24742891712038717,0.5,Japanese,10,田中直子,English,4
RNN,1654,2.406296730041504,2.660544962882996,1,0.2478839177750907,0.5,Polish,12,Paweł Lewandowski,Polish,12
RNN,1655,2.4099717140197754,2.6527819299697875,1,0.24833836858006042,0.52,English,4,Joseph Wilson,English,4
RNN,1656,2.9805612564086914,2.6629540061950685,0,0.24818840579710144,0.5,Irish,8,Seán O'Connor,English,4
RNN,1657,2.6495249271392822,2.661209321022034,1,0.24864212432106217,0.5,Portuguese,13,Bruno Oliveira,Portuguese,13
RNN,1658,2.387418031692505,2.6501103496551512,1,0.24909529553679133,0.52,Russian,14,Юрий Иванов,Russian,14
RNN,1659,2.965684413909912,2.656779198646545,0,0.2489451476793249,0.5,Czech,2,Tomáš Procházka,English,4
RNN,1660,2.622037172317505,2.662592401504517,1,0.2493975903614458,0.5,Spanish,16,Juan Díaz,Spanish,16
RNN,1661,2.928715229034424,2.671164245605469,0,0.24924744130042142,0.48,Irish,8,Maeve O'Connor,English,4
RNN,1662,2.7183775901794434,2.672587161064148,1,0.2496991576413959,0.5,Korean,11,강서연,Korean,11
RNN,1663,2.7394087314605713,2.6753344917297364,0,0.24954900781719783,0.5,Scottish,15,Duncan Stewart,English,4
RNN,1664,2.918987274169922,2.681087374687195,0,0.24939903846153846,0.5,Arabic,0,نورالدين القحطاني,English,4
RNN,1665,3.0002832412719727,2.6868057155609133,0,0.24924924924924924,0.5,Czech,2,Ondřej Němec,English,4
RNN,1666,2.364175319671631,2.6757253408432007,1,0.24969987995198079,0.52,Russian,14,Андрей Михайлов,Russian,14
RNN,1667,2.6744794845581055,2.6795693111419676,1,0.2501499700059988,0.52,Korean,11,김서연,Korean,11
RNN,1668,2.5393571853637695,2.6750873565673827,1,0.25059952038369304,0.54,Vietnamese,17,Huỳnh Bình,Vietnamese,17
RNN,1669,2.7082340717315674,2.6803304290771486,0,0.2504493708807669,0.52,German,6,Stefan Meyer,Dutch,3
RNN,1670,2.701444387435913,2.683912491798401,0,0.2502994011976048,0.52,German,6,Michael Wagner,Dutch,3
RNN,1671,3.0165207386016846,2.695977654457092,0,0.25014961101137045,0.5,Irish,8,Liam O'Sullivan,English,4
RNN,1672,2.6305229663848877,2.6970847988128663,0,0.25,0.48,Italian,9,Fabio Bianchi,Polish,12
RNN,1673,2.445227861404419,2.695675926208496,1,0.25044829647340106,0.48,Vietnamese,17,Vũ Hoàng,Vietnamese,17
RNN,1674,2.4311673641204834,2.6891827917099,1,0.25089605734767023,0.5,English,4,William Wilson,English,4
RNN,1675,2.7253596782684326,2.6923303604125977,0,0.2507462686567164,0.48,Scottish,15,Gordon Stewart,English,4
RNN,1676,2.676743745803833,2.6954998636245726,1,0.2511933174224344,0.48,Chinese,1,王艳,Chinese,1
RNN,1677,2.7290592193603516,2.696363339424133,0,0.25104353011329755,0.46,Dutch,3,Jan Smit,English,4
RNN,1678,2.3245370388031006,2.6916373062133787,1,0.25148986889153757,0.46,Russian,14,Артём Иванов,Russian,14
RNN,1679,2.6270551681518555,2.68930410861969,0,0.25134008338296604,0.46,Dutch,3,Jan de Vries,English,4
RNN,1680,2.29744553565979,2.683571605682373,1,0.2517857142857143,0.46,Russian,14,Павел Попов,Russian,14
RNN,1681,2.907271385192871,2.6935661125183104,0,0.25163593099345627,0.44,Arabic,0,عبدالله الهاشمي,English,4
RNN,1682,2.8704142570495605,2.6967126369476317,0,0.25148632580261593,0.44,German,6,Lukas Schulz,English,4
RNN,1683,2.5596508979797363,2.683374357223511,1,0.2519310754604872,0.46,English,4,Richard Taylor,English,4
RNN,1684,2.573378562927246,2.6755702829360963,1,0.252375296912114,0.48,Italian,9,Alessandro Ferrari,Italian,9
RNN,1685,2.9434525966644287,2.6834955644607543,0,0.2522255192878338,0.46,Irish,8,Conor Kelly,English,4
RNN,1686,2.7018420696258545,2.6899835681915283,1,0.2526690391459075,0.46,Korean,11,최성민,Korean,11
RNN,1687,2.882577896118164,2.6927247524261473,0,0.25251926496739774,0.46,Czech,2,Daniel Černý,Vietnamese,17
RNN,1688,2.980522632598877,2.6981622695922853,0,0.2523696682464455,0.46,French,5,Marcel Martin,English,4
RNN,1689,2.4559757709503174,2.6944979429244995,1,0.2528123149792777,0.46,Polish,12,Jan Szymański,Polish,12
RNN,1690,2.4507925510406494,2.6888365888595582,1,0.2532544378698225,0.48,Italian,9,Domenico Greco,Italian,9
RNN,1691,2.4948484897613525,2.6844448137283323,1,0.25369603784742756,0.48,Greek,7,Ανδρέας Αθανασίου,Greek,7
RNN,1692,2.9796090126037598,2.6828561067581176,0,0.25354609929078015,0.48,Czech,2,Jan Němec,English,4
RNN,1693,2.6546499729156494,2.686382112503052,0,0.25339633786178384,0.46,Dutch,3,Jan de Jong,Vietnamese,17
RNN,1694,2.6681864261627197,2.683713550567627,0,0.2532467532467532,0.46,German,6,Klaus Wagner,Dutch,3
RNN,1695,2.8978617191314697,2.6924207067489623,0,0.25309734513274335,0.44,Czech,2,Adam Svoboda,English,4
RNN,1696,2.449223756790161,2.679761085510254,1,0.2535377358490566,0.46,Greek,7,Σπυρίδων Κωνσταντίνου,Greek,7
RNN,1697,2.2762937545776367,2.671961259841919,1,0.25397760754272247,0.48,Russian,14,Андрей Иванов,Russian,14
RNN,1698,2.919498920440674,2.67393545627594,0,0.25382803297997647,0.48,Arabic,0,نورالدين الشمري,English,4
RNN,1699,2.7539126873016357,2.669061403274536,0,0.25367863449087696,0.48,Japanese,10,鈴木拓也,Italian,9
RNN,1700,2.787564277648926,2.671625337600708,0,0.2535294117647059,0.48,Portuguese,13,Filipe Jesus,English,4
RNN,1701,2.5598278045654297,2.672112922668457,1,0.25396825396825395,0.48,English,4,Robert Davis,English,4
RNN,1702,2.8242363929748535,2.67852463722229,0,0.25381903642773207,0.46,Czech,2,Břetislav Novotný,Vietnamese,17
RNN,1703,2.432882070541382,2.6728613996505737,1,0.2542571931884909,0.48,Polish,12,Andrzej Kowalski,Polish,12
RNN,1704,2.651686906814575,2.677769203186035,0,0.25410798122065725,0.46,Dutch,3,Kees Jansen,English,4
RNN,1705,2.7233774662017822,2.6840373182296755,0,0.25395894428152493,0.44,Japanese,10,伊藤誠,Korean,11
RNN,1706,2.46358323097229,2.673697757720947,1,0.2543962485345838,0.46,Italian,9,Pietro Russo,Italian,9
RNN,1707,2.5853991508483887,2.6724152421951293,1,0.2548330404217926,0.46,Polish,12,Zbigniew Woźniak,Polish,12
RNN,1708,2.5416932106018066,2.6755007457733155,1,0.25526932084309134,0.46,English,4,William Taylor,English,4
RNN,1709,2.540511131286621,2.6669972801208495,1,0.25570509069631364,0.48,English,4,Paul Smith,English,4
RNN,1710,2.589426279067993,2.6663450622558593,0,0.25555555555555554,0.46,Spanish,16,David Pérez,Dutch,3
RNN,1711,2.9546597003936768,2.6668639516830446,0,0.255406195207481,0.46,Arabic,0,وليد المالكي,English,4
RNN,1712,2.830488443374634,2.669106168746948,0,0.2552570093457944,0.44,French,5,Lucien Richard,English,4
RNN,1713,2.6702535152435303,2.6677230644226073,1,0.25569176882662,0.46,Korean,11,임성민,Korean,11
RNN,1714,2.852440118789673,2.6663921213150026,0,0.2555425904317386,0.46,German,6,Hans Schulz,English,4
RNN,1715,2.5516483783721924,2.657419424057007,0,0.2553935860058309,0.46,English,4,David Miller,Dutch,3
RNN,1716,2.284130096435547,2.655818519592285,1,0.25582750582750585,0.46,Russian,14,Олег Сидоров,Russian,14
RNN,1717,2.8781774044036865,2.659892477989197,0,0.2556785090273733,0.44,Czech,2,Lukáš Svoboda,English,4
RNN,1718,2.363168239593506,2.6563686990737914,1,0.2561117578579744,0.44,English,4,Matthew St. John,English,4
RNN,1719,2.4921746253967285,2.652047510147095,0,0.2559627690517743,0.44,Dutch,3,Thomas Visser,English,4
RNN,1720,2.48991060256958,2.647816834449768,1,0.2563953488372093,0.46,Polish,12,Mateusz Kowalczyk,Polish,12
RNN,1721,2.6892662048339844,2.641271743774414,0,0.25624636839047066,0.46,Portuguese,13,João Oliveira,English,4
RNN,1722,2.3120126724243164,2.6349015378952028,1,0.25667828106852497,0.48,English,4,Michael Brown,English,4
RNN,1723,2.955707311630249,2.645111126899719,0,0.2565293093441672,0.46,Irish,8,Declan O'Connor,English,4
RNN,1724,2.838395595550537,2.6532556915283205,0,0.25638051044083526,0.44,Czech,2,Tomáš Dvořák,English,4
RNN,1725,2.560877561569214,2.6499660491943358,0,0.25623188405797104,0.44,Vietnamese,17,Vũ Minh,English,4
RNN,1726,2.458092212677002,2.6455930185317995,0,0.25608342989571264,0.42,Italian,9,Giuseppe Greco,English,4
RNN,1727,2.881436824798584,2.648640570640564,0,0.2559351476548929,0.42,Arabic,0,إبراهيم الشمري,English,4
RNN,1728,2.5191948413848877,2.6525337266922,0,0.25578703703703703,0.4,Italian,9,Marco Ferrari,English,4
RNN,1729,2.572197198867798,2.6514365673065186,0,0.2556390977443609,0.4,Spanish,16,Pablo Pérez,English,4
RNN,1730,2.51992130279541,2.6558860826492308,1,0.2560693641618497,0.4,Spanish,16,Javier González,Spanish,16
RNN,1731,2.5230488777160645,2.6482016324996946,0,0.2559214326978625,0.4,Polish,12,Kamil Wójcik,English,4
RNN,1732,2.6817967891693115,2.64442928314209,1,0.25635103926096997,0.42,Chinese,1,刘芳,Chinese,1
RNN,1733,2.791766881942749,2.64907160282135,0,0.25620311598384304,0.4,Scottish,15,Aileen Stewart,English,4
RNN,1734,2.651329278945923,2.6506306171417235,0,0.2560553633217993,0.38,Dutch,3,Pieter van den Berg,English,4
RNN,1735,2.739522695541382,2.646552019119263,0,0.2559077809798271,0.38,Scottish,15,Duncan Douglas,English,4
RNN,1736,2.851815938949585,2.649551496505737,0,0.2557603686635945,0.36,Czech,2,Daniel Kučera,English,4
RNN,1737,2.8820154666900635,2.6495402479171752,0,0.2556131260794473,0.36,Arabic,0,كريم الغامدي,English,4
RNN,1738,2.7264597415924072,2.644458990097046,0,0.2554660529344074,0.36,Japanese,10,鈴木京子,English,4
RNN,1739,2.3384361267089844,2.6421081972122193,1,0.25589419206440484,0.36,Polish,12,Paweł Zieliński,Polish,12
RNN,1740,2.6940908432006836,2.64697416305542,0,0.2557471264367816,0.34,Portuguese,13,Tiago Oliveira,English,4
RNN,1741,2.7205119132995605,2.651487431526184,0,0.2556002297530155,0.32,Vietnamese,17,Võ Nam,Dutch,3
RNN,1742,2.87929105758667,2.6494810724258424,0,0.2554535017221584,0.32,French,5,Nicolas L'Hôpital,English,4
RNN,1743,2.674896478652954,2.6498860025405886,0,0.25530694205393,0.32,Scottish,15,Stuart Robertson,English,4
RNN,1744,2.782987117767334,2.652182016372681,0,0.2551605504587156,0.32,Czech,2,Martin Novák,Polish,12
RNN,1745,2.7306737899780273,2.648838257789612,0,0.25501432664756446,0.32,Czech,2,Tomáš Novák,Polish,12
RNN,1746,3.0550737380981445,2.6609552574157713,0,0.25486827033218784,0.3,Irish,8,Michael O'Brien,English,4
RNN,1747,2.765418529510498,2.6707377529144285,0,0.25472238122495705,0.28,Chinese,1,王明,Korean,11
RNN,1748,2.301147222518921,2.6583707189559935,1,0.2551487414187643,0.3,Polish,12,Mateusz Lewandowski,Polish,12
RNN,1749,2.4026830196380615,2.651346125602722,1,0.2555746140651801,0.32,Italian,9,Alessandro Marino,Italian,9
RNN,1750,2.5778093338012695,2.647151026725769,1,0.256,0.34,Spanish,16,Pedro Díaz,Spanish,16
RNN,1751,2.738722562789917,2.6507289218902588,0,0.25585379782981155,0.32,Portuguese,13,Jorge Costa,English,4
RNN,1752,2.2567050457000732,2.639378294944763,1,0.2562785388127854,0.34,Polish,12,Piotr Kowalski,Polish,12
RNN,1753,2.7337427139282227,2.6453955078125,0,0.25613234455219624,0.32,Vietnamese,17,Phan Quân,English,4
RNN,1754,2.3742318153381348,2.639846405982971,1,0.25655644241733183,0.34,English,4,Daniel Brown,English,4
RNN,1755,2.6955132484436035,2.6392891216278076,0,0.2564102564102564,0.34,Czech,2,Václav Dvořák,Polish,12
RNN,1756,2.6944782733917236,2.6439070224761965,0,0.25626423690205014,0.32,Czech,2,Josef Kučera,English,4
RNN,1757,2.939626455307007,2.6509915685653684,0,0.25611838360842343,0.3,German,6,Hannah Schmidt,English,4
RNN,1758,2.474806547164917,2.649653835296631,1,0.2565415244596132,0.3,Vietnamese,17,Hoàng Dũng,Vietnamese,17
RNN,1759,2.218515157699585,2.64321391582489,1,0.25696418419556566,0.3,Polish,12,Łukasz Zieliński,Polish,12
RNN,1760,2.604297399520874,2.6435113382339477,0,0.25681818181818183,0.3,Czech,2,Václav Dvořák,Polish,12
RNN,1761,2.7951016426086426,2.640320177078247,0,0.2566723452583759,0.3,Portuguese,13,Miguel Sousa,Polish,12
RNN,1762,2.682368755340576,2.637357783317566,0,0.2565266742338252,0.3,Greek,7,Στέφανος Παπαδόπουλος,English,4
RNN,1763,2.720205307006836,2.638356819152832,0,0.2563811684628474,0.28,Greek,7,Ιωάννης Παπαδάκης,English,4
RNN,1764,2.750025987625122,2.636308536529541,0,0.2562358276643991,0.28,Portuguese,13,Luís Santos,English,4
RNN,1765,2.4140098094940186,2.6335557651519776,1,0.256657223796034,0.3,Russian,14,Павел Соколов,Russian,14
RNN,1766,2.719724178314209,2.6422676467895507,0,0.2565118912797282,0.28,Chinese,1,刘平,English,4
RNN,1767,2.8421027660369873,2.6415461540222167,0,0.2563667232597623,0.28,French,5,Jules Bernard,English,4
RNN,1768,2.8353164196014404,2.6509891176223754,0,0.25622171945701355,0.26,Arabic,0,أحمد القحطاني,English,4
RNN,1769,2.4595017433166504,2.650335659980774,1,0.2566421707179197,0.28,English,4,J.R. Taylor,English,4
RNN,1770,3.085984706878662,2.6622571420669554,0,0.25649717514124293,0.26,Arabic,0,أحمد النجار,English,4
RNN,1771,2.7493624687194824,2.6634590673446654,0,0.256352343308865,0.26,Scottish,15,Hamish Stewart,English,4
RNN,1772,2.514040946960449,2.6674996328353884,1,0.2567720090293454,0.26,Spanish,16,Luis Sánchez,Spanish,16
RNN,1773,3.0829691886901855,2.670044870376587,0,0.25662718556119574,0.26,Irish,8,Liam O'Brien,English,4
RNN,1774,2.749528169631958,2.6682675218582155,0,0.2564825253664036,0.26,Korean,11,이예준,English,4
RNN,1775,2.9545958042144775,2.6761418867111204,0,0.2563380281690141,0.26,Irish,8,Fionn Kennedy,English,4
RNN,1776,2.5788114070892334,2.678556270599365,0,0.2561936936936937,0.26,Dutch,3,Sophie Meijer,English,4
RNN,1777,2.7885217666625977,2.6766979694366455,0,0.25604952166572875,0.26,Arabic,0,حسن الغامدي,English,4
RNN,1778,2.5659570693969727,2.677633213996887,1,0.25646794150731156,0.28,Portuguese,13,Luís Pereira,Portuguese,13
RNN,1779,2.900301218032837,2.684195294380188,0,0.2563237774030354,0.28,Spanish,16,Pedro García,English,4
RNN,1780,2.911496877670288,2.6920268058776857,0,0.25617977528089886,0.26,Irish,8,Liam Kennedy,English,4
RNN,1781,2.6836159229278564,2.6952381467819215,0,0.25603593486805165,0.26,Czech,2,Ondřej Kučera,English,4
RNN,1782,2.5706381797790527,2.6930149745941163,0,0.2558922558922559,0.24,Russian,14,Иван Васильев,English,4
RNN,1783,2.795058488845825,2.6930808067321776,0,0.2557487380818845,0.24,Korean,11,김수빈,English,4
RNN,1784,2.652764320373535,2.69310950756073,0,0.2556053811659193,0.24,Scottish,15,Fergus Graham,Polish,12
RNN,1785,2.8981151580810547,2.6962813568115234,0,0.25546218487394956,0.24,French,5,Mathieu Robert,English,4
RNN,1786,2.8579370975494385,2.6964037799835205,0,0.2553191489361702,0.24,French,5,Étienne Petit,English,4
RNN,1787,2.5428810119628906,2.689621090888977,1,0.2557358701734751,0.26,Dutch,3,Kees Visser,Dutch,3
RNN,1788,2.6021018028259277,2.6871339321136474,0,0.25559284116331094,0.26,Dutch,3,Anne de Vries,English,4
RNN,1789,2.8572041988372803,2.6975092935562133,0,0.2554499720514254,0.24,Spanish,16,Alejandro García,English,4
RNN,1790,2.6404595375061035,2.6964366674423217,1,0.2558659217877095,0.26,Chinese,1,王敏,Chinese,1
RNN,1791,2.6428537368774414,2.6948835039138794,0,0.25572305974316023,0.26,Greek,7,Θεόδωρος Παπαδόπουλος,English,4
RNN,1792,2.7077627182006836,2.6914529371261597,0,0.25558035714285715,0.26,Scottish,15,Niall Stewart,English,4
RNN,1793,2.2833449840545654,2.683621907234192,1,0.2559955382041272,0.28,Polish,12,Zbigniew Kowalski,Polish,12
RNN,1794,2.902409076690674,2.6860103464126586,0,0.25585284280936454,0.28,French,5,Hugo Martin,English,4
RNN,1795,2.5229291915893555,2.6818554544448854,1,0.2562674094707521,0.3,Vietnamese,17,Đặng Cường,Vietnamese,17
RNN,1796,2.578533887863159,2.6723246574401855,1,0.2566815144766147,0.32,Portuguese,13,Filipe Ferreira,Portuguese,13
RNN,1797,2.7658498287200928,2.6723332834243774,0,0.2565386755703951,0.32,Japanese,10,田中直子,English,4
RNN,1798,2.668217658996582,2.6796746921539305,0,0.25639599555061177,0.3,Portuguese,13,Carlos Sousa,English,4
RNN,1799,2.8232128620147705,2.688085289001465,0,0.2562534741523068,0.28,Japanese,10,田中美咲,Scottish,15
RNN,1800,2.5725512504577637,2.687980127334595,1,0.25666666666666665,0.28,Czech,2,Jakub Veselý,Czech,2
RNN,1801,2.663761615753174,2.6864809083938597,1,0.25707940033314824,0.3,Korean,11,이서준,Korean,11
RNN,1802,2.398175001144409,2.6893103075027467,1,0.25749167591564925,0.3,Spanish,16,Luis Gómez,Spanish,16
RNN,1803,2.65423846244812,2.6877202224731445,1,0.2579034941763727,0.32,Chinese,1,张丽,Chinese,1
RNN,1804,2.5242722034454346,2.6907210302352906,1,0.2583148558758315,0.32,Greek,7,Σπυρίδων Κωνσταντίνου,Greek,7
RNN,1805,2.5840656757354736,2.688492078781128,1,0.25872576177285317,0.34,Chinese,1,杨娜,Chinese,1
RNN,1806,2.6301355361938477,2.68720522403717,0,0.25858250276854927,0.34,Czech,2,Václav Procházka,Polish,12
RNN,1807,2.5300893783569336,2.679014482498169,1,0.2589928057553957,0.36,Italian,9,Vincenzo Greco,Italian,9
RNN,1808,2.634896755218506,2.6822162866592407,0,0.2588495575221239,0.34,Italian,9,Carlo Bianchi,Polish,12
RNN,1809,2.4971015453338623,2.687788014411926,1,0.25925925925925924,0.34,Czech,2,Petr Veselý,Czech,2
RNN,1810,2.4398419857025146,2.684498906135559,1,0.2596685082872928,0.36,Russian,14,Андрей Иванов,Russian,14
RNN,1811,2.6670095920562744,2.6819370651245116,1,0.2600773053561568,0.38,Korean,11,박도윤,Korean,11
RNN,1812,2.5814011096954346,2.679917712211609,0,0.2599337748344371,0.38,Italian,9,Davide Ricci,Polish,12
RNN,1813,2.3884403705596924,2.673282413482666,1,0.26034197462768893,0.4,Italian,9,Giovanni Greco,Italian,9
RNN,1814,2.4899375438690186,2.668080644607544,1,0.2607497243660419,0.42,Greek,7,Αικατερίνη Αθανασίου,Greek,7
RNN,1815,2.6704680919647217,2.673209810256958,1,0.2611570247933884,0.42,Korean,11,윤도윤,Korean,11
RNN,1816,2.668911933898926,2.6721935653686524,0,0.2610132158590308,0.42,Scottish,15,Stuart Robertson,English,4
RNN,1817,3.0238430500030518,2.6758283710479738,0,0.2608695652173913,0.42,German,6,Thomas Hoffmann,English,4
RNN,1818,2.7311911582946777,2.6737458658218385,0,0.2607260726072607,0.42,Vietnamese,17,Đặng Nam,Scottish,15
RNN,1819,2.631883144378662,2.677193493843079,0,0.2605827377680044,0.4,Greek,7,Αικατερίνη Παπαδάκης,Italian,9
RNN,1820,2.801439046859741,2.6715025806427004,0,0.26043956043956046,0.4,Arabic,0,خالد الهاشمي,English,4
RNN,1821,3.0293564796447754,2.677102460861206,0,0.2602965403624382,0.4,Arabic,0,مصطفى النجار,Czech,2
RNN,1822,2.5179736614227295,2.677181115150452,1,0.26070252469813393,0.4,Vietnamese,17,Hoàng Hùng,Vietnamese,17
RNN,1823,2.706510066986084,2.6696519327163695,0,0.2605595172792101,0.4,Arabic,0,حسن الغامدي,English,4
RNN,1824,2.590441942214966,2.66647020816803,1,0.26096491228070173,0.42,Arabic,0,ماجد القحطاني,Arabic,0
RNN,1825,2.5477705001831055,2.6583337020874023,1,0.26136986301369863,0.44,Polish,12,Jakub Woźniak,Polish,12
RNN,1826,2.4144556522369385,2.6550465869903563,1,0.2617743702081051,0.46,Italian,9,Fabio Russo,Italian,9
RNN,1827,2.751063108444214,2.6542974138259887,0,0.2616310892172961,0.46,German,6,Maximilian Wagner,Dutch,3
RNN,1828,2.3990063667297363,2.650958399772644,1,0.262035010940919,0.46,Greek,7,Χρήστος Αθανασίου,Greek,7
RNN,1829,2.6369106769561768,2.6456905889511106,1,0.2624384909786769,0.48,Scottish,15,Rory MacDonald,Scottish,15
RNN,1830,2.5017387866973877,2.6374954271316526,1,0.26284153005464483,0.5,English,4,Robert St. John,English,4
RNN,1831,3.035895824432373,2.644541025161743,0,0.2626979792463135,0.5,Irish,8,Conor Kelly,Scottish,15
RNN,1832,2.6372976303100586,2.6458742141723635,1,0.2631004366812227,0.52,Chinese,1,张平,Chinese,1
RNN,1833,2.4448657035827637,2.638870358467102,1,0.2635024549918167,0.54,Spanish,16,Diego Martínez,Spanish,16
RNN,1834,2.6213302612304688,2.6382416772842405,1,0.2639040348964013,0.56,Korean,11,강하은,Korean,11
RNN,1835,2.549856424331665,2.631276502609253,1,0.26430517711171664,0.58,Czech,2,Jiří Veselý,Czech,2
RNN,1836,2.693030834197998,2.6279783773422243,0,0.264161220043573,0.58,Dutch,3,Lars Janssen,English,4
RNN,1837,2.55595326423645,2.6282398223876955,1,0.26456178551986936,0.58,English,4,Michael Taylor,English,4
RNN,1838,2.4961094856262207,2.626119976043701,1,0.264961915125136,0.6,Polish,12,Szymon Nowak,Polish,12
RNN,1839,2.515859365463257,2.6192930793762206,1,0.2653616095704187,0.62,Chinese,1,杨艳,Chinese,1
RNN,1840,2.41861629486084,2.6148562145233156,1,0.2657608695652174,0.62,English,4,James Brown,English,4
RNN,1841,2.3977744579315186,2.609954628944397,1,0.2661596958174905,0.64,Italian,9,Fabio Esposito,Italian,9
RNN,1842,2.8296167850494385,2.612391710281372,0,0.26601520086862107,0.64,Japanese,10,渡辺太郎,Italian,9
RNN,1843,2.609541416168213,2.618915638923645,0,0.2658708627238199,0.62,Japanese,10,伊藤花子,Korean,11
RNN,1844,2.4872097969055176,2.610611653327942,0,0.26572668112798264,0.62,Russian,14,Евгений Смирнов,English,4
RNN,1845,2.4524412155151367,2.6092018938064574,1,0.2661246612466125,0.62,Greek,7,Σοφία Παπαδόπουλος,Greek,7
RNN,1846,2.995941162109375,2.6175500392913817,0,0.2659804983748646,0.6,German,6,Friedrich Schmidt,English,4
RNN,1847,2.6751675605773926,2.6157363939285276,0,0.265836491608013,0.6,Dutch,3,Lotte Jansen,English,4
RNN,1848,2.5846107006073,2.6140642547607422,0,0.2656926406926407,0.6,Dutch,3,Willem de Vries,English,4
RNN,1849,2.38535213470459,2.6053070402145386,1,0.2660897782585181,0.62,Russian,14,Юрий Попов,Russian,14
RNN,1850,2.6529159545898438,2.6069143342971803,1,0.2664864864864865,0.62,Japanese,10,渡辺健,Japanese,10
RNN,1851,2.5569069385528564,2.6047772407531737,0,0.2663425175580767,0.6,Dutch,3,Sophie Janssen,English,4
RNN,1852,2.5324199199676514,2.607462139129639,1,0.26673866090712745,0.6,Korean,11,임하은,Korean,11
RNN,1853,2.693246603012085,2.6082423019409178,0,0.266594711279007,0.58,German,6,Maximilian Meyer,Dutch,3
RNN,1854,2.3259568214416504,2.6042759943008424,1,0.2669902912621359,0.58,Italian,9,Vincenzo Romano,Italian,9
RNN,1855,3.010709524154663,2.612808871269226,0,0.2668463611859838,0.56,Irish,8,Niall Kelly,English,4
RNN,1856,2.6234283447265625,2.6126747274398805,1,0.2672413793103448,0.58,Czech,2,Jan Novotný,Czech,2
RNN,1857,2.2892916202545166,2.607858772277832,1,0.267635971997846,0.58,Italian,9,Alessandro Greco,Italian,9
RNN,1858,2.61361026763916,2.607433042526245,1,0.2680301399354144,0.6,Chinese,1,张明,Chinese,1
RNN,1859,2.6077797412872314,2.6096466064453123,1,0.2684238838084992,0.6,Japanese,10,鈴木彩,Japanese,10
RNN,1860,2.710862398147583,2.6150670146942137,0,0.2682795698924731,0.58,Czech,2,Pavel Němec,Dutch,3
RNN,1861,2.367398977279663,2.609074802398682,1,0.2686727565824825,0.58,Greek,7,Θεόδωρος Νικολάου,Greek,7
RNN,1862,2.351545810699463,2.6044776964187624,1,0.2690655209452202,0.6,Polish,12,Wojciech Lewandowski,Polish,12
RNN,1863,2.566760540008545,2.6080440998077394,1,0.2694578636607622,0.6,Chinese,1,吴娟,Chinese,1
RNN,1864,2.277536630630493,2.603796081542969,1,0.2698497854077253,0.6,Italian,9,Fabio Esposito,Italian,9
RNN,1865,3.03035831451416,2.6109938859939574,0,0.26970509383378016,0.58,French,5,Gabriel Martin,English,4
RNN,1866,2.292059898376465,2.6034568452835085,1,0.27009646302250806,0.6,Polish,12,Kamil Kamiński,Polish,12
RNN,1867,2.614748001098633,2.59527494430542,0,0.26995179432244243,0.6,Vietnamese,17,Đặng Linh,Italian,9
RNN,1868,2.510136127471924,2.590853843688965,1,0.2703426124197002,0.62,Vietnamese,17,Phạm Dũng,Vietnamese,17
RNN,1869,2.42573881149292,2.58673095703125,1,0.270733012306046,0.64,Dutch,3,Anne Bakker,Dutch,3
RNN,1870,2.505239248275757,2.5808069610595705,0,0.27058823529411763,0.64,Dutch,3,Sem Jansen,English,4
RNN,1871,2.4577760696411133,2.569375352859497,1,0.27097808658471406,0.66,Dutch,3,Hendrik de Jong,Dutch,3
RNN,1872,2.5132603645324707,2.5692810869216918,1,0.27136752136752135,0.66,Chinese,1,周平,Chinese,1
RNN,1873,2.524460792541504,2.5656401014328,0,0.27122263747997866,0.66,Greek,7,Αθανάσιος Παπαδάκης,Italian,9
RNN,1874,2.712644338607788,2.5680841493606565,0,0.2710779082177161,0.64,German,6,Klaus Meyer,Dutch,3
RNN,1875,2.464055299758911,2.566409845352173,1,0.2714666666666667,0.64,Korean,11,장지민,Korean,11
RNN,1876,2.523357629776001,2.568587884902954,0,0.27132196162046907,0.62,Czech,2,Michal Veselý,Dutch,3
RNN,1877,3.07169508934021,2.575000524520874,0,0.27117741076185403,0.62,Irish,8,Aoife Murphy,Dutch,3
RNN,1878,2.934910297393799,2.5857186031341555,0,0.27103301384451545,0.6,Arabic,0,وليد الحداد,Dutch,3
RNN,1879,2.8619823455810547,2.590220036506653,0,0.27088877062267164,0.58,German,6,Dieter Schulz,Dutch,3
RNN,1880,2.4423270225524902,2.5890318012237548,1,0.2712765957446808,0.58,Russian,14,Максим Петров,Russian,14
RNN,1881,2.5178747177124023,2.5786713790893554,0,0.2711323763955343,0.58,Czech,2,Martin Černý,Dutch,3
RNN,1882,2.4445784091949463,2.5748169946670534,1,0.27151965993623806,0.58,Dutch,3,Thomas de Jong,Dutch,3
RNN,1883,2.360318422317505,2.5731260490417482,1,0.27190653212958044,0.58,Russian,14,Максим Иванов,Russian,14
RNN,1884,2.92488431930542,2.579197130203247,0,0.27176220806794055,0.56,French,5,François Dubois,Dutch,3
RNN,1885,2.836883068084717,2.5849376630783083,0,0.2716180371352785,0.54,Portuguese,13,Pedro Sousa,Italian,9
RNN,1886,2.3154659271240234,2.5773863649368285,1,0.27200424178154825,0.56,Polish,12,Marcin Lewandowski,Polish,12
RNN,1887,2.6989917755126953,2.5802471351623537,0,0.2718600953895072,0.54,Arabic,0,سليم الغامدي,Dutch,3
RNN,1888,2.6411092281341553,2.583147130012512,0,0.2717161016949153,0.52,Portuguese,13,Carlos Ferreira,Dutch,3
RNN,1889,2.5432796478271484,2.58369553565979,1,0.27210164107993645,0.52,Korean,11,박수빈,Korean,11
RNN,1890,2.893085479736328,2.5931849193573,0,0.27195767195767195,0.5,French,5,Jules Petit,Dutch,3
RNN,1891,2.959059953689575,2.604410629272461,0,0.27181385510312006,0.48,Irish,8,Aidan Doyle,Dutch,3
RNN,1892,2.7112889289855957,2.602044072151184,0,0.27167019027484146,0.48,English,4,Thomas Smith,Dutch,3
RNN,1893,2.375960350036621,2.5973724508285523,1,0.27205493924986796,0.5,Greek,7,Αλέξανδρος Αλεξίου,Greek,7
RNN,1894,2.3875832557678223,2.5953799200057985,1,0.27243928194297784,0.52,Italian,9,Francesco Colombo,Italian,9
RNN,1895,2.7484326362609863,2.601299748420715,0,0.27229551451187334,0.5,Portuguese,13,João Martins,Dutch,3
RNN,1896,2.7656116485595703,2.5966931581497192,0,0.2721518987341772,0.5,Scottish,15,Rory MacDonald,Dutch,3
RNN,1897,2.581455707550049,2.5948189210891726,0,0.272008434370058,0.5,Czech,2,Marek Dvořák,Polish,12
RNN,1898,2.2872159481048584,2.5888710260391234,1,0.27239199157007377,0.52,Polish,12,Kamil Kowalski,Polish,12
RNN,1899,2.5346407890319824,2.5918567991256714,0,0.27224855186940494,0.5,Portuguese,13,Gonçalo Ferreira,Dutch,3
RNN,1900,2.5852770805358887,2.5905040216445925,0,0.27210526315789474,0.48,Spanish,16,Daniel Rodríguez,Dutch,3
RNN,1901,2.769481658935547,2.594755516052246,0,0.2719621251972646,0.48,Vietnamese,17,Nguyễn Đức,Polish,12
RNN,1902,2.460360288619995,2.593314323425293,1,0.2723449001051525,0.48,Polish,12,Andrzej Woźniak,Polish,12
RNN,1903,2.4726624488830566,2.5889026403427122,1,0.2727272727272727,0.5,Korean,11,조현우,Korean,11
RNN,1904,2.7181482315063477,2.5967464685440063,0,0.27258403361344535,0.48,Vietnamese,17,Phan Đức,Polish,12
RNN,1905,2.44214129447937,2.5853751039505006,1,0.27296587926509186,0.5,Korean,11,윤성민,Korean,11
RNN,1906,2.4849507808685303,2.58260555267334,1,0.2733473242392445,0.5,Spanish,16,Carlos López,Spanish,16
RNN,1907,2.3741133213043213,2.584301986694336,1,0.27372836916622967,0.5,Polish,12,Mateusz Wójcik,Polish,12
RNN,1908,2.925117015838623,2.5905321216583252,0,0.27358490566037735,0.48,French,5,François Martin,Polish,12
RNN,1909,2.687737226486206,2.592131271362305,0,0.2734415924567837,0.46,Japanese,10,中村大輔,Korean,11
RNN,1910,2.4621849060058594,2.5871577215194703,1,0.27382198952879583,0.48,Greek,7,Χρήστος Παπαδόπουλος,Greek,7
RNN,1911,2.99794340133667,2.5997686100006105,0,0.2736787022501308,0.46,Irish,8,Aidan Murphy,Polish,12
RNN,1912,2.8814291954040527,2.6103662776947023,0,0.2735355648535565,0.44,Scottish,15,Rory Fraser,Dutch,3
RNN,1913,2.348020315170288,2.6059914731979372,1,0.2739153162571877,0.44,Korean,11,임서연,Korean,11
RNN,1914,2.297361135482788,2.606387963294983,1,0.274294670846395,0.44,Greek,7,Γεώργιος Γεωργίου,Greek,7
RNN,1915,2.5759215354919434,2.5972992277145384,1,0.27467362924281985,0.46,Dutch,3,Hendrik van den Berg,Dutch,3
RNN,1916,2.211434841156006,2.5956867265701296,1,0.27505219206680587,0.46,Greek,7,Βασίλειος Δημητρίου,Greek,7
RNN,1917,2.5295512676239014,2.593982791900635,1,0.27543035993740217,0.48,Vietnamese,17,Đặng Hùng,Vietnamese,17
RNN,1918,2.5155839920043945,2.5940917491912843,0,0.27528675703858185,0.46,Chinese,1,周明,Korean,11
RNN,1919,2.1516366004943848,2.5886097049713133,1,0.2756644085461178,0.46,Greek,7,Χρήστος Βασιλείου,Greek,7
RNN,1920,2.310678720474243,2.584718494415283,1,0.2760416666666667,0.48,Polish,12,Łukasz Kowalczyk,Polish,12
RNN,1921,2.8297057151794434,2.5921570873260498,0,0.275897969807392,0.46,French,5,Étienne Thomas,Greek,7
RNN,1922,2.0780694484710693,2.583453269004822,1,0.2762747138397503,0.46,Greek,7,Θεόδωρος Βασιλείου,Greek,7
RNN,1923,2.620619773864746,2.5853764486312865,0,0.27613104524180965,0.46,Japanese,10,加藤蓮,Korean,11
RNN,1924,2.428983449935913,2.579703230857849,1,0.2765072765072765,0.48,Korean,11,윤도윤,Korean,11
RNN,1925,2.678664445877075,2.5839954137802126,0,0.27636363636363637,0.46,Arabic,0,محمد القحطاني,Greek,7
RNN,1926,2.355342388153076,2.580635108947754,1,0.2767393561786085,0.48,Korean,11,윤정훈,Korean,11
RNN,1927,2.5400633811950684,2.570002474784851,0,0.2765957446808511,0.48,English,4,William Wilson,Greek,7
RNN,1928,2.7643532752990723,2.5665913343429567,0,0.27645228215767637,0.48,German,6,Michael Wagner,Dutch,3
RNN,1929,2.723245859146118,2.563816604614258,0,0.2763089683773976,0.48,Vietnamese,17,Phạm Tuấn,Greek,7
RNN,1930,2.7731528282165527,2.570433120727539,0,0.2761658031088083,0.46,French,5,Étienne Durand,Greek,7
RNN,1931,2.4179587364196777,2.5684348011016844,1,0.276540652511652,0.48,Chinese,1,李敏,Chinese,1
RNN,1932,2.4516403675079346,2.5685760402679443,1,0.2769151138716356,0.48,Chinese,1,张平,Chinese,1
RNN,1933,2.1227471828460693,2.5638246154785156,1,0.2772891877909984,0.48,Greek,7,Αλέξανδρος Παπαδόπουλος,Greek,7
RNN,1934,2.566220760345459,2.5566513442993166,0,0.27714581178903824,0.48,Spanish,16,Carlos Sánchez,Greek,7
RNN,1935,2.660642147064209,2.5531265258789064,0,0.27700258397932814,0.48,Arabic,0,خالد الغامدي,Greek,7
RNN,1936,2.948871374130249,2.5657946348190306,0,0.2768595041322314,0.46,German,6,Johannes Schmidt,Greek,7
RNN,1937,2.484330415725708,2.561501407623291,0,0.27671657201858546,0.46,Japanese,10,加藤直子,Korean,11
RNN,1938,2.755244255065918,2.563784108161926,0,0.27657378740970073,0.46,French,5,Benoît Robert,Greek,7
RNN,1939,2.441727638244629,2.561753067970276,1,0.27694687983496646,0.46,Chinese,1,王丽,Chinese,1
RNN,1940,2.514768362045288,2.554186725616455,0,0.2768041237113402,0.46,English,4,Christopher Wilson,Greek,7
RNN,1941,2.509840726852417,2.5452023410797118,0,0.27666151468315303,0.46,English,4,Andrew St. John,Greek,7
RNN,1942,2.5429062843322754,2.5418346881866456,0,0.276519052523172,0.46,Dutch,3,Lucas Janssen,English,4
RNN,1943,2.286811351776123,2.5400517082214353,1,0.27689140504374676,0.46,Korean,11,김예은,Korean,11
RNN,1944,2.21600604057312,2.5366201639175414,1,0.2772633744855967,0.46,Korean,11,임민수,Korean,11
RNN,1945,2.2344415187835693,2.5263403415679933,1,0.2776349614395887,0.48,Polish,12,Łukasz Zieliński,Polish,12
RNN,1946,2.5749261379241943,2.5225266313552854,0,0.2774922918807811,0.48,Dutch,3,Kees van Dijk,Greek,7
RNN,1947,2.5920474529266357,2.522738466262817,0,0.2773497688751926,0.48,Italian,9,Antonio Bianchi,Polish,12
RNN,1948,2.556483507156372,2.5281238174438476,0,0.27720739219712526,0.46,English,4,James Williams,Greek,7
RNN,1949,2.760138511657715,2.5326337718963625,0,0.27706516162134426,0.46,Portuguese,13,Manuel Jesus,Greek,7
RNN,1950,2.8963568210601807,2.5388553667068483,0,0.27692307692307694,0.46,Scottish,15,Fraser Douglas,Greek,7
RNN,1951,2.486212730407715,2.5331899881362916,0,0.2767811378780113,0.46,Japanese,10,高橋健,Korean,11
RNN,1952,2.744530200958252,2.538873386383057,0,0.2766393442622951,0.44,Vietnamese,17,Võ Quân,English,4
RNN,1953,2.1684606075286865,2.5327893495559692,1,0.27700972862263185,0.44,Korean,11,박하은,Korean,11
RNN,1954,2.7635936737060547,2.5336982583999634,0,0.27686796315250767,0.44,French,5,Noël Robert,Greek,7
RNN,1955,2.3536477088928223,2.5319283866882323,1,0.2772378516624041,0.44,Italian,9,Francesco Greco,Italian,9
RNN,1956,2.32894229888916,2.528808217048645,1,0.2776073619631902,0.44,Italian,9,Marco Russo,Italian,9
RNN,1957,2.615713596343994,2.5336402225494385,0,0.2774655084312724,0.42,French,5,François L'Hôpital,Greek,7
RNN,1958,2.6551623344421387,2.528241128921509,0,0.2773237997957099,0.42,Arabic,0,مصطفى الشمري,Greek,7
RNN,1959,2.4166038036346436,2.5228184604644777,1,0.2776927003573252,0.44,Polish,12,Stanisław Woźniak,Polish,12
RNN,1960,2.3755335807800293,2.521085433959961,1,0.2780612244897959,0.44,Chinese,1,张强,Chinese,1
RNN,1961,2.515955686569214,2.511445679664612,0,0.2779194288628251,0.44,Japanese,10,中村悠斗,Korean,11
RNN,1962,2.0975911617279053,2.495768918991089,1,0.2782874617737003,0.46,Greek,7,Νικόλαος Αλεξίου,Greek,7
RNN,1963,2.466554880142212,2.4981396102905276,0,0.2781456953642384,0.44,Dutch,3,Bram Janssen,Greek,7
RNN,1964,2.5851547718048096,2.5038954830169677,0,0.2780040733197556,0.42,English,4,William Jones,Dutch,3
RNN,1965,2.750061273574829,2.5073782777786255,0,0.2778625954198473,0.4,Czech,2,Jan Dvořák,Polish,12
RNN,1966,2.135324716567993,2.5058560752868653,1,0.2782299084435402,0.4,Korean,11,정지훈,Korean,11
RNN,1967,2.6348891258239746,2.5079628324508665,0,0.2780884595831215,0.38,French,5,Benoît d'Aubigné,Greek,7
RNN,1968,2.7839560508728027,2.513330273628235,0,0.2779471544715447,0.38,Czech,2,Petr Němec,Greek,7
RNN,1969,2.5039145946502686,2.5203758335113524,0,0.2778059928897918,0.36,Japanese,10,渡辺誠,Korean,11
RNN,1970,2.5923163890838623,2.526008586883545,0,0.27766497461928935,0.34,Arabic,0,يوسف العتيبي,Greek,7
RNN,1971,2.751087188720703,2.52443621635437,0,0.27752409944190765,0.34,German,6,Wolfgang Fischer,Dutch,3
RNN,1972,2.572664260864258,2.5343281126022337,0,0.2773833671399594,0.32,Czech,2,Michal Černý,Greek,7
RNN,1973,3.1073851585388184,2.5440634202957155,0,0.2772427774961987,0.32,Irish,8,Fionn Kelly,Greek,7
RNN,1974,2.7550463676452637,2.5505846786499022,0,0.27710233029381964,0.3,Arabic,0,كريم الحداد,Greek,7
RNN,1975,2.183894395828247,2.5406892776489256,1,0.27746835443037976,0.32,Polish,12,Grzegorz Kamiński,Polish,12
RNN,1976,2.6319069862365723,2.5462205696105955,0,0.2773279352226721,0.3,Portuguese,13,António Ferreira,Greek,7
RNN,1977,2.7483468055725098,2.5503862380981444,0,0.27718765806777945,0.3,Portuguese,13,Miguel Rodrigues,Dutch,3
RNN,1978,2.2311508655548096,2.539722189903259,1,0.2775530839231547,0.32,Polish,12,Mateusz Kowalczyk,Polish,12
RNN,1979,2.5503971576690674,2.5362652158737182,0,0.27741283476503287,0.32,Vietnamese,17,Hoàng Phong,Polish,12
RNN,1980,2.4867441654205322,2.530537042617798,0,0.2772727272727273,0.32,Dutch,3,Willem Janssen,Polish,12
RNN,1981,2.133195638656616,2.5248417806625367,1,0.27763755678950025,0.32,Greek,7,Δημήτριος Γεωργίου,Greek,7
RNN,1982,2.7094931602478027,2.529998836517334,0,0.27749747729566093,0.3,Russian,14,Сергей Иванов,Greek,7
RNN,1983,2.427750825881958,2.536098909378052,0,0.2773575390821987,0.28,Chinese,1,刘明,Korean,11
RNN,1984,2.502182722091675,2.534818148612976,0,0.2772177419354839,0.28,Arabic,0,أحمد الغامدي,Greek,7
RNN,1985,3.054765224456787,2.5427006101608276,0,0.2770780856423174,0.28,Irish,8,Oisín Kelly,Polish,12
RNN,1986,2.5699470043182373,2.5351221227645873,0,0.2769385699899295,0.28,Czech,2,Ondřej Černý,Greek,7
RNN,1987,2.665227174758911,2.5387400579452515,0,0.27679919476597886,0.28,French,5,Noël Robert,Greek,7
RNN,1988,2.504720449447632,2.5337295818328855,0,0.2766599597585513,0.28,French,5,Gabriel L'Hôpital,Greek,7
RNN,1989,2.489107847213745,2.534677186012268,1,0.27702362996480645,0.28,Czech,2,Jan Veselý,Czech,2
RNN,1990,2.4349992275238037,2.5330818033218385,1,0.27738693467336684,0.3,Czech,2,Jakub Černý,Czech,2
RNN,1991,2.919713020324707,2.5412792491912843,0,0.27724761426418887,0.3,Scottish,15,Alasdair Robertson,Greek,7
RNN,1992,2.441770076751709,2.539256525039673,1,0.2776104417670683,0.32,Arabic,0,سعيد الهاشمي,Arabic,0
RNN,1993,2.4386682510375977,2.5422936630249025,1,0.2779729051680883,0.32,French,5,Nicolas Dubois,French,5
RNN,1994,2.5359549522399902,2.54869264125824,0,0.2778335005015045,0.3,Portuguese,13,João Ferreira,French,5
RNN,1995,2.3439667224884033,2.5508831453323366,1,0.2781954887218045,0.3,Chinese,1,李丽,Chinese,1
RNN,1996,2.4195809364318848,2.5477762413024903,0,0.27805611222444887,0.3,Japanese,10,高橋大輔,Korean,11
RNN,1997,2.686446189880371,2.549664216041565,0,0.27791687531296944,0.3,German,6,Jürgen Meyer,Dutch,3
RNN,1998,2.7021851539611816,2.552578248977661,0,0.2777777777777778,0.3,Vietnamese,17,Đặng Đức,Polish,12
RNN,1999,2.4463586807250977,2.546302652359009,1,0.27813906953476736,0.32,Vietnamese,17,Phạm Hoàng,Vietnamese,17
RNN,2000,2.456418514251709,2.537503886222839,0,0.278,0.32,Italian,9,Riccardo Esposito,French,5
LSTM,1,2.9024171829223633,2.9024171829223633,0,0.0,0.0,Dutch,3,Kees de Jong,German,6
LSTM,2,2.883669376373291,2.893043279647827,0,0.0,0.0,Irish,8,Liam Walsh,Arabic,0
LSTM,3,2.9372777938842773,2.907788117726644,0,0.0,0.0,Greek,7,Ευάγγελος Παπαδάκης,Arabic,0
LSTM,4,2.9011220932006836,2.906121611595154,0,0.0,0.0,Dutch,3,Ruben Smit,Arabic,0
LSTM,5,2.956482172012329,2.916193723678589,0,0.0,0.0,Vietnamese,17,Trần Cường,German,6
LSTM,6,2.824251174926758,2.9008699655532837,0,0.0,0.0,Portuguese,13,Jorge Silva,Arabic,0
LSTM,7,2.819300413131714,2.8892171723502025,0,0.0,0.0,Arabic,0,عمر الخطيب,German,6
LSTM,8,2.802675485610962,2.8783994615077972,0,0.0,0.0,German,6,Hannah Schneider,Arabic,0
LSTM,9,2.929048538208008,2.8840271366967096,0,0.0,0.0,Spanish,16,Miguel Pérez,Arabic,0
LSTM,10,2.80614972114563,2.8762393951416017,1,0.1,0.1,Arabic,0,عمر المالكي,Arabic,0
LSTM,11,2.7899417877197266,2.8683941581032495,1,0.18181818181818182,0.18181818181818182,German,6,Wolfgang Hoffmann,German,6
LSTM,12,2.953965663909912,2.875525116920471,0,0.16666666666666666,0.16666666666666666,Vietnamese,17,Huỳnh Hoàng,German,6
LSTM,13,2.9376611709594727,2.8803048133850098,0,0.15384615384615385,0.15384615384615385,Greek,7,Στέφανος Αθανασίου,German,6
LSTM,14,2.8917367458343506,2.8811213799885342,0,0.14285714285714285,0.14285714285714285,Irish,8,Patrick Murphy,Arabic,0
LSTM,15,2.882944345474243,2.8812429110209146,0,0.13333333333333333,0.13333333333333333,French,5,Jean-Luc d'Aubigné,German,6
LSTM,16,2.8326950073242188,2.878208667039871,0,0.125,0.125,Portuguese,13,Rui Oliveira,German,6
LSTM,17,2.875021457672119,2.8780211841358856,0,0.11764705882352941,0.11764705882352941,Irish,8,Aoife Kelly,German,6
LSTM,18,2.7854230403900146,2.872876842816671,1,0.16666666666666666,0.16666666666666666,German,6,Maximilian Hoffmann,German,6
LSTM,19,2.821728229522705,2.8701848105380408,0,0.15789473684210525,0.15789473684210525,Japanese,10,鈴木翔,Arabic,0
LSTM,20,2.885934829711914,2.8709723114967347,0,0.15,0.15,Czech,2,Štěpán Černý,Arabic,0
LSTM,21,2.904219150543213,2.8725554943084717,0,0.14285714285714285,0.14285714285714285,Dutch,3,Sander van Dijk,German,6
LSTM,22,2.9759232997894287,2.8772540309212427,0,0.13636363636363635,0.13636363636363635,Korean,11,윤수빈,Arabic,0
LSTM,23,2.881330728530884,2.877431278643401,0,0.13043478260869565,0.13043478260869565,Irish,8,Brendan Murphy,German,6
LSTM,24,2.909287214279175,2.8787586092948914,0,0.125,0.125,Russian,14,Роман Васильев,Arabic,0
LSTM,25,2.8984055519104004,2.879544486999512,0,0.12,0.12,Dutch,3,Finn van Dijk,German,6
LSTM,26,2.8811960220336914,2.8796080075777493,0,0.11538461538461539,0.11538461538461539,Czech,2,Petr Veselý,Arabic,0
LSTM,27,2.8691818714141846,2.8792218543865062,0,0.1111111111111111,0.1111111111111111,Italian,9,Alessandro Marino,German,6
LSTM,28,2.968186616897583,2.8823991673333302,0,0.10714285714285714,0.10714285714285714,Korean,11,윤상현,Arabic,0
LSTM,29,2.78342342376709,2.8789862106586326,1,0.13793103448275862,0.13793103448275862,German,6,Hans Hoffmann,German,6
LSTM,30,2.8670918941497803,2.878589733441671,0,0.13333333333333333,0.13333333333333333,Czech,2,Marek Novák,Arabic,0
LSTM,31,2.9326157569885254,2.8803325083947953,0,0.12903225806451613,0.12903225806451613,Greek,7,Ελένη Σταυρίδης,Arabic,0
LSTM,32,2.8656797409057617,2.879874609410763,0,0.125,0.125,Italian,9,Alessandro Russo,Arabic,0
LSTM,33,2.927426338195801,2.881315570889097,0,0.12121212121212122,0.12121212121212122,Greek,7,Αλέξανδρος Παπαδάκης,Arabic,0
LSTM,34,2.957993984222412,2.8835708183400772,0,0.11764705882352941,0.11764705882352941,Polish,12,Wojciech Wójcik,German,6
LSTM,35,2.912292003631592,2.8843914236341206,0,0.11428571428571428,0.11428571428571428,Russian,14,Андрей Михайлов,German,6
LSTM,36,2.9649319648742676,2.886628660890791,0,0.1111111111111111,0.1111111111111111,Korean,11,박지훈,Arabic,0
LSTM,37,2.9410154819488525,2.8880985749734416,0,0.10810810810810811,0.10810810810810811,Korean,11,정서준,Arabic,0
LSTM,38,2.805025339126587,2.885912437187998,1,0.13157894736842105,0.13157894736842105,German,6,Matthias Schulz,German,6
LSTM,39,2.8568344116210938,2.8851668467888465,0,0.1282051282051282,0.1282051282051282,Irish,8,Aoife O'Connor,German,6
LSTM,40,2.872288465499878,2.884844887256622,0,0.125,0.125,Czech,2,Daniel Veselý,Arabic,0
LSTM,41,2.890735387802124,2.8849885580016346,0,0.12195121951219512,0.12195121951219512,French,5,Noël Durand,German,6
LSTM,42,2.927060604095459,2.885990273384821,0,0.11904761904761904,0.11904761904761904,Greek,7,Δημήτριος Γεωργίου,German,6
LSTM,43,2.9034042358398438,2.8863952492558678,0,0.11627906976744186,0.11627906976744186,Russian,14,Роман Кузнецов,German,6
LSTM,44,2.8516640663146973,2.885605904189023,0,0.11363636363636363,0.11363636363636363,Irish,8,Conor O'Connor,German,6
LSTM,45,2.957670211791992,2.887207333246867,0,0.1111111111111111,0.1111111111111111,Vietnamese,17,Lê Phong,German,6
LSTM,46,2.810666561126709,2.885543403418168,0,0.10869565217391304,0.10869565217391304,Japanese,10,加藤悠斗,Arabic,0
LSTM,47,2.9663937091827393,2.8872636226897543,0,0.10638297872340426,0.10638297872340426,Chinese,1,张霞,Arabic,0
LSTM,48,2.9530575275421143,2.8886343290408454,0,0.10416666666666667,0.10416666666666667,Chinese,1,陈伟,Arabic,0
LSTM,49,2.9560940265655518,2.8900110575617575,0,0.10204081632653061,0.10204081632653061,Polish,12,Jakub Wójcik,German,6
LSTM,50,2.8610119819641113,2.8894310760498048,0,0.1,0.1,Czech,2,Filip Novotný,German,6
LSTM,51,2.8169610500335693,2.887721953392029,0,0.09803921568627451,0.1,Japanese,10,高橋誠,Arabic,0
LSTM,52,2.8720552921295166,2.8874896717071534,0,0.09615384615384616,0.1,Scottish,15,Angus Murray,German,6
LSTM,53,2.896955966949463,2.886683235168457,0,0.09433962264150944,0.1,Russian,14,Павел Петров,German,6
LSTM,54,2.8614468574523926,2.885889730453491,0,0.09259259259259259,0.1,Irish,8,Michael Kelly,German,6
LSTM,55,2.920675277709961,2.885173592567444,0,0.09090909090909091,0.1,Greek,7,Μιχάλης Σταυρίδης,German,6
LSTM,56,2.9558603763580322,2.8878057765960694,0,0.08928571428571429,0.1,Vietnamese,17,Phan Quân,German,6
LSTM,57,2.8715386390686035,2.8888505411148073,0,0.08771929824561403,0.1,Irish,8,Brendan Kennedy,German,6
LSTM,58,2.8405003547668457,2.8896070384979247,0,0.08620689655172414,0.1,Portuguese,13,Luís Martins,German,6
LSTM,59,2.9532008171081543,2.890090084075928,0,0.0847457627118644,0.1,Polish,12,Grzegorz Kowalczyk,German,6
LSTM,60,2.916954278945923,2.8923061752319335,0,0.08333333333333333,0.08,Greek,7,Ευάγγελος Παπαδάκης,German,6
LSTM,61,2.9386115074157715,2.8952795696258544,0,0.08196721311475409,0.06,Spanish,16,Fernando Sánchez,German,6
LSTM,62,2.8694519996643066,2.8935892963409424,0,0.08064516129032258,0.06,Czech,2,Adam Němec,German,6
LSTM,63,2.9573845863342285,2.8939837646484374,0,0.07936507936507936,0.06,Chinese,1,李军,German,6
LSTM,64,2.969984769821167,2.8955487251281737,0,0.078125,0.06,English,4,James Taylor,German,6
LSTM,65,2.8878884315490723,2.8956476068496704,0,0.07692307692307693,0.06,French,5,Mathieu d'Aubigné,German,6
LSTM,66,2.836735486984253,2.895728416442871,0,0.07575757575757576,0.06,Portuguese,13,Diogo Martins,German,6
LSTM,67,2.861053466796875,2.8954490566253663,0,0.07462686567164178,0.06,Czech,2,Břetislav Černý,German,6
LSTM,68,2.951929807662964,2.8987791919708252,0,0.07352941176470588,0.04,Polish,12,Grzegorz Zieliński,German,6
LSTM,69,2.898416757583618,2.9003129625320434,0,0.07246376811594203,0.04,Russian,14,Олег Васильев,German,6
LSTM,70,2.8533599376678467,2.899661464691162,0,0.07142857142857142,0.04,Irish,8,Patrick Gallagher,German,6
LSTM,71,2.83001446723938,2.8981773710250853,0,0.07042253521126761,0.04,Arabic,0,ماجد الشمري,German,6
LSTM,72,2.9047060012817383,2.896753025054932,0,0.06944444444444445,0.04,Dutch,3,Lucas Smit,German,6
LSTM,73,2.954024076461792,2.8982068920135498,0,0.0684931506849315,0.04,Vietnamese,17,Đặng Long,German,6
LSTM,74,2.8643014430999756,2.897307176589966,0,0.06756756756756757,0.04,Irish,8,Brian Kennedy,German,6
LSTM,75,2.830711841583252,2.8959533023834227,0,0.06666666666666667,0.04,Japanese,10,鈴木蓮,Arabic,0
LSTM,76,2.8691155910491943,2.895711693763733,0,0.06578947368421052,0.04,Italian,9,Luca Romano,German,6
LSTM,77,2.886369466781616,2.8960554456710814,0,0.06493506493506493,0.04,French,5,Noël Richard,German,6
LSTM,78,2.8158931732177734,2.8930095767974855,0,0.0641025641025641,0.04,Arabic,0,خالد القحطاني,German,6
LSTM,79,2.8578972816467285,2.8944990539550783,0,0.06329113924050633,0.02,Irish,8,Ronan McCarthy,German,6
LSTM,80,2.8847126960754395,2.894851469993591,0,0.0625,0.02,French,5,Hugo Durand,German,6
LSTM,81,2.9013240337371826,2.8942256355285645,0,0.06172839506172839,0.02,Dutch,3,Jan Smit,German,6
LSTM,82,2.8682446479797363,2.894276933670044,0,0.06097560975609756,0.02,Italian,9,Carlo Marino,German,6
LSTM,83,2.9418468475341797,2.8945653438568115,0,0.060240963855421686,0.02,Spanish,16,Pablo Pérez,German,6
LSTM,84,2.8115811347961426,2.891637086868286,1,0.07142857142857142,0.04,German,6,Hannah Schmidt,German,6
LSTM,85,2.972395420074463,2.8928391551971435,0,0.07058823529411765,0.04,Korean,11,임지민,German,6
LSTM,86,2.8795955181121826,2.891132426261902,0,0.06976744186046512,0.04,French,5,Jean-Luc Durand,German,6
LSTM,87,2.9336917400360107,2.890985951423645,0,0.06896551724137931,0.04,Spanish,16,Alejandro García,German,6
LSTM,88,2.8280446529388428,2.89144633769989,0,0.06818181818181818,0.02,Japanese,10,山本裕子,German,6
LSTM,89,2.8245842456817627,2.8908013343811034,0,0.06741573033707865,0.02,Arabic,0,إبراهيم الخطيب,German,6
LSTM,90,2.94154691696167,2.8921865034103393,0,0.06666666666666667,0.02,Korean,11,최예은,Arabic,0
LSTM,91,2.9209048748016357,2.8927898931503297,0,0.06593406593406594,0.02,Greek,7,Στέφανος Παπαδόπουλος,Arabic,0
LSTM,92,2.9186277389526367,2.892621235847473,0,0.06521739130434782,0.02,Greek,7,Αλέξανδρος Βασιλείου,German,6
LSTM,93,2.8554563522338867,2.891662278175354,0,0.06451612903225806,0.02,Czech,2,Petr Svoboda,German,6
LSTM,94,2.8627562522888184,2.8918841218948366,0,0.06382978723404255,0.02,Scottish,15,Stuart MacDonald,German,6
LSTM,95,2.9540700912475586,2.891812119483948,0,0.06315789473684211,0.02,Vietnamese,17,Đặng Phong,German,6
LSTM,96,2.9872679710388184,2.8953441476821897,0,0.0625,0.02,English,4,Matthew Johnson,German,6
LSTM,97,2.876481771469116,2.8935459089279174,0,0.061855670103092786,0.02,Scottish,15,Alasdair Graham,German,6
LSTM,98,2.8581621646881104,2.8916480016708372,0,0.061224489795918366,0.02,French,5,Gabriel Petit,German,6
LSTM,99,2.9339184761047363,2.891204490661621,0,0.06060606060606061,0.02,Spanish,16,Pablo Pérez,German,6
LSTM,100,2.8456265926361084,2.890896782875061,0,0.06,0.02,Portuguese,13,André Ferreira,German,6
LSTM,101,2.9466938972473145,2.893491439819336,0,0.0594059405940594,0.02,Vietnamese,17,Đặng Minh,German,6
LSTM,102,2.7923896312713623,2.891898126602173,1,0.06862745098039216,0.04,German,6,Klaus Hoffmann,German,6
LSTM,103,2.86584210395813,2.891275849342346,0,0.06796116504854369,0.04,Italian,9,Antonio Romano,German,6
LSTM,104,2.9420955181121826,2.892888822555542,0,0.0673076923076923,0.04,Korean,11,강예준,Arabic,0
LSTM,105,2.929253101348877,2.8930603790283205,0,0.06666666666666667,0.04,Spanish,16,Pablo Martínez,German,6
LSTM,106,2.9099154472351074,2.892141480445862,0,0.0660377358490566,0.04,Dutch,3,Hendrik van den Berg,German,6
LSTM,107,2.9122774600982666,2.892956256866455,0,0.06542056074766354,0.04,Greek,7,Μαρία Παπαδόπουλος,German,6
LSTM,108,2.825029134750366,2.8926468324661254,0,0.06481481481481481,0.04,Japanese,10,佐藤裕子,German,6
LSTM,109,2.9453272819519043,2.8924893617630003,0,0.06422018348623854,0.04,Vietnamese,17,Lê Thành,German,6
LSTM,110,2.9066052436828613,2.8922823810577394,0,0.06363636363636363,0.04,Greek,7,Δημήτριος Παπαδόπουλος,Japanese,10
LSTM,111,2.8678770065307617,2.890867691040039,0,0.06306306306306306,0.04,Czech,2,Petr Němec,German,6
LSTM,112,2.9686975479125977,2.892852602005005,0,0.0625,0.04,Chinese,1,张霞,Japanese,10
LSTM,113,2.8508460521698,2.8907218313217165,0,0.061946902654867256,0.04,Czech,2,Jiří Novák,Arabic,0
LSTM,114,2.8149068355560303,2.8876202726364135,0,0.06140350877192982,0.04,Japanese,10,佐藤健一,Arabic,0
LSTM,115,2.9260823726654053,2.88838415145874,0,0.06086956521739131,0.04,Spanish,16,Alejandro Rodríguez,Japanese,10
LSTM,116,2.838670015335083,2.888422842025757,0,0.0603448275862069,0.04,Irish,8,Brendan O'Connor,German,6
LSTM,117,2.8723769187927246,2.8886493110656737,0,0.05982905982905983,0.04,Scottish,15,Ross MacKenzie,German,6
LSTM,118,2.9394009113311768,2.888398733139038,0,0.059322033898305086,0.04,Vietnamese,17,Trần Minh,German,6
LSTM,119,2.8601460456848145,2.887633318901062,0,0.058823529411764705,0.04,Scottish,15,Callum Campbell,Arabic,0
LSTM,120,2.864224672317505,2.8878506135940554,0,0.058333333333333334,0.04,Scottish,15,Ewan Murray,German,6
LSTM,121,2.8129425048828125,2.8875091743469237,1,0.06611570247933884,0.06,German,6,Jürgen Schmidt,German,6
LSTM,122,2.9023478031158447,2.887462010383606,0,0.06557377049180328,0.06,Dutch,3,Daan Smit,German,6
LSTM,123,2.845668077468872,2.8852948904037476,0,0.06504065040650407,0.06,Portuguese,13,Francisco Oliveira,German,6
LSTM,124,2.828852653503418,2.8845859146118165,0,0.06451612903225806,0.06,Portuguese,13,Pedro Costa,German,6
LSTM,125,2.913665533065796,2.8862449884414674,0,0.064,0.06,Russian,14,Виктор Новиков,German,6
LSTM,126,2.966024160385132,2.888183159828186,0,0.06349206349206349,0.06,Chinese,1,吴杰,Japanese,10
LSTM,127,2.8926618099212646,2.888309006690979,0,0.06299212598425197,0.06,Dutch,3,Sem de Jong,German,6
LSTM,128,2.9601616859436035,2.8911943769454957,0,0.0625,0.06,Polish,12,Michał Woźniak,German,6
LSTM,129,2.8298661708831787,2.8906337547302248,0,0.06201550387596899,0.06,Japanese,10,鈴木愛,Arabic,0
LSTM,130,2.910785436630249,2.8911552095413207,0,0.06153846153846154,0.06,Greek,7,Ανδρέας Γεωργίου,German,6
LSTM,131,2.7980034351348877,2.8890887975692747,1,0.06870229007633588,0.08,German,6,Felix Wagner,German,6
LSTM,132,2.905273199081421,2.889829368591309,0,0.06818181818181818,0.08,Russian,14,Олег Петров,German,6
LSTM,133,2.837590217590332,2.8877442359924315,0,0.06766917293233082,0.08,Portuguese,13,Miguel Ferreira,German,6
LSTM,134,2.8534138202667236,2.8885808897018435,0,0.06716417910447761,0.06,Irish,8,Saoirse Doyle,German,6
LSTM,135,2.9016311168670654,2.8871656036376954,0,0.06666666666666667,0.06,Greek,7,Σοφία Παπαδόπουλος,Japanese,10
LSTM,136,2.907480001449585,2.887723293304443,0,0.0661764705882353,0.06,Russian,14,Александр Соколов,German,6
LSTM,137,2.8889758586883545,2.8868289756774903,0,0.06569343065693431,0.06,Dutch,3,Joris de Jong,German,6
LSTM,138,2.941973924636841,2.8891075611114503,0,0.06521739130434782,0.06,Vietnamese,17,Nguyễn Dũng,German,6
LSTM,139,2.864014148712158,2.889896159172058,0,0.06474820143884892,0.06,Czech,2,David Němec,German,6
LSTM,140,2.9009037017822266,2.889083294868469,0,0.06428571428571428,0.06,Greek,7,Ιωάννης Γεωργίου,German,6
LSTM,141,2.833712577819824,2.887339448928833,0,0.06382978723404255,0.06,Portuguese,13,Carlos Rodrigues,German,6
LSTM,142,2.860814094543457,2.8861831760406496,0,0.06338028169014084,0.06,Scottish,15,Ross MacKenzie,German,6
LSTM,143,2.9582979679107666,2.888240008354187,0,0.06293706293706294,0.06,Polish,12,Kamil Nowak,German,6
LSTM,144,2.869746208190918,2.888379807472229,0,0.0625,0.06,French,5,Pierre Robert,German,6
LSTM,145,2.8336803913116455,2.885972013473511,0,0.06206896551724138,0.06,Arabic,0,مصطفى الغامدي,German,6
LSTM,146,2.8511133193969727,2.883248920440674,0,0.06164383561643835,0.06,Irish,8,Brian Doyle,German,6
LSTM,147,2.8753974437713623,2.8832272338867186,0,0.061224489795918366,0.06,Italian,9,Gabriele Romano,Portuguese,13
LSTM,148,2.938591241836548,2.8848358154296876,0,0.060810810810810814,0.06,Vietnamese,17,Võ Khang,German,6
LSTM,149,2.849802017211914,2.883153486251831,0,0.06040268456375839,0.06,Scottish,15,Isla MacLeod,German,6
LSTM,150,2.8016903400421143,2.8822747611999513,1,0.06666666666666667,0.08,German,6,Maximilian Fischer,German,6
LSTM,151,2.795335054397583,2.8792475843429566,1,0.0728476821192053,0.1,German,6,Friedrich Müller,German,6
LSTM,152,2.9377381801605225,2.88215455532074,0,0.07236842105263158,0.08,Vietnamese,17,Nguyễn Ngọc,German,6
LSTM,153,2.8053834438323975,2.880945382118225,1,0.0784313725490196,0.1,Japanese,10,佐藤誠,Japanese,10
LSTM,154,2.9565696716308594,2.8812348651885986,0,0.07792207792207792,0.1,Chinese,1,赵洋,Japanese,10
LSTM,155,2.8491432666778564,2.8796326684951783,0,0.07741935483870968,0.1,Scottish,15,Hamish Fraser,German,6
LSTM,156,2.934007167816162,2.880114502906799,0,0.07692307692307693,0.1,Spanish,16,Alejandro González,German,6
LSTM,157,2.9597325325012207,2.8810636043548583,0,0.07643312101910828,0.1,Chinese,1,黄勇,German,6
LSTM,158,2.8546500205993652,2.8816560220718386,0,0.0759493670886076,0.1,Czech,2,Ondřej Novotný,German,6
LSTM,159,2.855929136276245,2.879868059158325,0,0.07547169811320754,0.1,Czech,2,David Veselý,German,6
LSTM,160,2.844614267349243,2.8786282396316527,0,0.075,0.1,Czech,2,David Horák,German,6
LSTM,161,2.9016611576080322,2.8793039226531985,0,0.07453416149068323,0.1,Greek,7,Νικόλαος Αθανασίου,German,6
LSTM,162,2.9129977226257324,2.878189926147461,0,0.07407407407407407,0.1,Dutch,3,Dirk Visser,German,6
LSTM,163,2.895089626312256,2.87907479763031,0,0.0736196319018405,0.1,Greek,7,Βασίλειος Βασιλείου,German,6
LSTM,164,2.949796199798584,2.881772584915161,0,0.07317073170731707,0.1,Chinese,1,赵霞,Japanese,10
LSTM,165,2.841148614883423,2.8800739097595214,0,0.07272727272727272,0.1,Czech,2,Ondřej Procházka,German,6
LSTM,166,2.9332940578460693,2.8819663906097412,0,0.07228915662650602,0.1,Spanish,16,Alejandro López,German,6
LSTM,167,2.8476860523223877,2.8814725732803343,0,0.0718562874251497,0.1,Irish,8,Ciarán O'Brien,German,6
LSTM,168,2.8231699466705322,2.8791479539871214,0,0.07142857142857142,0.1,Japanese,10,田中花子,German,6
LSTM,169,2.8464853763580322,2.878874740600586,0,0.07100591715976332,0.1,Irish,8,Patrick Doyle,German,6
LSTM,170,2.9944632053375244,2.881479511260986,0,0.07058823529411765,0.1,English,4,Daniel Taylor,German,6
LSTM,171,2.877711296081543,2.882774887084961,0,0.07017543859649122,0.08,Italian,9,Stefano Romano,German,6
LSTM,172,2.8065123558044434,2.880858178138733,1,0.0755813953488372,0.1,Japanese,10,加藤大輔,Japanese,10
LSTM,173,2.8325536251068115,2.8805958890914916,0,0.07514450867052024,0.1,Czech,2,Pavel Novák,German,6
LSTM,174,2.914433002471924,2.8823074960708617,0,0.07471264367816093,0.1,Russian,14,Юрий Соколов,German,6
LSTM,175,2.888697862625122,2.8818081426620483,0,0.07428571428571429,0.1,Dutch,3,Anne de Jong,German,6
LSTM,176,2.933722734451294,2.8811621141433714,0,0.07386363636363637,0.1,Vietnamese,17,Lê Nam,Japanese,10
LSTM,177,2.927610158920288,2.8818610811233523,0,0.07344632768361582,0.1,Spanish,16,Francisco Rodríguez,Japanese,10
LSTM,178,2.991175889968872,2.8824813652038572,0,0.07303370786516854,0.1,English,4,Charles Jones,German,6
LSTM,179,2.828092575073242,2.8824458932876587,0,0.07262569832402235,0.1,Czech,2,Pavel Dvořák,German,6
LSTM,180,2.9688234329223633,2.883606653213501,0,0.07222222222222222,0.1,Korean,11,최예준,Japanese,10
LSTM,181,2.892307996749878,2.8854927444458007,0,0.0718232044198895,0.08,French,5,Lucien Richard,German,6
LSTM,182,2.928779125213623,2.885962862968445,0,0.07142857142857142,0.08,Vietnamese,17,Đặng Anh,German,6
LSTM,183,2.888254404067993,2.886976146697998,0,0.07103825136612021,0.08,Italian,9,Riccardo Ricci,German,6
LSTM,184,2.920574903488159,2.888319368362427,0,0.07065217391304347,0.08,Spanish,16,Carlos García,German,6
LSTM,185,2.9243581295013428,2.8887739086151125,0,0.07027027027027027,0.08,Vietnamese,17,Phạm Phong,German,6
LSTM,186,2.8921635150909424,2.8884675788879393,0,0.06989247311827956,0.08,Dutch,3,Lucas Jansen,German,6
LSTM,187,2.8459672927856445,2.8876074075698854,0,0.06951871657754011,0.08,Irish,8,Eoin Kelly,German,6
LSTM,188,2.9020559787750244,2.886809048652649,0,0.06914893617021277,0.08,Dutch,3,Thomas Meijer,German,6
LSTM,189,2.9258370399475098,2.888045506477356,0,0.06878306878306878,0.08,Vietnamese,17,Trần Tuấn,German,6
LSTM,190,2.8426713943481445,2.886880860328674,0,0.06842105263157895,0.08,Irish,8,Ciarán Walsh,German,6
LSTM,191,2.794595241546631,2.8860985136032102,1,0.07329842931937172,0.1,German,6,Wolfgang Hoffmann,German,6
LSTM,192,2.812192678451538,2.8851260852813723,1,0.078125,0.12,Japanese,10,高橋大輔,Japanese,10
LSTM,193,2.8487632274627686,2.882935390472412,0,0.07772020725388601,0.12,Irish,8,Eoin McCarthy,German,6
LSTM,194,2.854780435562134,2.8826360750198363,0,0.07731958762886598,0.12,Scottish,15,Ewan Campbell,Irish,8
LSTM,195,2.9604086875915527,2.8851706409454345,0,0.07692307692307693,0.12,Chinese,1,李敏,German,6
LSTM,196,2.846741199493408,2.8850831985473633,0,0.07653061224489796,0.12,Portuguese,13,Francisco Pereira,German,6
LSTM,197,2.952867269515991,2.886632595062256,0,0.07614213197969544,0.12,Chinese,1,王伟,Japanese,10
LSTM,198,2.8157899379730225,2.8841765689849854,0,0.07575757575757576,0.12,Japanese,10,加藤彩,German,6
LSTM,199,2.991150379180908,2.8870035362243653,0,0.07537688442211055,0.12,English,4,Michael Taylor,Japanese,10
LSTM,200,2.826869010925293,2.8875071096420286,0,0.075,0.1,Irish,8,Patrick O'Brien,German,6
LSTM,201,2.9170114994049072,2.8899406385421753,0,0.07462686567164178,0.08,Russian,14,Алексей Соколов,German,6
LSTM,202,2.840686798095703,2.887999610900879,0,0.07425742574257425,0.08,Portuguese,13,Manuel Martins,German,6
LSTM,203,2.8568480014801025,2.889028902053833,0,0.07389162561576355,0.06,Arabic,0,إبراهيم الخطيب,German,6
LSTM,204,2.834094285964966,2.886579394340515,0,0.07352941176470588,0.06,Czech,2,Matěj Horák,Japanese,10
LSTM,205,2.9893908500671387,2.889384346008301,0,0.07317073170731707,0.06,English,4,J.R. Davis,German,6
LSTM,206,2.938547134399414,2.889475145339966,0,0.07281553398058252,0.06,Chinese,1,陈涛,Japanese,10
LSTM,207,2.919806957244873,2.888676633834839,0,0.07246376811594203,0.06,Vietnamese,17,Trần Quân,German,6
LSTM,208,2.8247551918029785,2.888078737258911,0,0.07211538461538461,0.06,Portuguese,13,Diogo Santos,Japanese,10
LSTM,209,2.9401581287384033,2.8897633171081543,0,0.07177033492822966,0.06,Chinese,1,刘霞,Japanese,10
LSTM,210,2.9598522186279297,2.892068076133728,0,0.07142857142857142,0.06,Korean,11,김서준,Japanese,10
LSTM,211,2.9606003761291504,2.8932468605041506,0,0.07109004739336493,0.06,Korean,11,박지호,German,6
LSTM,212,2.9071648120880127,2.893130202293396,0,0.07075471698113207,0.06,Greek,7,Μιχάλης Αλεξίου,German,6
LSTM,213,2.890597105026245,2.893040351867676,0,0.07042253521126761,0.06,Dutch,3,Thomas van Dijk,German,6
LSTM,214,2.927109479904175,2.8925866174697874,0,0.07009345794392523,0.06,Vietnamese,17,Huỳnh Đức,Japanese,10
LSTM,215,2.99111270904541,2.8955858993530272,0,0.06976744186046512,0.06,English,4,James Brown,German,6
LSTM,216,2.905285596847534,2.8950257301330566,0,0.06944444444444445,0.06,French,5,Étienne Thomas,Japanese,10
LSTM,217,2.822237491607666,2.8945167589187624,0,0.06912442396313365,0.06,Portuguese,13,Miguel Silva,Japanese,10
LSTM,218,2.90552020072937,2.896163763999939,0,0.06880733944954129,0.06,French,5,Georges L'Hôpital,Irish,8
LSTM,219,2.8225700855255127,2.8956854581832885,0,0.0684931506849315,0.06,Japanese,10,渡辺裕子,German,6
LSTM,220,2.9017739295959473,2.893831672668457,0,0.06818181818181818,0.06,Greek,7,Βασίλειος Δημητρίου,German,6
LSTM,221,2.8865785598754883,2.894009017944336,0,0.06787330316742081,0.06,French,5,J.-P. d'Aubigné,German,6
LSTM,222,2.8868894577026367,2.8956165599822996,0,0.06756756756756757,0.04,Dutch,3,Sophie van Dijk,Japanese,10
LSTM,223,2.9416143894195557,2.897797775268555,0,0.06726457399103139,0.04,Chinese,1,黄伟,Japanese,10
LSTM,224,2.896242380142212,2.8974339628219603,0,0.06696428571428571,0.04,Greek,7,Θεόδωρος Γεωργίου,German,6
LSTM,225,2.914839744567871,2.8979568004608156,0,0.06666666666666667,0.04,Russian,14,Евгений Кузнецов,German,6
LSTM,226,2.889936923980713,2.8970810842514036,0,0.06637168141592921,0.04,Italian,9,Vincenzo Ferrari,German,6
LSTM,227,2.887007236480713,2.8962690258026123,0,0.06607929515418502,0.04,Greek,7,Παναγιώτης Παπαδόπουλος,Japanese,10
LSTM,228,2.8143229484558105,2.892731966972351,0,0.06578947368421052,0.04,German,6,Klaus Meyer,Japanese,10
LSTM,229,2.818138837814331,2.8925328922271727,0,0.06550218340611354,0.04,Japanese,10,田中陽子,German,6
LSTM,230,2.8457000255584717,2.890070424079895,0,0.06521739130434782,0.04,Czech,2,Štěpán Němec,Japanese,10
LSTM,231,2.8289742469787598,2.8888037490844725,0,0.06493506493506493,0.04,Irish,8,Eoin O'Sullivan,German,6
LSTM,232,2.93319034576416,2.8888919734954834,0,0.06465517241379311,0.04,Spanish,16,Carlos Martínez,Japanese,10
LSTM,233,2.9264767169952393,2.8896564197540284,0,0.06437768240343347,0.04,Vietnamese,17,Hoàng Đức,Japanese,10
LSTM,234,2.861907720565796,2.888483076095581,0,0.0641025641025641,0.04,Arabic,0,عبدالله الخطيب,Japanese,10
LSTM,235,2.8264596462249756,2.886525106430054,0,0.06382978723404255,0.04,Irish,8,Declan O'Brien,German,6
LSTM,236,2.8352742195129395,2.8853873205184937,0,0.0635593220338983,0.04,Irish,8,Eoin Murphy,German,6
LSTM,237,2.9001848697662354,2.8864716720581054,0,0.06329113924050633,0.04,Dutch,3,Joris Visser,Japanese,10
LSTM,238,2.8348233699798584,2.8851270198822023,0,0.06302521008403361,0.04,Portuguese,13,Jorge Oliveira,German,6
LSTM,239,2.818446397781372,2.8829792070388796,0,0.06276150627615062,0.04,Japanese,10,渡辺陽子,Irish,8
LSTM,240,2.9280712604522705,2.884687204360962,0,0.0625,0.04,Spanish,16,Jorge Fernández,Japanese,10
LSTM,241,2.9914889335632324,2.888625078201294,0,0.06224066390041494,0.02,Polish,12,Marcin Zieliński,German,6
LSTM,242,2.8112831115722656,2.8886068868637085,0,0.06198347107438017,0.0,German,6,Dieter Fischer,Japanese,10
LSTM,243,2.958794116973877,2.8908075046539308,0,0.06172839506172839,0.0,Chinese,1,周芳,Japanese,10
LSTM,244,2.818481683731079,2.8900815296173095,0,0.06147540983606557,0.0,Portuguese,13,João Silva,Japanese,10
LSTM,245,2.921635150909424,2.889306058883667,0,0.061224489795918366,0.0,Spanish,16,Rafael Sánchez,Japanese,10
LSTM,246,2.804027557373047,2.88845178604126,0,0.06097560975609756,0.0,German,6,Johannes Weber,Japanese,10
LSTM,247,2.8131496906280518,2.885657434463501,0,0.06072874493927125,0.0,Portuguese,13,Filipe Silva,Japanese,10
LSTM,248,2.806852102279663,2.8854786777496337,0,0.06048387096774194,0.0,Japanese,10,中村さくら,Portuguese,13
LSTM,249,2.8163862228393555,2.881983394622803,0,0.060240963855421686,0.0,Japanese,10,小林美咲,German,6
LSTM,250,2.898310899734497,2.883412232398987,0,0.06,0.0,Dutch,3,Johan Meijer,Japanese,10
LSTM,251,2.892301559448242,2.8829180335998537,0,0.05976095617529881,0.0,Italian,9,Giovanni Colombo,Portuguese,13
LSTM,252,2.884430408477783,2.883792905807495,0,0.05952380952380952,0.0,Italian,9,Lorenzo Marino,Japanese,10
LSTM,253,2.8198165893554688,2.8830522775650023,0,0.05928853754940711,0.0,Portuguese,13,Manuel Oliveira,Japanese,10
LSTM,254,2.99003529548645,2.8861710977554322,0,0.05905511811023622,0.0,Polish,12,Zbigniew Szymański,German,6
LSTM,255,2.8870365619659424,2.8841240119934084,0,0.058823529411764705,0.0,Italian,9,Andrea Ricci,German,6
LSTM,256,2.9851040840148926,2.8850551509857176,0,0.05859375,0.0,English,4,Charles Williams,Japanese,10
LSTM,257,2.811840534210205,2.8828958225250245,0,0.058365758754863814,0.0,Portuguese,13,Francisco Jesus,Japanese,10
LSTM,258,2.983915328979492,2.886079025268555,0,0.05813953488372093,0.0,Polish,12,Adam Szymański,German,6
LSTM,259,2.900607109069824,2.885288004875183,0,0.05791505791505792,0.0,French,5,Pierre Dubois,Japanese,10
LSTM,260,2.8690285682678223,2.883471531867981,0,0.057692307692307696,0.0,Italian,9,Carlo Romano,Portuguese,13
LSTM,261,2.9168882369995117,2.882597289085388,0,0.05747126436781609,0.0,Vietnamese,17,Nguyễn Anh,German,6
LSTM,262,2.8649001121520996,2.88175199508667,0,0.05725190839694656,0.0,Italian,9,Matteo Esposito,Portuguese,13
LSTM,263,2.807497024536133,2.880089993476868,0,0.057034220532319393,0.0,German,6,Christian Meyer,Japanese,10
LSTM,264,2.8012216091156006,2.8775722360610962,0,0.056818181818181816,0.0,Japanese,10,渡辺さくら,Portuguese,13
LSTM,265,2.921894073486328,2.8761878633499145,0,0.05660377358490566,0.0,Russian,14,Михаил Попов,Portuguese,13
LSTM,266,2.7971980571746826,2.8740261125564577,0,0.05639097744360902,0.0,German,6,Christian Wagner,Japanese,10
LSTM,267,2.89029598236084,2.875387282371521,0,0.056179775280898875,0.0,Scottish,15,Hamish Robertson,German,6
LSTM,268,2.8907370567321777,2.875091619491577,0,0.055970149253731345,0.0,French,5,Georges d'Aubigné,German,6
LSTM,269,2.8415029048919678,2.8754702758789064,0,0.055762081784386616,0.0,Czech,2,David Dvořák,Japanese,10
LSTM,270,2.9200894832611084,2.8758365869522096,0,0.05555555555555555,0.0,Spanish,16,Jorge Gómez,Japanese,10
LSTM,271,2.8007423877716064,2.8741198635101317,1,0.05904059040590406,0.02,Japanese,10,鈴木直子,Japanese,10
LSTM,272,2.90230131149292,2.8744281005859373,0,0.058823529411764705,0.02,Greek,7,Σπυρίδων Αλεξίου,German,6
LSTM,273,2.8664064407348633,2.872923941612244,0,0.05860805860805861,0.02,Italian,9,Stefano Ferrari,German,6
LSTM,274,2.807593584060669,2.871150965690613,0,0.058394160583941604,0.02,German,6,Felix Schmidt,Japanese,10
LSTM,275,2.859556198120117,2.870045294761658,0,0.05818181818181818,0.02,Arabic,0,طارق الحداد,Japanese,10
LSTM,276,2.8953425884246826,2.870153408050537,0,0.057971014492753624,0.02,Greek,7,Δημήτριος Κωνσταντίνου,German,6
LSTM,277,2.8431529998779297,2.8692763233184815,0,0.05776173285198556,0.02,Czech,2,Matěj Procházka,Japanese,10
LSTM,278,2.813675880432129,2.869263381958008,0,0.05755395683453238,0.02,Portuguese,13,José Jesus,Japanese,10
LSTM,279,2.783024311065674,2.8685610914230346,1,0.06093189964157706,0.04,German,6,Wolfgang Hoffmann,German,6
LSTM,280,2.9820008277893066,2.8712871074676514,0,0.060714285714285714,0.04,Polish,12,Michał Lewandowski,German,6
LSTM,281,2.9739131927490234,2.8741858863830565,0,0.060498220640569395,0.04,Polish,12,Andrzej Wójcik,German,6
LSTM,282,2.9928836822509766,2.875379753112793,0,0.06028368794326241,0.04,English,4,Joseph Taylor,Japanese,10
LSTM,283,2.855342388153076,2.8739570665359495,0,0.06007067137809187,0.04,Arabic,0,كريم القحطاني,Japanese,10
LSTM,284,2.9040162563323975,2.8747992372512816,0,0.05985915492957746,0.04,Dutch,3,Lotte Meijer,German,6
LSTM,285,2.8139543533325195,2.8745491313934326,0,0.05964912280701754,0.04,Portuguese,13,Bruno Ferreira,German,6
LSTM,286,2.8907041549682617,2.8756577301025392,0,0.05944055944055944,0.04,French,5,Jean-Luc d'Aubigné,German,6
LSTM,287,2.9252066612243652,2.8761581659317015,0,0.059233449477351915,0.04,Spanish,16,Sergio Martínez,German,6
LSTM,288,2.951622247695923,2.878494143486023,0,0.059027777777777776,0.04,Chinese,1,赵娜,Portuguese,13
LSTM,289,2.891880750656128,2.879962830543518,0,0.058823529411764705,0.04,Greek,7,Θεόδωρος Παπαδάκης,Japanese,10
LSTM,290,2.922006368637085,2.879841532707214,0,0.05862068965517241,0.04,Russian,14,Николай Петров,German,6
LSTM,291,2.9237773418426514,2.878487300872803,0,0.058419243986254296,0.04,Russian,14,Иван Михайлов,Portuguese,13
LSTM,292,2.918978214263916,2.8806412029266357,0,0.05821917808219178,0.04,Spanish,16,Daniel Pérez,Japanese,10
LSTM,293,2.798459768295288,2.877434515953064,1,0.06143344709897611,0.06,Japanese,10,加藤京子,Japanese,10
LSTM,294,2.916917085647583,2.8794032239913943,0,0.061224489795918366,0.06,Russian,14,Павел Соколов,German,6
LSTM,295,2.913712501525879,2.879244771003723,0,0.061016949152542375,0.06,Spanish,16,Jorge Martínez,Japanese,10
LSTM,296,2.9213860034942627,2.8815919399261474,0,0.060810810810810814,0.06,Vietnamese,17,Huỳnh Nam,Japanese,10
LSTM,297,2.902252197265625,2.883373990058899,0,0.06060606060606061,0.06,French,5,Jules L'Hôpital,Portuguese,13
LSTM,298,2.8933889865875244,2.8851047277450563,0,0.06040268456375839,0.06,Scottish,15,Rory Murray,German,6
LSTM,299,2.85685133934021,2.885914030075073,0,0.06020066889632107,0.06,Irish,8,Ciarán Kennedy,German,6
LSTM,300,2.8922042846679688,2.8857918977737427,0,0.06,0.06,Greek,7,Νικόλαος Αλεξίου,German,6
LSTM,301,2.850635528564453,2.884958577156067,0,0.059800664451827246,0.06,Irish,8,Brian Kennedy,German,6
LSTM,302,2.9075801372528076,2.8854215717315674,0,0.059602649006622516,0.06,Spanish,16,David Sánchez,Japanese,10
LSTM,303,2.884416103363037,2.886713562011719,0,0.0594059405940594,0.06,Greek,7,Μιχάλης Δημητρίου,German,6
LSTM,304,2.9094388484954834,2.8851016330718995,0,0.05921052631578947,0.06,Russian,14,Юрий Иванов,German,6
LSTM,305,2.868082046508789,2.8847225427627565,0,0.05901639344262295,0.06,Italian,9,Alessandro Esposito,Portuguese,13
LSTM,306,2.8247015476226807,2.881514492034912,0,0.058823529411764705,0.06,Irish,8,Declan O'Sullivan,German,6
LSTM,307,2.7995047569274902,2.881267776489258,1,0.06188925081433225,0.08,Japanese,10,山本健一,Japanese,10
LSTM,308,2.843313217163086,2.8784557342529298,0,0.06168831168831169,0.08,Czech,2,Daniel Svoboda,Japanese,10
LSTM,309,2.9892449378967285,2.880228490829468,0,0.061488673139158574,0.08,English,4,J.R. Williams,Japanese,10
LSTM,310,2.980037212371826,2.882448663711548,0,0.06129032258064516,0.08,Polish,12,Stanisław Szymański,German,6
LSTM,311,2.9951367378234863,2.8840136337280273,0,0.06109324758842444,0.08,English,4,James St. John,German,6
LSTM,312,2.798704147338867,2.8826897144317627,0,0.060897435897435896,0.08,German,6,Lukas Müller,Japanese,10
LSTM,313,2.807115316390991,2.88268208026886,0,0.06070287539936102,0.08,Portuguese,13,Carlos Costa,Japanese,10
LSTM,314,2.7956089973449707,2.8825698280334473,1,0.06369426751592357,0.1,Japanese,10,山本健一,Japanese,10
LSTM,315,2.905390977859497,2.8822397661209105,0,0.06349206349206349,0.1,Russian,14,Виктор Попов,Japanese,10
LSTM,316,2.9701714515686035,2.885699234008789,0,0.06329113924050633,0.1,Chinese,1,张杰,Japanese,10
LSTM,317,2.8121044635772705,2.8841354036331177,0,0.06309148264984227,0.1,Portuguese,13,Inês Oliveira,Japanese,10
LSTM,318,2.861506462097168,2.8835507917404173,0,0.06289308176100629,0.1,Arabic,0,ياسر القحطاني,Japanese,10
LSTM,319,2.9733328819274902,2.886187391281128,0,0.06269592476489028,0.1,Polish,12,Andrzej Lewandowski,German,6
LSTM,320,2.859774112701416,2.884981083869934,0,0.0625,0.1,Arabic,0,سعيد الغامدي,Japanese,10
LSTM,321,2.8652570247650146,2.8862713766098023,0,0.06230529595015576,0.08,Italian,9,Marco Greco,Portuguese,13
LSTM,322,2.9684460163116455,2.8875942707061766,0,0.062111801242236024,0.08,Polish,12,Marcin Kamiński,German,6
LSTM,323,2.9238102436065674,2.888742346763611,0,0.06191950464396285,0.08,Vietnamese,17,Đặng Linh,German,6
LSTM,324,2.918696880340576,2.890964412689209,0,0.06172839506172839,0.08,Vietnamese,17,Vũ Nam,Japanese,10
LSTM,325,2.886704683303833,2.8915073823928834,0,0.06153846153846154,0.08,Greek,7,Κωνσταντίνος Κωνσταντίνου,Portuguese,13
LSTM,326,2.8798346519470215,2.89119722366333,0,0.06134969325153374,0.08,Greek,7,Ανδρέας Δημητρίου,German,6
LSTM,327,2.811434745788574,2.890562858581543,0,0.06116207951070336,0.08,Portuguese,13,Carlos Rodrigues,Japanese,10
LSTM,328,2.8560800552368164,2.891410942077637,0,0.06097560975609756,0.08,Arabic,0,مصطفى الغامدي,Japanese,10
LSTM,329,2.8028204441070557,2.8918068647384643,0,0.060790273556231005,0.06,Japanese,10,小林陽子,Portuguese,13
LSTM,330,2.9597513675689697,2.8913618755340575,0,0.06060606060606061,0.06,Polish,12,Paweł Woźniak,Japanese,10
LSTM,331,2.8951539993286133,2.8897866916656496,0,0.06042296072507553,0.06,French,5,J.-P. Richard,Japanese,10
LSTM,332,3.001199245452881,2.8899530029296874,0,0.060240963855421686,0.06,English,4,J.R. Wilson,Portuguese,13
LSTM,333,2.9083216190338135,2.8910125875473023,0,0.06006006006006006,0.06,Vietnamese,17,Nguyễn Hiếu,Japanese,10
LSTM,334,2.9588818550109863,2.892109899520874,0,0.059880239520958084,0.06,Polish,12,Wojciech Zieliński,German,6
LSTM,335,2.8592443466186523,2.8930156993865968,0,0.05970149253731343,0.06,Arabic,0,أحمد الخطيب,Japanese,10
LSTM,336,2.7952053546905518,2.8911057233810427,0,0.05952380952380952,0.06,Portuguese,13,André Santos,Japanese,10
LSTM,337,2.904954433441162,2.8907006788253784,0,0.05934718100890208,0.06,Russian,14,Виктор Сидоров,Portuguese,13
LSTM,338,2.943434953689575,2.8905369329452513,0,0.05917159763313609,0.06,Chinese,1,刘强,Japanese,10
LSTM,339,2.95227313041687,2.891744780540466,0,0.058997050147492625,0.06,Polish,12,Krzysztof Kowalczyk,Portuguese,13
LSTM,340,2.803628444671631,2.889377222061157,0,0.058823529411764705,0.06,German,6,Lukas Meyer,Japanese,10
LSTM,341,2.794297456741333,2.886787624359131,1,0.06158357771260997,0.08,Japanese,10,伊藤翔,Japanese,10
LSTM,342,2.945279836654663,2.887313656806946,0,0.06140350877192982,0.08,Polish,12,Wojciech Wójcik,Japanese,10
LSTM,343,2.8034873008728027,2.8874142074584963,0,0.061224489795918366,0.06,Portuguese,13,Carlos Pereira,Japanese,10
LSTM,344,2.8676843643188477,2.8864295530319213,0,0.061046511627906974,0.06,Czech,2,Jan Kučera,Japanese,10
LSTM,345,2.844297409057617,2.8850412511825563,0,0.06086956521739131,0.06,Arabic,0,طارق القحطاني,Japanese,10
LSTM,346,2.9124410152435303,2.8848623514175413,0,0.06069364161849711,0.06,Vietnamese,17,Nguyễn Minh,German,6
LSTM,347,2.9914517402648926,2.886646342277527,0,0.06051873198847262,0.06,Korean,11,박하은,Japanese,10
LSTM,348,2.856872081756592,2.885916004180908,0,0.0603448275862069,0.06,Czech,2,Václav Němec,Portuguese,13
LSTM,349,2.9528841972351074,2.887836661338806,0,0.06017191977077364,0.06,Chinese,1,周娟,Japanese,10
LSTM,350,2.8459606170654297,2.8869117879867554,0,0.06,0.06,Arabic,0,عمر العتيبي,Japanese,10
LSTM,351,2.7998480796813965,2.8858960390090944,0,0.05982905982905983,0.06,German,6,Dieter Müller,Japanese,10
LSTM,352,2.996128559112549,2.887667007446289,0,0.05965909090909091,0.06,English,4,John Brown,Portuguese,13
LSTM,353,2.9850339889526367,2.889679365158081,0,0.059490084985835696,0.06,English,4,John Davis,Japanese,10
LSTM,354,2.923001766204834,2.8899506235122683,0,0.059322033898305086,0.06,Dutch,3,Johan Visser,Japanese,10
LSTM,355,2.7954952716827393,2.888498888015747,0,0.059154929577464786,0.06,German,6,Hannah Meyer,Japanese,10
LSTM,356,2.85813045501709,2.8891674661636353,0,0.05898876404494382,0.06,Irish,8,Brian Kennedy,German,6
LSTM,357,3.0207719802856445,2.8935928106307984,0,0.058823529411764705,0.04,Korean,11,박현우,Portuguese,13
LSTM,358,2.917024612426758,2.8950670385360717,0,0.05865921787709497,0.04,Dutch,3,Lotte Meijer,German,6
LSTM,359,2.8832716941833496,2.892947573661804,0,0.0584958217270195,0.04,French,5,J.-P. Petit,German,6
LSTM,360,2.9109718799591064,2.89156626701355,0,0.058333333333333334,0.04,Dutch,3,Daan Visser,Japanese,10
LSTM,361,2.8428306579589844,2.8885201454162597,0,0.05817174515235457,0.04,Arabic,0,مصطفى العتيبي,German,6
LSTM,362,2.94712233543396,2.8914885091781617,0,0.058011049723756904,0.04,Polish,12,Piotr Kamiński,German,6
LSTM,363,2.790803909301758,2.891162281036377,1,0.06060606060606061,0.06,German,6,Hannah Müller,German,6
LSTM,364,2.887397527694702,2.8929980516433718,0,0.06043956043956044,0.04,Greek,7,Παναγιώτης Παπαδάκης,Portuguese,13
LSTM,365,2.8782622814178467,2.8924554777145386,0,0.06027397260273973,0.04,Italian,9,Pietro Marino,German,6
LSTM,366,2.9057106971740723,2.891166262626648,0,0.060109289617486336,0.04,Dutch,3,Johan Visser,German,6
LSTM,367,2.9536890983581543,2.8939979553222654,0,0.05994550408719346,0.04,Chinese,1,陈军,German,6
LSTM,368,2.9158129692077637,2.8950840854644775,0,0.059782608695652176,0.04,Vietnamese,17,Huỳnh Khang,German,6
LSTM,369,2.980591058731079,2.895229249000549,0,0.05962059620596206,0.04,Korean,11,김하은,Japanese,10
LSTM,370,2.9195592403411865,2.8964249515533447,0,0.05945945945945946,0.04,Spanish,16,Diego Gómez,German,6
LSTM,371,2.798646926879883,2.895092749595642,0,0.05929919137466307,0.04,Japanese,10,佐藤直子,Portuguese,13
LSTM,372,2.8086843490600586,2.8918975162506104,0,0.05913978494623656,0.04,Portuguese,13,Pedro Rodrigues,Japanese,10
LSTM,373,2.9008357524871826,2.8914380264282227,0,0.058981233243967826,0.04,Dutch,3,Thomas Bakker,Japanese,10
LSTM,374,3.0064151287078857,2.893192391395569,0,0.058823529411764705,0.04,Korean,11,장현우,Portuguese,13
LSTM,375,2.914462089538574,2.893747539520264,0,0.058666666666666666,0.04,Russian,14,Алексей Новиков,Portuguese,13
LSTM,376,2.976022958755493,2.895671305656433,0,0.05851063829787234,0.04,English,4,Daniel Miller,German,6
LSTM,377,2.91108775138855,2.8976643657684327,0,0.058355437665782495,0.04,French,5,Gabriel L'Hôpital,Portuguese,13
LSTM,378,2.915954351425171,2.8988618516921996,0,0.0582010582010582,0.04,Spanish,16,Fernando Gómez,Japanese,10
LSTM,379,2.846158027648926,2.899728603363037,0,0.05804749340369393,0.04,Irish,8,Maeve Gallagher,Japanese,10
LSTM,380,2.912208318710327,2.8987777423858643,0,0.05789473684210526,0.04,Vietnamese,17,Đặng Thành,German,6
LSTM,381,2.917664051055908,2.89922794342041,0,0.05774278215223097,0.04,Scottish,15,Isla Murray,German,6
LSTM,382,2.79366135597229,2.8950771856307984,1,0.060209424083769635,0.06,Portuguese,13,Rui Sousa,Portuguese,13
LSTM,383,2.8343136310577393,2.893597025871277,0,0.06005221932114883,0.06,Irish,8,Liam O'Sullivan,Portuguese,13
LSTM,384,2.88775372505188,2.8921744632720947,0,0.059895833333333336,0.06,Greek,7,Ιωάννης Παπαδάκης,Portuguese,13
LSTM,385,2.835825204849243,2.8917060804367067,0,0.05974025974025974,0.06,Irish,8,Michael Doyle,Portuguese,13
LSTM,386,2.880265474319458,2.8934072828292847,0,0.05958549222797927,0.06,Greek,7,Σπυρίδων Σταυρίδης,Portuguese,13
LSTM,387,2.9152567386627197,2.893613328933716,0,0.059431524547803614,0.06,Russian,14,Борис Соколов,Portuguese,13
LSTM,388,2.947984218597412,2.8937043142318726,0,0.059278350515463915,0.06,Polish,12,Michał Kowalczyk,Portuguese,13
LSTM,389,2.8445851802825928,2.891550555229187,0,0.05912596401028278,0.06,Arabic,0,حسين الحسيني,Portuguese,13
LSTM,390,2.8085808753967285,2.891649603843689,0,0.05897435897435897,0.06,Japanese,10,高橋翔,Portuguese,13
LSTM,391,2.9100046157836914,2.8939637470245363,0,0.058823529411764705,0.04,Scottish,15,Ross MacKenzie,German,6
LSTM,392,3.0008838176727295,2.8950758266448973,0,0.058673469387755105,0.04,Korean,11,최동현,Portuguese,13
LSTM,393,2.799642324447632,2.894998927116394,0,0.058524173027989825,0.04,Japanese,10,田中陽子,Portuguese,13
LSTM,394,2.831653356552124,2.8942783069610596,0,0.0583756345177665,0.04,Irish,8,Liam Gallagher,Japanese,10
LSTM,395,2.839813232421875,2.8941886234283447,0,0.05822784810126582,0.04,Arabic,0,كريم الحسيني,Japanese,10
LSTM,396,2.8075554370880127,2.8920909118652345,0,0.05808080808080808,0.04,German,6,Peter Schmidt,Japanese,10
LSTM,397,2.8777687549591064,2.8898172521591188,0,0.05793450881612091,0.04,Greek,7,Κωνσταντίνος Σταυρίδης,Japanese,10
LSTM,398,2.805901527404785,2.8887978410720825,0,0.05778894472361809,0.04,Portuguese,13,Pedro Rodrigues,Japanese,10
LSTM,399,2.911773443222046,2.8879756259918214,0,0.05764411027568922,0.04,Vietnamese,17,Đặng Nam,Japanese,10
LSTM,400,2.8762190341949463,2.8885807943344117,0,0.0575,0.04,Greek,7,Μαρία Αλεξίου,Portuguese,13
LSTM,401,2.9129531383514404,2.8908428955078125,0,0.057356608478802994,0.04,Scottish,15,Fergus Douglas,Japanese,10
LSTM,402,2.904003858566284,2.889000401496887,0,0.05721393034825871,0.04,Scottish,15,Ross Murray,German,6
LSTM,403,2.8444385528564453,2.8861884927749633,0,0.05707196029776675,0.04,Arabic,0,عمر الخطيب,Japanese,10
LSTM,404,2.888852119445801,2.8855054998397827,0,0.05693069306930693,0.04,Italian,9,Riccardo Ferrari,German,6
LSTM,405,2.9504902362823486,2.888605399131775,0,0.056790123456790124,0.04,Polish,12,Stanisław Szymański,German,6
LSTM,406,2.86983585357666,2.888839507102966,0,0.05665024630541872,0.04,Greek,7,Αικατερίνη Δημητρίου,Portuguese,13
LSTM,407,3.0086331367492676,2.888596730232239,0,0.056511056511056514,0.04,Korean,11,조지훈,Japanese,10
LSTM,408,2.9154775142669678,2.8885657882690428,0,0.056372549019607844,0.04,Vietnamese,17,Phan Ngọc,Portuguese,13
LSTM,409,2.9912819862365723,2.8907259941101073,0,0.05623471882640587,0.04,Korean,11,강재현,Japanese,10
LSTM,410,2.9170854091644287,2.8908482646942137,0,0.05609756097560976,0.04,Vietnamese,17,Hoàng Đức,Portuguese,13
LSTM,411,2.981755256652832,2.8936267566680907,0,0.05596107055961071,0.04,Korean,11,장민지,Japanese,10
LSTM,412,2.909635305404663,2.892877016067505,0,0.055825242718446605,0.04,Russian,14,Евгений Смирнов,Portuguese,13
LSTM,413,2.880363941192627,2.8946682167053224,0,0.05569007263922518,0.02,Italian,9,Davide Esposito,Portuguese,13
LSTM,414,2.865431308746338,2.894228892326355,0,0.05555555555555555,0.02,Greek,7,Μιχάλης Παπαδάκης,Japanese,10
LSTM,415,2.7958693504333496,2.892581033706665,0,0.05542168674698795,0.02,German,6,Hans Weber,Japanese,10
LSTM,416,2.909069776535034,2.8926482152938844,0,0.055288461538461536,0.02,Dutch,3,Thomas Meijer,German,6
LSTM,417,2.904374122619629,2.891661915779114,0,0.05515587529976019,0.02,Vietnamese,17,Đặng Ngọc,Portuguese,13
LSTM,418,2.913553476333618,2.8916167259216308,0,0.05502392344497608,0.02,French,5,Hugo Thomas,Japanese,10
LSTM,419,2.784104824066162,2.8876870012283327,1,0.057279236276849645,0.04,German,6,Stefan Hoffmann,German,6
LSTM,420,2.8921966552734375,2.8871397495269777,0,0.05714285714285714,0.04,Scottish,15,Lachlan Campbell,Portuguese,13
LSTM,421,2.9285550117492676,2.889737911224365,0,0.057007125890736345,0.04,Spanish,16,Luis Pérez,German,6
LSTM,422,2.881380081176758,2.891191825866699,0,0.05687203791469194,0.04,Italian,9,Domenico Russo,Portuguese,13
LSTM,423,2.7876970767974854,2.888929052352905,1,0.0591016548463357,0.06,German,6,Maximilian Fischer,German,6
LSTM,424,2.8694236278533936,2.8861892223358154,0,0.0589622641509434,0.06,Greek,7,Σπυρίδων Νικολάου,German,6
LSTM,425,2.8863933086395264,2.8856278467178345,0,0.058823529411764705,0.06,French,5,Pierre Petit,German,6
LSTM,426,2.834620952606201,2.8827998065948486,0,0.05868544600938967,0.06,Arabic,0,أحمد القحطاني,German,6
LSTM,427,2.900128126144409,2.882580614089966,0,0.0585480093676815,0.06,Vietnamese,17,Trần Long,German,6
LSTM,428,2.849417209625244,2.881249871253967,0,0.05841121495327103,0.06,Irish,8,Brendan Murphy,German,6
LSTM,429,2.968571424484253,2.883698139190674,0,0.05827505827505827,0.06,Chinese,1,赵芳,Portuguese,13
LSTM,430,2.875253438949585,2.882959041595459,0,0.05813953488372093,0.06,Italian,9,Vincenzo Marino,German,6
LSTM,431,2.995283603668213,2.884511432647705,0,0.058004640371229696,0.06,English,4,Michael Taylor,German,6
LSTM,432,2.8899078369140625,2.8864363622665405,0,0.05787037037037037,0.04,Scottish,15,Fraser MacLeod,German,6
LSTM,433,2.8346376419067383,2.8864428424835205,0,0.057736720554272515,0.04,Arabic,0,حسين المالكي,German,6
LSTM,434,2.8704726696014404,2.8860972213745115,0,0.0576036866359447,0.04,Italian,9,Alessandro Colombo,Portuguese,13
LSTM,435,2.895446538925171,2.88728964805603,0,0.05747126436781609,0.04,Scottish,15,Murdo Murray,German,6
LSTM,436,2.823049783706665,2.8861453342437744,0,0.05733944954128441,0.04,Japanese,10,高橋愛,German,6
LSTM,437,2.9495134353637695,2.8868304681777954,0,0.057208237986270026,0.04,Chinese,1,刘静,Japanese,10
LSTM,438,2.8781955242156982,2.885434694290161,0,0.05707762557077625,0.04,Scottish,15,Iain MacLeod,German,6
LSTM,439,2.8774967193603516,2.886092925071716,0,0.05694760820045558,0.04,Czech,2,Pavel Procházka,German,6
LSTM,440,2.8645715713500977,2.8872127389907836,0,0.056818181818181816,0.04,Scottish,15,Aileen MacDonald,German,6
LSTM,441,2.967343807220459,2.888359522819519,0,0.05668934240362812,0.04,Chinese,1,李霞,Japanese,10
LSTM,442,3.0037968158721924,2.8884177827835082,0,0.05656108597285068,0.04,English,4,William Wilson,German,6
LSTM,443,2.86775541305542,2.889780044555664,0,0.056433408577878104,0.04,Italian,9,Andrea Russo,Portuguese,13
LSTM,444,2.862316370010376,2.890393304824829,0,0.05630630630630631,0.04,Greek,7,Μιχάλης Παπαδάκης,Japanese,10
LSTM,445,2.9019269943237305,2.891635580062866,0,0.056179775280898875,0.04,Vietnamese,17,Đặng Ngọc,Japanese,10
LSTM,446,2.817444086074829,2.8918333530426024,0,0.05605381165919283,0.04,Portuguese,13,Ricardo Martins,German,6
LSTM,447,2.8552498817443848,2.891382975578308,0,0.05592841163310962,0.04,Greek,7,Αικατερίνη Σταυρίδης,Japanese,10
LSTM,448,2.9355552196502686,2.893976049423218,0,0.05580357142857143,0.04,Spanish,16,Rafael López,German,6
LSTM,449,2.918724536895752,2.894115071296692,0,0.0556792873051225,0.04,Russian,14,Михаил Попов,German,6
LSTM,450,2.8723373413085938,2.894037437438965,0,0.05555555555555555,0.04,Italian,9,Lorenzo Ricci,German,6
LSTM,451,2.8139419555664062,2.8920572137832643,0,0.05543237250554324,0.04,Portuguese,13,Mário Pereira,German,6
LSTM,452,2.9367167949676514,2.8927114725112917,0,0.05530973451327434,0.04,Chinese,1,赵超,Portuguese,13
LSTM,453,2.9152941703796387,2.8941285848617553,0,0.05518763796909492,0.04,Dutch,3,Sem Meijer,German,6
LSTM,454,2.8093059062957764,2.8925376605987547,0,0.05506607929515418,0.04,German,6,Hans Schulz,Portuguese,13
LSTM,455,2.786945104598999,2.8892667579650877,1,0.05714285714285714,0.06,German,6,Thomas Fischer,German,6
LSTM,456,2.873685836791992,2.8893437576293945,0,0.05701754385964912,0.06,Czech,2,Jan Novotný,German,6
LSTM,457,2.8547091484069824,2.886265277862549,0,0.05689277899343545,0.06,Greek,7,Κωνσταντίνος Γεωργίου,German,6
LSTM,458,2.9038310050964355,2.886032347679138,0,0.056768558951965066,0.06,Vietnamese,17,Nguyễn Tuấn,German,6
LSTM,459,2.9139792919158936,2.8844862937927247,0,0.05664488017429194,0.06,French,5,Arthur Martin,German,6
LSTM,460,2.798513174057007,2.882114849090576,0,0.05652173913043478,0.06,Portuguese,13,Ricardo Costa,German,6
LSTM,461,2.873467445373535,2.8799490928649902,0,0.05639913232104121,0.06,Scottish,15,Ross Campbell,Portuguese,13
LSTM,462,2.949373245239258,2.8807438516616823,0,0.05627705627705628,0.06,Chinese,1,张平,Portuguese,13
LSTM,463,2.856855630874634,2.880273685455322,0,0.056155507559395246,0.06,Italian,9,Alessandro Greco,Portuguese,13
LSTM,464,2.853364944458008,2.8800323581695557,0,0.05603448275862069,0.06,Italian,9,Giuseppe Marino,German,6
LSTM,465,2.9188053607940674,2.88249107837677,0,0.05591397849462366,0.06,Russian,14,Сергей Иванов,German,6
LSTM,466,2.8510470390319824,2.881330623626709,0,0.055793991416309016,0.06,Greek,7,Χρήστος Δημητρίου,German,6
LSTM,467,2.7856380939483643,2.8789559030532836,1,0.057815845824411134,0.08,German,6,Andreas Meyer,German,6
LSTM,468,2.8996939659118652,2.8786787128448488,0,0.057692307692307696,0.08,Dutch,3,Lotte Janssen,German,6
LSTM,469,2.8467745780944824,2.879932107925415,0,0.057569296375266525,0.06,Greek,7,Αλέξανδρος Αλεξίου,German,6
LSTM,470,3.002659320831299,2.882141361236572,0,0.0574468085106383,0.06,English,4,Thomas Brown,German,6
LSTM,471,2.9860992431640625,2.883292245864868,0,0.05732484076433121,0.06,English,4,Andrew Smith,German,6
LSTM,472,2.9627022743225098,2.884918689727783,0,0.057203389830508475,0.06,Chinese,1,张娜,Portuguese,13
LSTM,473,2.8605198860168457,2.8863751459121705,0,0.05708245243128964,0.04,Italian,9,Marco Ricci,German,6
LSTM,474,2.8394596576690674,2.885775866508484,0,0.056962025316455694,0.04,Italian,9,Marco Romano,Portuguese,13
LSTM,475,2.909148931503296,2.8862309789657594,0,0.056842105263157895,0.04,Dutch,3,Lotte Bakker,German,6
LSTM,476,2.837097644805908,2.8862805128097535,0,0.05672268907563025,0.04,Italian,9,Giuseppe Marino,German,6
LSTM,477,2.9638750553131104,2.8875554513931276,0,0.05660377358490566,0.04,Polish,12,Mateusz Wójcik,German,6
LSTM,478,2.933708667755127,2.889241280555725,0,0.056485355648535567,0.04,Spanish,16,Sergio Sánchez,German,6
LSTM,479,2.884878635406494,2.88756742477417,0,0.05636743215031315,0.04,Scottish,15,Murdo Murray,German,6
LSTM,480,2.883314847946167,2.8877286529541015,0,0.05625,0.04,Czech,2,Adam Veselý,German,6
LSTM,481,2.956242799758911,2.8869478368759154,0,0.056133056133056136,0.04,Chinese,1,杨勇,German,6
LSTM,482,2.8099069595336914,2.885347819328308,0,0.056016597510373446,0.04,Japanese,10,中村誠,Portuguese,13
LSTM,483,2.8641066551208496,2.88593719959259,0,0.055900621118012424,0.04,Irish,8,Oisín Murphy,German,6
LSTM,484,2.8697445392608643,2.8859226369857787,0,0.05578512396694215,0.04,Czech,2,Břetislav Novotný,German,6
LSTM,485,2.8447742462158203,2.884909191131592,0,0.05567010309278351,0.04,Arabic,0,ياسر القحطاني,German,6
LSTM,486,2.847684144973755,2.8854018783569337,0,0.05555555555555555,0.04,Irish,8,Fionn Gallagher,German,6
LSTM,487,2.957850456237793,2.885568618774414,0,0.055441478439425054,0.04,Chinese,1,周明,German,6
LSTM,488,2.9157090187072754,2.8863188886642455,0,0.055327868852459015,0.04,French,5,Arthur Durand,German,6
LSTM,489,2.9274673461914062,2.8873183012008665,0,0.05521472392638037,0.04,Spanish,16,Fernando Gómez,German,6
LSTM,490,2.9176361560821533,2.888379592895508,0,0.05510204081632653,0.04,Russian,14,Игорь Смирнов,German,6
LSTM,491,2.9127097129821777,2.887286911010742,0,0.054989816700611,0.04,French,5,Hugo Dubois,German,6
LSTM,492,2.8127758502960205,2.8834664916992185,0,0.054878048780487805,0.04,Portuguese,13,António Jesus,German,6
LSTM,493,2.8722879886627197,2.8835571432113647,0,0.05476673427991886,0.04,Scottish,15,Duncan MacLeod,German,6
LSTM,494,2.870349884033203,2.8837178134918213,0,0.05465587044534413,0.04,Scottish,15,Iain Stewart,German,6
LSTM,495,2.810307502746582,2.8818854236602784,0,0.05454545454545454,0.04,Portuguese,13,Pedro Oliveira,German,6
LSTM,496,2.8230326175689697,2.881997194290161,0,0.05443548387096774,0.04,Japanese,10,小林陽子,German,6
LSTM,497,2.900777816772461,2.8829077529907225,0,0.05432595573440644,0.04,Dutch,3,Pieter de Vries,German,6
LSTM,498,2.816762924194336,2.880531907081604,0,0.05421686746987952,0.04,Japanese,10,渡辺裕子,German,6
LSTM,499,2.860617160797119,2.8793697595596313,0,0.05410821643286573,0.04,Scottish,15,Niall Campbell,Portuguese,13
LSTM,500,2.9633584022521973,2.8811901807785034,0,0.054,0.04,Polish,12,Bartosz Woźniak,German,6
LSTM,501,2.905143976211548,2.8830142211914063,0,0.05389221556886228,0.04,Vietnamese,17,Nguyễn Khang,German,6
LSTM,502,2.9153335094451904,2.882586555480957,0,0.053784860557768925,0.04,Russian,14,Андрей Петров,Portuguese,13
LSTM,503,2.810483455657959,2.8804903411865235,0,0.0536779324055666,0.04,Japanese,10,田中健,Portuguese,13
LSTM,504,2.8130314350128174,2.880564851760864,0,0.05357142857142857,0.04,Japanese,10,鈴木美咲,German,6
LSTM,505,2.9615390300750732,2.8840567302703857,0,0.053465346534653464,0.02,Polish,12,Wojciech Lewandowski,German,6
LSTM,506,2.856222152709961,2.8837074565887453,0,0.0533596837944664,0.02,Arabic,0,إبراهيم الشمري,Japanese,10
LSTM,507,2.900125026702881,2.884615774154663,0,0.05325443786982249,0.02,Vietnamese,17,Huỳnh Thành,German,6
LSTM,508,2.7966699600219727,2.882472553253174,1,0.05511811023622047,0.04,Portuguese,13,Tiago Silva,Portuguese,13
LSTM,509,2.7910051345825195,2.8800130701065063,0,0.0550098231827112,0.04,German,6,Markus Wagner,Japanese,10
LSTM,510,3.0157699584960938,2.884358205795288,0,0.054901960784313725,0.04,Korean,11,윤민지,Japanese,10
LSTM,511,2.8722479343414307,2.884333815574646,0,0.0547945205479452,0.04,Scottish,15,Alasdair Douglas,Portuguese,13
LSTM,512,2.915642261505127,2.8836591958999636,0,0.0546875,0.04,Russian,14,Николай Новиков,Portuguese,13
LSTM,513,2.9625706672668457,2.8857734966278077,0,0.05458089668615984,0.04,Chinese,1,张杰,Japanese,10
LSTM,514,2.8511316776275635,2.885728831291199,0,0.054474708171206226,0.04,Irish,8,Seán Gallagher,German,6
LSTM,515,3.003645181655884,2.887425627708435,0,0.05436893203883495,0.04,English,4,Anthony Brown,German,6
LSTM,516,2.9145796298980713,2.8886962795257567,0,0.05426356589147287,0.04,Russian,14,Сергей Михайлов,Portuguese,13
LSTM,517,2.853374719619751,2.8900510120391845,0,0.05415860735009671,0.02,Scottish,15,Malcolm MacLeod,Japanese,10
LSTM,518,2.853972911834717,2.8891365909576416,0,0.05405405405405406,0.02,Arabic,0,أحمد الشمري,Japanese,10
LSTM,519,2.8555643558502197,2.8893123865127563,0,0.05394990366088632,0.02,Greek,7,Δημήτριος Σταυρίδης,Japanese,10
LSTM,520,2.894359827041626,2.887146396636963,0,0.05384615384615385,0.02,French,5,J.-P. Petit,German,6
LSTM,521,2.899310350418091,2.8854106187820436,0,0.053742802303262956,0.02,Vietnamese,17,Nguyễn Dũng,German,6
LSTM,522,2.9058282375335693,2.8842731380462645,0,0.05363984674329502,0.02,Vietnamese,17,Huỳnh Đức,Portuguese,13
LSTM,523,2.8780550956726074,2.88462384223938,0,0.05353728489483748,0.02,Czech,2,Štěpán Novotný,German,6
LSTM,524,2.912724494934082,2.8860891389846803,0,0.05343511450381679,0.02,Dutch,3,Anne Bakker,Japanese,10
LSTM,525,2.891530990600586,2.885736780166626,0,0.05333333333333334,0.02,Dutch,3,Dirk Smit,German,6
LSTM,526,2.9967329502105713,2.8889294862747192,0,0.053231939163498096,0.02,English,4,Joseph Davis,German,6
LSTM,527,2.85131573677063,2.8866782999038696,0,0.05313092979127135,0.02,Italian,9,Lorenzo Colombo,Portuguese,13
LSTM,528,2.851799964904785,2.8850401258468628,0,0.05303030303030303,0.02,Irish,8,Oisín Doyle,Portuguese,13
LSTM,529,2.855539560317993,2.8844533443450926,0,0.052930056710775046,0.02,Scottish,15,Alasdair Fraser,German,6
LSTM,530,2.8550307750701904,2.8838876628875734,0,0.052830188679245285,0.02,Greek,7,Μαρία Αθανασίου,German,6
LSTM,531,2.890763521194458,2.882578077316284,0,0.05273069679849341,0.02,Vietnamese,17,Trần Quân,German,6
LSTM,532,2.9625179767608643,2.8856302976608275,0,0.05263157894736842,0.02,Polish,12,Jakub Wiśniewski,German,6
LSTM,533,2.9426488876342773,2.8872011423110964,0,0.0525328330206379,0.02,Spanish,16,Juan Díaz,Japanese,10
LSTM,534,2.9873955249786377,2.8895541620254517,0,0.052434456928838954,0.02,English,4,Paul Smith,German,6
LSTM,535,2.8608016967773438,2.8898747110366823,0,0.052336448598130844,0.02,Irish,8,Maeve Kennedy,German,6
LSTM,536,2.8131911754608154,2.8891848516464234,0,0.05223880597014925,0.02,Portuguese,13,Rui Oliveira,German,6
LSTM,537,2.9374778270721436,2.8887773990631103,0,0.0521415270018622,0.02,Spanish,16,Javier Rodríguez,Portuguese,13
LSTM,538,2.8504691123962402,2.88747260093689,0,0.05204460966542751,0.02,Arabic,0,كريم العتيبي,German,6
LSTM,539,2.8592376708984375,2.88610800743103,0,0.05194805194805195,0.02,Italian,9,Lorenzo Ricci,German,6
LSTM,540,2.84910249710083,2.8847373342514038,0,0.05185185185185185,0.02,Scottish,15,Aileen MacLeod,Portuguese,13
LSTM,541,2.9118611812591553,2.8847203636169434,0,0.051756007393715345,0.02,Russian,14,Роман Васильев,Portuguese,13
LSTM,542,2.847416877746582,2.8854131841659547,0,0.05166051660516605,0.02,Scottish,15,Hamish Stewart,German,6
LSTM,543,2.810718297958374,2.884181790351868,0,0.05156537753222836,0.02,Japanese,10,中村花子,Portuguese,13
LSTM,544,2.887016534805298,2.8845151233673096,0,0.051470588235294115,0.02,Vietnamese,17,Hoàng Phong,Japanese,10
LSTM,545,2.906018018722534,2.8864293336868285,0,0.05137614678899083,0.02,Russian,14,Андрей Кузнецов,Portuguese,13
LSTM,546,2.818516492843628,2.8863390111923217,0,0.05128205128205128,0.02,German,6,Sophie Schulz,Portuguese,13
LSTM,547,2.8546013832092285,2.885415482521057,0,0.051188299817184646,0.02,Greek,7,Παναγιώτης Βασιλείου,German,6
LSTM,548,2.96073055267334,2.8882948350906372,0,0.051094890510948905,0.02,Polish,12,Szymon Wiśniewski,German,6
LSTM,549,2.8001861572265625,2.887086215019226,1,0.052823315118397086,0.04,Portuguese,13,Gonçalo Silva,Portuguese,13
LSTM,550,2.804277181625366,2.8839045906066896,0,0.05272727272727273,0.04,Japanese,10,加藤拓也,Portuguese,13
LSTM,551,2.854421377182007,2.8828901386260988,0,0.05263157894736842,0.04,Scottish,15,Alasdair Robertson,Portuguese,13
LSTM,552,2.9574477672576904,2.8837324237823485,0,0.05253623188405797,0.04,Polish,12,Zbigniew Kowalczyk,Portuguese,13
LSTM,553,2.9916229248046875,2.887355213165283,0,0.05244122965641953,0.04,English,4,Richard Davis,German,6
LSTM,554,2.969635486602783,2.8904872941970825,0,0.052346570397111915,0.04,Chinese,1,李杰,Japanese,10
LSTM,555,2.935837745666504,2.889973268508911,0,0.05225225225225225,0.04,Spanish,16,Juan Pérez,Japanese,10
LSTM,556,2.805091619491577,2.8889506578445436,1,0.0539568345323741,0.06,Japanese,10,鈴木裕子,Japanese,10
LSTM,557,2.899998664855957,2.888948130607605,0,0.05385996409335727,0.06,Russian,14,Борис Петров,Portuguese,13
LSTM,558,2.9307079315185547,2.8916288900375364,0,0.053763440860215055,0.04,Spanish,16,Pedro Martínez,Japanese,10
LSTM,559,2.8456807136535645,2.8927224016189577,0,0.05366726296958855,0.04,Arabic,0,خالد القحطاني,Japanese,10
LSTM,560,2.977278709411621,2.891952576637268,0,0.05357142857142857,0.04,English,4,William Miller,Japanese,10
LSTM,561,2.975644588470459,2.894020509719849,0,0.053475935828877004,0.04,English,4,J.R. Smith,Japanese,10
LSTM,562,2.837174654006958,2.8924511575698855,0,0.05338078291814947,0.04,Scottish,15,Gordon Campbell,Portuguese,13
LSTM,563,2.7970433235168457,2.889140610694885,1,0.055062166962699825,0.06,Japanese,10,中村さくら,Japanese,10
LSTM,564,2.955629587173462,2.891230568885803,0,0.0549645390070922,0.06,Polish,12,Michał Szymański,German,6
LSTM,565,2.8953776359558105,2.889065217971802,0,0.05486725663716814,0.06,Czech,2,Martin Černý,German,6
LSTM,566,2.8892102241516113,2.8885578298568726,0,0.054770318021201414,0.06,Vietnamese,17,Hoàng Quân,German,6
LSTM,567,2.7903034687042236,2.887296404838562,1,0.0564373897707231,0.08,Japanese,10,小林太郎,Japanese,10
LSTM,568,2.837205410003662,2.886961054801941,0,0.056338028169014086,0.08,Scottish,15,Aileen Fraser,Japanese,10
LSTM,569,2.948478937149048,2.8888193464279173,0,0.056239015817223195,0.08,Chinese,1,赵霞,Japanese,10
LSTM,570,2.881730079650879,2.8885667514801026,0,0.056140350877192984,0.08,Czech,2,Jan Dvořák,Japanese,10
LSTM,571,2.8587329387664795,2.88775520324707,0,0.05604203152364273,0.08,Italian,9,Vincenzo Ferrari,German,6
LSTM,572,2.88045334815979,2.8872477054595946,0,0.055944055944055944,0.08,Czech,2,Marek Procházka,Japanese,10
LSTM,573,2.916893482208252,2.8880244731903075,0,0.055846422338568937,0.08,Dutch,3,Lucas Meijer,Japanese,10
LSTM,574,2.909731149673462,2.887964606285095,0,0.05574912891986063,0.08,Dutch,3,Ruben Bakker,Japanese,10
LSTM,575,2.9229700565338135,2.88859338760376,0,0.05565217391304348,0.08,French,5,Pierre d'Aubigné,Japanese,10
LSTM,576,2.855764389038086,2.88577401638031,0,0.05555555555555555,0.08,Italian,9,Francesco Rossi,Japanese,10
LSTM,577,2.9465279579162598,2.8876782608032228,0,0.05545927209705372,0.08,Chinese,1,陈敏,Japanese,10
LSTM,578,2.9433486461639404,2.889509234428406,0,0.05536332179930796,0.08,Chinese,1,刘明,Japanese,10
LSTM,579,3.0380361080169678,2.8931591653823854,0,0.055267702936096716,0.08,Korean,11,정지민,Japanese,10
LSTM,580,2.806809663772583,2.892194743156433,0,0.05517241379310345,0.08,Portuguese,13,Filipe Santos,Japanese,10
LSTM,581,2.8597421646118164,2.8915743160247804,0,0.055077452667814115,0.08,Greek,7,Ευάγγελος Κωνσταντίνου,Portuguese,13
LSTM,582,2.812284469604492,2.888569645881653,0,0.054982817869415807,0.08,Portuguese,13,Carlos Martins,Japanese,10
LSTM,583,2.9265341758728027,2.8882473516464233,0,0.0548885077186964,0.08,French,5,Charles Thomas,Japanese,10
LSTM,584,2.9121899604797363,2.8867432403564455,0,0.0547945205479452,0.08,French,5,Arthur Bernard,Japanese,10
LSTM,585,2.954921007156372,2.8886256265640258,0,0.0547008547008547,0.08,Polish,12,Zbigniew Zieliński,Japanese,10
LSTM,586,2.8548972606658936,2.8894597482681275,0,0.05460750853242321,0.08,Greek,7,Χρήστος Κωνσταντίνου,Portuguese,13
LSTM,587,2.973675012588501,2.8901836919784545,0,0.054514480408858604,0.08,English,4,J.R. Williams,Japanese,10
LSTM,588,2.912982940673828,2.8914339685440065,0,0.05442176870748299,0.08,Russian,14,Антон Михайлов,Portuguese,13
LSTM,589,2.8614325523376465,2.8914778661727905,0,0.05432937181663837,0.08,Irish,8,Maeve Doyle,Japanese,10
LSTM,590,2.842106342315674,2.8913379430770876,0,0.05423728813559322,0.08,Irish,8,Niall O'Connor,Japanese,10
LSTM,591,2.8550612926483154,2.8902019453048706,0,0.05414551607445008,0.08,Arabic,0,مصطفى الهاشمي,Japanese,10
LSTM,592,2.848151445388794,2.8902166366577147,0,0.05405405405405406,0.08,Italian,9,Matteo Marino,Portuguese,13
LSTM,593,2.891598701477051,2.8918342447280883,0,0.05396290050590219,0.08,Vietnamese,17,Lê Anh,Japanese,10
LSTM,594,2.881079912185669,2.8917155122756957,0,0.05387205387205387,0.08,Czech,2,Adam Procházka,Japanese,10
LSTM,595,3.014824867248535,2.893891649246216,0,0.05378151260504202,0.08,Korean,11,윤서준,Japanese,10
LSTM,596,2.842402219772339,2.89436936378479,0,0.053691275167785234,0.08,Italian,9,Carlo Marino,Portuguese,13
LSTM,597,2.8079416751861572,2.8934361696243287,0,0.05360134003350084,0.08,Portuguese,13,Bruno Jesus,Japanese,10
LSTM,598,2.851250648498535,2.8912465715408326,0,0.05351170568561873,0.08,Irish,8,Brian Doyle,Portuguese,13
LSTM,599,2.8408994674682617,2.8920608377456665,0,0.05342237061769616,0.06,Italian,9,Lorenzo Ferrari,German,6
LSTM,600,2.951789379119873,2.8950110816955568,0,0.05333333333333334,0.06,Polish,12,Krzysztof Lewandowski,Japanese,10
LSTM,601,2.9028167724609375,2.895978989601135,0,0.05324459234608985,0.06,Dutch,3,Jan van den Berg,Japanese,10
LSTM,602,2.9465086460113525,2.8957602071762083,0,0.053156146179401995,0.06,Polish,12,Michał Zieliński,Portuguese,13
LSTM,603,3.0297958850860596,2.896523666381836,0,0.05306799336650083,0.06,Korean,11,윤상현,Portuguese,13
LSTM,604,2.831254243850708,2.893756041526794,0,0.052980132450331126,0.06,Italian,9,Giuseppe Marino,Portuguese,13
LSTM,605,2.8317301273345947,2.891673889160156,0,0.05289256198347107,0.06,Italian,9,Domenico Rossi,Portuguese,13
LSTM,606,2.9386279582977295,2.894344615936279,0,0.052805280528052806,0.04,Polish,12,Łukasz Wójcik,Portuguese,13
LSTM,607,2.8550021648406982,2.893444685935974,0,0.05271828665568369,0.04,Arabic,0,خالد المالكي,Japanese,10
LSTM,608,2.946319103240967,2.8937569093704223,0,0.05263157894736842,0.04,Chinese,1,赵明,Japanese,10
LSTM,609,2.842507839202881,2.8936934518814086,0,0.052545155993431854,0.04,Scottish,15,Niall Campbell,Portuguese,13
LSTM,610,2.857520580291748,2.8912982892990113,0,0.05245901639344262,0.04,Greek,7,Ευάγγελος Βασιλείου,Portuguese,13
LSTM,611,3.013319253921509,2.892051782608032,0,0.05237315875613748,0.04,Korean,11,박서연,Japanese,10
LSTM,612,2.821913957595825,2.8917465686798094,0,0.05228758169934641,0.04,German,6,Sophie Becker,Japanese,10
LSTM,613,2.8378143310546875,2.8925619888305665,0,0.052202283849918436,0.02,Irish,8,Darragh O'Connor,Japanese,10
LSTM,614,2.9822373390197754,2.8930941438674926,0,0.05211726384364821,0.02,English,4,James Taylor,Japanese,10
LSTM,615,2.897392749786377,2.893134446144104,0,0.05203252032520325,0.02,Dutch,3,Jan Smit,Portuguese,13
LSTM,616,2.927503824234009,2.893900318145752,0,0.05194805194805195,0.02,Chinese,1,刘平,Portuguese,13
LSTM,617,2.9108524322509766,2.896311297416687,0,0.05186385737439222,0.0,Russian,14,Дмитрий Иванов,Portuguese,13
LSTM,618,3.021554708480835,2.8999982833862306,0,0.05177993527508091,0.0,Korean,11,임상현,Portuguese,13
LSTM,619,2.9891674518585205,2.90081205368042,0,0.051696284329563816,0.0,English,4,Michael Johnson,Portuguese,13
LSTM,620,2.827918291091919,2.8997358179092405,0,0.05161290322580645,0.0,Italian,9,Carlo Bianchi,German,6
LSTM,621,2.815316677093506,2.898867492675781,0,0.05152979066022544,0.0,Portuguese,13,Carlos Ferreira,Japanese,10
LSTM,622,2.830925703048706,2.8978769397735595,0,0.05144694533762058,0.0,German,6,Johannes Schmidt,Portuguese,13
LSTM,623,2.8931117057800293,2.8974013042449953,0,0.051364365971107544,0.0,Vietnamese,17,Hoàng Minh,German,6
LSTM,624,2.9444327354431152,2.898095335960388,0,0.05128205128205128,0.0,Spanish,16,Javier Sánchez,Portuguese,13
LSTM,625,2.844616651535034,2.8965282678604125,0,0.0512,0.0,Irish,8,Liam O'Brien,German,6
LSTM,626,2.8548991680145264,2.8965109634399413,0,0.051118210862619806,0.0,Irish,8,Conor McCarthy,Italian,9
LSTM,627,2.817142963409424,2.8939232635498047,0,0.051036682615629984,0.0,Italian,9,Luca Greco,Portuguese,13
LSTM,628,2.8222830295562744,2.891501951217651,0,0.050955414012738856,0.0,Japanese,10,鈴木美咲,Portuguese,13
LSTM,629,2.908317804336548,2.888907585144043,0,0.05087440381558029,0.0,Russian,14,Юрий Иванов,Portuguese,13
LSTM,630,2.9794111251831055,2.8923596143722534,0,0.050793650793650794,0.0,English,4,Anthony St. John,Portuguese,13
LSTM,631,2.8598580360412598,2.8923619318008424,0,0.05071315372424723,0.0,Greek,7,Αθανάσιος Αλεξίου,Portuguese,13
LSTM,632,2.9424612522125244,2.894965467453003,0,0.05063291139240506,0.0,Polish,12,Andrzej Zieliński,German,6
LSTM,633,3.007659673690796,2.8965879774093626,0,0.05055292259083728,0.0,Korean,11,이준영,Portuguese,13
LSTM,634,2.9339847564697266,2.8970238733291627,0,0.050473186119873815,0.0,Polish,12,Krzysztof Nowak,Japanese,10
LSTM,635,2.8515772819519043,2.8949569988250734,0,0.050393700787401574,0.0,Irish,8,Maeve McCarthy,Italian,9
LSTM,636,2.9128313064575195,2.896115679740906,0,0.050314465408805034,0.0,Dutch,3,Finn Bakker,Japanese,10
LSTM,637,2.9951064586639404,2.8965443086624147,0,0.05023547880690738,0.0,Korean,11,장예준,Portuguese,13
LSTM,638,2.8325157165527344,2.894934964179993,0,0.050156739811912224,0.0,Irish,8,Eoin Gallagher,Japanese,10
LSTM,639,2.932358980178833,2.896353492736816,0,0.050078247261345854,0.0,Polish,12,Krzysztof Szymański,German,6
LSTM,640,3.0034594535827637,2.8995805549621583,0,0.05,0.0,Korean,11,이상현,Portuguese,13
LSTM,641,2.8544890880584717,2.8995691108703614,0,0.0499219968798752,0.0,Greek,7,Γεώργιος Κωνσταντίνου,Portuguese,13
LSTM,642,2.8614718914031982,2.8998355197906496,0,0.04984423676012461,0.0,Arabic,0,نورالدين المالكي,Japanese,10
LSTM,643,2.8960111141204834,2.899923768043518,0,0.049766718506998445,0.0,Vietnamese,17,Hoàng Dũng,Japanese,10
LSTM,644,2.8505399227142334,2.8993129682540895,0,0.049689440993788817,0.0,Greek,7,Αλέξανδρος Αλεξίου,Portuguese,13
LSTM,645,2.8905842304229736,2.896828155517578,0,0.04961240310077519,0.0,Czech,2,Pavel Horák,Japanese,10
LSTM,646,2.9126193523406982,2.8982324981689453,0,0.04953560371517028,0.0,Russian,14,Юрий Михайлов,Portuguese,13
LSTM,647,2.82060170173645,2.898485698699951,0,0.04945904173106646,0.0,Italian,9,Fabio Marino,Portuguese,13
LSTM,648,2.8071606159210205,2.8976038980484007,1,0.05092592592592592,0.02,Portuguese,13,Luís Santos,Portuguese,13
LSTM,649,2.9711782932281494,2.9002094745635985,0,0.05084745762711865,0.02,English,4,Daniel Smith,Italian,9
LSTM,650,2.9573607444763184,2.9003209018707277,0,0.05076923076923077,0.02,Chinese,1,刘秀英,Japanese,10
LSTM,651,2.8515052795410156,2.899294672012329,0,0.05069124423963134,0.02,Scottish,15,Iain MacLeod,Portuguese,13
LSTM,652,2.9008336067199707,2.8983811712265015,0,0.05061349693251534,0.02,Dutch,3,Jan van den Berg,Japanese,10
LSTM,653,2.8933663368225098,2.8956525802612303,0,0.05053598774885146,0.02,Vietnamese,17,Trần Nam,Portuguese,13
LSTM,654,2.9288077354431152,2.8976036500930786,0,0.05045871559633028,0.02,Polish,12,Marek Kamiński,Portuguese,13
LSTM,655,3.0006885528564453,2.9009828186035156,0,0.050381679389312976,0.02,Korean,11,장도윤,Portuguese,13
LSTM,656,2.889734983444214,2.9000049591064454,0,0.05030487804878049,0.02,Vietnamese,17,Huỳnh Hoàng,Japanese,10
LSTM,657,2.9618654251098633,2.9021422243118287,0,0.0502283105022831,0.02,English,4,Richard Miller,Japanese,10
LSTM,658,2.8937060832977295,2.901089963912964,0,0.05015197568389058,0.02,Dutch,3,Dirk Janssen,Portuguese,13
LSTM,659,2.8168089389801025,2.9005759859085085,1,0.051593323216995446,0.04,Portuguese,13,Gonçalo Pereira,Portuguese,13
LSTM,660,2.9289302825927734,2.902004179954529,0,0.051515151515151514,0.04,Chinese,1,吴超,Portuguese,13
LSTM,661,3.0059988498687744,2.901857771873474,0,0.05143721633888049,0.04,Korean,11,박지민,Portuguese,13
LSTM,662,2.904811143875122,2.90351571559906,0,0.0513595166163142,0.04,Russian,14,Михаил Попов,Portuguese,13
LSTM,663,2.855748176574707,2.9038743925094606,0,0.05128205128205128,0.04,Greek,7,Σπυρίδων Νικολάου,Portuguese,13
LSTM,664,2.8873791694641113,2.901977229118347,0,0.05120481927710843,0.04,Dutch,3,Sem Smit,Portuguese,13
LSTM,665,2.9934427738189697,2.9038982295989992,0,0.05112781954887218,0.04,Korean,11,조민지,Portuguese,13
LSTM,666,2.9882619380950928,2.905113391876221,0,0.05105105105105105,0.04,Korean,11,김지민,Portuguese,13
LSTM,667,2.924435615539551,2.9053850555419922,0,0.050974512743628186,0.04,Polish,12,Łukasz Wójcik,Portuguese,13
LSTM,668,2.842407703399658,2.901802115440369,0,0.05089820359281437,0.04,German,6,Matthias Schmidt,Portuguese,13
LSTM,669,2.898090124130249,2.899980568885803,0,0.05082212257100149,0.04,Russian,14,Антон Петров,Portuguese,13
LSTM,670,2.8407952785491943,2.900238108634949,0,0.050746268656716415,0.04,German,6,Jürgen Schulz,Portuguese,13
LSTM,671,2.866218090057373,2.9012561368942262,0,0.05067064083457526,0.04,Arabic,0,كريم الحداد,Portuguese,13
LSTM,672,2.814587116241455,2.900929365158081,0,0.050595238095238096,0.04,Japanese,10,田中一郎,Portuguese,13
LSTM,673,2.978991985321045,2.9026469707489015,0,0.05052005943536404,0.04,English,4,William Wilson,Portuguese,13
LSTM,674,2.819751739501953,2.9001533508300783,0,0.050445103857566766,0.04,German,6,Felix Müller,Japanese,10
LSTM,675,2.8868496417999268,2.900998010635376,0,0.05037037037037037,0.04,Vietnamese,17,Lê Minh,German,6
LSTM,676,2.8103291988372803,2.900106611251831,1,0.051775147928994084,0.06,German,6,Hannah Schneider,German,6
LSTM,677,2.814753770828247,2.9000588274002075,1,0.053175775480059084,0.08,Japanese,10,加藤健一,Japanese,10
LSTM,678,2.9734392166137695,2.9030819511413575,0,0.05309734513274336,0.08,English,4,Matthew Wilson,Portuguese,13
LSTM,679,2.8630082607269287,2.902175760269165,0,0.053019145802650956,0.08,Arabic,0,سعيد العتيبي,Japanese,10
LSTM,680,2.9676170349121094,2.901939878463745,0,0.052941176470588235,0.08,English,4,Anthony Johnson,Portuguese,13
LSTM,681,2.897172212600708,2.902686161994934,0,0.05286343612334802,0.08,Vietnamese,17,Phạm Đức,Portuguese,13
LSTM,682,2.9392032623291016,2.902621002197266,0,0.05278592375366569,0.08,French,5,Georges Bernard,German,6
LSTM,683,2.864623785018921,2.899760284423828,0,0.0527086383601757,0.08,Arabic,0,فهد الخطيب,Japanese,10
LSTM,684,2.849846839904785,2.8980775260925293,0,0.05263157894736842,0.08,Arabic,0,طارق الغامدي,Japanese,10
LSTM,685,2.8509533405303955,2.898065047264099,0,0.052554744525547446,0.08,Greek,7,Μιχάλης Βασιλείου,German,6
LSTM,686,2.8119571208953857,2.8960475635528566,1,0.05393586005830904,0.1,Japanese,10,佐藤健,Japanese,10
LSTM,687,2.9198038578033447,2.8945415115356443,0,0.053857350800582245,0.1,French,5,Gabriel Petit,German,6
LSTM,688,2.964839458465576,2.8971879863739014,0,0.05377906976744186,0.1,Chinese,1,李杰,Japanese,10
LSTM,689,2.8230650424957275,2.8950021076202392,0,0.05370101596516691,0.1,Portuguese,13,André Rodrigues,Japanese,10
LSTM,690,2.9047985076904297,2.8930288887023927,0,0.0536231884057971,0.1,Dutch,3,Thomas Meijer,Japanese,10
LSTM,691,2.91477370262146,2.8942345809936523,0,0.053545586107091175,0.1,Czech,2,Petr Kučera,Japanese,10
LSTM,692,2.9030158519744873,2.8950654602050783,0,0.05346820809248555,0.1,Russian,14,Юрий Новиков,Portuguese,13
LSTM,693,2.9961488246917725,2.897068214416504,0,0.05339105339105339,0.1,Korean,11,조도윤,Portuguese,13
LSTM,694,2.8986072540283203,2.8980295610427858,0,0.053314121037463975,0.1,Dutch,3,Sem Bakker,Japanese,10
LSTM,695,2.963901996612549,2.899495916366577,0,0.053237410071942444,0.1,Spanish,16,Pedro González,Portuguese,13
LSTM,696,2.949213743209839,2.90022780418396,0,0.05316091954022988,0.1,Chinese,1,周强,Portuguese,13
LSTM,697,2.9574689865112305,2.9029651498794555,0,0.05308464849354376,0.1,Spanish,16,Rafael Rodríguez,Japanese,10
LSTM,698,2.9028639793395996,2.904879217147827,0,0.05300859598853868,0.08,Russian,14,Артём Михайлов,Portuguese,13
LSTM,699,2.849182605743408,2.902439303398132,0,0.05293276108726753,0.08,Arabic,0,ياسر الحداد,Japanese,10
LSTM,700,2.8745791912078857,2.900783672332764,0,0.05285714285714286,0.08,Scottish,15,Callum Murray,Portuguese,13
LSTM,701,2.8157567977905273,2.900068702697754,0,0.052781740370898715,0.08,Portuguese,13,Ricardo Jesus,Japanese,10
LSTM,702,2.8821208477020264,2.899694447517395,0,0.05270655270655271,0.08,Dutch,3,Dirk Janssen,Portuguese,13
LSTM,703,2.8923938274383545,2.899674997329712,0,0.05263157894736842,0.08,Russian,14,Сергей Иванов,Portuguese,13
LSTM,704,2.9036803245544434,2.8991724491119384,0,0.052556818181818184,0.08,Czech,2,Pavel Černý,German,6
LSTM,705,2.9564998149871826,2.898288674354553,0,0.0524822695035461,0.08,English,4,Steven Smith,German,6
LSTM,706,2.9584109783172607,2.899662194252014,0,0.05240793201133145,0.08,English,4,Christopher Brown,Portuguese,13
LSTM,707,2.8858046531677246,2.8981409788131716,0,0.05233380480905234,0.08,Vietnamese,17,Đặng Cường,Japanese,10
LSTM,708,2.8175065517425537,2.896616988182068,0,0.052259887005649715,0.08,Japanese,10,伊藤彩,Portuguese,13
LSTM,709,2.955045700073242,2.8993817234039305,0,0.05218617771509168,0.06,Spanish,16,Pablo Rodríguez,Japanese,10
LSTM,710,2.88881778717041,2.8985794734954835,0,0.05211267605633803,0.06,Russian,14,Евгений Васильев,Portuguese,13
LSTM,711,2.8050036430358887,2.8945595693588255,1,0.053445850914205346,0.08,Portuguese,13,Pedro Santos,Portuguese,13
LSTM,712,2.877943515777588,2.894022216796875,0,0.05337078651685393,0.08,Dutch,3,Bram Smit,Portuguese,13
LSTM,713,2.894514799118042,2.8947975492477416,0,0.05329593267882188,0.08,Vietnamese,17,Đặng Đức,Portuguese,13
LSTM,714,2.821852922439575,2.893487024307251,0,0.05322128851540616,0.08,German,6,Christian Meyer,Japanese,10
LSTM,715,2.880122184753418,2.89122061252594,0,0.05314685314685315,0.08,Russian,14,Сергей Сидоров,Portuguese,13
LSTM,716,2.811337947845459,2.8876821327209474,1,0.05446927374301676,0.1,Portuguese,13,Miguel Oliveira,Portuguese,13
LSTM,717,2.875377655029297,2.886700973510742,0,0.05439330543933055,0.1,Russian,14,Андрей Попов,Portuguese,13
LSTM,718,2.793802261352539,2.8857288646697996,1,0.055710306406685235,0.12,Portuguese,13,Miguel Sousa,Portuguese,13
LSTM,719,2.8757781982421875,2.885282626152039,0,0.055632823365785816,0.12,Dutch,3,Jan van Dijk,Portuguese,13
LSTM,720,2.799168109893799,2.8844500827789306,1,0.05694444444444444,0.14,Portuguese,13,João Oliveira,Portuguese,13
LSTM,721,2.853257417678833,2.88419086933136,0,0.056865464632454926,0.14,Irish,8,Michael O'Sullivan,Portuguese,13
LSTM,722,2.9517292976379395,2.8869337129592894,0,0.05678670360110803,0.14,English,4,Mark Taylor,Portuguese,13
LSTM,723,2.856706142425537,2.884487996101379,0,0.056708160442600276,0.14,Scottish,15,Stuart MacDonald,Portuguese,13
LSTM,724,2.894867181777954,2.8859903049468993,0,0.05662983425414365,0.14,Czech,2,Petr Svoboda,Portuguese,13
LSTM,725,2.893234968185425,2.8861180114746094,0,0.05655172413793103,0.14,Czech,2,Josef Procházka,Portuguese,13
LSTM,726,2.882601022720337,2.8875634479522705,0,0.05647382920110193,0.12,Dutch,3,Thomas Meijer,Portuguese,13
LSTM,727,2.977750301361084,2.8908233785629274,0,0.05639614855570839,0.1,Korean,11,이지호,Portuguese,13
LSTM,728,2.884200096130371,2.8890385961532594,0,0.05631868131868132,0.1,Vietnamese,17,Nguyễn Ngọc,Portuguese,13
LSTM,729,2.873692512512207,2.889252281188965,0,0.056241426611796985,0.1,Vietnamese,17,Vũ Dũng,Portuguese,13
LSTM,730,2.8242154121398926,2.8863842487335205,0,0.056164383561643834,0.1,Japanese,10,小林陽子,Portuguese,13
LSTM,731,2.876898765563965,2.8859787797927856,0,0.0560875512995896,0.1,Dutch,3,Dirk Bakker,Japanese,10
LSTM,732,2.9686594009399414,2.8865679025650026,0,0.056010928961748634,0.1,Korean,11,장서준,Portuguese,13
LSTM,733,2.785578489303589,2.884986996650696,1,0.0572987721691678,0.12,Portuguese,13,Carlos Sousa,Portuguese,13
LSTM,734,2.937286615371704,2.8867357921600343,0,0.05722070844686648,0.12,Chinese,1,刘娟,Portuguese,13
LSTM,735,2.852468729019165,2.8867660999298095,0,0.05714285714285714,0.12,Italian,9,Lorenzo Bianchi,Portuguese,13
LSTM,736,2.8724820613861084,2.887976598739624,0,0.057065217391304345,0.1,Dutch,3,Bram Visser,Portuguese,13
LSTM,737,2.9579622745513916,2.888739767074585,0,0.05698778833107191,0.1,Spanish,16,Miguel González,Portuguese,13
LSTM,738,2.9510083198547363,2.888463144302368,0,0.056910569105691054,0.1,English,4,Thomas Taylor,Portuguese,13
LSTM,739,2.8725662231445312,2.8894531679153443,0,0.056833558863328824,0.1,Scottish,15,Stuart MacKenzie,Portuguese,13
LSTM,740,2.8556344509124756,2.8884698867797853,0,0.05675675675675676,0.1,Dutch,3,Lars van Dijk,Portuguese,13
LSTM,741,2.8702430725097656,2.8875792741775514,0,0.05668016194331984,0.1,Vietnamese,17,Hoàng Nam,Portuguese,13
LSTM,742,2.8596644401550293,2.8867122459411623,0,0.05660377358490566,0.1,Dutch,3,Sem Meijer,Portuguese,13
LSTM,743,2.860943078994751,2.8840081310272216,0,0.05652759084791386,0.1,Irish,8,Oisín Gallagher,Portuguese,13
LSTM,744,2.8661980628967285,2.88335994720459,0,0.056451612903225805,0.1,Greek,7,Ανδρέας Αθανασίου,Portuguese,13
LSTM,745,2.865370512008667,2.8813893175125123,0,0.056375838926174496,0.1,Vietnamese,17,Đặng Phong,Portuguese,13
LSTM,746,2.8529245853424072,2.8794635343551636,0,0.05630026809651475,0.1,Vietnamese,17,Nguyễn Hiếu,Portuguese,13
LSTM,747,2.8665285110473633,2.877644724845886,0,0.05622489959839357,0.1,Irish,8,Fionn Murphy,Portuguese,13
LSTM,748,2.9367213249206543,2.878321871757507,0,0.05614973262032086,0.1,French,5,Hugo Petit,Portuguese,13
LSTM,749,2.851698875427246,2.878372197151184,0,0.056074766355140186,0.1,Italian,9,Fabio Bianchi,Portuguese,13
LSTM,750,2.990828514099121,2.880697183609009,0,0.056,0.1,Korean,11,김지훈,Portuguese,13
LSTM,751,2.944739580154419,2.8832768392562866,0,0.0559254327563249,0.1,French,5,Noël Bernard,Portuguese,13
LSTM,752,2.946084499359131,2.8845561122894288,0,0.05585106382978723,0.1,Polish,12,Stanisław Nowak,Portuguese,13
LSTM,753,2.9546453952789307,2.88580114364624,0,0.055776892430278883,0.1,English,4,Charles St. John,Portuguese,13
LSTM,754,2.871351957321167,2.885154576301575,0,0.05570291777188329,0.1,Arabic,0,عمر الخطيب,Portuguese,13
LSTM,755,2.9574034214019775,2.8851726484298705,0,0.05562913907284768,0.1,Spanish,16,Pablo González,Portuguese,13
LSTM,756,2.9420886039733887,2.8848462009429934,0,0.05555555555555555,0.1,Polish,12,Marcin Kamiński,Portuguese,13
LSTM,757,2.8841702938079834,2.884813513755798,0,0.05548216644649934,0.1,Russian,14,Владимир Кузнецов,Portuguese,13
LSTM,758,2.9271435737609863,2.887006254196167,0,0.055408970976253295,0.1,French,5,Mathieu Robert,Portuguese,13
LSTM,759,2.8412668704986572,2.8847306776046753,0,0.05533596837944664,0.1,Italian,9,Davide Greco,Portuguese,13
LSTM,760,2.8209710121154785,2.8833737421035766,0,0.05526315789473684,0.1,Japanese,10,加藤健一,Portuguese,13
LSTM,761,2.8944759368896484,2.885163187980652,0,0.05519053876478318,0.08,Czech,2,Adam Novák,Portuguese,13
LSTM,762,2.9405016899108887,2.886414351463318,0,0.05511811023622047,0.08,English,4,James Williams,Portuguese,13
LSTM,763,2.961916208267212,2.8877623796463014,0,0.05504587155963303,0.08,Chinese,1,吴杰,Portuguese,13
LSTM,764,2.8886678218841553,2.889098677635193,0,0.0549738219895288,0.08,Czech,2,Michal Dvořák,Portuguese,13
LSTM,765,2.8852760791778564,2.8892017555236817,0,0.054901960784313725,0.08,Russian,14,Евгений Михайлов,Portuguese,13
LSTM,766,2.805939197540283,2.889093780517578,1,0.05613577023498695,0.08,Portuguese,13,Carlos Rodrigues,Portuguese,13
LSTM,767,2.872575521469116,2.8890377378463743,0,0.0560625814863103,0.08,Russian,14,Виктор Попов,Portuguese,13
LSTM,768,2.854095935821533,2.8902436113357544,0,0.055989583333333336,0.06,Irish,8,Michael O'Brien,Portuguese,13
LSTM,769,2.9539644718170166,2.891807336807251,0,0.055916775032509754,0.06,Spanish,16,Jorge Fernández,Portuguese,13
LSTM,770,2.9677693843841553,2.8951793622970583,0,0.05584415584415584,0.04,Korean,11,강서준,Portuguese,13
LSTM,771,2.854761838912964,2.8952094507217407,0,0.055771725032425425,0.04,Dutch,3,Joris van den Berg,Portuguese,13
LSTM,772,2.8745713233947754,2.8936662912368774,0,0.05569948186528497,0.04,Scottish,15,Ross Fraser,Portuguese,13
LSTM,773,2.849304437637329,2.893518257141113,0,0.055627425614489,0.04,Italian,9,Luca Rossi,Portuguese,13
LSTM,774,2.8706347942352295,2.8930336093902587,0,0.05555555555555555,0.04,Greek,7,Δημήτριος Αθανασίου,Portuguese,13
LSTM,775,2.9612467288970947,2.894393844604492,0,0.05548387096774193,0.04,Chinese,1,王芳,Portuguese,13
LSTM,776,2.839005947113037,2.8935219430923462,0,0.055412371134020616,0.04,German,6,Felix Fischer,Portuguese,13
LSTM,777,2.8259122371673584,2.890485181808472,0,0.055341055341055344,0.04,German,6,Lukas Hoffmann,Portuguese,13
LSTM,778,2.9496352672576904,2.891793885231018,0,0.055269922879177376,0.04,English,4,Mark St. John,Portuguese,13
LSTM,779,2.8581273555755615,2.8914825820922854,0,0.055198973042362,0.04,Irish,8,Aidan Walsh,Portuguese,13
LSTM,780,2.8243513107299805,2.8914853000640868,0,0.05512820512820513,0.04,Japanese,10,鈴木拓也,Portuguese,13
LSTM,781,2.8649303913116455,2.8912459325790407,0,0.05505761843790013,0.04,Arabic,0,يوسف الحسيني,Portuguese,13
LSTM,782,2.8047401905059814,2.8879675483703613,1,0.056265984654731455,0.06,Portuguese,13,Carlos Ferreira,Portuguese,13
LSTM,783,2.940978527069092,2.8910755491256714,0,0.0561941251596424,0.04,English,4,Paul Jones,Portuguese,13
LSTM,784,2.8655893802642822,2.889641604423523,0,0.05612244897959184,0.04,Vietnamese,17,Đặng Anh,Portuguese,13
LSTM,785,2.867502450942993,2.8899422788619997,0,0.05605095541401274,0.04,Greek,7,Βασίλειος Κωνσταντίνου,Portuguese,13
LSTM,786,2.859997272491455,2.8896925830841065,0,0.05597964376590331,0.04,Vietnamese,17,Võ Linh,Portuguese,13
LSTM,787,2.9665281772613525,2.889863901138306,0,0.05590851334180432,0.04,Korean,11,김예은,Portuguese,13
LSTM,788,2.942819356918335,2.8897001218795775,0,0.05583756345177665,0.04,Polish,12,Mateusz Woźniak,Portuguese,13
LSTM,789,2.9583377838134766,2.8914155530929566,0,0.05576679340937896,0.04,Chinese,1,杨艳,Portuguese,13
LSTM,790,2.861889600753784,2.8915406560897825,0,0.05569620253164557,0.04,Arabic,0,سليم الهاشمي,Portuguese,13
LSTM,791,2.901047945022583,2.892156753540039,0,0.05562579013906448,0.04,Czech,2,Jan Černý,Portuguese,13
LSTM,792,2.8014132976531982,2.8909917306900024,1,0.056818181818181816,0.06,Portuguese,13,Miguel Martins,Portuguese,13
LSTM,793,2.937776803970337,2.8925284051895144,0,0.05674653215636822,0.06,Polish,12,Piotr Woźniak,Portuguese,13
LSTM,794,2.795680522918701,2.8911180543899535,1,0.05793450881612091,0.08,Portuguese,13,André Pereira,Portuguese,13
LSTM,795,2.866379976272583,2.8911382436752318,0,0.05786163522012579,0.08,Dutch,3,Hendrik Bakker,Portuguese,13
LSTM,796,2.8580520153045654,2.891240792274475,0,0.05778894472361809,0.08,Arabic,0,عمر الغامدي,Portuguese,13
LSTM,797,2.9549875259399414,2.893009972572327,0,0.05771643663739021,0.08,French,5,Jean-Luc Dubois,Portuguese,13
LSTM,798,2.8837730884552,2.8919510078430175,0,0.05764411027568922,0.08,Russian,14,Павел Михайлов,Portuguese,13
LSTM,799,2.9929895401000977,2.8947768211364746,0,0.057571964956195244,0.08,Korean,11,이현우,Portuguese,13
LSTM,800,2.7796311378479004,2.8905528736114503,1,0.05875,0.1,Portuguese,13,Rui Santos,Portuguese,13
LSTM,801,2.867615222930908,2.88901038646698,0,0.05867665418227216,0.1,Greek,7,Θεόδωρος Αθανασίου,Portuguese,13
LSTM,802,2.936300277709961,2.8888147020339967,0,0.05860349127182045,0.1,Polish,12,Bartosz Lewandowski,Portuguese,13
LSTM,803,2.893307685852051,2.887587947845459,0,0.058530510585305104,0.1,Czech,2,Petr Procházka,Portuguese,13
LSTM,804,2.844329357147217,2.88704749584198,0,0.05845771144278607,0.1,Italian,9,Lorenzo Greco,Portuguese,13
LSTM,805,2.8178718090057373,2.884256863594055,0,0.058385093167701865,0.1,Japanese,10,高橋悠斗,Portuguese,13
LSTM,806,2.8204121589660645,2.881823334693909,0,0.05831265508684864,0.1,Japanese,10,加藤さくら,Portuguese,13
LSTM,807,2.9512109756469727,2.8831641483306885,0,0.058240396530359353,0.1,French,5,J.-P. Martin,Portuguese,13
LSTM,808,2.9551684856414795,2.8837246465682984,0,0.05816831683168317,0.1,Spanish,16,Carlos Gómez,Portuguese,13
LSTM,809,2.853860378265381,2.883976516723633,0,0.0580964153275649,0.1,Dutch,3,Sem Janssen,Portuguese,13
LSTM,810,2.9552226066589355,2.886661548614502,0,0.05802469135802469,0.1,Spanish,16,Jorge González,Portuguese,13
LSTM,811,2.987277030944824,2.8885175704956056,0,0.05795314426633785,0.1,Korean,11,정우진,Portuguese,13
LSTM,812,2.9500930309295654,2.888709397315979,0,0.05788177339901478,0.1,English,4,James Brown,Portuguese,13
LSTM,813,2.8484609127044678,2.8864402914047242,0,0.05781057810578106,0.1,Dutch,3,Sophie Jansen,Portuguese,13
LSTM,814,2.8586676120758057,2.8858402872085573,0,0.05773955773955774,0.1,Irish,8,Niall O'Brien,Portuguese,13
LSTM,815,2.947807788848877,2.8870909214019775,0,0.05766871165644172,0.1,French,5,Mathieu Dubois,Portuguese,13
LSTM,816,2.942624568939209,2.889824628829956,0,0.05759803921568627,0.08,English,4,Donald St. John,Portuguese,13
LSTM,817,2.888857126235962,2.890150260925293,0,0.05752753977968176,0.08,Czech,2,Lukáš Novotný,Portuguese,13
LSTM,818,2.8927924633026123,2.8909241914749146,0,0.05745721271393643,0.08,Scottish,15,Aileen Murray,Portuguese,13
LSTM,819,2.884681463241577,2.8895385313034057,0,0.057387057387057384,0.08,Russian,14,Николай Михайлов,Portuguese,13
LSTM,820,2.8176560401916504,2.8865362644195556,0,0.05731707317073171,0.08,Japanese,10,小林太郎,Portuguese,13
LSTM,821,2.813103437423706,2.8857030963897703,0,0.057247259439707675,0.08,Japanese,10,鈴木健一,Portuguese,13
LSTM,822,2.8738319873809814,2.8856883096694945,0,0.057177615571776155,0.08,Russian,14,Роман Иванов,Portuguese,13
LSTM,823,2.886931896209717,2.8864408588409423,0,0.05710814094775213,0.08,Scottish,15,Niall Murray,Portuguese,13
LSTM,824,2.8464226722717285,2.8859566164016726,0,0.05703883495145631,0.08,Italian,9,Lorenzo Esposito,Portuguese,13
LSTM,825,2.9627044200897217,2.885985770225525,0,0.05696969696969697,0.08,Chinese,1,陈勇,Portuguese,13
LSTM,826,2.959254503250122,2.8883907413482666,0,0.05690072639225181,0.08,Spanish,16,Sergio García,Portuguese,13
LSTM,827,2.8386263847351074,2.8886450242996218,0,0.056831922611850064,0.08,Italian,9,Vincenzo Romano,Portuguese,13
LSTM,828,2.868967056274414,2.887031660079956,0,0.05676328502415459,0.08,Russian,14,Евгений Иванов,Portuguese,13
LSTM,829,2.9436535835266113,2.888742184638977,0,0.05669481302774427,0.08,Chinese,1,陈涛,Portuguese,13
LSTM,830,2.8429033756256104,2.8891132259368897,0,0.056626506024096385,0.08,Italian,9,Giuseppe Rossi,Portuguese,13
LSTM,831,2.895285129547119,2.889720320701599,0,0.056558363417569195,0.08,Czech,2,Štěpán Veselý,Portuguese,13
LSTM,832,2.952882766723633,2.892683172225952,0,0.056490384615384616,0.06,Spanish,16,Sergio López,Portuguese,13
LSTM,833,2.867572784423828,2.891215057373047,0,0.056422569027611044,0.06,Russian,14,Дмитрий Соколов,Portuguese,13
LSTM,834,2.8707222938537598,2.8913177156448366,0,0.05635491606714628,0.06,Vietnamese,17,Đặng Khang,Portuguese,13
LSTM,835,2.9585490226745605,2.8931386470794678,0,0.0562874251497006,0.06,Chinese,1,杨明,Portuguese,13
LSTM,836,2.8467087745666504,2.8928728771209715,0,0.056220095693779906,0.06,German,6,Klaus Weber,Portuguese,13
LSTM,837,2.8786580562591553,2.8911154747009276,0,0.056152927120669056,0.06,Scottish,15,Hamish Fraser,Japanese,10
LSTM,838,2.937443494796753,2.891007957458496,0,0.05608591885441527,0.06,English,4,Mark Smith,Portuguese,13
LSTM,839,2.8563661575317383,2.8889685249328614,0,0.05601907032181168,0.06,Russian,14,Виктор Петров,Portuguese,13
LSTM,840,2.808236837387085,2.8878954696655272,0,0.055952380952380955,0.06,Japanese,10,加藤一郎,Portuguese,13
LSTM,841,2.9005966186523438,2.8878864431381226,0,0.0558858501783591,0.06,Czech,2,Michal Kučera,Portuguese,13
LSTM,842,2.9499881267547607,2.8908579397201537,0,0.055819477434679333,0.04,French,5,Jules Martin,Portuguese,13
LSTM,843,2.8762402534484863,2.889627208709717,0,0.05575326215895611,0.04,Greek,7,Δημήτριος Σταυρίδης,Portuguese,13
LSTM,844,2.8532307147979736,2.890778212547302,0,0.05568720379146919,0.02,Russian,14,Максим Попов,Portuguese,13
LSTM,845,2.9450645446777344,2.8923519039154053,0,0.05562130177514793,0.02,Spanish,16,Manuel Sánchez,Portuguese,13
LSTM,846,2.9242424964904785,2.8936757135391233,0,0.05555555555555555,0.02,French,5,Marcel Robert,Portuguese,13
LSTM,847,2.9814703464508057,2.894205369949341,0,0.05548996458087367,0.02,Korean,11,최예준,Portuguese,13
LSTM,848,2.945411205291748,2.895438132286072,0,0.055424528301886794,0.02,Polish,12,Tomasz Kamiński,Portuguese,13
LSTM,849,2.8119657039642334,2.8918176555633544,0,0.05535924617196702,0.02,Japanese,10,小林京子,Portuguese,13
LSTM,850,2.952284812927246,2.8952707290649413,0,0.05529411764705883,0.0,Chinese,1,吴芳,Portuguese,13
LSTM,851,2.7904670238494873,2.893727765083313,1,0.0564042303172738,0.02,Japanese,10,佐藤悠斗,Japanese,10
LSTM,852,2.8054137229919434,2.891110033988953,1,0.057511737089201875,0.04,Japanese,10,鈴木健,Japanese,10
LSTM,853,2.870070457458496,2.8906452894210815,0,0.05744431418522861,0.04,Vietnamese,17,Võ Minh,Japanese,10
LSTM,854,2.939561128616333,2.892549924850464,0,0.05737704918032787,0.04,Polish,12,Grzegorz Wójcik,Japanese,10
LSTM,855,2.8844003677368164,2.8938804960250852,0,0.05730994152046784,0.04,Irish,8,Declan Kennedy,Portuguese,13
LSTM,856,2.938647747039795,2.89624520778656,0,0.05724299065420561,0.04,English,4,David Jones,Japanese,10
LSTM,857,2.8914945125579834,2.8950508785247804,0,0.057176196032672114,0.04,Czech,2,Michal Veselý,Portuguese,13
LSTM,858,2.932583808898926,2.894599184989929,0,0.05710955710955711,0.04,English,4,Charles Jones,Japanese,10
LSTM,859,2.8403851985931396,2.8943296813964845,0,0.0570430733410943,0.04,Italian,9,Francesco Marino,Portuguese,13
LSTM,860,2.935434341430664,2.893933916091919,0,0.056976744186046514,0.04,Polish,12,Adam Kowalski,Japanese,10
LSTM,861,2.8769710063934326,2.8917277956008913,0,0.056910569105691054,0.04,Czech,2,Václav Dvořák,Japanese,10
LSTM,862,2.8681533336639404,2.8900890016555785,0,0.0568445475638051,0.04,Vietnamese,17,Hoàng Phong,Japanese,10
LSTM,863,2.7899999618530273,2.88891978263855,1,0.05793742757821553,0.06,Japanese,10,鈴木大輔,Japanese,10
LSTM,864,2.945727586746216,2.890660982131958,0,0.05787037037037037,0.06,Spanish,16,Daniel Fernández,Japanese,10
LSTM,865,2.811504602432251,2.8879349184036256,0,0.057803468208092484,0.06,Portuguese,13,Francisco Rodrigues,Japanese,10
LSTM,866,2.986335515975952,2.8888091373443605,0,0.057736720554272515,0.06,Korean,11,김성민,Portuguese,13
LSTM,867,2.9814233779907227,2.8906604623794556,0,0.05767012687427912,0.06,Korean,11,최민지,Japanese,10
LSTM,868,2.946613311767578,2.891736879348755,0,0.0576036866359447,0.06,French,5,Mathieu Thomas,Japanese,10
LSTM,869,2.7806897163391113,2.8896570444107055,1,0.05868814729574223,0.08,Japanese,10,加藤悠斗,Japanese,10
LSTM,870,2.8883707523345947,2.8910713386535645,0,0.05862068965517241,0.08,Scottish,15,Iain MacKenzie,Japanese,10
LSTM,871,2.8814563751220703,2.8924383974075316,0,0.05855338691159587,0.08,Greek,7,Ευάγγελος Παπαδάκης,Japanese,10
LSTM,872,2.928126811981201,2.893524293899536,0,0.058486238532110095,0.08,English,4,J.R. Smith,Japanese,10
LSTM,873,2.8408517837524414,2.8926026916503904,0,0.058419243986254296,0.08,Italian,9,Domenico Russo,Portuguese,13
LSTM,874,2.94474458694458,2.894569129943848,0,0.05835240274599542,0.08,Spanish,16,Rafael Díaz,Japanese,10
LSTM,875,2.8661623001098633,2.8926382875442505,0,0.05828571428571429,0.08,Vietnamese,17,Đặng Khang,Japanese,10
LSTM,876,2.942270517349243,2.8922986078262327,0,0.05821917808219178,0.08,Spanish,16,Jorge García,Japanese,10
LSTM,877,2.7772836685180664,2.891071753501892,1,0.059293044469783354,0.1,Japanese,10,加藤悠斗,Japanese,10
LSTM,878,2.9354586601257324,2.8924015855789182,0,0.05922551252847381,0.1,English,4,Matthew Wilson,Portuguese,13
LSTM,879,2.9349429607391357,2.892227373123169,0,0.05915813424345848,0.1,Polish,12,Szymon Kowalski,Japanese,10
LSTM,880,2.943437337875366,2.894238052368164,0,0.05909090909090909,0.1,French,5,François Thomas,Japanese,10
LSTM,881,2.9430084228515625,2.895192518234253,0,0.05902383654937571,0.1,French,5,Émile L'Hôpital,Japanese,10
LSTM,882,2.8617825508117676,2.8933705139160155,0,0.05895691609977324,0.1,Russian,14,Игорь Иванов,Japanese,10
LSTM,883,2.8102738857269287,2.8922245359420775,0,0.05889014722536806,0.1,Portuguese,13,Tiago Oliveira,Japanese,10
LSTM,884,2.8776450157165527,2.8923629903793335,0,0.058823529411764705,0.1,Greek,7,Αθανάσιος Αθανασίου,Portuguese,13
LSTM,885,2.833059787750244,2.889853205680847,0,0.05875706214689266,0.1,Italian,9,Marco Greco,Portuguese,13
LSTM,886,2.8540852069854736,2.8900007343292238,0,0.05869074492099323,0.1,Russian,14,Юрий Сидоров,Portuguese,13
LSTM,887,2.868356943130493,2.8897947120666503,0,0.058624577226606536,0.1,Vietnamese,17,Phạm Bình,Japanese,10
LSTM,888,2.8312392234802246,2.88767062664032,0,0.05855855855855856,0.1,Italian,9,Alessandro Colombo,Portuguese,13
LSTM,889,2.860215425491333,2.8877476119995116,0,0.05849268841394826,0.1,German,6,Friedrich Weber,Japanese,10
LSTM,890,2.8499467372894287,2.8885818099975586,0,0.058426966292134834,0.1,Russian,14,Сергей Попов,Japanese,10
LSTM,891,2.8212742805480957,2.8869953632354735,0,0.058361391694725026,0.1,Italian,9,Giuseppe Greco,Portuguese,13
LSTM,892,2.931394577026367,2.886623492240906,0,0.05829596412556054,0.1,Polish,12,Jakub Lewandowski,Japanese,10
LSTM,893,2.9366369247436523,2.887831425666809,0,0.05823068309070549,0.1,Spanish,16,Francisco Martínez,Japanese,10
LSTM,894,2.9353041648864746,2.8894728946685793,0,0.058165548098434,0.1,French,5,Louis Thomas,Japanese,10
LSTM,895,2.930324077606201,2.8891780853271483,0,0.05810055865921788,0.1,English,4,William Brown,Japanese,10
LSTM,896,2.9449121952056885,2.8895914793014525,0,0.05803571428571429,0.1,Chinese,1,吴静,Portuguese,13
LSTM,897,2.8886234760284424,2.887734541893005,0,0.057971014492753624,0.1,Scottish,15,Rory Stewart,Japanese,10
LSTM,898,2.8560991287231445,2.8859483003616333,0,0.05790645879732739,0.1,Vietnamese,17,Trần Hiếu,Japanese,10
LSTM,899,2.9304041862487793,2.888317070007324,0,0.05784204671857619,0.1,Spanish,16,Juan Fernández,Japanese,10
LSTM,900,2.82273268699646,2.8857260274887087,0,0.057777777777777775,0.1,Italian,9,Andrea Russo,Portuguese,13
LSTM,901,2.9081761837005615,2.88808021068573,0,0.05771365149833518,0.08,French,5,Hugo Petit,Japanese,10
LSTM,902,2.8509156703948975,2.888990249633789,0,0.057649667405764965,0.06,Russian,14,Игорь Васильев,Japanese,10
LSTM,903,2.9139766693115234,2.8898683738708497,0,0.05758582502768549,0.06,English,4,Daniel Miller,Japanese,10
LSTM,904,2.8871190547943115,2.8888195323944093,0,0.05752212389380531,0.06,Czech,2,Matěj Novotný,Japanese,10
LSTM,905,2.843531847000122,2.888002161979675,0,0.057458563535911604,0.06,Russian,14,Евгений Кузнецов,Portuguese,13
LSTM,906,2.8910531997680664,2.8870502710342407,0,0.05739514348785872,0.06,Arabic,0,حسين الهاشمي,Japanese,10
LSTM,907,2.9649174213409424,2.8885187292099,0,0.05733186328555678,0.06,Chinese,1,杨芳,Japanese,10
LSTM,908,2.9312572479248047,2.8884921979904177,0,0.05726872246696035,0.06,Spanish,16,Pablo López,Japanese,10
LSTM,909,2.8859081268310547,2.8894026565551756,0,0.05720572057205721,0.06,Greek,7,Αικατερίνη Νικολάου,Portuguese,13
LSTM,910,2.8905160427093506,2.8885042905807494,0,0.05714285714285714,0.06,Czech,2,Daniel Černý,Japanese,10
LSTM,911,2.872359275817871,2.8884120559692383,0,0.0570801317233809,0.06,Greek,7,Χρήστος Παπαδόπουλος,Japanese,10
LSTM,912,2.802156925201416,2.887092127799988,1,0.0581140350877193,0.08,Japanese,10,鈴木裕子,Japanese,10
LSTM,913,2.796126127243042,2.8872146511077883,1,0.05914567360350493,0.08,Japanese,10,鈴木彩,Japanese,10
LSTM,914,2.9160549640655518,2.8866211986541748,0,0.05908096280087528,0.08,English,4,Charles Smith,Japanese,10
LSTM,915,2.820516347885132,2.8868014335632326,0,0.05901639344262295,0.08,Italian,9,Alessandro Colombo,Japanese,10
LSTM,916,2.915440797805786,2.8853835391998293,0,0.05895196506550218,0.08,English,4,Donald St. John,Japanese,10
LSTM,917,2.895925998687744,2.8836735916137695,0,0.05888767720828789,0.08,Scottish,15,Ross Murray,Japanese,10
LSTM,918,2.8985400199890137,2.8827121257781982,0,0.058823529411764705,0.08,Arabic,0,محمد الخطيب,Japanese,10
LSTM,919,2.8837709426879883,2.884773750305176,0,0.058759521218716,0.06,Arabic,0,حسن العتيبي,Japanese,10
LSTM,920,2.8794517517089844,2.8845953702926637,0,0.058695652173913045,0.06,German,6,Sophie Schmidt,Japanese,10
LSTM,921,2.857703685760498,2.8841203165054323,0,0.05863192182410423,0.06,Vietnamese,17,Đặng Hiếu,Japanese,10
LSTM,922,2.9262607097625732,2.8840829944610595,0,0.05856832971800434,0.06,Spanish,16,Javier Martínez,Japanese,10
LSTM,923,2.8964009284973145,2.885193977355957,0,0.05850487540628386,0.06,Dutch,3,Anne Meijer,Japanese,10
LSTM,924,2.814422607421875,2.882587537765503,0,0.05844155844155844,0.06,Italian,9,Alessandro Esposito,Japanese,10
LSTM,925,2.811922073364258,2.8815027332305907,0,0.05837837837837838,0.06,Italian,9,Luca Russo,Japanese,10
LSTM,926,2.954636573791504,2.881750054359436,0,0.058315334773218146,0.06,Chinese,1,刘芳,Japanese,10
LSTM,927,2.818467617034912,2.8825737333297727,0,0.05825242718446602,0.04,Portuguese,13,Manuel Jesus,Japanese,10
LSTM,928,2.845592498779297,2.880776410102844,0,0.05818965517241379,0.04,Russian,14,Павел Иванов,Japanese,10
LSTM,929,2.8803551197052,2.8796846532821654,0,0.0581270182992465,0.04,Dutch,3,Bram Janssen,Japanese,10
LSTM,930,2.8756096363067627,2.8783280992507936,0,0.05806451612903226,0.04,Vietnamese,17,Nguyễn Đức,Japanese,10
LSTM,931,2.9222991466522217,2.8779139137268066,0,0.05800214822771214,0.04,Spanish,16,Francisco Pérez,Japanese,10
LSTM,932,2.875166177749634,2.8781815862655638,0,0.05793991416309013,0.04,Greek,7,Νικόλαος Σταυρίδης,Japanese,10
LSTM,933,2.917243242263794,2.880320973396301,0,0.05787781350482315,0.04,English,4,Donald Brown,Japanese,10
LSTM,934,2.8063771724700928,2.878895616531372,0,0.057815845824411134,0.04,Portuguese,13,João Silva,Japanese,10
LSTM,935,3.004127264022827,2.8823169660568237,0,0.057754010695187166,0.04,Korean,11,최지훈,Japanese,10
LSTM,936,2.8129467964172363,2.881494197845459,0,0.057692307692307696,0.04,Portuguese,13,Rui Ferreira,Japanese,10
LSTM,937,2.90226149559021,2.8821722888946533,0,0.0576307363927428,0.04,Czech,2,Filip Kučera,Japanese,10
LSTM,938,2.9642605781555176,2.8848327159881593,0,0.057569296375266525,0.04,Korean,11,김하은,Japanese,10
LSTM,939,2.9161040782928467,2.8859504890441894,0,0.05750798722044728,0.04,Spanish,16,Álvaro Sánchez,Japanese,10
LSTM,940,2.9091861248016357,2.8871352767944334,0,0.0574468085106383,0.04,Spanish,16,Jorge Sánchez,Japanese,10
LSTM,941,2.858691453933716,2.887883620262146,0,0.057385759829968117,0.04,Vietnamese,17,Nguyễn Hải,Japanese,10
LSTM,942,2.940250873565674,2.888060746192932,0,0.05732484076433121,0.04,Polish,12,Jan Lewandowski,Japanese,10
LSTM,943,2.9559483528137207,2.8884469747543333,0,0.05726405090137858,0.04,Chinese,1,吴娜,Portuguese,13
LSTM,944,2.9368653297424316,2.8884781980514527,0,0.057203389830508475,0.04,Polish,12,Kamil Kowalczyk,Japanese,10
LSTM,945,2.912212371826172,2.888115963935852,0,0.05714285714285714,0.04,Irish,8,Brendan Kennedy,Portuguese,13
LSTM,946,2.8860838413238525,2.8869393968582155,0,0.05708245243128964,0.04,Arabic,0,طارق الغامدي,Japanese,10
LSTM,947,2.8903839588165283,2.886974606513977,0,0.057022175290390706,0.04,Czech,2,Jiří Černý,Japanese,10
LSTM,948,2.8740768432617188,2.8873341608047487,0,0.056962025316455694,0.04,Greek,7,Χρήστος Σταυρίδης,Japanese,10
LSTM,949,2.8918471336364746,2.8865630197525025,0,0.05690200210748156,0.04,Dutch,3,Sophie Meijer,Japanese,10
LSTM,950,2.79073166847229,2.8859229993820192,1,0.05789473684210526,0.06,Japanese,10,鈴木誠,Japanese,10
LSTM,951,2.9542078971862793,2.8868436336517336,0,0.05783385909568875,0.06,Chinese,1,陈勇,Japanese,10
LSTM,952,2.8478055000305176,2.886781430244446,0,0.05777310924369748,0.06,Vietnamese,17,Hoàng Hiếu,Japanese,10
LSTM,953,2.9494118690490723,2.8874901342391968,0,0.05771248688352571,0.06,French,5,J.-P. L'Hôpital,Portuguese,13
LSTM,954,2.853365182876587,2.886815056800842,0,0.057651991614255764,0.06,Russian,14,Сергей Михайлов,Portuguese,13
LSTM,955,2.907402276992798,2.8880924654006956,0,0.05759162303664921,0.06,Scottish,15,Angus Douglas,Japanese,10
LSTM,956,2.9300007820129395,2.888871417045593,0,0.05753138075313807,0.06,French,5,Mathieu Bernard,Japanese,10
LSTM,957,2.8929216861724854,2.887431502342224,0,0.05747126436781609,0.06,Czech,2,Tomáš Němec,Japanese,10
LSTM,958,2.8426742553710938,2.8856598424911497,0,0.05741127348643006,0.06,Russian,14,Евгений Иванов,Portuguese,13
LSTM,959,2.8229949474334717,2.8844015789031983,0,0.05735140771637122,0.06,Italian,9,Luca Ferrari,Japanese,10
LSTM,960,2.9546310901641846,2.885683879852295,0,0.057291666666666664,0.06,Chinese,1,张艳,Japanese,10
LSTM,961,2.9419872760772705,2.887076439857483,0,0.05723204994797086,0.06,Chinese,1,陈伟,Japanese,10
LSTM,962,2.8108251094818115,2.887249803543091,0,0.057172557172557176,0.04,Italian,9,Luca Colombo,Portuguese,13
LSTM,963,2.933713674545288,2.8900015544891358,0,0.05711318795430945,0.02,Polish,12,Szymon Lewandowski,Italian,9
LSTM,964,2.8888092041015625,2.8894566392898557,0,0.05705394190871369,0.02,Scottish,15,Ewan Campbell,Portuguese,13
LSTM,965,2.954444408416748,2.8921352005004883,0,0.05699481865284974,0.02,Chinese,1,周杰,Japanese,10
LSTM,966,2.8779256343841553,2.8913848972320557,0,0.056935817805383024,0.02,German,6,Johannes Fischer,Japanese,10
LSTM,967,2.994164228439331,2.8933496618270875,0,0.05687693898655636,0.02,Korean,11,임민지,Japanese,10
LSTM,968,2.9330105781555176,2.8940390729904175,0,0.056818181818181816,0.02,Chinese,1,吴磊,Japanese,10
LSTM,969,2.8138186931610107,2.892640027999878,1,0.05779153766769866,0.04,Japanese,10,田中美咲,Japanese,10
LSTM,970,2.8827338218688965,2.8927056694030764,0,0.0577319587628866,0.04,Dutch,3,Lucas van Dijk,Japanese,10
LSTM,971,2.80741286277771,2.8916998529434204,0,0.057672502574665295,0.04,Portuguese,13,António Costa,Japanese,10
LSTM,972,2.8416850566864014,2.8900083398818968,0,0.05761316872427984,0.04,Russian,14,Сергей Кузнецов,Portuguese,13
LSTM,973,2.815296173095703,2.888386244773865,0,0.05755395683453238,0.04,Japanese,10,高橋愛,Portuguese,13
LSTM,974,2.900237798690796,2.890102548599243,0,0.057494866529774126,0.04,Scottish,15,Stuart Douglas,Japanese,10
LSTM,975,2.8840599060058594,2.891545305252075,0,0.057435897435897436,0.04,Scottish,15,Ross Stewart,Japanese,10
LSTM,976,2.9176509380340576,2.8908055925369265,0,0.05737704918032787,0.04,Spanish,16,Javier Rodríguez,Japanese,10
LSTM,977,2.8930892944335938,2.8922980260849,0,0.057318321392016376,0.04,Czech,2,Jakub Němec,Japanese,10
LSTM,978,2.8034746646881104,2.891455669403076,0,0.05725971370143149,0.04,Portuguese,13,João Santos,Japanese,10
LSTM,979,2.808840274810791,2.890025372505188,0,0.05720122574055159,0.04,Portuguese,13,André Martins,Japanese,10
LSTM,980,2.9363811016082764,2.891240801811218,0,0.05714285714285714,0.04,French,5,J.-P. Durand,Japanese,10
LSTM,981,2.8180556297302246,2.889155931472778,0,0.05708460754332314,0.04,Italian,9,Antonio Bianchi,Japanese,10
LSTM,982,2.8790664672851562,2.889233937263489,0,0.05702647657841141,0.04,Dutch,3,Jan Jansen,Portuguese,13
LSTM,983,2.8094253540039062,2.887077579498291,0,0.056968463886063074,0.04,Japanese,10,小林美咲,Portuguese,13
LSTM,984,2.8030056953430176,2.8870101499557497,0,0.056910569105691054,0.04,Italian,9,Vincenzo Esposito,Portuguese,13
LSTM,985,2.84320068359375,2.883791618347168,0,0.05685279187817259,0.04,Russian,14,Николай Соколов,Portuguese,13
LSTM,986,2.8051345348358154,2.8836353731155397,0,0.056795131845841784,0.04,Portuguese,13,António Ferreira,Japanese,10
LSTM,987,2.8340392112731934,2.8822709274291993,0,0.05673758865248227,0.04,Russian,14,Евгений Кузнецов,Portuguese,13
LSTM,988,2.8272974491119385,2.8795316648483276,0,0.05668016194331984,0.04,Russian,14,Иван Иванов,Portuguese,13
LSTM,989,2.9744575023651123,2.880698733329773,0,0.056622851365015166,0.04,Korean,11,윤하은,Japanese,10
LSTM,990,2.799612522125244,2.878507261276245,0,0.05656565656565657,0.04,Portuguese,13,Francisco Pereira,Japanese,10
LSTM,991,2.9231410026550293,2.8797962522506713,0,0.056508577194752774,0.04,Chinese,1,王平,Portuguese,13
LSTM,992,2.940685749053955,2.879804949760437,0,0.056451612903225805,0.04,Polish,12,Adam Kowalczyk,Portuguese,13
LSTM,993,2.91774320602417,2.879040846824646,0,0.05639476334340383,0.04,Spanish,16,Juan Díaz,Portuguese,13
LSTM,994,2.9372718334198,2.8790489768981935,0,0.056338028169014086,0.04,French,5,Gabriel Martin,Portuguese,13
LSTM,995,2.937039375305176,2.8795455169677733,0,0.05628140703517588,0.04,English,4,Mark Wilson,Portuguese,13
LSTM,996,2.8231265544891357,2.878286371231079,0,0.05622489959839357,0.04,Russian,14,Дмитрий Иванов,Portuguese,13
LSTM,997,2.9195477962493896,2.8788696479797364,0,0.05616850551654965,0.04,English,4,Paul Smith,Japanese,10
LSTM,998,2.8855957984924316,2.8791000270843505,0,0.056112224448897796,0.04,Greek,7,Σοφία Σταυρίδης,Japanese,10
LSTM,999,2.9851930141448975,2.880966944694519,0,0.056056056056056056,0.04,Korean,11,정예준,Portuguese,13
LSTM,1000,2.93399977684021,2.8838323068618776,0,0.056,0.02,Polish,12,Paweł Zieliński,Portuguese,13
LSTM,1001,2.915903091430664,2.8830662107467653,0,0.055944055944055944,0.02,Chinese,1,赵涛,Portuguese,13
LSTM,1002,2.915571928024292,2.884421539306641,0,0.05588822355289421,0.02,English,4,Anthony Taylor,Japanese,10
LSTM,1003,2.8193910121917725,2.8818211221694945,0,0.05583250249252243,0.02,Russian,14,Николай Кузнецов,Portuguese,13
LSTM,1004,2.9662084579467773,2.8840779876708984,0,0.055776892430278883,0.02,Korean,11,강지호,Portuguese,13
LSTM,1005,2.890897750854492,2.8837478971481323,0,0.05572139303482587,0.02,Czech,2,Jakub Veselý,Portuguese,13
LSTM,1006,2.914205551147461,2.8834319925308227,0,0.055666003976143144,0.02,English,4,Mark Davis,Portuguese,13
LSTM,1007,2.9800474643707275,2.8851745080947877,0,0.05561072492552135,0.02,Korean,11,강지훈,Japanese,10
LSTM,1008,2.8039207458496094,2.884399437904358,0,0.05555555555555555,0.02,Japanese,10,小林翔,Portuguese,13
LSTM,1009,2.9169886112213135,2.8862793111801146,0,0.05550049554013875,0.02,Irish,8,Conor Walsh,Japanese,10
LSTM,1010,2.8776793479919434,2.88474027633667,0,0.055445544554455446,0.02,Dutch,3,Kees de Jong,Japanese,10
LSTM,1011,2.933403491973877,2.884568600654602,0,0.05539070227497527,0.02,French,5,Gabriel Durand,Japanese,10
LSTM,1012,2.920128583908081,2.8867546701431275,0,0.05533596837944664,0.02,Spanish,16,Álvaro López,Portuguese,13
LSTM,1013,2.871042251586914,2.88550124168396,0,0.055281342546890426,0.02,Vietnamese,17,Trần Khôi,Portuguese,13
LSTM,1014,2.923827886581421,2.8862016153335572,0,0.055226824457593686,0.02,Irish,8,Saoirse Kennedy,Portuguese,13
LSTM,1015,2.9171669483184814,2.885456066131592,0,0.05517241379310345,0.02,Irish,8,Seán Kennedy,Portuguese,13
LSTM,1016,2.8146157264709473,2.8841898679733275,0,0.05511811023622047,0.02,Russian,14,Николай Сидоров,Portuguese,13
LSTM,1017,2.8110296726226807,2.8805271768569947,0,0.05506391347099312,0.02,Italian,9,Stefano Marino,Portuguese,13
LSTM,1018,2.8983120918273926,2.879833207130432,0,0.0550098231827112,0.02,Scottish,15,Malcolm MacKenzie,Japanese,10
LSTM,1019,2.8796467781066895,2.8811497688293457,0,0.0549558390578999,0.0,Dutch,3,Lucas Jansen,Portuguese,13
LSTM,1020,2.885744571685791,2.8812099838256837,0,0.054901960784313725,0.0,Czech,2,Daniel Procházka,Portuguese,13
LSTM,1021,2.939737558364868,2.8838564777374267,0,0.05484818805093046,0.0,French,5,Benoît L'Hôpital,Portuguese,13
LSTM,1022,2.810215950012207,2.8832270956039427,0,0.0547945205479452,0.0,Russian,14,Андрей Петров,Portuguese,13
LSTM,1023,2.7997608184814453,2.8829163885116578,1,0.05571847507331378,0.02,Japanese,10,小林拓也,Japanese,10
LSTM,1024,2.98799467086792,2.8846715259552003,0,0.0556640625,0.02,Korean,11,임지훈,Japanese,10
LSTM,1025,2.884601354598999,2.884682354927063,0,0.055609756097560976,0.02,Czech,2,Jan Veselý,Japanese,10
LSTM,1026,2.8691940307617188,2.8837132167816164,0,0.05555555555555555,0.02,Vietnamese,17,Phạm Nam,Japanese,10
LSTM,1027,2.815213441848755,2.8821556997299194,0,0.055501460564751706,0.02,Italian,9,Alessandro Ferrari,Japanese,10
LSTM,1028,2.908032178878784,2.884246850013733,0,0.05544747081712062,0.02,French,5,Lucien Robert,Japanese,10
LSTM,1029,2.9168155193328857,2.886406354904175,0,0.05539358600583091,0.02,Spanish,16,Rafael González,Japanese,10
LSTM,1030,2.880948066711426,2.885297694206238,0,0.05533980582524272,0.02,Dutch,3,Sander de Vries,Japanese,10
LSTM,1031,2.9190402030944824,2.887317385673523,0,0.055286129970902036,0.02,English,4,James Brown,Italian,9
LSTM,1032,2.87921142578125,2.8873202848434447,0,0.055232558139534885,0.02,Scottish,15,Fraser MacDonald,Japanese,10
LSTM,1033,2.9838902950286865,2.8908095836639403,0,0.05517909002904162,0.02,Korean,11,윤지훈,Japanese,10
LSTM,1034,2.960273265838623,2.8939549350738525,0,0.0551257253384913,0.02,Korean,11,강민지,Japanese,10
LSTM,1035,2.863142967224121,2.89435378074646,0,0.05507246376811594,0.02,Vietnamese,17,Trần Minh,Russian,14
LSTM,1036,2.8731188774108887,2.8957134675979614,0,0.05501930501930502,0.02,Czech,2,Matěj Novák,Japanese,10
LSTM,1037,2.8011696338653564,2.8950560760498045,0,0.054966248794599805,0.02,Italian,9,Andrea Romano,Portuguese,13
LSTM,1038,2.887026071548462,2.896250648498535,0,0.05491329479768786,0.02,Scottish,15,Ross Fraser,Japanese,10
LSTM,1039,2.7996575832366943,2.892754650115967,1,0.05582290664100096,0.04,Portuguese,13,Bruno Sousa,Portuguese,13
LSTM,1040,2.806792736053467,2.8928982543945314,1,0.05673076923076923,0.06,Portuguese,13,Rui Martins,Portuguese,13
LSTM,1041,2.867711067199707,2.891789655685425,0,0.056676272814601344,0.06,Czech,2,David Svoboda,Portuguese,13
LSTM,1042,2.807915687561035,2.8891342544555663,0,0.05662188099808062,0.06,Japanese,10,小林健,Portuguese,13
LSTM,1043,2.866490602493286,2.888109202384949,0,0.05656759348034516,0.06,Czech,2,Daniel Procházka,Portuguese,13
LSTM,1044,2.819803476333618,2.885759835243225,0,0.05651340996168582,0.06,Russian,14,Николай Михайлов,Portuguese,13
LSTM,1045,2.9187417030334473,2.8853938817977904,0,0.05645933014354067,0.06,Spanish,16,Javier López,Portuguese,13
LSTM,1046,2.916025161743164,2.887251853942871,0,0.05640535372848948,0.06,English,4,J.R. St. John,Portuguese,13
LSTM,1047,2.8628299236297607,2.8861174964904786,0,0.05635148042024833,0.06,Vietnamese,17,Võ Dũng,Japanese,10
LSTM,1048,2.9359726905822754,2.8871250343322754,0,0.05629770992366412,0.06,French,5,Noël L'Hôpital,Portuguese,13
LSTM,1049,2.900322198867798,2.8854276180267333,0,0.05624404194470925,0.06,English,4,Christopher Miller,Japanese,10
LSTM,1050,2.918628215789795,2.8851201868057252,0,0.05619047619047619,0.06,Spanish,16,Miguel García,Japanese,10
LSTM,1051,2.8777544498443604,2.884357213973999,0,0.056137012369172214,0.06,Dutch,3,Joris Janssen,Portuguese,13
LSTM,1052,2.906766891479492,2.8841811132431032,0,0.05608365019011407,0.06,English,4,Paul Brown,Portuguese,13
LSTM,1053,2.925905704498291,2.8863114070892335,0,0.0560303893637227,0.06,French,5,Augustin Thomas,Japanese,10
LSTM,1054,2.796381711959839,2.882914872169495,1,0.056925996204933584,0.08,Japanese,10,加藤花子,Japanese,10
LSTM,1055,2.9055497646331787,2.8832079124450685,0,0.05687203791469194,0.08,Greek,7,Βασίλειος Νικολάου,Portuguese,13
LSTM,1056,2.906856060028076,2.883060922622681,0,0.056818181818181816,0.08,Spanish,16,Luis Rodríguez,Japanese,10
LSTM,1057,2.861232042312622,2.8806846141815186,0,0.05676442762535478,0.08,Czech,2,Martin Dvořák,Japanese,10
LSTM,1058,2.922637701034546,2.883058953285217,0,0.05671077504725898,0.08,German,6,Klaus Schulz,Japanese,10
LSTM,1059,2.8608157634735107,2.8819354963302612,0,0.056657223796033995,0.08,Vietnamese,17,Phạm Khôi,Japanese,10
LSTM,1060,2.897030830383301,2.8823225259780885,0,0.05660377358490566,0.08,English,4,James Taylor,Japanese,10
LSTM,1061,2.8206253051757812,2.8800669622421267,0,0.05655042412818096,0.08,Italian,9,Stefano Ricci,Japanese,10
LSTM,1062,2.8547544479370117,2.878759479522705,0,0.05649717514124294,0.08,Vietnamese,17,Trần Dũng,Japanese,10
LSTM,1063,2.895770311355591,2.8792540407180787,0,0.05644402634054563,0.08,Spanish,16,David Gómez,Japanese,10
LSTM,1064,2.922316312789917,2.8792238092422484,0,0.05639097744360902,0.08,French,5,Louis Dubois,Japanese,10
LSTM,1065,2.8880088329315186,2.8786406469345094,0,0.056338028169014086,0.08,English,4,Michael Williams,Japanese,10
LSTM,1066,2.8036084175109863,2.87842050075531,1,0.05722326454033771,0.1,Japanese,10,中村健,Japanese,10
LSTM,1067,2.9500434398651123,2.8812007761001586,0,0.05716963448922212,0.1,Chinese,1,王磊,Japanese,10
LSTM,1068,2.8586552143096924,2.8804076385498045,0,0.05711610486891386,0.1,Czech,2,Marek Novák,Japanese,10
LSTM,1069,2.906059980392456,2.88093590259552,0,0.05706267539756782,0.1,Irish,8,Oisín O'Connor,Japanese,10
LSTM,1070,2.898158550262451,2.881184182167053,0,0.05700934579439252,0.1,German,6,Lukas Hoffmann,Japanese,10
LSTM,1071,2.8121895790100098,2.878633222579956,0,0.05695611577964519,0.1,Portuguese,13,Mário Martins,Japanese,10
LSTM,1072,2.9236228466033936,2.8809013605117797,0,0.05690298507462686,0.1,Arabic,0,يوسف الحسيني,Japanese,10
LSTM,1073,2.853726863861084,2.8819806814193725,0,0.05684995340167754,0.08,Vietnamese,17,Phạm Nam,Japanese,10
LSTM,1074,2.8067641258239746,2.878356070518494,0,0.056797020484171325,0.08,Italian,9,Carlo Colombo,Portuguese,13
LSTM,1075,2.9007961750030518,2.878679966926575,0,0.05674418604651163,0.08,Greek,7,Ευάγγελος Αλεξίου,Portuguese,13
LSTM,1076,2.950970411300659,2.8803154945373537,0,0.056691449814126396,0.08,Polish,12,Marek Wójcik,Japanese,10
LSTM,1077,2.820552110671997,2.8804222679138185,0,0.056638811513463325,0.08,Russian,14,Сергей Иванов,Portuguese,13
LSTM,1078,2.949921131134033,2.881260046958923,0,0.05658627087198516,0.08,Chinese,1,张伟,Japanese,10
LSTM,1079,2.812948703765869,2.879182710647583,0,0.056533827618164965,0.08,Russian,14,Виктор Попов,Portuguese,13
LSTM,1080,2.9043166637420654,2.8796500825881957,0,0.05648148148148148,0.08,Scottish,15,Aileen Murray,Italian,9
LSTM,1081,2.8990976810455322,2.879251232147217,0,0.056429232192414434,0.08,German,6,Thomas Weber,Japanese,10
LSTM,1082,2.892988920211792,2.8795267820358275,0,0.056377079482439925,0.08,English,4,James Jones,Japanese,10
LSTM,1083,2.8056201934814453,2.875961380004883,0,0.05632502308402586,0.08,Japanese,10,加藤愛,Portuguese,13
LSTM,1084,2.9834539890289307,2.876424994468689,0,0.05627306273062731,0.08,Korean,11,강현우,Japanese,10
LSTM,1085,2.8894245624542236,2.876950626373291,0,0.05622119815668203,0.08,English,4,Donald St. John,Japanese,10
LSTM,1086,2.980858564376831,2.87910542011261,0,0.056169429097605895,0.08,Korean,11,조도윤,Japanese,10
LSTM,1087,2.8533525466918945,2.880149078369141,0,0.05611775528978841,0.08,Vietnamese,17,Trần Hoàng,Japanese,10
LSTM,1088,2.7908096313476562,2.8782247495651245,1,0.05698529411764706,0.1,Japanese,10,田中花子,Japanese,10
LSTM,1089,2.8085198402404785,2.8784019947052,0,0.05693296602387511,0.08,Russian,14,Игорь Петров,Japanese,10
LSTM,1090,2.918670177459717,2.8806395435333254,0,0.05688073394495413,0.06,Irish,8,Michael Doyle,Japanese,10
LSTM,1091,2.900020122528076,2.8812857246398926,0,0.05682859761686526,0.06,Greek,7,Μαρία Παπαδάκης,Japanese,10
LSTM,1092,2.881394863128662,2.882755308151245,0,0.056776556776556776,0.06,Dutch,3,Joris de Jong,Japanese,10
LSTM,1093,2.8143703937530518,2.8817129039764406,0,0.056724611161939616,0.06,Italian,9,Vincenzo Bianchi,Japanese,10
LSTM,1094,2.8150453567504883,2.881617741584778,0,0.056672760511883,0.06,Portuguese,13,Manuel Pereira,Japanese,10
LSTM,1095,2.905186176300049,2.8813466310501097,0,0.05662100456621005,0.06,French,5,Charles Robert,Japanese,10
LSTM,1096,2.8030292987823486,2.8790867137908935,1,0.05748175182481752,0.08,Japanese,10,高橋蓮,Japanese,10
LSTM,1097,2.9172143936157227,2.8801744031906127,0,0.05742935278030994,0.08,French,5,Gabriel Durand,Japanese,10
LSTM,1098,2.908367872238159,2.8796223068237303,0,0.05737704918032787,0.08,Spanish,16,Álvaro Martínez,Japanese,10
LSTM,1099,2.891066551208496,2.8794371938705443,0,0.05732484076433121,0.08,Scottish,15,Aileen Campbell,Japanese,10
LSTM,1100,2.877274513244629,2.878610119819641,0,0.057272727272727274,0.08,Scottish,15,Fergus MacDonald,Japanese,10
LSTM,1101,2.8687350749969482,2.878429732322693,0,0.05722070844686648,0.08,Czech,2,Jan Procházka,Japanese,10
LSTM,1102,2.902994155883789,2.8783542776107787,0,0.05716878402903811,0.08,Spanish,16,Rafael Martínez,Japanese,10
LSTM,1103,2.8952720165252686,2.877741603851318,0,0.057116953762466005,0.08,Greek,7,Ευάγγελος Γεωργίου,Japanese,10
LSTM,1104,2.9600470066070557,2.8810149097442626,0,0.057065217391304345,0.06,Korean,11,김예준,Japanese,10
LSTM,1105,2.9485890865325928,2.881875696182251,0,0.05701357466063348,0.06,Chinese,1,刘杰,Japanese,10
LSTM,1106,2.8948974609375,2.8816365242004394,0,0.056962025316455694,0.06,Scottish,15,Murdo Graham,Japanese,10
LSTM,1107,2.8727011680603027,2.881865906715393,0,0.056910569105691054,0.06,Scottish,15,Niall Campbell,Japanese,10
LSTM,1108,2.8526782989501953,2.880466718673706,0,0.05685920577617329,0.06,Vietnamese,17,Nguyễn Cường,Japanese,10
LSTM,1109,2.8981058597564697,2.881212520599365,0,0.056807935076645624,0.06,Dutch,3,Thomas Bakker,Japanese,10
LSTM,1110,2.8942205905914307,2.881156315803528,0,0.05675675675675676,0.06,English,4,Joseph Brown,Japanese,10
LSTM,1111,2.977058172225952,2.8842849731445312,0,0.05670567056705671,0.06,Korean,11,임지민,Japanese,10
LSTM,1112,2.9601526260375977,2.886392936706543,0,0.05665467625899281,0.06,Polish,12,Adam Kowalczyk,Japanese,10
LSTM,1113,2.952528715133667,2.8875281047821044,0,0.05660377358490566,0.06,Chinese,1,杨娜,Japanese,10
LSTM,1114,2.928638458251953,2.887654547691345,0,0.05655296229802514,0.06,Chinese,1,赵丽,Japanese,10
LSTM,1115,2.848841905593872,2.8868712091445925,0,0.05650224215246637,0.06,Vietnamese,17,Lê Khang,Japanese,10
LSTM,1116,2.9720048904418945,2.8902391386032105,0,0.056451612903225805,0.04,Korean,11,윤지훈,Japanese,10
LSTM,1117,2.817802667617798,2.887594323158264,0,0.05640107430617726,0.04,Italian,9,Vincenzo Rossi,Japanese,10
LSTM,1118,2.951981782913208,2.8894608545303346,0,0.05635062611806798,0.04,Polish,12,Mateusz Lewandowski,Japanese,10
LSTM,1119,2.816977024078369,2.887679195404053,0,0.05630026809651475,0.04,Russian,14,Олег Новиков,Japanese,10
LSTM,1120,2.842294454574585,2.8865619134902953,0,0.05625,0.04,Vietnamese,17,Phạm Linh,Russian,14
LSTM,1121,2.8828916549682617,2.8879759550094604,0,0.056199821587867974,0.04,Dutch,3,Joris Jansen,Japanese,10
LSTM,1122,2.8884153366088867,2.8872718048095702,0,0.05614973262032086,0.04,Dutch,3,Jan Bakker,Japanese,10
LSTM,1123,2.9604945182800293,2.889407157897949,0,0.05609973285841496,0.04,Korean,11,정동현,Japanese,10
LSTM,1124,2.8362812995910645,2.889997501373291,0,0.05604982206405694,0.04,Vietnamese,17,Hoàng Minh,Russian,14
LSTM,1125,2.882434844970703,2.889630274772644,0,0.056,0.04,English,4,Christopher Williams,Japanese,10
LSTM,1126,2.903813600540161,2.888687138557434,0,0.05595026642984014,0.04,Spanish,16,Carlos Martínez,Japanese,10
LSTM,1127,2.9057137966156006,2.8903903722763062,0,0.055900621118012424,0.04,Spanish,16,José García,Japanese,10
LSTM,1128,2.935506820678711,2.8901020860671998,0,0.05585106382978723,0.04,Chinese,1,王洋,Japanese,10
LSTM,1129,2.8853166103363037,2.8915494441986085,0,0.05580159433126661,0.04,English,4,Robert St. John,Japanese,10
LSTM,1130,2.7963449954986572,2.8893900108337403,1,0.05663716814159292,0.06,Japanese,10,山本花子,Japanese,10
LSTM,1131,2.891831874847412,2.889244694709778,0,0.05658709106984969,0.06,Spanish,16,Pedro Martínez,Japanese,10
LSTM,1132,2.884990692138672,2.8890847301483156,0,0.05653710247349823,0.06,English,4,Mark Wilson,Japanese,10
LSTM,1133,2.8844213485717773,2.8906607532501223,0,0.05648720211827008,0.06,Spanish,16,Pablo Fernández,Japanese,10
LSTM,1134,2.779287576675415,2.886577425003052,1,0.05731922398589065,0.08,Japanese,10,中村悠斗,Japanese,10
LSTM,1135,2.7874932289123535,2.884538798332214,1,0.05814977973568282,0.1,Japanese,10,高橋花子,Japanese,10
LSTM,1136,2.9513931274414062,2.883949489593506,0,0.058098591549295774,0.1,Polish,12,Stanisław Zieliński,Japanese,10
LSTM,1137,2.8236560821533203,2.8833555603027343,0,0.05804749340369393,0.1,Italian,9,Luca Ricci,Japanese,10
LSTM,1138,2.792595624923706,2.8833912801742554,1,0.058875219683655534,0.1,Japanese,10,山本美咲,Japanese,10
LSTM,1139,2.8789477348327637,2.884799838066101,0,0.058823529411764705,0.1,Spanish,16,Pedro Sánchez,Japanese,10
LSTM,1140,2.8974111080169678,2.884374656677246,0,0.058771929824561406,0.1,Scottish,15,Angus Robertson,Japanese,10
LSTM,1141,2.806654930114746,2.8825073528289793,0,0.058720420683610865,0.1,Italian,9,Andrea Colombo,Japanese,10
LSTM,1142,2.9432687759399414,2.883744831085205,0,0.05866900175131348,0.1,Arabic,0,ماجد الغامدي,Japanese,10
LSTM,1143,2.768681526184082,2.8828310537338258,1,0.0594925634295713,0.12,Japanese,10,小林大輔,Japanese,10
LSTM,1144,2.8907172679901123,2.8843444919586183,0,0.05944055944055944,0.12,Dutch,3,Kees Bakker,Japanese,10
LSTM,1145,2.797880172729492,2.882198371887207,0,0.059388646288209605,0.12,Italian,9,Domenico Greco,Japanese,10
LSTM,1146,2.9380059242248535,2.884897904396057,0,0.059336823734729496,0.1,Arabic,0,كريم المالكي,Japanese,10
LSTM,1147,2.8742177486419678,2.884037971496582,0,0.05928509154315606,0.1,Scottish,15,Gordon Campbell,Japanese,10
LSTM,1148,2.9040842056274414,2.8839522981643677,0,0.059233449477351915,0.1,Greek,7,Κωνσταντίνος Σταυρίδης,Japanese,10
LSTM,1149,2.9303805828094482,2.884738578796387,0,0.05918189730200174,0.1,Chinese,1,赵洋,Japanese,10
LSTM,1150,2.8798375129699707,2.8847898387908937,0,0.059130434782608696,0.1,Scottish,15,Duncan MacKenzie,Japanese,10
LSTM,1151,2.872918128967285,2.8848734998703005,0,0.059079061685490875,0.1,Spanish,16,Antonio Gómez,Japanese,10
LSTM,1152,2.9497909545898438,2.8858094358444215,0,0.059027777777777776,0.1,Polish,12,Stanisław Kowalski,Japanese,10
LSTM,1153,2.896881341934204,2.8858416223526,0,0.05897658282740677,0.1,Greek,7,Βασίλειος Παπαδόπουλος,Japanese,10
LSTM,1154,2.8794209957122803,2.8842291021347046,0,0.058925476603119586,0.1,Dutch,3,Daan de Vries,Japanese,10
LSTM,1155,2.9340624809265137,2.883938570022583,0,0.05887445887445888,0.1,Arabic,0,كريم الهاشمي,Japanese,10
LSTM,1156,2.7889955043792725,2.8818205308914187,1,0.05968858131487889,0.12,Japanese,10,渡辺愛,Japanese,10
LSTM,1157,2.8723044395446777,2.881812596321106,0,0.059636992221261884,0.12,English,4,David Miller,Japanese,10
LSTM,1158,2.922835111618042,2.8832157325744627,0,0.05958549222797927,0.12,German,6,Dieter Meyer,Japanese,10
LSTM,1159,2.87666916847229,2.882786998748779,0,0.059534081104400345,0.12,Spanish,16,Sergio Díaz,Japanese,10
LSTM,1160,2.8839595317840576,2.8825817775726317,0,0.059482758620689656,0.12,Scottish,15,Hamish Robertson,Japanese,10
LSTM,1161,2.944150924682617,2.881923632621765,0,0.059431524547803614,0.12,Chinese,1,周伟,Japanese,10
LSTM,1162,2.8772950172424316,2.880266480445862,0,0.05938037865748709,0.12,English,4,Matthew Davis,Japanese,10
LSTM,1163,2.9168612957000732,2.87955313205719,0,0.05932932072226999,0.12,German,6,Wolfgang Becker,Japanese,10
LSTM,1164,2.7852635383605957,2.876685633659363,1,0.06013745704467354,0.14,Japanese,10,小林美咲,Japanese,10
LSTM,1165,2.8661906719207764,2.877032608985901,0,0.060085836909871244,0.14,Scottish,15,Ross Fraser,Japanese,10
LSTM,1166,2.949951171875,2.876591534614563,0,0.060034305317324184,0.14,Polish,12,Jan Kowalczyk,Japanese,10
LSTM,1167,2.931074380874634,2.8788569688797,0,0.05998286203941731,0.14,French,5,Pierre Richard,Japanese,10
LSTM,1168,2.8500726222991943,2.876818785667419,0,0.059931506849315065,0.14,Vietnamese,17,Hoàng Hoàng,Japanese,10
LSTM,1169,2.8433518409729004,2.87734628200531,0,0.059880239520958084,0.14,Vietnamese,17,Hoàng Khôi,Japanese,10
LSTM,1170,2.940621852874756,2.8793128299713135,0,0.05982905982905983,0.14,Irish,8,Brian Gallagher,Japanese,10
LSTM,1171,2.8665213584899902,2.878985424041748,0,0.059777967549103334,0.14,Scottish,15,Iain MacKenzie,Japanese,10
LSTM,1172,2.8975534439086914,2.8791681861877443,0,0.059726962457337884,0.14,Greek,7,Θεόδωρος Δημητρίου,Japanese,10
LSTM,1173,2.837275981903076,2.876703815460205,0,0.059676044330775786,0.14,Vietnamese,17,Phạm Phong,Japanese,10
LSTM,1174,2.8911495208740234,2.8778011798858643,0,0.059625212947189095,0.14,Greek,7,Μαρία Δημητρίου,Japanese,10
LSTM,1175,2.8035426139831543,2.876223335266113,0,0.059574468085106386,0.14,Italian,9,Alessandro Greco,Japanese,10
LSTM,1176,2.9312050342559814,2.87677116394043,0,0.05952380952380952,0.14,German,6,Lukas Schulz,Japanese,10
LSTM,1177,2.857351064682007,2.8758039093017578,0,0.059473237043330504,0.14,Scottish,15,Angus Stewart,Japanese,10
LSTM,1178,2.850510597229004,2.8741039848327636,0,0.059422750424448216,0.14,Scottish,15,Iain Stewart,Japanese,10
LSTM,1179,2.849548578262329,2.8733886241912843,0,0.05937234944868533,0.14,Vietnamese,17,Đặng Đức,Japanese,10
LSTM,1180,2.9400997161865234,2.8762637186050415,0,0.059322033898305086,0.12,Irish,8,Darragh Walsh,Japanese,10
LSTM,1181,2.8901073932647705,2.8762292289733886,0,0.05927180355630821,0.12,Dutch,3,Kees Visser,Japanese,10
LSTM,1182,2.8295109272003174,2.8751196336746214,0,0.05922165820642978,0.12,Vietnamese,17,Hoàng Quân,Japanese,10
LSTM,1183,2.949227809906006,2.8764157629013063,0,0.05917159763313609,0.12,Polish,12,Jakub Kowalczyk,Japanese,10
LSTM,1184,2.879789113998413,2.878425793647766,0,0.05912162162162162,0.1,English,4,Donald Brown,Japanese,10
LSTM,1185,2.9196624755859375,2.881069178581238,0,0.05907172995780591,0.08,Chinese,1,刘娟,Japanese,10
LSTM,1186,2.8991634845733643,2.880024585723877,0,0.05902192242833052,0.08,Czech,2,Jiří Černý,Japanese,10
LSTM,1187,2.8400604724884033,2.8803526735305787,0,0.05897219882055602,0.08,Russian,14,Владимир Михайлов,Japanese,10
LSTM,1188,2.947746992111206,2.8834557008743285,0,0.058922558922558925,0.06,Irish,8,Brendan Kennedy,Japanese,10
LSTM,1189,2.852177381515503,2.882920293807983,0,0.05887300252312868,0.06,Scottish,15,Ross MacKenzie,Japanese,10
LSTM,1190,2.909125566482544,2.883154582977295,0,0.058823529411764705,0.06,German,6,Felix Wagner,Japanese,10
LSTM,1191,2.9279348850250244,2.8855801820755005,0,0.05877413937867338,0.06,Irish,8,Conor Gallagher,Japanese,10
LSTM,1192,2.9196767807006836,2.8851083421707155,0,0.0587248322147651,0.06,Irish,8,Michael Kelly,Japanese,10
LSTM,1193,2.887373924255371,2.887482190132141,0,0.0586756077116513,0.04,Dutch,3,Sophie Visser,Japanese,10
LSTM,1194,2.8910789489746094,2.887489423751831,0,0.05862646566164154,0.04,Greek,7,Ιωάννης Δημητρίου,Japanese,10
LSTM,1195,2.932220458984375,2.890176229476929,0,0.058577405857740586,0.04,Chinese,1,吴艳,Japanese,10
LSTM,1196,2.881908655166626,2.889054284095764,0,0.05852842809364549,0.04,Spanish,16,Rafael González,Japanese,10
LSTM,1197,2.884333372116089,2.8892565965652466,0,0.05847953216374269,0.04,Greek,7,Αθανάσιος Παπαδόπουλος,Japanese,10
LSTM,1198,2.8811001777648926,2.888796916007996,0,0.05843071786310518,0.04,Dutch,3,Dirk Bakker,Japanese,10
LSTM,1199,2.7791714668273926,2.8857727336883543,1,0.05921601334445371,0.06,Japanese,10,加藤直子,Japanese,10
LSTM,1200,2.8401708602905273,2.8849794006347658,0,0.059166666666666666,0.06,Scottish,15,Fergus MacLeod,Japanese,10
LSTM,1201,2.8743326663970947,2.885007691383362,0,0.059117402164862616,0.06,English,4,John Smith,Japanese,10
LSTM,1202,2.83036470413208,2.8826191663742065,0,0.05906821963394343,0.06,Vietnamese,17,Lê Anh,Japanese,10
LSTM,1203,2.848918914794922,2.881659917831421,0,0.05901911886949293,0.06,Portuguese,13,Rui Jesus,Japanese,10
LSTM,1204,2.83876633644104,2.880846824645996,0,0.058970099667774084,0.06,Scottish,15,Callum Fraser,Japanese,10
LSTM,1205,2.904970169067383,2.8802649784088135,0,0.05892116182572614,0.06,German,6,Johannes Hoffmann,Japanese,10
LSTM,1206,2.821059226989746,2.8809062528610228,0,0.05887230514096186,0.04,Italian,9,Antonio Bianchi,Japanese,10
LSTM,1207,2.8071722984313965,2.879603610038757,0,0.058823529411764705,0.04,Italian,9,Domenico Marino,Japanese,10
LSTM,1208,2.9269323348999023,2.8796855545043947,0,0.058774834437086095,0.04,Chinese,1,周超,Japanese,10
LSTM,1209,2.8956398963928223,2.880064969062805,0,0.058726220016542596,0.04,Czech,2,Jakub Horák,Japanese,10
LSTM,1210,2.8828892707824707,2.8800435638427735,0,0.05867768595041322,0.04,Greek,7,Μαρία Κωνσταντίνου,Japanese,10
LSTM,1211,2.9244544506073,2.879649634361267,0,0.058629232039636665,0.04,Chinese,1,张静,Japanese,10
LSTM,1212,2.849809408187866,2.879099922180176,0,0.05858085808580858,0.04,Portuguese,13,Pedro Ferreira,Japanese,10
LSTM,1213,2.932163715362549,2.8794059705734254,0,0.0585325638911789,0.04,Chinese,1,杨芳,Japanese,10
LSTM,1214,2.8406918048858643,2.880514535903931,0,0.05848434925864909,0.02,Scottish,15,Gordon MacKenzie,Japanese,10
LSTM,1215,2.8123843669891357,2.8794384098052976,0,0.05843621399176955,0.02,Italian,9,Giovanni Rossi,Japanese,10
LSTM,1216,2.9504101276397705,2.879447588920593,0,0.05838815789473684,0.02,Arabic,0,وليد العتيبي,Japanese,10
LSTM,1217,2.872433662414551,2.8782747745513917,0,0.05834018077239113,0.02,Dutch,3,Dirk van Dijk,Japanese,10
LSTM,1218,2.7934041023254395,2.8771414041519163,0,0.05829228243021346,0.02,Italian,9,Riccardo Romano,Japanese,10
LSTM,1219,2.8325767517089844,2.8769259023666383,0,0.05824446267432322,0.02,Vietnamese,17,Phan Nam,Japanese,10
LSTM,1220,2.8276901245117188,2.8746672677993774,0,0.05819672131147541,0.02,Scottish,15,Ross MacLeod,Japanese,10
LSTM,1221,2.884514808654785,2.8750271368026734,0,0.05814905814905815,0.02,Spanish,16,Álvaro Martínez,Japanese,10
LSTM,1222,2.9236042499542236,2.875548152923584,0,0.05810147299509002,0.02,Irish,8,Eoin O'Brien,Italian,9
LSTM,1223,2.8676037788391113,2.8761547088623045,0,0.0580539656582175,0.02,Dutch,3,Johan van Dijk,Japanese,10
LSTM,1224,2.9586524963378906,2.877504768371582,0,0.05800653594771242,0.02,French,5,Gabriel L'Hôpital,Japanese,10
LSTM,1225,2.8481557369232178,2.8783970308303832,0,0.05795918367346939,0.02,Russian,14,Борис Михайлов,Japanese,10
LSTM,1226,2.9341230392456055,2.878455390930176,0,0.05791190864600326,0.02,Irish,8,Conor Kennedy,Italian,9
LSTM,1227,2.946155548095703,2.8802314805984497,0,0.05786471067644662,0.02,French,5,Charles Martin,Italian,9
LSTM,1228,2.7908241748809814,2.8790377521514894,1,0.05863192182410423,0.04,Japanese,10,田中由美,Japanese,10
LSTM,1229,2.9089372158050537,2.8802255249023436,0,0.05858421480878763,0.04,German,6,Jürgen Schneider,Japanese,10
LSTM,1230,2.9561235904693604,2.8805460023880003,0,0.05853658536585366,0.04,Polish,12,Mateusz Kamiński,Japanese,10
LSTM,1231,2.8839821815490723,2.8804234981536867,0,0.05848903330625508,0.04,Spanish,16,Daniel López,Japanese,10
LSTM,1232,2.8979997634887695,2.8817932748794557,0,0.05844155844155844,0.04,Czech,2,Pavel Procházka,Japanese,10
LSTM,1233,2.866321325302124,2.880135145187378,0,0.058394160583941604,0.04,Dutch,3,Bram de Vries,Japanese,10
LSTM,1234,2.8850531578063965,2.8802404260635375,0,0.05834683954619125,0.04,English,4,Robert Davis,Japanese,10
LSTM,1235,2.780627727508545,2.8774597311019896,1,0.05910931174089069,0.06,Japanese,10,田中直子,Japanese,10
LSTM,1236,2.9501779079437256,2.878480019569397,0,0.05906148867313916,0.06,Arabic,0,حسين العتيبي,Japanese,10
LSTM,1237,2.949772596359253,2.880674262046814,0,0.05901374292643492,0.06,Polish,12,Jan Wójcik,Japanese,10
LSTM,1238,2.841628074645996,2.8785518836975097,0,0.05896607431340872,0.06,Russian,14,Максим Новиков,Japanese,10
LSTM,1239,2.913658618927002,2.8797815084457397,0,0.058918482647296204,0.06,Irish,8,Cian O'Sullivan,Japanese,10
LSTM,1240,2.8133811950683594,2.877866621017456,0,0.05887096774193548,0.06,Italian,9,Giovanni Ricci,Japanese,10
LSTM,1241,2.9447970390319824,2.8782038640975953,0,0.058823529411764705,0.06,Arabic,0,حسين العتيبي,Japanese,10
LSTM,1242,2.9655513763427734,2.879121356010437,0,0.05877616747181964,0.06,Korean,11,장하은,Japanese,10
LSTM,1243,2.8871636390686035,2.8791171503067017,0,0.058728881737731296,0.06,Greek,7,Ευάγγελος Παπαδόπουλος,Japanese,10
LSTM,1244,2.8708362579345703,2.878712296485901,0,0.058681672025723476,0.06,Dutch,3,Lotte Bakker,Japanese,10
LSTM,1245,2.8023810386657715,2.8761155080795286,0,0.058634538152610445,0.06,Italian,9,Alessandro Ferrari,Japanese,10
LSTM,1246,2.948988676071167,2.8774571084976195,0,0.058587479935794544,0.06,Polish,12,Kamil Szymański,Japanese,10
LSTM,1247,2.8826122283935547,2.877422685623169,0,0.05854049719326383,0.06,Spanish,16,Alejandro Díaz,Japanese,10
LSTM,1248,2.7886650562286377,2.875573983192444,0,0.058493589743589744,0.06,Italian,9,Riccardo Marino,Japanese,10
LSTM,1249,2.8564629554748535,2.877119812965393,0,0.05844675740592474,0.04,Dutch,3,Hendrik Smit,Italian,9
LSTM,1250,2.790351629257202,2.8761234283447266,1,0.0592,0.06,Italian,9,Paolo Bianchi,Italian,9
LSTM,1251,2.883620500564575,2.876309185028076,0,0.05915267785771383,0.06,Greek,7,Μαρία Γεωργίου,Japanese,10
LSTM,1252,2.884655475616455,2.8773950004577635,0,0.05910543130990415,0.06,English,4,Robert Davis,Japanese,10
LSTM,1253,2.868378162384033,2.877784185409546,0,0.05905826017557861,0.06,English,4,Steven Miller,Japanese,10
LSTM,1254,2.9830892086029053,2.8806706428527833,0,0.05901116427432217,0.06,Korean,11,강동현,Italian,9
LSTM,1255,2.836291790008545,2.8792970752716065,0,0.05896414342629482,0.06,Vietnamese,17,Phan Anh,Italian,9
LSTM,1256,2.832171678543091,2.8795193243026733,0,0.0589171974522293,0.06,Vietnamese,17,Võ Khôi,Italian,9
LSTM,1257,2.910137176513672,2.881578621864319,0,0.0588703261734288,0.06,German,6,Maximilian Hoffmann,Italian,9
LSTM,1258,2.8811426162719727,2.88066282749176,0,0.058823529411764705,0.06,Greek,7,Στέφανος Αλεξίου,Japanese,10
LSTM,1259,2.9143357276916504,2.8810367441177367,0,0.05877680698967434,0.06,Czech,2,Filip Kučera,Italian,9
LSTM,1260,2.845346689224243,2.8802858924865724,0,0.05873015873015873,0.06,Russian,14,Олег Васильев,Japanese,10
LSTM,1261,2.978980779647827,2.881376419067383,0,0.05868358445678033,0.06,Korean,11,김민지,Japanese,10
LSTM,1262,2.848388671875,2.8813480043411257,0,0.058637083993660855,0.06,Dutch,3,Sem de Jong,Japanese,10
LSTM,1263,2.825970411300659,2.8792241382598878,0,0.05859065716547902,0.06,Vietnamese,17,Phan Khang,Japanese,10
LSTM,1264,2.9114625453948975,2.8806395530700684,0,0.058544303797468354,0.06,German,6,Michael Becker,Japanese,10
LSTM,1265,2.820281982421875,2.880797505378723,0,0.05849802371541502,0.06,Vietnamese,17,Trần Thành,Italian,9
LSTM,1266,2.9331412315368652,2.8804521274566652,0,0.05845181674565561,0.06,French,5,Charles Robert,Italian,9
LSTM,1267,2.880321741104126,2.8806098890304566,0,0.05840568271507498,0.06,Spanish,16,Manuel Martínez,Italian,9
LSTM,1268,2.849419116973877,2.8817301893234255,0,0.0583596214511041,0.06,Dutch,3,Lucas Smit,Italian,9
LSTM,1269,2.900848388671875,2.883095622062683,0,0.05831363278171789,0.06,German,6,Wolfgang Hoffmann,Italian,9
LSTM,1270,2.840324878692627,2.8833483171463015,0,0.05826771653543307,0.06,Scottish,15,Duncan MacLeod,Italian,9
LSTM,1271,2.874957323074341,2.8831571674346925,0,0.058221872541306056,0.06,Spanish,16,Miguel Martínez,Italian,9
LSTM,1272,2.9246647357940674,2.883178377151489,0,0.05817610062893082,0.06,Chinese,1,杨超,Japanese,10
LSTM,1273,2.8789732456207275,2.8834057664871215,0,0.05813040062843677,0.06,English,4,Daniel Davis,Italian,9
LSTM,1274,2.854625940322876,2.8813252353668215,0,0.058084772370486655,0.06,Portuguese,13,Bruno Costa,Italian,9
LSTM,1275,2.9208881855010986,2.8827798843383787,0,0.05803921568627451,0.06,Chinese,1,赵敏,Italian,9
LSTM,1276,2.8464407920837402,2.881026239395142,0,0.05799373040752351,0.06,Russian,14,Максим Михайлов,Japanese,10
LSTM,1277,2.7847676277160645,2.8777984809875488,1,0.058731401722787784,0.08,Italian,9,Domenico Greco,Italian,9
LSTM,1278,2.950904130935669,2.8810000801086426,0,0.05868544600938967,0.06,Arabic,0,أحمد الهاشمي,Japanese,10
LSTM,1279,2.936431884765625,2.881549973487854,0,0.058639562157935886,0.06,Irish,8,Seán Murphy,Italian,9
LSTM,1280,2.903191328048706,2.880491328239441,0,0.05859375,0.06,German,6,Andreas Becker,Japanese,10
LSTM,1281,2.897693157196045,2.8807655477523806,0,0.0585480093676815,0.06,Czech,2,Marek Novák,Italian,9
LSTM,1282,2.8613228797912598,2.88003201007843,0,0.05850234009360374,0.06,Portuguese,13,Jorge Oliveira,Italian,9
LSTM,1283,2.909148693084717,2.880888557434082,0,0.05845674201091192,0.06,Czech,2,Břetislav Kučera,Italian,9
LSTM,1284,2.940887689590454,2.8820052480697633,0,0.05841121495327103,0.06,Chinese,1,王秀英,Japanese,10
LSTM,1285,2.8315632343292236,2.8830239582061767,0,0.058365758754863814,0.04,Scottish,15,Hamish MacDonald,Japanese,10
LSTM,1286,2.780226230621338,2.879624924659729,1,0.05909797822706065,0.06,Italian,9,Davide Romano,Italian,9
LSTM,1287,2.960581064224243,2.8798410940170287,0,0.059052059052059055,0.06,French,5,Noël L'Hôpital,Italian,9
LSTM,1288,2.8780767917633057,2.880570068359375,0,0.059006211180124224,0.06,English,4,Steven St. John,Italian,9
LSTM,1289,2.857119560241699,2.879439287185669,0,0.05896043444530644,0.06,Portuguese,13,Ricardo Oliveira,Italian,9
LSTM,1290,2.954350233078003,2.882258667945862,0,0.05891472868217054,0.06,Polish,12,Bartosz Kamiński,Italian,9
LSTM,1291,2.9506049156188965,2.8823748254776,0,0.05886909372579396,0.06,Polish,12,Marek Kowalczyk,Italian,9
LSTM,1292,2.891279697418213,2.880889391899109,0,0.058823529411764705,0.06,Czech,2,Filip Horák,Italian,9
LSTM,1293,2.8270108699798584,2.879686336517334,0,0.05877803557617943,0.06,Vietnamese,17,Trần Nam,Japanese,10
LSTM,1294,2.9736998081207275,2.881743607521057,0,0.05873261205564142,0.06,Korean,11,이서준,Japanese,10
LSTM,1295,2.947025775909424,2.88463650226593,0,0.05868725868725869,0.06,French,5,Pierre Durand,Italian,9
LSTM,1296,2.941392421722412,2.884484577178955,0,0.05864197530864197,0.06,Polish,12,Kamil Lewandowski,Italian,9
LSTM,1297,2.8738770484924316,2.8843098735809325,0,0.058596761757902856,0.06,English,4,Richard St. John,Italian,9
LSTM,1298,2.886044502258301,2.886257462501526,0,0.05855161787365177,0.06,Greek,7,Γεώργιος Παπαδόπουλος,Japanese,10
LSTM,1299,2.951261043548584,2.8881534242630007,0,0.05850654349499615,0.06,Arabic,0,وليد العتيبي,Italian,9
LSTM,1300,2.848759651184082,2.889321584701538,0,0.05846153846153846,0.04,Russian,14,Максим Михайлов,Italian,9
LSTM,1301,2.8223814964294434,2.8880968046188356,0,0.05841660261337433,0.04,Vietnamese,17,Huỳnh Hùng,Italian,9
LSTM,1302,2.815912961959839,2.886721954345703,0,0.05837173579109063,0.04,Vietnamese,17,Hoàng Quân,Italian,9
LSTM,1303,2.881981611251831,2.886994023323059,0,0.05832693783576362,0.04,Greek,7,Νικόλαος Δημητρίου,Italian,9
LSTM,1304,2.838313341140747,2.884098505973816,0,0.05828220858895705,0.04,Russian,14,Дмитрий Кузнецов,Italian,9
LSTM,1305,2.8714919090270996,2.884802508354187,0,0.05823754789272031,0.04,English,4,Christopher Brown,Italian,9
LSTM,1306,2.899993896484375,2.8861589527130125,0,0.05819295558958652,0.04,German,6,Dieter Hoffmann,Italian,9
LSTM,1307,2.8511734008789062,2.8849796772003176,0,0.05814843152257077,0.04,Dutch,3,Daan de Jong,Italian,9
LSTM,1308,2.8594062328338623,2.884544949531555,0,0.0581039755351682,0.04,Portuguese,13,Filipe Martins,Italian,9
LSTM,1309,2.9479379653930664,2.8852169942855834,0,0.058059587471352175,0.04,Arabic,0,أحمد العتيبي,Italian,9
LSTM,1310,2.9000706672668457,2.8863114738464355,0,0.05801526717557252,0.04,German,6,Felix Müller,Italian,9
LSTM,1311,2.8619885444641113,2.8839716291427613,0,0.057971014492753624,0.04,Dutch,3,Joris Visser,Japanese,10
LSTM,1312,2.9249260425567627,2.8855023765563965,0,0.057926829268292686,0.04,Chinese,1,杨涛,Japanese,10
LSTM,1313,2.9242804050445557,2.8874685764312744,0,0.057882711348057884,0.04,Chinese,1,刘娜,Italian,9
LSTM,1314,2.928443193435669,2.8878081893920897,0,0.0578386605783866,0.04,Chinese,1,杨娜,Italian,9
LSTM,1315,2.832285165786743,2.888048253059387,0,0.05779467680608365,0.04,Russian,14,Юрий Сидоров,Italian,9
LSTM,1316,2.8206100463867188,2.885797629356384,0,0.057750759878419454,0.04,Vietnamese,17,Lê Ngọc,Japanese,10
LSTM,1317,2.926076889038086,2.8867127323150634,0,0.05770690964312832,0.04,Chinese,1,李明,Italian,9
LSTM,1318,2.884571075439453,2.887415771484375,0,0.057663125948406675,0.04,Spanish,16,Miguel Rodríguez,Italian,9
LSTM,1319,2.882526397705078,2.887049331665039,0,0.0576194086429113,0.04,Greek,7,Χρήστος Σταυρίδης,Italian,9
LSTM,1320,2.82199764251709,2.8866827869415284,0,0.05757575757575758,0.04,Japanese,10,中村愛,Italian,9
LSTM,1321,2.798794984817505,2.8851595401763914,1,0.0582891748675246,0.06,Japanese,10,田中太郎,Japanese,10
LSTM,1322,2.793262481689453,2.8825314950942995,1,0.059001512859304085,0.08,Italian,9,Riccardo Russo,Italian,9
LSTM,1323,2.8793952465057373,2.8825399351119994,0,0.05895691609977324,0.08,Spanish,16,Pedro González,Italian,9
LSTM,1324,2.8581290245056152,2.8826099967956544,0,0.05891238670694864,0.08,Portuguese,13,Bruno Pereira,Italian,9
LSTM,1325,2.9452478885650635,2.8830971908569336,0,0.05886792452830188,0.08,Irish,8,Michael Murphy,Italian,9
LSTM,1326,2.8092691898345947,2.8823537588119508,0,0.058823529411764705,0.08,Vietnamese,17,Vũ Linh,Italian,9
LSTM,1327,2.94954514503479,2.885649309158325,0,0.0587792012057272,0.06,French,5,Arthur d'Aubigné,Japanese,10
LSTM,1328,2.8528811931610107,2.883688850402832,0,0.058734939759036146,0.06,Portuguese,13,António Martins,Italian,9
LSTM,1329,2.842134714126587,2.8818029069900515,0,0.05869074492099323,0.06,Scottish,15,Murdo MacDonald,Vietnamese,17
LSTM,1330,2.9946417808532715,2.8836319160461428,0,0.058646616541353384,0.06,Korean,11,장성민,Japanese,10
LSTM,1331,2.94645094871521,2.884607071876526,0,0.058602554470323066,0.06,Polish,12,Bartosz Lewandowski,Italian,9
LSTM,1332,2.802023410797119,2.883421082496643,1,0.05930930930930931,0.08,Japanese,10,小林健一,Japanese,10
LSTM,1333,2.835951566696167,2.881957139968872,0,0.05926481620405101,0.08,Portuguese,13,Carlos Costa,Italian,9
LSTM,1334,2.8762481212615967,2.880664348602295,0,0.05922038980509745,0.08,English,4,Steven Brown,Italian,9
LSTM,1335,2.9393582344055176,2.882820248603821,0,0.05917602996254682,0.08,Polish,12,Marcin Wiśniewski,Italian,9
LSTM,1336,2.81262469291687,2.8834682178497313,0,0.05913173652694611,0.06,Vietnamese,17,Phan Bình,Italian,9
LSTM,1337,2.881465196609497,2.8818859004974366,0,0.059087509349289455,0.06,Greek,7,Ελένη Γεωργίου,Japanese,10
LSTM,1338,2.7875452041625977,2.8800752687454225,1,0.059790732436472344,0.08,Italian,9,Andrea Greco,Italian,9
LSTM,1339,2.8601572513580322,2.880136022567749,0,0.05974607916355489,0.08,English,4,Andrew Miller,Japanese,10
LSTM,1340,2.9065499305725098,2.879180016517639,0,0.05970149253731343,0.08,Chinese,1,赵敏,Italian,9
LSTM,1341,2.832603693008423,2.8768199920654296,0,0.05965697240865026,0.08,Portuguese,13,Miguel Costa,Italian,9
LSTM,1342,2.810396671295166,2.875202331542969,0,0.05961251862891207,0.08,Vietnamese,17,Phan Ngọc,Japanese,10
LSTM,1343,2.861790418624878,2.875897922515869,0,0.05956813104988831,0.08,English,4,J.R. Jones,Italian,9
LSTM,1344,2.876922130584717,2.873962368965149,0,0.05952380952380952,0.08,Greek,7,Αλέξανδρος Δημητρίου,Vietnamese,17
LSTM,1345,2.903400182723999,2.8730898571014403,0,0.05947955390334572,0.08,German,6,Jürgen Weber,Japanese,10
LSTM,1346,2.904663324356079,2.872355275154114,0,0.05943536404160475,0.08,Czech,2,Daniel Procházka,Italian,9
LSTM,1347,2.9911608695983887,2.8747009515762327,0,0.05939123979213066,0.08,Korean,11,이준영,Japanese,10
LSTM,1348,2.8003954887390137,2.872987971305847,0,0.05934718100890208,0.08,Vietnamese,17,Đặng Hải,Italian,9
LSTM,1349,2.9006519317626953,2.871975789070129,0,0.05930318754633061,0.08,German,6,Johannes Müller,Japanese,10
LSTM,1350,2.933579683303833,2.8736721897125244,0,0.05925925925925926,0.08,Irish,8,Brian O'Sullivan,Italian,9
LSTM,1351,2.9153003692626953,2.8755305671691893,0,0.05921539600296077,0.08,Chinese,1,王霞,Japanese,10
LSTM,1352,2.889773368835449,2.877007775306702,0,0.05917159763313609,0.08,German,6,Friedrich Hoffmann,Italian,9
LSTM,1353,2.802253484725952,2.8754132127761842,0,0.059127864005912786,0.08,Vietnamese,17,Lê Ngọc,Japanese,10
LSTM,1354,2.862506866455078,2.875897083282471,0,0.059084194977843424,0.08,Scottish,15,Niall MacKenzie,Italian,9
LSTM,1355,2.8053016662597656,2.874573278427124,1,0.05977859778597786,0.1,Japanese,10,田中彩,Japanese,10
LSTM,1356,2.967804431915283,2.8759294891357423,0,0.059734513274336286,0.1,Arabic,0,ماجد النجار,Japanese,10
LSTM,1357,2.8843958377838135,2.8765939378738405,0,0.05969049373618276,0.1,German,6,Stefan Hoffmann,Vietnamese,17
LSTM,1358,2.872501850128174,2.8768558502197266,0,0.05964653902798233,0.1,Dutch,3,Sander Meijer,Japanese,10
LSTM,1359,2.8463921546936035,2.8748249340057375,0,0.059602649006622516,0.1,Scottish,15,Callum Campbell,Vietnamese,17
LSTM,1360,2.884725570678711,2.8745180320739747,0,0.05955882352941176,0.1,German,6,Peter Meyer,Japanese,10
LSTM,1361,2.8759453296661377,2.874797167778015,0,0.05951506245407789,0.1,Greek,7,Δημήτριος Βασιλείου,Vietnamese,17
LSTM,1362,2.7979702949523926,2.8722580528259276,0,0.05947136563876652,0.1,Japanese,10,加藤健一,Vietnamese,17
LSTM,1363,2.802877187728882,2.8698299884796143,0,0.05942773294203962,0.1,Italian,9,Stefano Bianchi,Vietnamese,17
LSTM,1364,2.8499553203582764,2.8682602310180663,0,0.0593841642228739,0.1,Russian,14,Павел Васильев,Vietnamese,17
LSTM,1365,2.981581687927246,2.8712461614608764,0,0.05934065934065934,0.1,Korean,11,최예은,Japanese,10
LSTM,1366,2.9320919513702393,2.8734757995605467,0,0.05929721815519766,0.1,Irish,8,Ciarán O'Sullivan,Italian,9
LSTM,1367,2.8862292766571045,2.8726788473129274,0,0.0592538405267008,0.1,Spanish,16,Francisco Sánchez,Japanese,10
LSTM,1368,2.8388671875,2.8717647695541384,0,0.05921052631578947,0.1,Russian,14,Борис Петров,Vietnamese,17
LSTM,1369,2.8623976707458496,2.8713621950149535,0,0.0591672753834916,0.1,Scottish,15,Ross Robertson,Italian,9
LSTM,1370,2.7911782264709473,2.8707458066940306,1,0.059854014598540145,0.12,Japanese,10,高橋大輔,Japanese,10
LSTM,1371,3.0018906593322754,2.874807720184326,0,0.05981035740335521,0.1,Korean,11,정민수,Japanese,10
LSTM,1372,2.837130308151245,2.875685076713562,0,0.0597667638483965,0.08,Portuguese,13,Gonçalo Silva,Italian,9
LSTM,1373,2.8755524158477783,2.875608220100403,0,0.05972323379461034,0.08,Greek,7,Ανδρέας Σταυρίδης,Japanese,10
LSTM,1374,2.865736246109009,2.8757603645324705,0,0.05967976710334789,0.08,English,4,William Smith,Vietnamese,17
LSTM,1375,2.933730125427246,2.8755300092697142,0,0.05963636363636363,0.08,Irish,8,Patrick Gallagher,Japanese,10
LSTM,1376,2.8443715572357178,2.8762320566177366,0,0.059593023255813955,0.08,Portuguese,13,Ricardo Pereira,Japanese,10
LSTM,1377,2.855799436569214,2.8743571424484253,0,0.05954974582425563,0.08,English,4,Christopher Williams,Japanese,10
LSTM,1378,2.794665813446045,2.873192834854126,1,0.0602322206095791,0.1,Japanese,10,高橋健一,Japanese,10
LSTM,1379,2.950838804244995,2.8753669166564944,0,0.06018854242204496,0.1,Polish,12,Paweł Zieliński,Japanese,10
LSTM,1380,2.8694863319396973,2.8728638076782227,0,0.060144927536231886,0.1,Greek,7,Χρήστος Κωνσταντίνου,Japanese,10
LSTM,1381,2.801636219024658,2.869967513084412,0,0.06010137581462708,0.1,Vietnamese,17,Võ Hoàng,Japanese,10
LSTM,1382,2.790179491043091,2.869730634689331,1,0.060781476121562955,0.1,Japanese,10,田中裕子,Japanese,10
LSTM,1383,2.8605098724365234,2.870221800804138,0,0.06073752711496746,0.1,Scottish,15,Fergus Robertson,Italian,9
LSTM,1384,2.8486125469207764,2.8696690893173216,0,0.06069364161849711,0.1,Scottish,15,Stuart Murray,Japanese,10
LSTM,1385,2.9745419025421143,2.870372762680054,0,0.06064981949458484,0.1,French,5,Gabriel L'Hôpital,Japanese,10
LSTM,1386,2.9893453121185303,2.8739071750640868,0,0.06060606060606061,0.1,Korean,11,박준영,Japanese,10
LSTM,1387,2.860442876815796,2.873486728668213,0,0.06056236481614996,0.1,English,4,William St. John,Japanese,10
LSTM,1388,2.7985239028930664,2.8737063026428222,1,0.061239193083573486,0.1,Vietnamese,17,Phan Hải,Vietnamese,17
LSTM,1389,2.959542751312256,2.875694012641907,0,0.061195104391648665,0.1,French,5,Jean-Luc Durand,Vietnamese,17
LSTM,1390,2.9095520973205566,2.8757540559768677,0,0.06115107913669065,0.1,Chinese,1,黄涛,Japanese,10
LSTM,1391,2.9040186405181885,2.877182354927063,0,0.06110711718188354,0.1,Chinese,1,王平,Japanese,10
LSTM,1392,2.92352032661438,2.8794448280334475,0,0.0610632183908046,0.1,Chinese,1,周明,Japanese,10
LSTM,1393,2.9631543159484863,2.8814721059799195,0,0.061019382627422826,0.1,Arabic,0,حسن الهاشمي,Japanese,10
LSTM,1394,2.8527724742889404,2.880989112854004,0,0.06097560975609756,0.1,English,4,John Taylor,Japanese,10
LSTM,1395,2.867490291595459,2.880270915031433,0,0.06093189964157706,0.1,Greek,7,Ελένη Παπαδόπουλος,Japanese,10
LSTM,1396,2.8466734886169434,2.8791111183166502,0,0.06088825214899714,0.1,English,4,Robert Smith,Vietnamese,17
LSTM,1397,2.88706636428833,2.877029228210449,0,0.06084466714387974,0.1,German,6,Stefan Wagner,Japanese,10
LSTM,1398,2.8464674949645996,2.877950668334961,0,0.060801144492131615,0.1,Russian,14,Олег Кузнецов,Vietnamese,17
LSTM,1399,2.901087522506714,2.877959380149841,0,0.06075768406004289,0.1,Chinese,1,赵霞,Japanese,10
LSTM,1400,2.8507254123687744,2.8763022947311403,0,0.060714285714285714,0.1,Scottish,15,Hamish Douglas,Japanese,10
LSTM,1401,2.820324659347534,2.874402780532837,0,0.06067094932191292,0.1,Scottish,15,Ewan MacDonald,Vietnamese,17
LSTM,1402,2.9583113193511963,2.875773539543152,0,0.06062767475035663,0.1,Arabic,0,وليد الحسيني,Japanese,10
LSTM,1403,2.797140121459961,2.875671272277832,1,0.06129722024233785,0.12,Vietnamese,17,Huỳnh Hải,Vietnamese,17
LSTM,1404,2.957530975341797,2.8775717544555666,0,0.06125356125356125,0.12,Arabic,0,خالد الحداد,Japanese,10
LSTM,1405,2.8975536823272705,2.8794167947769167,0,0.06120996441281139,0.1,Spanish,16,David Díaz,Japanese,10
LSTM,1406,2.949612617492676,2.8790529584884643,0,0.06116642958748222,0.1,Irish,8,Maeve McCarthy,Vietnamese,17
LSTM,1407,2.8144304752349854,2.877653651237488,0,0.06112295664534471,0.1,Italian,9,Davide Rossi,Vietnamese,17
LSTM,1408,2.883960485458374,2.8778828239440917,0,0.061079545454545456,0.1,Spanish,16,Sergio Gómez,Vietnamese,17
LSTM,1409,2.851106643676758,2.877977113723755,0,0.06103619588360539,0.1,Portuguese,13,Pedro Ferreira,Japanese,10
LSTM,1410,2.8750622272491455,2.8777838468551638,0,0.06099290780141844,0.1,Dutch,3,Johan Jansen,Japanese,10
LSTM,1411,2.8830618858337402,2.8779261779785155,0,0.06094968107725018,0.1,Spanish,16,Sergio Fernández,Vietnamese,17
LSTM,1412,2.867013931274414,2.879307050704956,0,0.060906515580736544,0.1,Greek,7,Ανδρέας Γεωργίου,Japanese,10
LSTM,1413,2.8779830932617188,2.8808091688156128,0,0.06086341118188252,0.1,Spanish,16,David Rodríguez,Vietnamese,17
LSTM,1414,2.999629020690918,2.883802642822266,0,0.06082036775106082,0.1,Korean,11,최재현,Japanese,10
LSTM,1415,2.955728769302368,2.883285584449768,0,0.0607773851590106,0.1,Polish,12,Jan Kowalski,Vietnamese,17
LSTM,1416,2.9787652492523193,2.8842190504074097,0,0.06073446327683616,0.1,Korean,11,강준영,Japanese,10
LSTM,1417,2.849531888961792,2.8834851026535033,0,0.06069160197600565,0.1,Russian,14,Артём Соколов,Vietnamese,17
LSTM,1418,2.8634579181671143,2.8839769172668457,0,0.06064880112834979,0.1,Greek,7,Αικατερίνη Αλεξίου,Japanese,10
LSTM,1419,2.854834794998169,2.883825659751892,0,0.06060606060606061,0.1,Greek,7,Μαρία Δημητρίου,Japanese,10
LSTM,1420,2.924480438232422,2.8864917039871214,0,0.06056338028169014,0.08,Czech,2,Ondřej Horák,Japanese,10
LSTM,1421,2.9095778465270996,2.884645447731018,0,0.06052076002814919,0.08,Chinese,1,李敏,Vietnamese,17
LSTM,1422,2.9547290802001953,2.886997423171997,0,0.06047819971870605,0.08,Polish,12,Stanisław Kowalczyk,Japanese,10
LSTM,1423,2.944531202316284,2.888376998901367,0,0.060435699226985246,0.08,Polish,12,Piotr Zieliński,Vietnamese,17
LSTM,1424,2.8228158950805664,2.887518591880798,0,0.060393258426966294,0.08,Scottish,15,Ross MacDonald,Vietnamese,17
LSTM,1425,2.961134433746338,2.88806667804718,0,0.060350877192982454,0.08,Arabic,0,مصطفى الشمري,Japanese,10
LSTM,1426,2.9609270095825195,2.890397787094116,0,0.06030855539971949,0.08,French,5,Augustin Bernard,Japanese,10
LSTM,1427,2.8380699157714844,2.8900431966781617,0,0.060266292922214436,0.08,Scottish,15,Malcolm Murray,Italian,9
LSTM,1428,2.807114839553833,2.890292177200317,0,0.06022408963585434,0.06,Japanese,10,中村健,Vietnamese,17
LSTM,1429,2.8739547729492188,2.8887544965744016,0,0.06018194541637509,0.06,Dutch,3,Sem Janssen,Japanese,10
LSTM,1430,2.9112370014190674,2.8895895099639892,0,0.06013986013986014,0.06,Chinese,1,张霞,Japanese,10
LSTM,1431,2.9139208793640137,2.8918352031707766,0,0.06009783368273934,0.06,German,6,Felix Schulz,Vietnamese,17
LSTM,1432,2.8186559677124023,2.8924047327041627,0,0.06005586592178771,0.04,Scottish,15,Iain Campbell,Japanese,10
LSTM,1433,2.8884828090667725,2.8929641914367674,0,0.06001395673412421,0.04,Chinese,1,王平,Japanese,10
LSTM,1434,2.953124761581421,2.8950544357299806,0,0.0599721059972106,0.04,Irish,8,Aoife McCarthy,Vietnamese,17
LSTM,1435,2.896836519241333,2.893500328063965,0,0.059930313588850176,0.04,Chinese,1,张丽,Japanese,10
LSTM,1436,2.7947404384613037,2.88960823059082,1,0.060584958217270196,0.06,Japanese,10,佐藤健,Japanese,10
LSTM,1437,2.8903276920318604,2.8902059268951414,0,0.060542797494780795,0.06,German,6,Christian Becker,Japanese,10
LSTM,1438,2.858260154724121,2.8914006519317628,0,0.06050069541029207,0.04,English,4,Matthew St. John,Vietnamese,17
LSTM,1439,2.9436569213867188,2.891082935333252,0,0.06045865184155664,0.04,Polish,12,Szymon Nowak,Japanese,10
LSTM,1440,2.82065486907959,2.8893049907684327,0,0.06041666666666667,0.04,Italian,9,Andrea Ferrari,Japanese,10
LSTM,1441,2.855926275253296,2.8883431434631346,0,0.06037473976405274,0.04,Greek,7,Αλέξανδρος Βασιλείου,Japanese,10
LSTM,1442,2.9386017322540283,2.888644771575928,0,0.060332871012482664,0.04,Polish,12,Adam Szymański,Japanese,10
LSTM,1443,2.820983648300171,2.8858013582229614,0,0.060291060291060294,0.04,Vietnamese,17,Hoàng Đức,Japanese,10
LSTM,1444,2.9289517402648926,2.8873249435424806,0,0.06024930747922438,0.04,Polish,12,Adam Woźniak,Japanese,10
LSTM,1445,2.850360155105591,2.886982340812683,0,0.060207612456747404,0.04,English,4,Steven Taylor,Japanese,10
LSTM,1446,2.9423837661743164,2.8888965463638305,0,0.06016597510373444,0.04,Czech,2,Jiří Kučera,Japanese,10
LSTM,1447,2.9733564853668213,2.8906223487854006,0,0.060124395300621976,0.04,Korean,11,김지호,Japanese,10
LSTM,1448,2.8851242065429688,2.891395483016968,0,0.060082872928176795,0.04,Dutch,3,Sander Bakker,Japanese,10
LSTM,1449,2.8518991470336914,2.8904117155075073,0,0.060041407867494824,0.04,Greek,7,Σοφία Παπαδόπουλος,Japanese,10
LSTM,1450,2.789108991622925,2.8891793870925904,1,0.060689655172413794,0.06,Japanese,10,中村誠,Japanese,10
LSTM,1451,2.9242944717407227,2.891258783340454,0,0.06064782908339077,0.06,Polish,12,Zbigniew Woźniak,Japanese,10
LSTM,1452,2.7958109378814697,2.8880087757110595,1,0.06129476584022039,0.08,Japanese,10,佐藤愛,Japanese,10
LSTM,1453,2.9425368309020996,2.8909167098999022,0,0.06125258086717137,0.06,Irish,8,Michael Doyle,Japanese,10
LSTM,1454,2.831594467163086,2.888397979736328,0,0.061210453920220086,0.06,Scottish,15,Aileen MacKenzie,Japanese,10
LSTM,1455,2.9965906143188477,2.8903787183761596,0,0.061168384879725084,0.06,Korean,11,윤지훈,Japanese,10
LSTM,1456,2.920584201812744,2.889798150062561,0,0.061126373626373624,0.06,Polish,12,Łukasz Kamiński,Japanese,10
LSTM,1457,2.9660282135009766,2.892830104827881,0,0.06108442004118051,0.06,French,5,Mathieu d'Aubigné,Japanese,10
LSTM,1458,2.914501190185547,2.8934409189224244,0,0.061042524005486966,0.06,Polish,12,Piotr Kowalski,Japanese,10
LSTM,1459,2.8103463649749756,2.8926257133483886,0,0.06100068540095956,0.06,Italian,9,Carlo Esposito,Japanese,10
LSTM,1460,2.92199444770813,2.8935643577575685,0,0.06095890410958904,0.06,Czech,2,Petr Svoboda,Japanese,10
LSTM,1461,2.935542583465576,2.8946139717102053,0,0.06091718001368925,0.06,Irish,8,Aoife Kelly,Japanese,10
LSTM,1462,2.9070212841033936,2.8954141187667846,0,0.06087551299589603,0.06,Polish,12,Andrzej Woźniak,Japanese,10
LSTM,1463,2.852630615234375,2.894907069206238,0,0.060833902939166094,0.06,English,4,Charles St. John,Japanese,10
LSTM,1464,2.906026840209961,2.893035025596619,0,0.060792349726775954,0.06,Polish,12,Piotr Kowalczyk,Japanese,10
LSTM,1465,2.9856348037719727,2.8936331462860108,0,0.06075085324232082,0.06,Korean,11,이상현,Japanese,10
LSTM,1466,2.916865110397339,2.892395143508911,0,0.06070941336971351,0.06,Czech,2,Petr Novák,Japanese,10
LSTM,1467,2.804918050765991,2.891502866744995,0,0.06066802999318337,0.06,Italian,9,Matteo Romano,Japanese,10
LSTM,1468,2.9918465614318848,2.8940706396102907,0,0.060626702997275204,0.06,Korean,11,임수빈,Japanese,10
LSTM,1469,2.9316580295562744,2.895607104301453,0,0.0605854322668482,0.06,Irish,8,Oisín Kelly,Italian,9
LSTM,1470,2.853377103805542,2.8941850376129152,0,0.06054421768707483,0.06,English,4,Robert Johnson,Italian,9
LSTM,1471,2.962148427963257,2.8952364492416383,0,0.060503059143439834,0.06,French,5,Jules Richard,Japanese,10
LSTM,1472,2.8630199432373047,2.89340226650238,0,0.06046195652173913,0.06,Russian,14,Андрей Соколов,Japanese,10
LSTM,1473,2.8099288940429688,2.890710220336914,1,0.06109979633401222,0.08,Vietnamese,17,Phan Linh,Vietnamese,17
LSTM,1474,2.8593883514404297,2.891441669464111,0,0.06105834464043419,0.08,Portuguese,13,Miguel Santos,Japanese,10
LSTM,1475,2.9744873046875,2.8917087268829347,0,0.061016949152542375,0.08,Arabic,0,علي الخطيب,Japanese,10
LSTM,1476,2.9838786125183105,2.8921677589416506,0,0.06097560975609756,0.08,Korean,11,윤지훈,Japanese,10
LSTM,1477,2.923447608947754,2.893875312805176,0,0.06093432633716994,0.08,Czech,2,David Veselý,Japanese,10
LSTM,1478,2.7927393913269043,2.8935878038406373,1,0.061569688768606225,0.1,Japanese,10,伊藤健一,Japanese,10
LSTM,1479,2.959045171737671,2.8952896118164064,0,0.06152805949966193,0.1,Arabic,0,ماجد العتيبي,Japanese,10
LSTM,1480,2.863593101501465,2.8943367338180543,0,0.06148648648648649,0.1,Portuguese,13,Inês Oliveira,Japanese,10
LSTM,1481,2.924255132675171,2.894543418884277,0,0.06144496961512492,0.1,Czech,2,Lukáš Němec,Japanese,10
LSTM,1482,2.807013988494873,2.8943105792999266,0,0.06140350877192982,0.1,Vietnamese,17,Phạm Cường,Japanese,10
LSTM,1483,2.8952322006225586,2.8944455671310423,0,0.06136210384356035,0.1,Spanish,16,Daniel González,Japanese,10
LSTM,1484,2.900259017944336,2.8933882522583008,0,0.06132075471698113,0.1,Polish,12,Krzysztof Wiśniewski,Japanese,10
LSTM,1485,2.8492887020111084,2.8924372959136964,0,0.06127946127946128,0.1,English,4,Thomas Brown,Japanese,10
LSTM,1486,2.8058841228485107,2.8926601696014402,0,0.06123822341857335,0.08,Italian,9,Gabriele Esposito,Japanese,10
LSTM,1487,2.828497886657715,2.8914235734939577,0,0.06119704102219233,0.08,Scottish,15,Stuart MacLeod,Japanese,10
LSTM,1488,2.9060215950012207,2.8923788022994996,0,0.061155913978494625,0.08,Czech,2,Pavel Novotný,Italian,9
LSTM,1489,2.860921859741211,2.8907241010665894,0,0.061114842175957015,0.08,Portuguese,13,Francisco Pereira,Japanese,10
LSTM,1490,2.854416608810425,2.8913993358612062,0,0.0610738255033557,0.08,Portuguese,13,Bruno Pereira,Japanese,10
LSTM,1491,2.815214157104492,2.89058509349823,0,0.06103286384976526,0.08,Scottish,15,Isla MacDonald,Japanese,10
LSTM,1492,2.978787422180176,2.891388807296753,0,0.06099195710455764,0.08,Korean,11,최성민,Japanese,10
LSTM,1493,2.865521192550659,2.892279558181763,0,0.06095110515740121,0.08,Greek,7,Κωνσταντίνος Σταυρίδης,Japanese,10
LSTM,1494,2.834240674972534,2.8903853368759154,0,0.06091030789825971,0.08,Scottish,15,Murdo Graham,Japanese,10
LSTM,1495,2.907116651535034,2.8915204668045043,0,0.06086956521739131,0.08,German,6,Felix Meyer,Japanese,10
LSTM,1496,2.885072946548462,2.890374250411987,0,0.060828877005347594,0.08,Dutch,3,Lucas Jansen,Japanese,10
LSTM,1497,2.8145792484283447,2.887198705673218,0,0.06078824315297261,0.08,Italian,9,Andrea Rossi,Japanese,10
LSTM,1498,2.9046151638031006,2.8875885248184203,0,0.06074766355140187,0.08,Polish,12,Paweł Kowalczyk,Italian,9
LSTM,1499,2.89772891998291,2.888505120277405,0,0.06070713809206137,0.08,Polish,12,Tomasz Kowalczyk,Italian,9
LSTM,1500,2.863779067993164,2.8899985218048094,0,0.06066666666666667,0.06,Russian,14,Борис Кузнецов,Japanese,10
LSTM,1501,2.84982967376709,2.888509225845337,0,0.060626249167221855,0.06,Portuguese,13,Miguel Jesus,Japanese,10
LSTM,1502,2.849074363708496,2.8895744943618773,0,0.06058588548601864,0.04,English,4,Steven Brown,Italian,9
LSTM,1503,2.7906687259674072,2.8865371322631836,1,0.06121091151031271,0.06,Japanese,10,中村誠,Japanese,10
LSTM,1504,2.8985884189605713,2.887877011299133,0,0.061170212765957445,0.06,German,6,Klaus Wagner,Japanese,10
LSTM,1505,2.79854679107666,2.8839161348342897,1,0.061794019933554815,0.08,Japanese,10,高橋裕子,Japanese,10
LSTM,1506,2.8932881355285645,2.883370213508606,0,0.061752988047808766,0.08,Polish,12,Piotr Kowalczyk,Japanese,10
LSTM,1507,2.8002817630767822,2.880055284500122,0,0.0617120106171201,0.08,Italian,9,Gabriele Greco,Japanese,10
LSTM,1508,2.832986354827881,2.8784249877929686,0,0.0616710875331565,0.08,Scottish,15,Gordon Graham,Japanese,10
LSTM,1509,2.8686656951904297,2.8795913743972776,0,0.061630218687872766,0.08,Greek,7,Νικόλαος Νικολάου,Japanese,10
LSTM,1510,2.88287353515625,2.87880895614624,0,0.06158940397350993,0.08,Polish,12,Wojciech Wójcik,Japanese,10
LSTM,1511,2.8806750774383545,2.877711606025696,0,0.06154864328259431,0.08,Polish,12,Adam Kowalczyk,Japanese,10
LSTM,1512,2.8956570625305176,2.8774843215942383,0,0.061507936507936505,0.08,Dutch,3,Johan Visser,Japanese,10
LSTM,1513,2.898185968399048,2.878395428657532,0,0.061467283542630535,0.08,German,6,Matthias Becker,Japanese,10
LSTM,1514,2.8108155727386475,2.8764912033081056,0,0.06142668428005284,0.08,Vietnamese,17,Lê Hiếu,Japanese,10
LSTM,1515,2.8035192489624023,2.872848892211914,0,0.061386138613861385,0.08,Vietnamese,17,Nguyễn Hiếu,Japanese,10
LSTM,1516,2.862863063812256,2.8717688512802124,0,0.06134564643799472,0.08,Russian,14,Алексей Новиков,Japanese,10
LSTM,1517,2.8937113285064697,2.873544716835022,0,0.061305207646671064,0.08,German,6,Markus Meyer,Japanese,10
LSTM,1518,2.8012964725494385,2.869733715057373,1,0.061923583662714096,0.1,Italian,9,Stefano Marino,Italian,9
LSTM,1519,2.9128665924072266,2.869357886314392,0,0.06188281764318631,0.1,Czech,2,Martin Procházka,Japanese,10
LSTM,1520,2.814246892929077,2.8685752820968626,0,0.06184210526315789,0.1,Scottish,15,Rory MacLeod,Japanese,10
LSTM,1521,2.792581796646118,2.86518394947052,1,0.062458908612754764,0.12,Italian,9,Andrea Esposito,Italian,9
LSTM,1522,2.936492443084717,2.8666533994674683,0,0.06241787122207622,0.12,Irish,8,Ronan O'Connor,Japanese,10
LSTM,1523,2.848050594329834,2.8674158334732054,0,0.0623768877216021,0.1,English,4,Michael St. John,Italian,9
LSTM,1524,2.853642225265503,2.867300910949707,0,0.062335958005249346,0.1,Portuguese,13,Bruno Oliveira,Italian,9
LSTM,1525,2.9079091548919678,2.865969347953796,0,0.06229508196721312,0.1,Czech,2,Filip Procházka,Italian,9
LSTM,1526,2.8268039226531982,2.862827854156494,0,0.062254259501965926,0.1,Scottish,15,Iain Graham,Japanese,10
LSTM,1527,2.8752496242523193,2.8618638944625854,0,0.06221349050425671,0.1,Polish,12,Marek Lewandowski,Italian,9
LSTM,1528,2.898805618286133,2.86398521900177,0,0.06217277486910995,0.08,Spanish,16,Rafael Gómez,Italian,9
LSTM,1529,2.852928400039673,2.86186288356781,0,0.06213211249182472,0.08,Portuguese,13,Inês Rodrigues,Japanese,10
LSTM,1530,2.928887128829956,2.8631687641143797,0,0.06209150326797386,0.08,Chinese,1,陈杰,Japanese,10
LSTM,1531,2.8098156452178955,2.8608799743652344,0,0.062050947093403,0.08,Vietnamese,17,Vũ Long,Italian,9
LSTM,1532,2.8996710777282715,2.8627331161499026,0,0.06201044386422976,0.08,Czech,2,Ondřej Svoboda,Italian,9
LSTM,1533,2.8655776977539062,2.862140026092529,0,0.06196999347684279,0.08,Greek,7,Βασίλειος Αλεξίου,Japanese,10
LSTM,1534,2.9943125247955322,2.8640210962295534,0,0.06192959582790091,0.08,Korean,11,박현우,Japanese,10
LSTM,1535,2.90244197845459,2.865084161758423,0,0.06188925081433225,0.08,Chinese,1,赵静,Japanese,10
LSTM,1536,2.87086820602417,2.866383843421936,0,0.061848958333333336,0.08,Polish,12,Grzegorz Woźniak,Italian,9
LSTM,1537,2.8039469718933105,2.865892825126648,1,0.062459336369551074,0.1,Japanese,10,渡辺拓也,Japanese,10
LSTM,1538,2.8813672065734863,2.8653997373580933,0,0.06241872561768531,0.1,Dutch,3,Willem de Jong,Japanese,10
LSTM,1539,2.8808116912841797,2.8657975339889528,0,0.06237816764132553,0.1,Dutch,3,Kees van den Berg,Japanese,10
LSTM,1540,2.8590455055236816,2.8658901119232176,0,0.06233766233766234,0.1,Greek,7,Μιχάλης Κωνσταντίνου,Japanese,10
LSTM,1541,2.902003288269043,2.8676258945465087,0,0.06229720960415315,0.1,Spanish,16,Carlos Pérez,Japanese,10
LSTM,1542,2.8528201580047607,2.8651065492630003,0,0.0622568093385214,0.1,Greek,7,Στέφανος Αθανασίου,Japanese,10
LSTM,1543,2.9795784950256348,2.8673876953125,0,0.06221646143875567,0.1,Korean,11,강민수,Japanese,10
LSTM,1544,2.8666648864746094,2.8680361795425413,0,0.06217616580310881,0.1,Russian,14,Роман Новиков,Japanese,10
LSTM,1545,2.8951542377471924,2.867796931266785,0,0.062135922330097085,0.1,Spanish,16,Sergio Fernández,Japanese,10
LSTM,1546,2.9662492275238037,2.8694204568862913,0,0.062095730918499355,0.1,Korean,11,김동현,Italian,9
LSTM,1547,2.8110239505767822,2.8693493509292605,0,0.062055591467356175,0.1,Scottish,15,Fraser MacLeod,Japanese,10
LSTM,1548,2.79593563079834,2.867175760269165,1,0.06266149870801034,0.12,Italian,9,Fabio Romano,Italian,9
LSTM,1549,2.8981845378875732,2.8671848726272584,0,0.06262104583602324,0.12,Czech,2,Michal Svoboda,Italian,9
LSTM,1550,2.850884437561035,2.866926980018616,0,0.06258064516129032,0.12,English,4,Charles Jones,Italian,9
LSTM,1551,2.8022091388702393,2.8659745693206786,1,0.06318504190844616,0.14,Italian,9,Francesco Bianchi,Italian,9
LSTM,1552,2.859372854232788,2.8661805391311646,0,0.06314432989690721,0.14,Russian,14,Максим Сидоров,Scottish,15
LSTM,1553,2.8903346061706543,2.8681738567352295,0,0.06310367031551835,0.12,Spanish,16,Daniel Sánchez,Italian,9
LSTM,1554,2.977365732192993,2.869749402999878,0,0.06306306306306306,0.12,Korean,11,조지훈,Italian,9
LSTM,1555,2.8893322944641113,2.8715651130676267,0,0.06302250803858521,0.1,Dutch,3,Joris Bakker,Japanese,10
LSTM,1556,2.8570261001586914,2.8708398723602295,0,0.06298200514138817,0.1,Russian,14,Алексей Кузнецов,Italian,9
LSTM,1557,2.894071340560913,2.8727156639099123,0,0.06294155427103404,0.1,Czech,2,Matěj Dvořák,Italian,9
LSTM,1558,2.9333655834198,2.8747232484817506,0,0.06290115532734275,0.1,Chinese,1,周芳,Italian,9
LSTM,1559,2.868090867996216,2.874711751937866,0,0.06286080821039128,0.1,Dutch,3,Dirk de Jong,Italian,9
LSTM,1560,2.8076820373535156,2.8732079219818116,1,0.06346153846153846,0.12,Japanese,10,小林裕子,Japanese,10
LSTM,1561,2.868938446044922,2.8729731893539427,0,0.06342088404868675,0.12,Dutch,3,Ruben Smit,Italian,9
LSTM,1562,3.001391887664795,2.8750878858566282,0,0.06338028169014084,0.12,French,5,Hugo L'Hôpital,Scottish,15
LSTM,1563,2.85256028175354,2.874175372123718,0,0.06333973128598848,0.12,Greek,7,Σπυρίδων Κωνσταντίνου,Japanese,10
LSTM,1564,2.9903275966644287,2.877765612602234,0,0.0632992327365729,0.12,French,5,Augustin Dubois,Italian,9
LSTM,1565,2.9626474380493164,2.8809481763839724,0,0.06325878594249201,0.12,French,5,Émile Robert,Italian,9
LSTM,1566,2.813612461090088,2.8799631643295287,0,0.06321839080459771,0.12,Vietnamese,17,Huỳnh Khang,Japanese,10
LSTM,1567,2.8510942459106445,2.879110822677612,0,0.0631780472239949,0.12,Russian,14,Юрий Сидоров,Scottish,15
LSTM,1568,2.878352165222168,2.8806519365310668,0,0.06313775510204081,0.1,Polish,12,Piotr Szymański,Italian,9
LSTM,1569,2.9787020683288574,2.8819686460494993,0,0.06309751434034416,0.1,French,5,Gabriel Thomas,Japanese,10
LSTM,1570,2.8471481800079346,2.8826266717910767,0,0.06305732484076433,0.1,Portuguese,13,José Costa,Italian,9
LSTM,1571,2.9806947708129883,2.886388931274414,0,0.06301718650541056,0.08,Arabic,0,إبراهيم القحطاني,Japanese,10
LSTM,1572,2.9067139625549316,2.8857933616638185,0,0.06297709923664122,0.08,German,6,Maximilian Meyer,Japanese,10
LSTM,1573,2.8521311283111572,2.8858749723434447,0,0.06293706293706294,0.08,Portuguese,13,Inês Oliveira,Italian,9
LSTM,1574,2.974473237991333,2.8882915925979615,0,0.06289707750952986,0.08,Arabic,0,محمد القحطاني,Japanese,10
LSTM,1575,2.89668869972229,2.888067183494568,0,0.06285714285714286,0.08,German,6,Markus Schneider,Japanese,10
LSTM,1576,2.972130298614502,2.890973711013794,0,0.06281725888324872,0.08,Irish,8,Ciarán Kennedy,Italian,9
LSTM,1577,2.905106782913208,2.8915708541870115,0,0.06277742549143944,0.08,Czech,2,Ondřej Veselý,Italian,9
LSTM,1578,2.8659169673919678,2.8909130811691286,0,0.06273764258555133,0.08,Dutch,3,Sophie Janssen,Italian,9
LSTM,1579,2.9533395767211914,2.892921304702759,0,0.06269791006966434,0.08,French,5,Marcel Robert,Italian,9
LSTM,1580,2.807904005050659,2.8905016422271728,1,0.06329113924050633,0.1,Japanese,10,高橋拓也,Japanese,10
LSTM,1581,2.8497023582458496,2.8912993764877317,0,0.06325110689437065,0.1,Russian,14,Евгений Петров,Japanese,10
LSTM,1582,2.944284439086914,2.892191643714905,0,0.0632111251580278,0.1,Irish,8,Brendan O'Connor,Japanese,10
LSTM,1583,2.8243043422698975,2.8913661766052248,0,0.06317119393556538,0.1,Scottish,15,Rory Fraser,Japanese,10
LSTM,1584,2.792231321334839,2.8873245525360107,1,0.06376262626262626,0.12,Japanese,10,中村大輔,Japanese,10
LSTM,1585,2.876497745513916,2.8868056678771974,0,0.06372239747634069,0.12,Polish,12,Marek Zieliński,Japanese,10
LSTM,1586,2.8695240020751953,2.886778783798218,0,0.06368221941992434,0.12,Polish,12,Łukasz Zieliński,Japanese,10
LSTM,1587,2.8652122020721436,2.8880040884017943,0,0.06364209199747953,0.1,Dutch,3,Lars van Dijk,Japanese,10
LSTM,1588,2.9466748237609863,2.8893102407455444,0,0.06360201511335013,0.1,Korean,11,강하은,Japanese,10
LSTM,1589,2.963792562484741,2.8909698581695555,0,0.06356198867212083,0.1,French,5,Lucien d'Aubigné,Japanese,10
LSTM,1590,2.8152687549591064,2.890094323158264,0,0.06352201257861635,0.1,Italian,9,Stefano Ricci,Japanese,10
LSTM,1591,2.896437168121338,2.88998300075531,0,0.06348208673790069,0.1,Czech,2,David Horák,Japanese,10
LSTM,1592,2.8602890968322754,2.8901323795318605,0,0.06344221105527638,0.1,English,4,James Jones,Japanese,10
LSTM,1593,2.859375476837158,2.8877283191680907,0,0.06340238543628374,0.1,Dutch,3,Pieter van den Berg,Japanese,10
LSTM,1594,2.8001596927642822,2.8863982152938843,1,0.06398996235884567,0.12,Italian,9,Giovanni Russo,Italian,9
LSTM,1595,2.944441556930542,2.887383961677551,0,0.06394984326018809,0.12,French,5,Nicolas Robert,Italian,9
LSTM,1596,2.85778546333313,2.885214686393738,0,0.06390977443609022,0.12,English,4,Christopher Davis,Italian,9
LSTM,1597,2.86541748046875,2.886302556991577,0,0.06386975579211021,0.12,Polish,12,Marcin Kamiński,Italian,9
LSTM,1598,2.854979991912842,2.887483444213867,0,0.06382978723404255,0.1,English,4,Joseph Wilson,Italian,9
LSTM,1599,2.858616590499878,2.8866920852661133,0,0.06378986866791744,0.1,Polish,12,Jakub Kamiński,Italian,9
LSTM,1600,2.956345319747925,2.888801302909851,0,0.06375,0.1,French,5,Émile Durand,Japanese,10
LSTM,1601,2.8244175910949707,2.8892454719543457,0,0.0637101811367895,0.08,Vietnamese,17,Võ Quân,Italian,9
LSTM,1602,2.9543721675872803,2.8911454582214358,0,0.06367041198501873,0.08,French,5,Benoît Dubois,Italian,9
LSTM,1603,2.943293333053589,2.8922046327590945,0,0.06363069245165315,0.08,French,5,Étienne Durand,Japanese,10
LSTM,1604,2.7956442832946777,2.888570203781128,1,0.064214463840399,0.1,Italian,9,Pietro Russo,Italian,9
LSTM,1605,2.9197888374328613,2.889179334640503,0,0.06417445482866044,0.1,French,5,Arthur Robert,Italian,9
LSTM,1606,2.858248710632324,2.8892037868499756,0,0.06413449564134496,0.1,Russian,14,Сергей Соколов,Italian,9
LSTM,1607,2.9308032989501953,2.8899384260177614,0,0.0640945861854387,0.1,Chinese,1,陈艳,Japanese,10
LSTM,1608,2.9810943603515625,2.8908930015563965,0,0.0640547263681592,0.1,Arabic,0,خالد الحسيني,Japanese,10
LSTM,1609,2.840104579925537,2.890333275794983,0,0.06401491609695463,0.1,English,4,Charles Williams,Japanese,10
LSTM,1610,2.855799674987793,2.8912956285476685,0,0.06397515527950311,0.08,Polish,12,Krzysztof Zieliński,Italian,9
LSTM,1611,2.9018774032592773,2.8919544076919554,0,0.06393544382371198,0.08,Spanish,16,Francisco Gómez,Italian,9
LSTM,1612,2.8367056846618652,2.888660683631897,0,0.06389578163771713,0.08,Scottish,15,Ewan Murray,Italian,9
LSTM,1613,2.829528570175171,2.8882000494003295,0,0.0638561686298822,0.08,Scottish,15,Fraser Murray,Italian,9
LSTM,1614,2.854853391647339,2.8854905652999876,0,0.06381660470879802,0.08,Russian,14,Борис Васильев,Italian,9
LSTM,1615,2.9288387298583984,2.884814391136169,0,0.06377708978328174,0.08,French,5,Augustin Bernard,Scottish,15
LSTM,1616,2.9743170738220215,2.888028483390808,0,0.06373762376237624,0.08,Arabic,0,ماجد القحطاني,Japanese,10
LSTM,1617,2.866868495941162,2.8883439683914185,0,0.06369820655534941,0.08,Greek,7,Στέφανος Δημητρίου,Japanese,10
LSTM,1618,2.9249253273010254,2.8892754316329956,0,0.06365883807169345,0.08,Chinese,1,刘勇,Japanese,10
LSTM,1619,2.8606607913970947,2.8869146060943605,0,0.06361951822112415,0.08,Greek,7,Ελένη Κωνσταντίνου,Japanese,10
LSTM,1620,2.8032145500183105,2.886035933494568,1,0.06419753086419754,0.1,Italian,9,Carlo Ferrari,Italian,9
LSTM,1621,2.850376844406128,2.8834295749664305,0,0.06415792720542875,0.1,Russian,14,Артём Соколов,Italian,9
LSTM,1622,2.829468011856079,2.8818846559524536,0,0.06411837237977805,0.1,Scottish,15,Alasdair Graham,Japanese,10
LSTM,1623,2.9043874740600586,2.8829297828674316,0,0.0640788662969809,0.1,Spanish,16,Javier Fernández,Italian,9
LSTM,1624,2.864320993423462,2.880726737976074,0,0.06403940886699508,0.1,Dutch,3,Daan van den Berg,Italian,9
LSTM,1625,2.8213298320770264,2.8792195606231687,0,0.064,0.1,Vietnamese,17,Hoàng Minh,Italian,9
LSTM,1626,2.815197706222534,2.8760809087753296,0,0.06396063960639606,0.1,Vietnamese,17,Đặng Minh,Italian,9
LSTM,1627,2.922637701034546,2.8764315271377563,0,0.06392132759680394,0.1,Chinese,1,周涛,Japanese,10
LSTM,1628,2.846278429031372,2.8760387563705443,0,0.06388206388206388,0.1,Russian,14,Юрий Васильев,Italian,9
LSTM,1629,2.912871837615967,2.87522940158844,0,0.06384284837323512,0.1,German,6,Andreas Meyer,Italian,9
LSTM,1630,2.8692922592163086,2.876457166671753,0,0.0638036809815951,0.08,Dutch,3,Daan Meijer,Italian,9
LSTM,1631,2.857362985610962,2.876610379219055,0,0.06376456161863887,0.08,Greek,7,Μαρία Δημητρίου,Italian,9
LSTM,1632,2.9282126426696777,2.8762889432907106,0,0.06372549019607843,0.08,Chinese,1,杨明,Italian,9
LSTM,1633,2.9617838859558105,2.8790385341644287,0,0.06368646662584201,0.08,Irish,8,Eoin O'Sullivan,Italian,9
LSTM,1634,2.906740665435791,2.8813287210464478,0,0.06364749082007344,0.06,Czech,2,David Procházka,Italian,9
LSTM,1635,2.8634939193725586,2.8810686445236207,0,0.06360856269113149,0.06,Dutch,3,Anne Meijer,Italian,9
LSTM,1636,2.852405548095703,2.880726275444031,0,0.06356968215158924,0.06,Greek,7,Αθανάσιος Γεωργίου,Japanese,10
LSTM,1637,2.9917964935302734,2.8832579612731934,0,0.06353084911423336,0.06,Korean,11,임지훈,Italian,9
LSTM,1638,2.872494697570801,2.88177435874939,0,0.06349206349206349,0.06,Portuguese,13,António Ferreira,Italian,9
LSTM,1639,2.8448660373687744,2.87939582824707,0,0.06345332519829164,0.06,English,4,Matthew Williams,Italian,9
LSTM,1640,2.9079654216766357,2.881249761581421,0,0.06341463414634146,0.06,German,6,Maximilian Müller,Scottish,15
LSTM,1641,2.975360155105591,2.882828221321106,0,0.06337599024984765,0.06,Korean,11,조서연,Italian,9
LSTM,1642,2.962855815887451,2.8848795557022093,0,0.06333739342265529,0.06,Irish,8,Ciarán Gallagher,Italian,9
LSTM,1643,2.817469835281372,2.884041442871094,1,0.06390748630553865,0.08,Vietnamese,17,Lê Dũng,Vietnamese,17
LSTM,1644,2.813075542449951,2.884299759864807,1,0.06447688564476886,0.08,Japanese,10,加藤太郎,Japanese,10
LSTM,1645,2.794287919998169,2.88129668712616,1,0.06504559270516717,0.1,Italian,9,Paolo Esposito,Italian,9
LSTM,1646,2.968803882598877,2.8835170555114744,0,0.06500607533414338,0.1,Irish,8,Brendan McCarthy,Italian,9
LSTM,1647,2.850966453552246,2.8832280349731447,0,0.0649666059502125,0.1,Dutch,3,Lucas Jansen,Italian,9
LSTM,1648,2.8569042682647705,2.8832665205001833,0,0.06492718446601942,0.1,Portuguese,13,Ricardo Silva,Italian,9
LSTM,1649,2.940959930419922,2.884913387298584,0,0.06488781079442087,0.1,Irish,8,Fionn O'Connor,Italian,9
LSTM,1650,2.847700595855713,2.88274049282074,0,0.06484848484848485,0.1,English,4,J.R. Taylor,Italian,9
LSTM,1651,2.8450589179992676,2.8831533193588257,0,0.06480920654149,0.1,English,4,Michael Brown,Italian,9
LSTM,1652,2.836498737335205,2.8807958507537843,0,0.06476997578692494,0.1,English,4,Robert St. John,Italian,9
LSTM,1653,2.8128089904785156,2.8781861639022828,1,0.06533575317604355,0.12,Japanese,10,田中直子,Japanese,10
LSTM,1654,2.86411714553833,2.879555621147156,0,0.06529625151148731,0.1,Polish,12,Paweł Lewandowski,Italian,9
LSTM,1655,2.8352138996124268,2.877864122390747,0,0.06525679758308157,0.1,English,4,Joseph Wilson,Italian,9
LSTM,1656,2.9365596771240234,2.879430341720581,0,0.06521739130434782,0.1,Irish,8,Seán O'Connor,Italian,9
LSTM,1657,2.8648769855499268,2.8781118154525758,0,0.06517803258901629,0.1,Portuguese,13,Bruno Oliveira,Italian,9
LSTM,1658,2.8468501567840576,2.8754269313812255,0,0.06513872135102533,0.1,Russian,14,Юрий Иванов,Italian,9
LSTM,1659,2.908662796020508,2.876798095703125,0,0.0650994575045208,0.1,Czech,2,Tomáš Procházka,Italian,9
LSTM,1660,2.9144041538238525,2.877970185279846,0,0.06506024096385542,0.1,Spanish,16,Juan Díaz,Italian,9
LSTM,1661,2.931040048599243,2.8785534381866453,0,0.0650210716435882,0.1,Irish,8,Maeve O'Connor,Italian,9
LSTM,1662,2.967715263366699,2.881173629760742,0,0.06498194945848375,0.1,Korean,11,강서연,Japanese,10
LSTM,1663,2.82930588722229,2.8811691761016847,0,0.06494287432351173,0.1,Scottish,15,Duncan Stewart,Italian,9
LSTM,1664,2.9837186336517334,2.8837464809417725,0,0.06490384615384616,0.1,Arabic,0,نورالدين القحطاني,Japanese,10
LSTM,1665,2.9168202877044678,2.883506112098694,0,0.06486486486486487,0.1,Czech,2,Ondřej Němec,Italian,9
LSTM,1666,2.8484692573547363,2.880989155769348,0,0.06482593037214886,0.1,Russian,14,Андрей Михайлов,Scottish,15
LSTM,1667,2.9630253314971924,2.882912292480469,0,0.0647870425914817,0.1,Korean,11,김서연,Japanese,10
LSTM,1668,2.825129985809326,2.8809163856506346,0,0.06474820143884892,0.1,Vietnamese,17,Huỳnh Bình,Italian,9
LSTM,1669,2.9131882190704346,2.8819669342041014,0,0.06470940683043738,0.1,German,6,Stefan Meyer,Italian,9
LSTM,1670,2.9021172523498535,2.8839449882507324,0,0.06467065868263473,0.08,German,6,Michael Wagner,Japanese,10
LSTM,1671,2.934281349182129,2.8856230783462524,0,0.06463195691202872,0.08,Irish,8,Liam O'Sullivan,Italian,9
LSTM,1672,2.8106255531311035,2.885246229171753,1,0.0651913875598086,0.1,Italian,9,Fabio Bianchi,Italian,9
LSTM,1673,2.817690372467041,2.8835122871398924,0,0.06515242080095636,0.1,Vietnamese,17,Vũ Hoàng,Italian,9
LSTM,1674,2.8360047340393066,2.8829459619522093,0,0.06511350059737156,0.1,English,4,William Wilson,Italian,9
LSTM,1675,2.826674699783325,2.8830528593063356,0,0.06507462686567164,0.1,Scottish,15,Gordon Stewart,Italian,9
LSTM,1676,2.9294984340667725,2.8853388738632204,0,0.06503579952267304,0.1,Chinese,1,王艳,Italian,9
LSTM,1677,2.858905792236328,2.884064235687256,0,0.06499701848539058,0.1,Dutch,3,Jan Smit,Vietnamese,17
LSTM,1678,2.840599298477173,2.883950653076172,0,0.06495828367103695,0.1,Russian,14,Артём Иванов,Vietnamese,17
LSTM,1679,2.8539767265319824,2.882772750854492,0,0.06491959499702203,0.1,Dutch,3,Jan de Vries,Italian,9
LSTM,1680,2.833103895187378,2.8820489835739136,0,0.06488095238095239,0.1,Russian,14,Павел Попов,Vietnamese,17
LSTM,1681,2.9868555068969727,2.8846388339996336,0,0.06484235574063058,0.1,Arabic,0,عبدالله الهاشمي,Italian,9
LSTM,1682,2.9234442710876465,2.884543466567993,0,0.06480380499405469,0.1,German,6,Lukas Schulz,Vietnamese,17
LSTM,1683,2.826101541519165,2.88182981967926,0,0.0647653000594177,0.1,English,4,Richard Taylor,Italian,9
LSTM,1684,2.8095834255218506,2.8798866748809813,1,0.06532066508313539,0.12,Italian,9,Alessandro Ferrari,Italian,9
LSTM,1685,2.934544086456299,2.8813076782226563,0,0.06528189910979229,0.12,Irish,8,Conor Kelly,Italian,9
LSTM,1686,2.979766607284546,2.8838548994064332,0,0.06524317912218268,0.12,Korean,11,최성민,Japanese,10
LSTM,1687,2.9122543334960938,2.8822640562057495,0,0.06520450503852994,0.12,Czech,2,Daniel Černý,Italian,9
LSTM,1688,2.9567089080810547,2.8839483404159547,0,0.06516587677725119,0.12,French,5,Marcel Martin,Italian,9
LSTM,1689,2.872427463531494,2.884499568939209,0,0.06512729425695678,0.12,Polish,12,Jan Szymański,Italian,9
LSTM,1690,2.7925057411193848,2.8821903753280638,1,0.06568047337278106,0.14,Italian,9,Domenico Greco,Italian,9
LSTM,1691,2.8664002418518066,2.8800111770629884,0,0.06564163217031342,0.14,Greek,7,Ανδρέας Αθανασίου,Italian,9
LSTM,1692,2.9125661849975586,2.8790053844451906,0,0.06560283687943262,0.14,Czech,2,Jan Němec,Italian,9
LSTM,1693,2.8435707092285156,2.8795274019241335,0,0.06556408741878322,0.12,Dutch,3,Jan de Jong,Italian,9
LSTM,1694,2.8974106311798096,2.8812141036987304,0,0.06552538370720189,0.1,German,6,Klaus Wagner,Italian,9
LSTM,1695,2.890817403793335,2.883144693374634,0,0.06548672566371681,0.08,Czech,2,Adam Svoboda,Italian,9
LSTM,1696,2.860537528991699,2.88097936630249,0,0.06544811320754718,0.08,Greek,7,Σπυρίδων Κωνσταντίνου,Italian,9
LSTM,1697,2.8336808681488037,2.8806336545944213,0,0.06540954625810254,0.08,Russian,14,Андрей Иванов,Italian,9
LSTM,1698,2.992387056350708,2.8833433103561403,0,0.06537102473498234,0.08,Arabic,0,نورالدين الشمري,Italian,9
LSTM,1699,2.825749158859253,2.881039094924927,0,0.06533254855797528,0.08,Japanese,10,鈴木拓也,Italian,9
LSTM,1700,2.8727364540100098,2.881539812088013,0,0.06529411764705882,0.08,Portuguese,13,Filipe Jesus,Italian,9
LSTM,1701,2.8307106494903564,2.8812528467178344,0,0.06525573192239859,0.08,English,4,Robert Davis,Italian,9
LSTM,1702,2.8888320922851562,2.8822995138168337,0,0.06521739130434782,0.08,Czech,2,Břetislav Novotný,Italian,9
LSTM,1703,2.869065046310425,2.883424634933472,0,0.06517909571344686,0.06,Polish,12,Andrzej Kowalski,Italian,9
LSTM,1704,2.845346689224243,2.88304922580719,0,0.06514084507042253,0.06,Dutch,3,Kees Jansen,Italian,9
LSTM,1705,2.8087985515594482,2.8825209188461303,1,0.0656891495601173,0.08,Japanese,10,伊藤誠,Japanese,10
LSTM,1706,2.796135902404785,2.8797124433517456,1,0.06623681125439625,0.1,Italian,9,Pietro Russo,Italian,9
LSTM,1707,2.8625926971435547,2.8796667575836183,0,0.06619800820152313,0.1,Polish,12,Zbigniew Woźniak,Italian,9
LSTM,1708,2.8220162391662598,2.8791700792312622,0,0.0661592505854801,0.1,English,4,William Taylor,Italian,9
LSTM,1709,2.8166847229003906,2.87733051776886,0,0.06612053832650673,0.1,English,4,Paul Smith,Italian,9
LSTM,1710,2.924077033996582,2.8775239753723145,0,0.06608187134502924,0.1,Spanish,16,David Pérez,Italian,9
LSTM,1711,2.98382568359375,2.8785796880722048,0,0.06604324956165984,0.1,Arabic,0,وليد المالكي,Italian,9
LSTM,1712,2.950958251953125,2.878244547843933,0,0.06600467289719626,0.1,French,5,Lucien Richard,English,4
LSTM,1713,2.98291015625,2.8813166332244875,0,0.06596614127262113,0.1,Korean,11,임성민,Japanese,10
LSTM,1714,2.921595811843872,2.88007417678833,0,0.06592765460910152,0.1,German,6,Hans Schulz,Italian,9
LSTM,1715,2.8062729835510254,2.877863230705261,1,0.06647230320699708,0.12,English,4,David Miller,English,4
LSTM,1716,2.831249713897705,2.8775188398361204,0,0.06643356643356643,0.12,Russian,14,Олег Сидоров,English,4
LSTM,1717,2.885672092437744,2.8759717750549316,0,0.06639487478159581,0.12,Czech,2,Lukáš Svoboda,Italian,9
LSTM,1718,2.807429313659668,2.8756177616119385,0,0.06635622817229336,0.12,English,4,Matthew St. John,Italian,9
LSTM,1719,2.8567655086517334,2.8744893074035645,0,0.06631762652705062,0.12,Dutch,3,Thomas Visser,English,4
LSTM,1720,2.8651139736175537,2.8737492418289183,0,0.06627906976744186,0.12,Polish,12,Mateusz Kowalczyk,Italian,9
LSTM,1721,2.8754594326019287,2.8725728034973144,0,0.06624055781522371,0.12,Portuguese,13,João Oliveira,English,4
LSTM,1722,2.8040385246276855,2.872441062927246,0,0.06620209059233449,0.1,English,4,Michael Brown,Italian,9
LSTM,1723,2.933844566345215,2.8747641468048095,0,0.0661636680208938,0.1,Irish,8,Declan O'Connor,English,4
LSTM,1724,2.881899356842041,2.875682039260864,0,0.06612529002320186,0.1,Czech,2,Tomáš Dvořák,English,4
LSTM,1725,2.828205108642578,2.8757126474380494,0,0.06608695652173913,0.1,Vietnamese,17,Vũ Minh,English,4
LSTM,1726,2.792576789855957,2.872974214553833,1,0.06662804171494785,0.12,Italian,9,Giuseppe Greco,Italian,9
LSTM,1727,2.9881529808044434,2.875559158325195,0,0.06658946149392009,0.12,Arabic,0,إبراهيم الشمري,English,4
LSTM,1728,2.7990074157714844,2.8747273206710817,0,0.06655092592592593,0.12,Italian,9,Marco Ferrari,English,4
LSTM,1729,2.924605131149292,2.8761398887634275,0,0.06651243493348756,0.12,Spanish,16,Pablo Pérez,Italian,9
LSTM,1730,2.917236566543579,2.8778225421905517,0,0.06647398843930635,0.12,Spanish,16,Javier González,Italian,9
LSTM,1731,2.855626106262207,2.8751979541778563,0,0.06643558636626228,0.12,Polish,12,Kamil Wójcik,Italian,9
LSTM,1732,2.9398584365844727,2.875526237487793,0,0.06639722863741339,0.12,Chinese,1,刘芳,Italian,9
LSTM,1733,2.8440160751342773,2.8758845281600953,0,0.06635891517599539,0.12,Scottish,15,Aileen Stewart,Italian,9
LSTM,1734,2.8447682857513428,2.876588225364685,0,0.06632064590542099,0.1,Dutch,3,Pieter van den Berg,Italian,9
LSTM,1735,2.8479411602020264,2.8748561668395998,0,0.06628242074927954,0.1,Scottish,15,Duncan Douglas,English,4
LSTM,1736,2.8973617553710938,2.8732080698013305,0,0.06624423963133641,0.1,Czech,2,Daniel Kučera,Italian,9
LSTM,1737,2.9784035682678223,2.874531054496765,0,0.06620610247553253,0.1,Arabic,0,كريم الغامدي,English,4
LSTM,1738,2.824199676513672,2.8718808698654175,0,0.0661680092059839,0.1,Japanese,10,鈴木京子,English,4
LSTM,1739,2.8526618480682373,2.871485557556152,0,0.06612995974698102,0.1,Polish,12,Paweł Zieliński,Italian,9
LSTM,1740,2.875152826309204,2.873138499259949,0,0.06609195402298851,0.08,Portuguese,13,Tiago Oliveira,English,4
LSTM,1741,2.834667682647705,2.872503848075867,0,0.06605399195864446,0.08,Vietnamese,17,Võ Nam,English,4
LSTM,1742,2.9688916206359863,2.8736303567886354,0,0.06601607347876004,0.08,French,5,Nicolas L'Hôpital,English,4
LSTM,1743,2.8466663360595703,2.8736922693252565,0,0.06597819850831899,0.08,Scottish,15,Stuart Robertson,Italian,9
LSTM,1744,2.8754115104675293,2.873252286911011,0,0.06594036697247706,0.08,Czech,2,Martin Novák,Italian,9
LSTM,1745,2.8687803745269775,2.872811546325684,0,0.0659025787965616,0.08,Czech,2,Tomáš Novák,Italian,9
LSTM,1746,2.9445111751556396,2.8744910192489623,0,0.06586483390607102,0.08,Irish,8,Michael O'Brien,Italian,9
LSTM,1747,2.944457530975342,2.8767065525054933,0,0.0658271322266743,0.08,Chinese,1,王明,Italian,9
LSTM,1748,2.8483481407165527,2.87382577419281,0,0.06578947368421052,0.08,Polish,12,Mateusz Lewandowski,Italian,9
LSTM,1749,2.7908947467803955,2.873128685951233,1,0.06632361349342482,0.1,Italian,9,Alessandro Marino,Italian,9
LSTM,1750,2.9206719398498535,2.8740873956680297,0,0.06628571428571428,0.1,Spanish,16,Pedro Díaz,Italian,9
LSTM,1751,2.8616442680358887,2.8747060680389405,0,0.06624785836664764,0.1,Portuguese,13,Jorge Costa,Italian,9
LSTM,1752,2.843808650970459,2.8738055992126466,0,0.06621004566210045,0.1,Polish,12,Piotr Kowalski,Italian,9
LSTM,1753,2.829880714416504,2.8730219125747682,0,0.06617227609811752,0.1,Vietnamese,17,Phan Quân,Italian,9
LSTM,1754,2.810337543487549,2.872321729660034,0,0.0661345496009122,0.1,English,4,Daniel Brown,Italian,9
LSTM,1755,2.8650317192077637,2.8734463930130003,0,0.0660968660968661,0.08,Czech,2,Václav Dvořák,Italian,9
LSTM,1756,2.8774399757385254,2.8750724744796754,0,0.06605922551252848,0.06,Czech,2,Josef Kučera,Italian,9
LSTM,1757,2.927816390991211,2.8763769483566284,0,0.06602162777461583,0.06,German,6,Hannah Schmidt,Italian,9
LSTM,1758,2.820063829421997,2.8763379001617433,0,0.06598407281001138,0.06,Vietnamese,17,Hoàng Dũng,Italian,9
LSTM,1759,2.838634490966797,2.8767768955230713,0,0.06594656054576464,0.06,Polish,12,Łukasz Zieliński,Italian,9
LSTM,1760,2.8532025814056396,2.8753594064712527,0,0.0659090909090909,0.06,Czech,2,Václav Dvořák,Italian,9
LSTM,1761,2.856376886367798,2.8728104305267332,0,0.06587166382737081,0.06,Portuguese,13,Miguel Sousa,Italian,9
LSTM,1762,2.880396604537964,2.8713991975784303,0,0.06583427922814983,0.06,Greek,7,Στέφανος Παπαδόπουλος,English,4
LSTM,1763,2.8798940181732178,2.8693388748168944,0,0.06579693703913783,0.06,Greek,7,Ιωάννης Παπαδάκης,English,4
LSTM,1764,2.855297565460205,2.868012909889221,0,0.06575963718820861,0.06,Portuguese,13,Luís Santos,Italian,9
LSTM,1765,2.8492558002471924,2.8688725662231445,0,0.06572237960339944,0.04,Russian,14,Павел Соколов,English,4
LSTM,1766,2.9218826293945312,2.870685224533081,0,0.06568516421291053,0.04,Chinese,1,刘平,English,4
LSTM,1767,2.9564876556396484,2.8721015357971194,0,0.06564799094510469,0.04,French,5,Jules Bernard,English,4
LSTM,1768,2.9779059886932373,2.8755110692977905,0,0.06561085972850679,0.04,Arabic,0,أحمد القحطاني,Italian,9
LSTM,1769,2.8060083389282227,2.8744959259033203,0,0.06557377049180328,0.04,English,4,J.R. Taylor,Italian,9
LSTM,1770,2.98919939994812,2.876977634429932,0,0.0655367231638418,0.04,Arabic,0,أحمد النجار,Italian,9
LSTM,1771,2.838841676712036,2.876245279312134,0,0.06549971767363072,0.04,Scottish,15,Hamish Stewart,Italian,9
LSTM,1772,2.915548801422119,2.8784754848480225,0,0.0654627539503386,0.04,Spanish,16,Luis Sánchez,Italian,9
LSTM,1773,2.94736385345459,2.87874587059021,0,0.06542583192329385,0.04,Irish,8,Liam O'Brien,English,4
LSTM,1774,2.980234384536743,2.880712571144104,0,0.06538895152198422,0.04,Korean,11,이예준,English,4
LSTM,1775,2.9558351039886475,2.8832651710510255,0,0.06535211267605634,0.04,Irish,8,Fionn Kennedy,English,4
LSTM,1776,2.8634982109069824,2.884683599472046,0,0.06531531531531531,0.02,Dutch,3,Sophie Meijer,English,4
LSTM,1777,2.971471071243286,2.8843499612808228,0,0.06527855936972425,0.02,Arabic,0,حسن الغامدي,English,4
LSTM,1778,2.8624064922332764,2.885617942810059,0,0.06524184476940383,0.02,Portuguese,13,Luís Pereira,English,4
LSTM,1779,2.929924964904785,2.8857243394851686,0,0.06520517144463181,0.02,Spanish,16,Pedro García,Italian,9
LSTM,1780,2.9505021572113037,2.886389651298523,0,0.0651685393258427,0.02,Irish,8,Liam Kennedy,English,4
LSTM,1781,2.872715711593628,2.8867314434051514,0,0.06513194834362718,0.02,Czech,2,Ondřej Kučera,English,4
LSTM,1782,2.8497767448425293,2.8849298095703126,0,0.06509539842873176,0.02,Russian,14,Иван Васильев,English,4
LSTM,1783,2.9919402599334717,2.8878882932662964,0,0.06505888951205833,0.02,Korean,11,김수빈,Italian,9
LSTM,1784,2.847750663757324,2.887947940826416,0,0.06502242152466367,0.02,Scottish,15,Fergus Graham,English,4
LSTM,1785,2.943901300430298,2.8898671436309815,0,0.06498599439775911,0.02,French,5,Mathieu Robert,Italian,9
LSTM,1786,2.934825897216797,2.8906164264678953,0,0.06494960806270997,0.02,French,5,Étienne Petit,Italian,9
LSTM,1787,2.861495018005371,2.8882782554626463,0,0.06491326245103525,0.02,Dutch,3,Kees Visser,English,4
LSTM,1788,2.847294807434082,2.8887401580810548,0,0.06487695749440715,0.02,Dutch,3,Anne de Vries,English,4
LSTM,1789,2.9270989894866943,2.890228900909424,0,0.06484069312465064,0.02,Spanish,16,Alejandro García,Italian,9
LSTM,1790,2.937180519104004,2.89146945476532,0,0.06480446927374302,0.02,Chinese,1,王敏,Italian,9
LSTM,1791,2.8767340183258057,2.8923107814788818,0,0.06476828587381352,0.02,Greek,7,Θεόδωρος Παπαδόπουλος,English,4
LSTM,1792,2.832888603210449,2.889590721130371,0,0.06473214285714286,0.02,Scottish,15,Niall Stewart,Italian,9
LSTM,1793,2.8449127674102783,2.8895556497573853,0,0.06469604015616286,0.02,Polish,12,Zbigniew Kowalski,Italian,9
LSTM,1794,2.953547239303589,2.8911183643341065,0,0.06465997770345597,0.02,French,5,Hugo Martin,Italian,9
LSTM,1795,2.8277015686035156,2.8902967882156374,0,0.06462395543175488,0.02,Vietnamese,17,Đặng Cường,English,4
LSTM,1796,2.8624861240386963,2.888656287193298,0,0.0645879732739421,0.02,Portuguese,13,Filipe Ferreira,English,4
LSTM,1797,2.842517375946045,2.8866174840927123,0,0.06455203116304953,0.02,Japanese,10,田中直子,English,4
LSTM,1798,2.8428196907043457,2.8865069150924683,0,0.06451612903225806,0.02,Portuguese,13,Carlos Sousa,Italian,9
LSTM,1799,2.848620891571045,2.8876614379882812,0,0.06448026681489717,0.0,Japanese,10,田中美咲,Italian,9
LSTM,1800,2.8657944202423096,2.8865638875961306,0,0.06444444444444444,0.0,Czech,2,Jakub Veselý,English,4
LSTM,1801,2.9678070545196533,2.8886871433258055,0,0.06440866185452526,0.0,Korean,11,이서준,Japanese,10
LSTM,1802,2.902003526687622,2.8898510408401488,0,0.06437291897891231,0.0,Spanish,16,Luis Gómez,English,4
LSTM,1803,2.94173002243042,2.8920880270004274,0,0.06433721575152523,0.0,Chinese,1,张丽,Italian,9
LSTM,1804,2.873755693435669,2.8933563899993895,0,0.06430155210643015,0.0,Greek,7,Σπυρίδων Κωνσταντίνου,English,4
LSTM,1805,2.9426822662353516,2.8949094009399414,0,0.06426592797783934,0.0,Chinese,1,杨娜,Italian,9
LSTM,1806,2.853355884552002,2.894427719116211,0,0.06423034330011074,0.0,Czech,2,Václav Procházka,Italian,9
LSTM,1807,2.8034470081329346,2.8919403314590455,1,0.06474820143884892,0.02,Italian,9,Vincenzo Greco,Italian,9
LSTM,1808,2.8093366622924805,2.891725788116455,1,0.06526548672566372,0.04,Italian,9,Carlo Bianchi,Italian,9
LSTM,1809,2.855008125305176,2.892053260803223,0,0.0652294085129906,0.04,Czech,2,Petr Veselý,Italian,9
LSTM,1810,2.849888324737549,2.8919869756698606,0,0.06519337016574586,0.04,Russian,14,Андрей Иванов,Italian,9
LSTM,1811,2.9900851249694824,2.8946611404418947,0,0.06515737161789067,0.04,Korean,11,박도윤,Italian,9
LSTM,1812,2.8073558807373047,2.893200325965881,1,0.06567328918322296,0.06,Italian,9,Davide Ricci,Italian,9
LSTM,1813,2.786041736602783,2.891323280334473,1,0.06618863761720904,0.08,Italian,9,Giovanni Greco,Italian,9
LSTM,1814,2.8704452514648438,2.8916262340545655,0,0.06615214994487321,0.08,Greek,7,Αικατερίνη Αθανασίου,Italian,9
LSTM,1815,2.9858877658843994,2.8943588733673096,0,0.06611570247933884,0.08,Korean,11,윤도윤,Italian,9
LSTM,1816,2.8491249084472656,2.8929037189483644,0,0.06607929515418502,0.08,Scottish,15,Stuart Robertson,Italian,9
LSTM,1817,2.923002243041992,2.892234010696411,0,0.06604292790313704,0.08,German,6,Thomas Hoffmann,Italian,9
LSTM,1818,2.836092948913574,2.8893977499008177,0,0.066006600660066,0.08,Vietnamese,17,Đặng Nam,English,4
LSTM,1819,2.8725104331970215,2.890727791786194,0,0.06597031335898845,0.08,Greek,7,Αικατερίνη Παπαδάκης,Italian,9
LSTM,1820,2.9792466163635254,2.890528736114502,0,0.06593406593406594,0.08,Arabic,0,خالد الهاشمي,Italian,9
LSTM,1821,2.9859840869903564,2.8934715843200682,0,0.06589785831960461,0.08,Arabic,0,مصطفى النجار,Italian,9
LSTM,1822,2.826612949371338,2.891692867279053,0,0.06586169045005488,0.08,Vietnamese,17,Hoàng Hùng,Italian,9
LSTM,1823,2.966634511947632,2.8920782804489136,0,0.06582556226001098,0.08,Arabic,0,حسن الغامدي,Italian,9
LSTM,1824,2.955427885055542,2.8915821504592896,0,0.06578947368421052,0.08,Arabic,0,ماجد القحطاني,Italian,9
LSTM,1825,2.8507981300354004,2.8894814109802245,0,0.06575342465753424,0.08,Polish,12,Jakub Woźniak,Italian,9
LSTM,1826,2.7880148887634277,2.8879717445373534,1,0.06626506024096386,0.1,Italian,9,Fabio Russo,Italian,9
LSTM,1827,2.918060541152954,2.8869035339355467,0,0.0662287903667214,0.1,German,6,Maximilian Wagner,Italian,9
LSTM,1828,2.8623387813568115,2.8869021797180174,0,0.0661925601750547,0.1,Greek,7,Χρήστος Αθανασίου,Italian,9
LSTM,1829,2.820260524749756,2.884708890914917,0,0.0661563696008748,0.1,Scottish,15,Rory MacDonald,Italian,9
LSTM,1830,2.826119899749756,2.882221245765686,0,0.06612021857923497,0.1,English,4,Robert St. John,Italian,9
LSTM,1831,2.946335554122925,2.883693642616272,0,0.06608410704533042,0.1,Irish,8,Conor Kelly,Italian,9
LSTM,1832,2.931431770324707,2.8853267431259155,0,0.06604803493449782,0.1,Chinese,1,张平,Italian,9
LSTM,1833,2.912503957748413,2.8837380170822144,0,0.06601200218221495,0.1,Spanish,16,Diego Martínez,Italian,9
LSTM,1834,2.9498066902160645,2.8857791376113893,0,0.06597600872410032,0.1,Korean,11,강하은,Italian,9
LSTM,1835,2.858067274093628,2.8840624570846556,0,0.06594005449591281,0.1,Czech,2,Jiří Veselý,Italian,9
LSTM,1836,2.854801893234253,2.882461977005005,0,0.0659041394335512,0.1,Dutch,3,Lars Janssen,Italian,9
LSTM,1837,2.820446729660034,2.881641011238098,0,0.0658682634730539,0.1,English,4,Michael Taylor,Italian,9
LSTM,1838,2.851426839828491,2.881723651885986,0,0.06583242655059848,0.1,Polish,12,Szymon Nowak,Italian,9
LSTM,1839,2.9389572143554688,2.8819608163833617,0,0.06579662860250136,0.1,Chinese,1,杨艳,Italian,9
LSTM,1840,2.81784987449646,2.879574203491211,0,0.06576086956521739,0.1,English,4,James Brown,Italian,9
LSTM,1841,2.7823524475097656,2.8776865720748903,1,0.06626833242802825,0.12,Italian,9,Fabio Esposito,Italian,9
LSTM,1842,2.847620725631714,2.8779812145233152,0,0.06623235613463627,0.12,Japanese,10,渡辺太郎,Italian,9
LSTM,1843,2.8399600982666016,2.877882161140442,0,0.06619641888225719,0.12,Japanese,10,伊藤花子,Italian,9
LSTM,1844,2.853052854537964,2.8758722734451294,0,0.06616052060737528,0.12,Russian,14,Евгений Смирнов,Italian,9
LSTM,1845,2.862246036529541,2.87656316280365,0,0.06612466124661247,0.12,Greek,7,Σοφία Παπαδόπουλος,English,4
LSTM,1846,2.9386699199676514,2.878086838722229,0,0.06608884073672806,0.12,German,6,Friedrich Schmidt,Italian,9
LSTM,1847,2.85210919380188,2.8782786750793456,0,0.0660530590146183,0.12,Dutch,3,Lotte Jansen,Italian,9
LSTM,1848,2.8493025302886963,2.8784083318710327,0,0.06601731601731602,0.12,Dutch,3,Willem de Vries,Italian,9
LSTM,1849,2.8487741947174072,2.87841139793396,0,0.06598161168199027,0.12,Russian,14,Юрий Попов,Italian,9
LSTM,1850,2.8447678089141846,2.8779908657073974,0,0.06594594594594595,0.12,Japanese,10,渡辺健,Italian,9
LSTM,1851,2.839143753051758,2.8754175996780393,0,0.06591031874662345,0.12,Dutch,3,Sophie Janssen,Italian,9
LSTM,1852,2.958455801010132,2.8765466451644897,0,0.06587473002159827,0.12,Korean,11,임하은,Italian,9
LSTM,1853,2.9178972244262695,2.8760699892044066,0,0.06583917970858068,0.12,German,6,Maximilian Meyer,Italian,9
LSTM,1854,2.7807464599609375,2.874209804534912,1,0.06634304207119741,0.14,Italian,9,Vincenzo Romano,Italian,9
LSTM,1855,2.9475135803222656,2.8743064308166506,0,0.06630727762803235,0.14,Irish,8,Niall Kelly,Italian,9
LSTM,1856,2.8511736392974854,2.87426278591156,0,0.06627155172413793,0.14,Czech,2,Jan Novotný,Italian,9
LSTM,1857,2.774705171585083,2.873687949180603,1,0.06677436725901992,0.14,Italian,9,Alessandro Greco,Italian,9
LSTM,1858,2.944490432739258,2.8763910245895388,0,0.06673842841765339,0.12,Chinese,1,张明,Italian,9
LSTM,1859,2.8364903926849365,2.876020669937134,0,0.06670252824098978,0.12,Japanese,10,鈴木彩,Italian,9
LSTM,1860,2.860076427459717,2.8762244319915773,0,0.06666666666666667,0.12,Czech,2,Pavel Němec,Italian,9
LSTM,1861,2.86657977104187,2.873754324913025,0,0.06663084363245567,0.12,Greek,7,Θεόδωρος Νικολάου,Italian,9
LSTM,1862,2.8497140407562256,2.874601488113403,0,0.06659505907626208,0.1,Polish,12,Wojciech Lewandowski,Italian,9
LSTM,1863,2.9145617485046387,2.8771718883514406,0,0.06655931293612453,0.08,Chinese,1,吴娟,Italian,9
LSTM,1864,2.77030873298645,2.8751691579818726,1,0.06706008583690987,0.1,Italian,9,Fabio Esposito,Italian,9
LSTM,1865,2.971285581588745,2.8748771142959595,0,0.06702412868632708,0.1,French,5,Gabriel Martin,Italian,9
LSTM,1866,2.8442952632904053,2.874780521392822,0,0.0669882100750268,0.1,Polish,12,Kamil Kamiński,Italian,9
LSTM,1867,2.8353705406188965,2.87302788734436,0,0.06695232994108195,0.1,Vietnamese,17,Đặng Linh,Italian,9
LSTM,1868,2.8291330337524414,2.8728886890411376,0,0.06691648822269808,0.1,Vietnamese,17,Phạm Dũng,Italian,9
LSTM,1869,2.8501698970794678,2.872441878318787,0,0.06688068485821295,0.1,Dutch,3,Anne Bakker,Italian,9
LSTM,1870,2.8325064182281494,2.869507074356079,0,0.06684491978609626,0.1,Dutch,3,Sem Jansen,Italian,9
LSTM,1871,2.821648597717285,2.8662203645706175,0,0.06680919294494922,0.1,Dutch,3,Hendrik de Jong,Italian,9
LSTM,1872,2.9246814250946045,2.868181734085083,0,0.06677350427350427,0.1,Chinese,1,周平,Italian,9
LSTM,1873,2.8650872707366943,2.8661507892608644,0,0.06673785371062467,0.1,Greek,7,Αθανάσιος Παπαδάκης,Italian,9
LSTM,1874,2.9193429946899414,2.865429091453552,0,0.06670224119530416,0.1,German,6,Klaus Meyer,Italian,9
LSTM,1875,2.9778122901916504,2.8679693746566772,0,0.06666666666666667,0.1,Korean,11,장지민,Italian,9
LSTM,1876,2.8526089191436768,2.8692612552642824,0,0.06663113006396588,0.08,Czech,2,Michal Veselý,Italian,9
LSTM,1877,2.9608757495880127,2.8701175594329835,0,0.06659563132658497,0.08,Irish,8,Aoife Murphy,Italian,9
LSTM,1878,2.978909730911255,2.8724489784240723,0,0.06656017039403621,0.08,Arabic,0,وليد الحداد,Italian,9
LSTM,1879,2.933035135269165,2.8747044706344607,0,0.06652474720596062,0.08,German,6,Dieter Schulz,Italian,9
LSTM,1880,2.852769136428833,2.875237455368042,0,0.06648936170212766,0.08,Russian,14,Максим Петров,Italian,9
LSTM,1881,2.8482508659362793,2.873275761604309,0,0.06645401382243488,0.08,Czech,2,Martin Černý,Italian,9
LSTM,1882,2.8186933994293213,2.8710209941864013,0,0.06641870350690754,0.08,Dutch,3,Thomas de Jong,Italian,9
LSTM,1883,2.849087715148926,2.8697526693344115,0,0.06638343069569835,0.08,Russian,14,Максим Иванов,Italian,9
LSTM,1884,2.972830057144165,2.8702131366729735,0,0.06634819532908705,0.08,French,5,François Dubois,Italian,9
LSTM,1885,2.867687225341797,2.870405535697937,0,0.06631299734748011,0.08,Portuguese,13,Pedro Sousa,Italian,9
LSTM,1886,2.8442087173461914,2.870193672180176,0,0.0662778366914104,0.08,Polish,12,Marcin Lewandowski,Italian,9
LSTM,1887,2.968090295791626,2.8731465435028074,0,0.06624271330153683,0.08,Arabic,0,سليم الغامدي,Italian,9
LSTM,1888,2.875174045562744,2.8736214876174926,0,0.06620762711864407,0.08,Portuguese,13,Carlos Ferreira,Italian,9
LSTM,1889,2.988339900970459,2.8746091413497923,0,0.06617257808364214,0.08,Korean,11,박수빈,Italian,9
LSTM,1890,2.943582534790039,2.877123794555664,0,0.06613756613756613,0.08,French,5,Jules Petit,Italian,9
LSTM,1891,2.9522147178649902,2.8805210399627685,0,0.06610259122157588,0.06,Irish,8,Aidan Doyle,Italian,9
LSTM,1892,2.8296005725860596,2.8801606369018553,0,0.0660676532769556,0.06,English,4,Thomas Smith,Italian,9
LSTM,1893,2.8599119186401367,2.8805596733093264,0,0.06603275224511358,0.06,Greek,7,Αλέξανδρος Αλεξίου,Italian,9
LSTM,1894,2.7792296409606934,2.879083209037781,1,0.0665258711721225,0.08,Italian,9,Francesco Colombo,Italian,9
LSTM,1895,2.874938726425171,2.8793370628356936,0,0.06649076517150396,0.08,Portuguese,13,João Martins,Italian,9
LSTM,1896,2.838747024536133,2.877338604927063,0,0.06645569620253164,0.08,Scottish,15,Rory MacDonald,Italian,9
LSTM,1897,2.836697578430176,2.877030372619629,0,0.06642066420664207,0.08,Czech,2,Marek Dvořák,Italian,9
LSTM,1898,2.8431077003479004,2.876906476020813,0,0.06638566912539515,0.08,Polish,12,Kamil Kowalski,Italian,9
LSTM,1899,2.865705966949463,2.877245111465454,0,0.06635071090047394,0.08,Portuguese,13,Gonçalo Ferreira,Italian,9
LSTM,1900,2.9295010566711426,2.878939776420593,0,0.06631578947368422,0.08,Spanish,16,Daniel Rodríguez,Italian,9
LSTM,1901,2.855710744857788,2.8792711162567137,0,0.06628090478695424,0.08,Vietnamese,17,Nguyễn Đức,Italian,9
LSTM,1902,2.837017297744751,2.876842346191406,0,0.06624605678233439,0.08,Polish,12,Andrzej Woźniak,Italian,9
LSTM,1903,2.9889698028564453,2.8782637977600096,0,0.06621124540199684,0.08,Korean,11,조현우,Italian,9
LSTM,1904,2.8504703044891357,2.879658274650574,0,0.0661764705882353,0.06,Vietnamese,17,Phan Đức,Italian,9
LSTM,1905,2.9750540256500244,2.880209083557129,0,0.06614173228346457,0.06,Korean,11,윤성민,Italian,9
LSTM,1906,2.9263107776641846,2.8817118263244628,0,0.06610703043022036,0.06,Spanish,16,Carlos López,Italian,9
LSTM,1907,2.8310487270355225,2.882838697433472,0,0.06607236497115888,0.04,Polish,12,Mateusz Wójcik,Italian,9
LSTM,1908,2.965381145477295,2.8832565116882325,0,0.0660377358490566,0.04,French,5,François Martin,Italian,9
LSTM,1909,2.841099262237549,2.8833486890792845,0,0.06600314300680984,0.04,Japanese,10,中村大輔,Italian,9
LSTM,1910,2.858919143676758,2.8833255434036253,0,0.06596858638743455,0.04,Greek,7,Χρήστος Παπαδόπουλος,Italian,9
LSTM,1911,2.959012031555176,2.8851741886138917,0,0.06593406593406594,0.04,Irish,8,Aidan Murphy,Italian,9
LSTM,1912,2.852940559387207,2.8852387189865114,0,0.06589958158995816,0.04,Scottish,15,Rory Fraser,Italian,9
LSTM,1913,2.9627766609191895,2.886203017234802,0,0.06586513329848406,0.04,Korean,11,임서연,Italian,9
LSTM,1914,2.8520467281341553,2.887837777137756,0,0.06583072100313479,0.02,Greek,7,Γεώργιος Γεωργίου,Italian,9
LSTM,1915,2.8299999237060547,2.8850120639801027,0,0.06579634464751959,0.02,Dutch,3,Hendrik van den Berg,Italian,9
LSTM,1916,2.8452281951904297,2.885030722618103,0,0.06576200417536535,0.02,Greek,7,Βασίλειος Δημητρίου,Italian,9
LSTM,1917,2.8301422595977783,2.8849261569976807,0,0.06572769953051644,0.02,Vietnamese,17,Đặng Hùng,Italian,9
LSTM,1918,2.9500069618225098,2.8873436355590822,0,0.06569343065693431,0.02,Chinese,1,周明,Italian,9
LSTM,1919,2.8394615650177,2.8871294689178466,0,0.06565919749869724,0.02,Greek,7,Χρήστος Βασιλείου,Italian,9
LSTM,1920,2.8368091583251953,2.8872155237197874,0,0.065625,0.02,Polish,12,Łukasz Kowalczyk,Italian,9
LSTM,1921,2.9661359786987305,2.8901052713394164,0,0.06559083810515356,0.02,French,5,Étienne Thomas,Italian,9
LSTM,1922,2.8335378170013428,2.8882823991775513,0,0.06555671175858481,0.02,Greek,7,Θεόδωρος Βασιλείου,Italian,9
LSTM,1923,2.8534281253814697,2.888049216270447,0,0.0655226209048362,0.02,Japanese,10,加藤蓮,Italian,9
LSTM,1924,2.971250295639038,2.8890873622894286,0,0.06548856548856549,0.02,Korean,11,윤도윤,Italian,9
LSTM,1925,2.970421314239502,2.8889395427703857,0,0.06545454545454546,0.02,Arabic,0,محمد القحطاني,Italian,9
LSTM,1926,2.9701719284057617,2.8912908029556275,0,0.06542056074766354,0.02,Korean,11,윤정훈,Italian,9
LSTM,1927,2.8414149284362793,2.888901586532593,0,0.06538661131292164,0.02,English,4,William Wilson,Italian,9
LSTM,1928,2.9201619625091553,2.8877266311645506,0,0.06535269709543569,0.02,German,6,Michael Wagner,Italian,9
LSTM,1929,2.8374905586242676,2.885815739631653,0,0.06531881804043546,0.02,Vietnamese,17,Phạm Tuấn,Italian,9
LSTM,1930,2.9552345275878906,2.887865047454834,0,0.06528497409326425,0.02,French,5,Étienne Durand,Italian,9
LSTM,1931,2.9359750747680664,2.8896195316314697,0,0.06525116519937856,0.02,Chinese,1,李敏,Italian,9
LSTM,1932,2.922455310821533,2.891694769859314,0,0.06521739130434782,0.02,Chinese,1,张平,Italian,9
LSTM,1933,2.8324437141418457,2.8913618898391724,0,0.06518365235385411,0.02,Greek,7,Αλέξανδρος Παπαδόπουλος,English,4
LSTM,1934,2.923164129257202,2.8903685712814333,0,0.06514994829369183,0.02,Spanish,16,Carlos Sánchez,Italian,9
LSTM,1935,2.9711368083953857,2.8924375629425048,0,0.06511627906976744,0.02,Arabic,0,خالد الغامدي,Italian,9
LSTM,1936,2.936915159225464,2.8942916917800905,0,0.06508264462809918,0.02,German,6,Johannes Schmidt,Italian,9
LSTM,1937,2.844975233078003,2.891829390525818,0,0.06504904491481672,0.02,Japanese,10,加藤直子,Italian,9
LSTM,1938,2.933958053588867,2.8930050706863404,0,0.06501547987616099,0.02,French,5,Benoît Robert,Italian,9
LSTM,1939,2.9209320545196533,2.8916569137573243,0,0.06498194945848375,0.02,Chinese,1,王丽,Italian,9
LSTM,1940,2.838801145553589,2.8895612859725954,0,0.06494845360824743,0.02,English,4,Christopher Wilson,Italian,9
LSTM,1941,2.8273563385009766,2.887064118385315,0,0.06491499227202473,0.02,English,4,Andrew St. John,Italian,9
LSTM,1942,2.832430601119995,2.8871207189559938,0,0.06488156539649846,0.02,Dutch,3,Lucas Janssen,Italian,9
LSTM,1943,2.93386173248291,2.888599715232849,0,0.06484817292846114,0.02,Korean,11,김예은,Italian,9
LSTM,1944,2.9597713947296143,2.8922105503082274,0,0.06481481481481481,0.0,Korean,11,임민수,Italian,9
LSTM,1945,2.832380533218384,2.891359386444092,0,0.06478149100257069,0.0,Polish,12,Łukasz Zieliński,Italian,9
LSTM,1946,2.831428050994873,2.8912130069732664,0,0.06474820143884892,0.0,Dutch,3,Kees van Dijk,Italian,9
LSTM,1947,2.8041584491729736,2.8905622243881224,1,0.06522855675398048,0.02,Italian,9,Antonio Bianchi,Italian,9
LSTM,1948,2.818631887435913,2.8900727081298827,0,0.06519507186858316,0.02,English,4,James Williams,Italian,9
LSTM,1949,2.8781232833862305,2.890321054458618,0,0.06516162134427912,0.02,Portuguese,13,Manuel Jesus,Italian,9
LSTM,1950,2.8698208332061768,2.889127449989319,0,0.06512820512820512,0.02,Scottish,15,Fraser Douglas,Italian,9
LSTM,1951,2.853666305541992,2.889086561203003,0,0.06509482316760636,0.02,Japanese,10,高橋健,Dutch,3
LSTM,1952,2.834101438522339,2.889028244018555,0,0.06506147540983606,0.02,Vietnamese,17,Võ Quân,Italian,9
LSTM,1953,2.92643404006958,2.8877775287628173,0,0.06502816180235535,0.02,Korean,11,박하은,Italian,9
LSTM,1954,2.932274103164673,2.889413604736328,0,0.06499488229273286,0.02,French,5,Noël Robert,Italian,9
LSTM,1955,2.785964250564575,2.885631809234619,1,0.06547314578005115,0.04,Italian,9,Francesco Greco,Italian,9
LSTM,1956,2.783917188644409,2.8827839374542235,1,0.06595092024539877,0.06,Italian,9,Marco Russo,Italian,9
LSTM,1957,2.9538156986236572,2.8852392768859865,0,0.06591722023505366,0.06,French,5,François L'Hôpital,Italian,9
LSTM,1958,2.9783241748809814,2.8854981374740603,0,0.0658835546475996,0.06,Arabic,0,مصطفى الشمري,Italian,9
LSTM,1959,2.8308656215667725,2.8852934646606445,0,0.06584992343032159,0.06,Polish,12,Stanisław Woźniak,Italian,9
LSTM,1960,2.9261443614959717,2.8866379690170287,0,0.06581632653061224,0.06,Chinese,1,张强,Italian,9
LSTM,1961,2.830716609954834,2.884072060585022,0,0.06578276389597144,0.06,Japanese,10,中村悠斗,Italian,9
LSTM,1962,2.8368375301361084,2.88375,0,0.06574923547400612,0.06,Greek,7,Νικόλαος Αλεξίου,Italian,9
LSTM,1963,2.8269972801208496,2.8810344123840332,0,0.06571574121242996,0.06,Dutch,3,Bram Janssen,Italian,9
LSTM,1964,2.8225929737091064,2.8804453372955323,0,0.06568228105906314,0.06,English,4,William Jones,Italian,9
LSTM,1965,2.8553574085235596,2.880952486991882,0,0.06564885496183206,0.06,Czech,2,Jan Dvořák,Italian,9
LSTM,1966,2.953277826309204,2.883113479614258,0,0.06561546286876907,0.06,Korean,11,정지훈,Italian,9
LSTM,1967,2.938352346420288,2.885277681350708,0,0.06558210472801221,0.06,French,5,Benoît d'Aubigné,Italian,9
LSTM,1968,2.8668479919433594,2.883614501953125,0,0.06554878048780488,0.06,Czech,2,Petr Němec,Italian,9
LSTM,1969,2.8301432132720947,2.883428134918213,0,0.06551549009649568,0.06,Japanese,10,渡辺誠,Italian,9
LSTM,1970,2.967771291732788,2.886047377586365,0,0.06548223350253807,0.06,Arabic,0,يوسف العتيبي,Italian,9
LSTM,1971,2.9262781143188477,2.885250220298767,0,0.0654490106544901,0.06,German,6,Wolfgang Fischer,Italian,9
LSTM,1972,2.8546440601348877,2.885672345161438,0,0.0654158215010142,0.06,Czech,2,Michal Černý,Italian,9
LSTM,1973,2.9622488021850586,2.8878487586975097,0,0.06538266599087683,0.06,Irish,8,Fionn Kelly,Italian,9
LSTM,1974,2.970503568649292,2.887833824157715,0,0.06534954407294832,0.06,Arabic,0,كريم الحداد,Italian,9
LSTM,1975,2.829770088195801,2.8850207996368407,0,0.06531645569620254,0.06,Polish,12,Grzegorz Kamiński,Italian,9
LSTM,1976,2.8815360069274902,2.8832480812072756,0,0.0652834008097166,0.06,Portuguese,13,António Ferreira,Italian,9
LSTM,1977,2.880227565765381,2.8840243339538576,0,0.06525037936267071,0.06,Portuguese,13,Miguel Rodrigues,Italian,9
LSTM,1978,2.8311257362365723,2.882243609428406,0,0.06521739130434782,0.06,Polish,12,Mateusz Kowalczyk,Italian,9
LSTM,1979,2.833566665649414,2.8821651315689087,0,0.0651844365841334,0.06,Vietnamese,17,Hoàng Phong,Italian,9
LSTM,1980,2.8263118267059326,2.8795866775512695,0,0.06515151515151515,0.06,Dutch,3,Willem Janssen,Italian,9
LSTM,1981,2.8356893062591553,2.8775809621810913,0,0.06511862695608278,0.06,Greek,7,Δημήτριος Γεωργίου,Dutch,3
LSTM,1982,2.8795032501220703,2.876721920967102,0,0.06508577194752775,0.06,Russian,14,Сергей Иванов,Italian,9
LSTM,1983,2.9263358116149902,2.878599762916565,0,0.06505295007564296,0.06,Chinese,1,刘明,Italian,9
LSTM,1984,2.959883213043213,2.8793341445922853,0,0.06502016129032258,0.06,Arabic,0,أحمد الغامدي,Italian,9
LSTM,1985,2.959421396255493,2.8790998363494875,0,0.06498740554156171,0.06,Irish,8,Oisín Kelly,Italian,9
LSTM,1986,2.853174924850464,2.8774250316619874,0,0.0649546827794562,0.06,Czech,2,Ondřej Černý,Italian,9
LSTM,1987,2.92280650138855,2.878981657028198,0,0.06492199295420231,0.06,French,5,Noël Robert,Italian,9
LSTM,1988,2.9437997341156006,2.8791784906387328,0,0.06488933601609657,0.06,French,5,Gabriel L'Hôpital,Italian,9
LSTM,1989,2.8470470905303955,2.8777007913589476,0,0.06485671191553545,0.06,Czech,2,Jan Veselý,Italian,9
LSTM,1990,2.8405799865722656,2.8777363681793213,0,0.06482412060301508,0.06,Czech,2,Jakub Černý,Italian,9
LSTM,1991,2.881882905960083,2.8788268995285033,0,0.06479156202913108,0.06,Scottish,15,Alasdair Robertson,Italian,9
LSTM,1992,2.9554548263549805,2.881287384033203,0,0.06475903614457831,0.06,Arabic,0,سعيد الهاشمي,Italian,9
LSTM,1993,2.933634042739868,2.881282830238342,0,0.06472654290015052,0.06,French,5,Nicolas Dubois,Italian,9
LSTM,1994,2.8739070892333984,2.879565544128418,0,0.06469408224674023,0.06,Portuguese,13,João Ferreira,Italian,9
LSTM,1995,2.9280035495758057,2.8814780044555666,0,0.06466165413533835,0.06,Chinese,1,李丽,Italian,9
LSTM,1996,2.8361780643463135,2.881573004722595,0,0.06462925851703406,0.06,Japanese,10,高橋大輔,Italian,9
LSTM,1997,2.9280521869659424,2.8840508794784547,0,0.06459689534301452,0.04,German,6,Jürgen Meyer,Italian,9
LSTM,1998,2.853455066680908,2.8847473430633546,0,0.06456456456456457,0.04,Vietnamese,17,Đặng Đức,Italian,9
LSTM,1999,2.8296544551849365,2.883777966499329,0,0.06453226613306653,0.04,Vietnamese,17,Phạm Hoàng,Italian,9
LSTM,2000,2.789637565612793,2.8821743011474608,1,0.065,0.06,Italian,9,Riccardo Esposito,Italian,9
GRU,1,2.804110527038574,2.804110527038574,0,0.0,0.0,Dutch,3,Kees de Jong,Korean,11
GRU,2,2.9329733848571777,2.868541955947876,0,0.0,0.0,Irish,8,Liam Walsh,Korean,11
GRU,3,2.895904302597046,2.877662738164266,0,0.0,0.0,Greek,7,Ευάγγελος Παπαδάκης,Czech,2
GRU,4,2.792724132537842,2.85642808675766,0,0.0,0.0,Dutch,3,Ruben Smit,Korean,11
GRU,5,3.0247654914855957,2.890095567703247,0,0.0,0.0,Vietnamese,17,Trần Cường,Korean,11
GRU,6,2.8589510917663574,2.8849048217137656,0,0.0,0.0,Portuguese,13,Jorge Silva,Dutch,3
GRU,7,2.8722031116485596,2.8830902917044505,0,0.0,0.0,Arabic,0,عمر الخطيب,Korean,11
GRU,8,2.8439841270446777,2.8782020211219788,0,0.0,0.0,German,6,Hannah Schneider,Korean,11
GRU,9,2.962475061416626,2.8875656922658286,0,0.0,0.0,Spanish,16,Miguel Pérez,Korean,11
GRU,10,2.85711669921875,2.8845207929611205,0,0.0,0.0,Arabic,0,عمر المالكي,Korean,11
GRU,11,2.8639421463012695,2.8826500069011343,0,0.0,0.0,German,6,Wolfgang Hoffmann,Korean,11
GRU,12,3.016268253326416,2.8937848607699075,0,0.0,0.0,Vietnamese,17,Huỳnh Hoàng,Korean,11
GRU,13,2.918724775314331,2.8957033157348633,0,0.0,0.0,Greek,7,Στέφανος Αθανασίου,Korean,11
GRU,14,2.9179651737213135,2.897293448448181,0,0.0,0.0,Irish,8,Patrick Murphy,Czech,2
GRU,15,2.9691412448883057,2.9020833015441894,0,0.0,0.0,French,5,Jean-Luc d'Aubigné,Dutch,3
GRU,16,2.8662099838256836,2.899841219186783,0,0.0,0.0,Portuguese,13,Rui Oliveira,Korean,11
GRU,17,2.874271869659424,2.8983371398028206,0,0.0,0.0,Irish,8,Aoife Kelly,Korean,11
GRU,18,2.856531858444214,2.896014624171787,0,0.0,0.0,German,6,Maximilian Hoffmann,Korean,11
GRU,19,2.9319794178009033,2.8979075080470036,0,0.0,0.0,Japanese,10,鈴木翔,Korean,11
GRU,20,2.824608087539673,2.894242537021637,0,0.0,0.0,Czech,2,Štěpán Černý,Korean,11
GRU,21,2.800661563873291,2.8897863002050492,0,0.0,0.0,Dutch,3,Sander van Dijk,Czech,2
GRU,22,2.7867465019226074,2.8851026730103926,1,0.045454545454545456,0.045454545454545456,Korean,11,윤수빈,Korean,11
GRU,23,2.9001338481903076,2.885756202366041,0,0.043478260869565216,0.043478260869565216,Irish,8,Brendan Murphy,Czech,2
GRU,24,2.906217575073242,2.8866087595621743,0,0.041666666666666664,0.041666666666666664,Russian,14,Роман Васильев,Czech,2
GRU,25,2.7905189990997314,2.882765169143677,0,0.04,0.04,Dutch,3,Finn van Dijk,Korean,11
GRU,26,2.841994285583496,2.881197058237516,0,0.038461538461538464,0.038461538461538464,Czech,2,Petr Veselý,Korean,11
GRU,27,2.8257369995117188,2.8791429819884122,0,0.037037037037037035,0.037037037037037035,Italian,9,Alessandro Marino,Korean,11
GRU,28,2.791456699371338,2.8760113290378024,1,0.07142857142857142,0.07142857142857142,Korean,11,윤상현,Korean,11
GRU,29,2.8511557579040527,2.875154240378018,0,0.06896551724137931,0.06896551724137931,German,6,Hans Hoffmann,Korean,11
GRU,30,2.794525384902954,2.8724666118621824,0,0.06666666666666667,0.06666666666666667,Czech,2,Marek Novák,Korean,11
GRU,31,2.8894596099853516,2.8730147730919624,0,0.06451612903225806,0.06451612903225806,Greek,7,Ελένη Σταυρίδης,Czech,2
GRU,32,2.8258719444274902,2.8715415596961975,0,0.0625,0.0625,Italian,9,Alessandro Russo,Czech,2
GRU,33,2.877793788909912,2.871731021187522,0,0.06060606060606061,0.06060606060606061,Greek,7,Αλέξανδρος Παπαδάκης,Czech,2
GRU,34,2.909773111343384,2.8728499061921062,0,0.058823529411764705,0.058823529411764705,Polish,12,Wojciech Wójcik,Czech,2
GRU,35,2.90321683883667,2.873717532839094,0,0.05714285714285714,0.05714285714285714,Russian,14,Андрей Михайлов,Czech,2
GRU,36,2.8187193870544434,2.872189806567298,0,0.05555555555555555,0.05555555555555555,Korean,11,박지훈,Dutch,3
GRU,37,2.780360698699951,2.8697079387870996,1,0.08108108108108109,0.08108108108108109,Korean,11,정서준,Korean,11
GRU,38,2.8004770278930664,2.8678860727109408,0,0.07894736842105263,0.07894736842105263,German,6,Matthias Schulz,Korean,11
GRU,39,2.9094057083129883,2.868950678752019,0,0.07692307692307693,0.07692307692307693,Irish,8,Aoife O'Connor,Korean,11
GRU,40,2.8314287662506104,2.8680126309394836,0,0.075,0.075,Czech,2,Daniel Veselý,Korean,11
GRU,41,2.9835362434387207,2.870830280024831,0,0.07317073170731707,0.07317073170731707,French,5,Noël Durand,Korean,11
GRU,42,2.9018807411193848,2.871569576717558,0,0.07142857142857142,0.07142857142857142,Greek,7,Δημήτριος Γεωργίου,Korean,11
GRU,43,2.9020118713378906,2.872277537057566,0,0.06976744186046512,0.06976744186046512,Russian,14,Роман Кузнецов,Czech,2
GRU,44,2.9004294872283936,2.872917354106903,0,0.06818181818181818,0.06818181818181818,Irish,8,Conor O'Connor,Korean,11
GRU,45,3.019124984741211,2.876166412565443,0,0.06666666666666667,0.06666666666666667,Vietnamese,17,Lê Phong,Korean,11
GRU,46,2.903700828552246,2.876764986826026,0,0.06521739130434782,0.06521739130434782,Japanese,10,加藤悠斗,Czech,2
GRU,47,2.96026349067688,2.8785415507377463,0,0.06382978723404255,0.06382978723404255,Chinese,1,张霞,Korean,11
GRU,48,2.95259428024292,2.8800843159357705,0,0.0625,0.0625,Chinese,1,陈伟,Korean,11
GRU,49,2.9074196815490723,2.8806421805401237,0,0.061224489795918366,0.061224489795918366,Polish,12,Jakub Wójcik,Czech,2
GRU,50,2.8101789951324463,2.8792329168319704,0,0.06,0.06,Czech,2,Filip Novotný,Korean,11
GRU,51,2.915710687637329,2.8814649200439453,0,0.058823529411764705,0.06,Japanese,10,高橋誠,German,6
GRU,52,2.9718925952911377,2.8822433042526243,0,0.057692307692307696,0.06,Scottish,15,Angus Murray,Czech,2
GRU,53,2.8922383785247803,2.882169985771179,0,0.05660377358490566,0.06,Russian,14,Павел Петров,Czech,2
GRU,54,2.850273609161377,2.8833209753036497,0,0.05555555555555555,0.06,Irish,8,Michael Kelly,Korean,11
GRU,55,2.8687098026275635,2.8801998615264894,0,0.05454545454545454,0.06,Greek,7,Μιχάλης Σταυρίδης,Czech,2
GRU,56,2.987854242324829,2.882777924537659,0,0.05357142857142857,0.06,Vietnamese,17,Phan Quân,Korean,11
GRU,57,2.863041400909424,2.882594690322876,0,0.05263157894736842,0.06,Irish,8,Brendan Kennedy,Korean,11
GRU,58,2.892056465148926,2.8835561370849607,0,0.05172413793103448,0.06,Portuguese,13,Luís Martins,Korean,11
GRU,59,2.89029598236084,2.8821125555038454,0,0.05084745762711865,0.06,Polish,12,Grzegorz Kowalczyk,Czech,2
GRU,60,2.858529806137085,2.882140817642212,0,0.05,0.06,Greek,7,Ευάγγελος Παπαδάκης,Czech,2
GRU,61,2.974581718444824,2.884353609085083,0,0.04918032786885246,0.06,Spanish,16,Fernando Sánchez,Korean,11
GRU,62,2.769562005996704,2.879419484138489,1,0.06451612903225806,0.08,Czech,2,Adam Němec,Czech,2
GRU,63,2.9491333961486816,2.8800276565551757,0,0.06349206349206349,0.08,Chinese,1,李军,Czech,2
GRU,64,2.939189910888672,2.880452151298523,0,0.0625,0.08,English,4,James Taylor,Czech,2
GRU,65,2.97094988822937,2.880488324165344,0,0.06153846153846154,0.08,French,5,Mathieu d'Aubigné,Korean,11
GRU,66,2.8850653171539307,2.8808654308319093,0,0.06060606060606061,0.08,Portuguese,13,Diogo Martins,Korean,11
GRU,67,2.7935662269592285,2.8792513179779053,0,0.05970149253731343,0.08,Czech,2,Břetislav Černý,Korean,11
GRU,68,2.9211795330047607,2.880544271469116,0,0.058823529411764705,0.08,Polish,12,Grzegorz Zieliński,Czech,2
GRU,69,2.887880563735962,2.8796622943878174,0,0.057971014492753624,0.08,Russian,14,Олег Васильев,Czech,2
GRU,70,2.875049352645874,2.8806711196899415,0,0.05714285714285714,0.08,Irish,8,Patrick Gallagher,Czech,2
GRU,71,2.882441520690918,2.882306718826294,0,0.056338028169014086,0.08,Arabic,0,ماجد الشمري,Korean,11
GRU,72,2.8059616088867188,2.8826910209655763,0,0.05555555555555555,0.06,Dutch,3,Lucas Smit,Czech,2
GRU,73,3.0087366104125977,2.884863076210022,0,0.0547945205479452,0.06,Vietnamese,17,Đặng Long,Korean,11
GRU,74,2.8519396781921387,2.8837775182724,0,0.05405405405405406,0.06,Irish,8,Brian Kennedy,Korean,11
GRU,75,2.914235830307007,2.8862518548965452,0,0.05333333333333334,0.06,Japanese,10,鈴木蓮,Korean,11
GRU,76,2.831266403198242,2.88603729724884,0,0.05263157894736842,0.06,Italian,9,Luca Romano,Czech,2
GRU,77,2.9782931804656982,2.8890884208679197,0,0.05194805194805195,0.06,French,5,Noël Richard,Czech,2
GRU,78,2.885856866836548,2.8909764242172242,0,0.05128205128205128,0.04,Arabic,0,خالد القحطاني,Korean,11
GRU,79,2.8491270542144775,2.890935850143433,0,0.05063291139240506,0.04,Irish,8,Ronan McCarthy,Czech,2
GRU,80,2.9700143337249756,2.8944456291198732,0,0.05,0.04,French,5,Hugo Durand,Czech,2
GRU,81,2.799370527267456,2.892643847465515,0,0.04938271604938271,0.04,Dutch,3,Jan Smit,Korean,11
GRU,82,2.823425054550171,2.892594909667969,0,0.04878048780487805,0.04,Italian,9,Carlo Marino,Czech,2
GRU,83,2.978147029876709,2.894601974487305,0,0.04819277108433735,0.04,Spanish,16,Pablo Pérez,Korean,11
GRU,84,2.836998462677002,2.893146481513977,0,0.047619047619047616,0.04,German,6,Hannah Schmidt,Korean,11
GRU,85,2.797234296798706,2.891026830673218,1,0.058823529411764705,0.06,Korean,11,임지민,Korean,11
GRU,86,2.9621024131774902,2.8938944911956788,0,0.05813953488372093,0.06,French,5,Jean-Luc Durand,Czech,2
GRU,87,2.9386343955993652,2.897059965133667,0,0.05747126436781609,0.04,Spanish,16,Alejandro García,Czech,2
GRU,88,2.9165947437286377,2.8993823194503783,0,0.056818181818181816,0.04,Japanese,10,山本裕子,Korean,11
GRU,89,2.874535322189331,2.8986849117279054,0,0.056179775280898875,0.04,Arabic,0,إبراهيم الخطيب,Korean,11
GRU,90,2.7819528579711914,2.897695393562317,1,0.06666666666666667,0.06,Korean,11,최예은,Korean,11
GRU,91,2.8808062076568604,2.8956407928466796,0,0.06593406593406594,0.06,Greek,7,Στέφανος Παπαδόπουλος,Korean,11
GRU,92,2.88708758354187,2.8953449296951295,0,0.06521739130434782,0.06,Greek,7,Αλέξανδρος Βασιλείου,Korean,11
GRU,93,2.788860321044922,2.89308189868927,0,0.06451612903225806,0.06,Czech,2,Petr Svoboda,Korean,11
GRU,94,3.044567108154297,2.895964651107788,0,0.06382978723404255,0.06,Scottish,15,Stuart MacDonald,Korean,11
GRU,95,3.010749578475952,2.8957971429824827,0,0.06315789473684211,0.06,Vietnamese,17,Đặng Phong,Korean,11
GRU,96,2.9556331634521484,2.896835789680481,0,0.0625,0.06,English,4,Matthew Johnson,Korean,11
GRU,97,3.029850721359253,2.8982275342941284,0,0.061855670103092786,0.06,Scottish,15,Alasdair Graham,Czech,2
GRU,98,2.956242084503174,2.8983004903793335,0,0.061224489795918366,0.06,French,5,Gabriel Petit,Korean,11
GRU,99,2.9646387100219727,2.8994448709487917,0,0.06060606060606061,0.06,Spanish,16,Pablo Pérez,Korean,11
GRU,100,2.8845694065093994,2.9009326791763304,0,0.06,0.06,Portuguese,13,André Ferreira,Czech,2
GRU,101,3.0089292526245117,2.902797050476074,0,0.0594059405940594,0.06,Vietnamese,17,Đặng Minh,Korean,11
GRU,102,2.8616414070129395,2.9005920267105103,0,0.058823529411764705,0.06,German,6,Klaus Hoffmann,Korean,11
GRU,103,2.825880527496338,2.8992648696899415,0,0.05825242718446602,0.06,Italian,9,Antonio Romano,Czech,2
GRU,104,2.791843891143799,2.89809627532959,1,0.0673076923076923,0.08,Korean,11,강예준,Korean,11
GRU,105,2.9592666625976562,2.8999074125289916,0,0.06666666666666667,0.08,Spanish,16,Pablo Martínez,Korean,11
GRU,106,2.8407139778137207,2.8969646072387696,0,0.0660377358490566,0.08,Dutch,3,Hendrik van den Berg,Korean,11
GRU,107,2.866689682006836,2.8970375728607176,0,0.06542056074766354,0.08,Greek,7,Μαρία Παπαδόπουλος,Korean,11
GRU,108,2.9208662509918213,2.8976137685775756,0,0.06481481481481481,0.08,Japanese,10,佐藤裕子,Korean,11
GRU,109,3.0100202560424805,2.9000082540512087,0,0.06422018348623854,0.08,Vietnamese,17,Lê Thành,Korean,11
GRU,110,2.856720209121704,2.899972062110901,0,0.06363636363636363,0.08,Greek,7,Δημήτριος Παπαδόπουλος,Korean,11
GRU,111,2.768688917160034,2.8958542060852053,1,0.07207207207207207,0.1,Czech,2,Petr Němec,Czech,2
GRU,112,2.9656660556793213,2.8997762870788573,0,0.07142857142857142,0.08,Chinese,1,张霞,Korean,11
GRU,113,2.7768335342407227,2.8963302898406984,1,0.07964601769911504,0.1,Czech,2,Jiří Novák,Czech,2
GRU,114,2.9211843013763428,2.895970177650452,0,0.07894736842105263,0.1,Japanese,10,佐藤健一,Korean,11
GRU,115,2.951003313064575,2.895571246147156,0,0.0782608695652174,0.1,Spanish,16,Alejandro Rodríguez,Korean,11
GRU,116,2.8793013095855713,2.8954559659957884,0,0.07758620689655173,0.1,Irish,8,Brendan O'Connor,Czech,2
GRU,117,3.0068130493164062,2.8997209024429322,0,0.07692307692307693,0.1,Scottish,15,Ross MacKenzie,Korean,11
GRU,118,2.9954702854156494,2.90120671749115,0,0.07627118644067797,0.1,Vietnamese,17,Trần Minh,Korean,11
GRU,119,3.0256052017211914,2.9039612102508543,0,0.07563025210084033,0.1,Scottish,15,Callum Campbell,Korean,11
GRU,120,2.955803632736206,2.905576295852661,0,0.075,0.1,Scottish,15,Ewan Murray,Czech,2
GRU,121,2.8367252349853516,2.90466197013855,0,0.0743801652892562,0.1,German,6,Jürgen Schmidt,Korean,11
GRU,122,2.8026206493377686,2.904595150947571,0,0.07377049180327869,0.1,Dutch,3,Daan Smit,Czech,2
GRU,123,2.8848671913146973,2.902117762565613,0,0.07317073170731707,0.1,Portuguese,13,Francisco Oliveira,Czech,2
GRU,124,2.8704566955566406,2.902488102912903,0,0.07258064516129033,0.1,Portuguese,13,Pedro Costa,Czech,2
GRU,125,2.9083032608032227,2.9023694515228273,0,0.072,0.1,Russian,14,Виктор Новиков,Czech,2
GRU,126,2.9418129920959473,2.904580383300781,0,0.07142857142857142,0.1,Chinese,1,吴杰,Czech,2
GRU,127,2.8027503490448,2.901069526672363,0,0.07086614173228346,0.1,Dutch,3,Sem de Jong,Korean,11
GRU,128,2.9108684062957764,2.901569757461548,0,0.0703125,0.1,Polish,12,Michał Woźniak,Czech,2
GRU,129,2.9053449630737305,2.9026941156387327,0,0.06976744186046512,0.1,Japanese,10,鈴木愛,Dutch,3
GRU,130,2.8729946613311768,2.900753722190857,0,0.06923076923076923,0.1,Greek,7,Ανδρέας Γεωργίου,Korean,11
GRU,131,2.8436238765716553,2.901638789176941,0,0.06870229007633588,0.1,German,6,Felix Wagner,Korean,11
GRU,132,2.9027323722839355,2.9032249355316164,0,0.06818181818181818,0.1,Russian,14,Олег Петров,Czech,2
GRU,133,2.8709018230438232,2.9010800313949585,0,0.06766917293233082,0.1,Portuguese,13,Miguel Ferreira,Czech,2
GRU,134,2.8630166053771973,2.9016003942489625,0,0.06716417910447761,0.1,Irish,8,Saoirse Doyle,Korean,11
GRU,135,2.8482818603515625,2.9026213455200196,0,0.06666666666666667,0.08,Greek,7,Σοφία Παπαδόπουλος,Czech,2
GRU,136,2.8975069522857666,2.901329436302185,0,0.0661764705882353,0.08,Russian,14,Александр Соколов,Czech,2
GRU,137,2.7967357635498047,2.898491463661194,0,0.06569343065693431,0.08,Dutch,3,Joris de Jong,Korean,11
GRU,138,2.9905471801757812,2.8999705123901367,0,0.06521739130434782,0.08,Vietnamese,17,Nguyễn Dũng,Dutch,3
GRU,139,2.766078233718872,2.8978013706207277,1,0.07194244604316546,0.1,Czech,2,David Němec,Czech,2
GRU,140,2.856546401977539,2.8992932415008545,0,0.07142857142857142,0.08,Greek,7,Ιωάννης Γεωργίου,Korean,11
GRU,141,2.877781867980957,2.899232754707336,0,0.07092198581560284,0.08,Portuguese,13,Carlos Rodrigues,Czech,2
GRU,142,2.987595558166504,2.901242914199829,0,0.07042253521126761,0.08,Scottish,15,Ross MacKenzie,Korean,11
GRU,143,2.9041175842285156,2.903548059463501,0,0.06993006993006994,0.08,Polish,12,Kamil Nowak,Czech,2
GRU,144,2.976001501083374,2.9021767473220823,0,0.06944444444444445,0.08,French,5,Pierre Robert,Korean,11
GRU,145,2.886082172393799,2.8996833992004394,0,0.06896551724137931,0.08,Arabic,0,مصطفى الغامدي,Korean,11
GRU,146,2.8593642711639404,2.8977580213546754,0,0.0684931506849315,0.08,Irish,8,Brian Doyle,Korean,11
GRU,147,2.83739972114563,2.8939090013504027,0,0.06802721088435375,0.08,Italian,9,Gabriele Romano,Czech,2
GRU,148,3.0110957622528076,2.8950060749053956,0,0.06756756756756757,0.08,Vietnamese,17,Võ Khang,Czech,2
GRU,149,3.00166392326355,2.8957465791702273,0,0.06711409395973154,0.08,Scottish,15,Isla MacLeod,Czech,2
GRU,150,2.836064100265503,2.894776473045349,0,0.06666666666666667,0.08,German,6,Maximilian Fischer,Czech,2
GRU,151,2.821661949157715,2.891031126976013,0,0.06622516556291391,0.08,German,6,Friedrich Müller,Korean,11
GRU,152,3.0135347843170166,2.8940689945220948,0,0.06578947368421052,0.08,Vietnamese,17,Nguyễn Ngọc,Czech,2
GRU,153,2.9073915481567383,2.895699214935303,0,0.06535947712418301,0.08,Japanese,10,佐藤誠,German,6
GRU,154,2.9798405170440674,2.899459147453308,0,0.06493506493506493,0.06,Chinese,1,赵洋,Czech,2
GRU,155,2.956380605697632,2.8994014263153076,0,0.06451612903225806,0.06,Scottish,15,Hamish Fraser,Czech,2
GRU,156,2.962052583694458,2.901828198432922,0,0.0641025641025641,0.06,Spanish,16,Alejandro González,Korean,11
GRU,157,2.9497568607330322,2.9034895420074465,0,0.06369426751592357,0.06,Chinese,1,黄勇,Czech,2
GRU,158,2.804955005645752,2.901171317100525,0,0.06329113924050633,0.06,Czech,2,Ondřej Novotný,Korean,11
GRU,159,2.811030864715576,2.8971915292739867,0,0.06289308176100629,0.06,Czech,2,David Veselý,Korean,11
GRU,160,2.7556838989257812,2.8951708030700685,1,0.06875,0.08,Czech,2,David Horák,Czech,2
GRU,161,2.8558847904205322,2.8969147205352783,0,0.06832298136645963,0.06,Greek,7,Νικόλαος Αθανασίου,Czech,2
GRU,162,2.848024845123291,2.8945618963241575,0,0.06790123456790123,0.06,Dutch,3,Dirk Visser,Czech,2
GRU,163,2.849405288696289,2.896013331413269,0,0.06748466257668712,0.04,Greek,7,Βασίλειος Βασιλείου,Czech,2
GRU,164,2.9631571769714355,2.896852788925171,0,0.06707317073170732,0.04,Chinese,1,赵霞,Czech,2
GRU,165,2.754551649093628,2.892923755645752,1,0.07272727272727272,0.06,Czech,2,Ondřej Procházka,Czech,2
GRU,166,2.956411600112915,2.894465961456299,0,0.07228915662650602,0.06,Spanish,16,Alejandro López,Czech,2
GRU,167,2.862243890762329,2.8915745782852174,0,0.0718562874251497,0.06,Irish,8,Ciarán O'Brien,Czech,2
GRU,168,2.9184529781341553,2.8900342321395875,0,0.07142857142857142,0.06,Japanese,10,田中花子,Czech,2
GRU,169,2.853163003921509,2.886585388183594,0,0.07100591715976332,0.06,Irish,8,Patrick Doyle,Czech,2
GRU,170,2.970905303955078,2.8868874216079714,0,0.07058823529411765,0.06,English,4,Daniel Taylor,Czech,2
GRU,171,2.8401904106140137,2.8869567251205446,0,0.07017543859649122,0.06,Italian,9,Stefano Romano,Czech,2
GRU,172,2.9276139736175537,2.88945659160614,0,0.06976744186046512,0.06,Japanese,10,加藤大輔,Czech,2
GRU,173,2.7515811920166016,2.8867908716201782,1,0.07514450867052024,0.08,Czech,2,Pavel Novák,Czech,2
GRU,174,2.907449245452881,2.887530722618103,0,0.07471264367816093,0.08,Russian,14,Юрий Соколов,Czech,2
GRU,175,2.7993226051330566,2.8853511095046995,0,0.07428571428571429,0.08,Dutch,3,Anne de Jong,Czech,2
GRU,176,3.012590169906616,2.886766653060913,0,0.07386363636363637,0.08,Vietnamese,17,Lê Nam,Czech,2
GRU,177,2.952054023742676,2.8897527265548706,0,0.07344632768361582,0.08,Spanish,16,Francisco Rodríguez,Czech,2
GRU,178,2.9635326862335205,2.8908060121536256,0,0.07303370786516854,0.08,English,4,Charles Jones,Czech,2
GRU,179,2.748870611190796,2.8876765251159666,1,0.0782122905027933,0.1,Czech,2,Pavel Dvořák,Czech,2
GRU,180,2.826735019683838,2.88675133228302,0,0.07777777777777778,0.1,Korean,11,최예준,Czech,2
GRU,181,2.9794037342071533,2.88946692943573,0,0.07734806629834254,0.1,French,5,Lucien Richard,Czech,2
GRU,182,2.9730308055877686,2.8908728981018066,0,0.07692307692307693,0.1,Vietnamese,17,Đặng Anh,Czech,2
GRU,183,2.8690290451049805,2.89083544254303,0,0.07650273224043716,0.1,Italian,9,Riccardo Ricci,Czech,2
GRU,184,2.918280839920044,2.891940727233887,0,0.07608695652173914,0.1,Spanish,16,Carlos García,Czech,2
GRU,185,2.9639439582824707,2.894253969192505,0,0.07567567567567568,0.1,Vietnamese,17,Phạm Phong,Czech,2
GRU,186,2.808591604232788,2.8924756622314454,0,0.07526881720430108,0.1,Dutch,3,Lucas Jansen,Czech,2
GRU,187,2.826022148132324,2.893061389923096,0,0.0748663101604278,0.1,Irish,8,Eoin Kelly,Czech,2
GRU,188,2.8359837532043457,2.889970121383667,0,0.07446808510638298,0.1,Dutch,3,Thomas Meijer,Czech,2
GRU,189,2.9159882068634033,2.8929683208465575,0,0.07407407407407407,0.08,Vietnamese,17,Trần Tuấn,Czech,2
GRU,190,2.8674001693725586,2.893185396194458,0,0.07368421052631578,0.08,Irish,8,Ciarán Walsh,Czech,2
GRU,191,2.8620474338531494,2.892870707511902,0,0.07329842931937172,0.08,German,6,Wolfgang Hoffmann,Czech,2
GRU,192,2.929386615753174,2.891706528663635,0,0.07291666666666667,0.08,Japanese,10,高橋大輔,Czech,2
GRU,193,2.835812568664551,2.890340428352356,0,0.07253886010362694,0.08,Irish,8,Eoin McCarthy,Czech,2
GRU,194,3.009110450744629,2.8910026073455812,0,0.07216494845360824,0.08,Scottish,15,Ewan Campbell,German,6
GRU,195,2.9469969272613525,2.892220902442932,0,0.07179487179487179,0.08,Chinese,1,李敏,Czech,2
GRU,196,2.8849101066589355,2.892731819152832,0,0.07142857142857142,0.08,Portuguese,13,Francisco Pereira,Czech,2
GRU,197,2.9490585327148438,2.8949649953842163,0,0.07106598984771574,0.08,Chinese,1,王伟,Czech,2
GRU,198,2.902097463607788,2.892785029411316,0,0.0707070707070707,0.08,Japanese,10,加藤彩,Czech,2
GRU,199,2.9646294116973877,2.892044339179993,0,0.07035175879396985,0.08,English,4,Michael Taylor,Czech,2
GRU,200,2.832214832305908,2.891967353820801,0,0.07,0.08,Irish,8,Patrick O'Brien,Czech,2
GRU,201,2.908965587615967,2.893713426589966,0,0.06965174129353234,0.08,Russian,14,Алексей Соколов,Czech,2
GRU,202,2.8904027938842773,2.891250786781311,0,0.06930693069306931,0.08,Portuguese,13,Manuel Martins,Czech,2
GRU,203,2.916512966156006,2.8914332151412965,0,0.06896551724137931,0.08,Arabic,0,إبراهيم الخطيب,Czech,2
GRU,204,2.740391492843628,2.886644234657288,1,0.07352941176470588,0.1,Czech,2,Matěj Horák,Czech,2
GRU,205,2.9512572288513184,2.8865417671203613,0,0.07317073170731707,0.1,English,4,J.R. Davis,Czech,2
GRU,206,2.9296653270721436,2.885894021987915,0,0.07281553398058252,0.1,Chinese,1,陈涛,Czech,2
GRU,207,2.9293980598449707,2.8854868459701537,0,0.07246376811594203,0.1,Vietnamese,17,Trần Quân,Czech,2
GRU,208,2.873631238937378,2.8868603706359863,0,0.07211538461538461,0.1,Portuguese,13,Diogo Santos,Czech,2
GRU,209,2.955720901489258,2.88975417137146,0,0.07177033492822966,0.1,Chinese,1,刘霞,Czech,2
GRU,210,2.839960813522339,2.8914397096633913,0,0.07142857142857142,0.08,Korean,11,김서준,Czech,2
GRU,211,2.827942371368408,2.8908808612823487,0,0.07109004739336493,0.08,Korean,11,박지호,Czech,2
GRU,212,2.8616161346435547,2.8911526870727537,0,0.07075471698113207,0.08,Greek,7,Μιχάλης Αλεξίου,Czech,2
GRU,213,2.7954494953155518,2.8900735712051393,0,0.07042253521126761,0.08,Dutch,3,Thomas van Dijk,Czech,2
GRU,214,2.9835314750671387,2.890481057167053,0,0.07009345794392523,0.08,Vietnamese,17,Huỳnh Đức,Czech,2
GRU,215,2.975332736968994,2.8948966789245607,0,0.06976744186046512,0.06,English,4,James Brown,Czech,2
GRU,216,2.997202157974243,2.895712490081787,0,0.06944444444444445,0.06,French,5,Étienne Thomas,Czech,2
GRU,217,2.8509902954101562,2.895487418174744,0,0.06912442396313365,0.06,Portuguese,13,Miguel Silva,Czech,2
GRU,218,2.985368490219116,2.896825728416443,0,0.06880733944954129,0.06,French,5,Georges L'Hôpital,Dutch,3
GRU,219,2.899207353591919,2.8977466154098512,0,0.0684931506849315,0.06,Japanese,10,渡辺裕子,Czech,2
GRU,220,2.8533380031585693,2.895395269393921,0,0.06818181818181818,0.06,Greek,7,Βασίλειος Δημητρίου,Czech,2
GRU,221,2.96022367477417,2.897795934677124,0,0.06787330316742081,0.06,French,5,J.-P. d'Aubigné,Czech,2
GRU,222,2.7900514602661133,2.895044684410095,0,0.06756756756756757,0.06,Dutch,3,Sophie van Dijk,Czech,2
GRU,223,2.939316987991333,2.89879940032959,0,0.06726457399103139,0.04,Chinese,1,黄伟,Czech,2
GRU,224,2.846026659011841,2.897570948600769,0,0.06696428571428571,0.04,Greek,7,Θεόδωρος Γεωργίου,Czech,2
GRU,225,2.9106273651123047,2.899797043800354,0,0.06666666666666667,0.04,Russian,14,Евгений Кузнецов,Czech,2
GRU,226,2.8659205436706543,2.896863651275635,0,0.06637168141592921,0.04,Italian,9,Vincenzo Ferrari,Czech,2
GRU,227,2.8245151042938232,2.894312872886658,0,0.06607929515418502,0.04,Greek,7,Παναγιώτης Παπαδόπουλος,Czech,2
GRU,228,2.854971408843994,2.892141647338867,0,0.06578947368421052,0.04,German,6,Klaus Meyer,Czech,2
GRU,229,2.893446922302246,2.8950331735610964,0,0.06550218340611354,0.02,Japanese,10,田中陽子,Dutch,3
GRU,230,2.7415850162506104,2.8933301734924317,1,0.06956521739130435,0.04,Czech,2,Štěpán Němec,Czech,2
GRU,231,2.8367888927459717,2.890477876663208,0,0.06926406926406926,0.04,Irish,8,Eoin O'Sullivan,Czech,2
GRU,232,2.9614455699920654,2.890246171951294,0,0.06896551724137931,0.04,Spanish,16,Carlos Martínez,Czech,2
GRU,233,2.9794793128967285,2.892455177307129,0,0.06866952789699571,0.04,Vietnamese,17,Hoàng Đức,Czech,2
GRU,234,2.922882556915283,2.8925472116470337,0,0.06837606837606838,0.04,Arabic,0,عبدالله الخطيب,Czech,2
GRU,235,2.8289856910705566,2.8898480463027956,0,0.06808510638297872,0.04,Irish,8,Declan O'Brien,Czech,2
GRU,236,2.8257176876068115,2.8901905679702757,0,0.06779661016949153,0.04,Irish,8,Eoin Murphy,Czech,2
GRU,237,2.832322359085083,2.890316572189331,0,0.06751054852320675,0.04,Dutch,3,Joris Visser,Czech,2
GRU,238,2.865053415298462,2.8908979654312135,0,0.06722689075630252,0.04,Portuguese,13,Jorge Oliveira,Czech,2
GRU,239,2.8816182613372803,2.890210566520691,0,0.06694560669456066,0.04,Japanese,10,渡辺陽子,Dutch,3
GRU,240,2.9511430263519287,2.8918854236602782,0,0.06666666666666667,0.04,Spanish,16,Jorge Fernández,Czech,2
GRU,241,2.97709321975708,2.894186339378357,0,0.06639004149377593,0.04,Polish,12,Marcin Zieliński,Czech,2
GRU,242,2.847588300704956,2.8925503730773925,0,0.06611570247933884,0.04,German,6,Dieter Fischer,Czech,2
GRU,243,2.9740922451019287,2.89531596660614,0,0.06584362139917696,0.04,Chinese,1,周芳,Czech,2
GRU,244,2.8463947772979736,2.892061653137207,0,0.06557377049180328,0.04,Portuguese,13,João Silva,Czech,2
GRU,245,2.9410791397094727,2.8919432973861694,0,0.0653061224489796,0.04,Spanish,16,Rafael Sánchez,Czech,2
GRU,246,2.8430566787719727,2.89110622882843,0,0.06504065040650407,0.04,German,6,Johannes Weber,Czech,2
GRU,247,2.8356125354766846,2.888837308883667,0,0.06477732793522267,0.04,Portuguese,13,Filipe Silva,Czech,2
GRU,248,2.894652843475342,2.8886884164810183,0,0.06451612903225806,0.04,Japanese,10,中村さくら,Czech,2
GRU,249,2.887179374694824,2.887139415740967,0,0.0642570281124498,0.04,Japanese,10,小林美咲,Czech,2
GRU,250,2.8324880599975586,2.8871448802948,0,0.064,0.04,Dutch,3,Johan Meijer,Czech,2
GRU,251,2.860691785812378,2.886179404258728,0,0.06374501992031872,0.04,Italian,9,Giovanni Colombo,Czech,2
GRU,252,2.844005584716797,2.8852514600753785,0,0.06349206349206349,0.04,Italian,9,Lorenzo Marino,Czech,2
GRU,253,2.8424599170684814,2.883770399093628,0,0.06324110671936758,0.04,Portuguese,13,Manuel Oliveira,Czech,2
GRU,254,2.9703493118286133,2.8883695554733277,0,0.06299212598425197,0.02,Polish,12,Zbigniew Szymański,Czech,2
GRU,255,2.8668150901794434,2.8866807126998903,0,0.06274509803921569,0.02,Italian,9,Andrea Ricci,Czech,2
GRU,256,2.9573612213134766,2.8872346305847167,0,0.0625,0.02,English,4,Charles Williams,Czech,2
GRU,257,2.8484559059143066,2.8856157875061035,0,0.0622568093385214,0.02,Portuguese,13,Francisco Jesus,Czech,2
GRU,258,2.9612367153167725,2.8873678970336916,0,0.06201550387596899,0.02,Polish,12,Adam Szymański,Czech,2
GRU,259,2.972698450088501,2.8877074480056764,0,0.06177606177606178,0.02,French,5,Pierre Dubois,Czech,2
GRU,260,2.8272690773010254,2.88745361328125,0,0.06153846153846154,0.02,Italian,9,Carlo Romano,Czech,2
GRU,261,2.9536335468292236,2.8899674367904664,0,0.06130268199233716,0.02,Vietnamese,17,Nguyễn Anh,Czech,2
GRU,262,2.8309316635131836,2.889353747367859,0,0.061068702290076333,0.02,Italian,9,Matteo Esposito,Czech,2
GRU,263,2.8439486026763916,2.890323729515076,0,0.060836501901140684,0.02,German,6,Christian Meyer,Czech,2
GRU,264,2.8781416416168213,2.8882159328460695,0,0.06060606060606061,0.02,Japanese,10,渡辺さくら,Czech,2
GRU,265,2.9136316776275635,2.8869819116592406,0,0.06037735849056604,0.02,Russian,14,Михаил Попов,Czech,2
GRU,266,2.8387537002563477,2.883812942504883,0,0.06015037593984962,0.02,German,6,Christian Wagner,Czech,2
GRU,267,3.028259515762329,2.8873583269119263,0,0.0599250936329588,0.02,Scottish,15,Hamish Robertson,Dutch,3
GRU,268,2.9642727375030518,2.886936411857605,0,0.05970149253731343,0.02,French,5,Georges d'Aubigné,Dutch,3
GRU,269,2.773118734359741,2.8844146394729613,1,0.06319702602230483,0.04,Czech,2,David Dvořák,Czech,2
GRU,270,2.939168930053711,2.8861312580108645,0,0.06296296296296296,0.04,Spanish,16,Jorge Gómez,Czech,2
GRU,271,2.876567840576172,2.8844581413269044,0,0.06273062730627306,0.04,Japanese,10,鈴木直子,Dutch,3
GRU,272,2.850114107131958,2.8856593942642212,0,0.0625,0.04,Greek,7,Σπυρίδων Αλεξίου,Dutch,3
GRU,273,2.829745292663574,2.883467960357666,0,0.06227106227106227,0.04,Italian,9,Stefano Ferrari,Czech,2
GRU,274,2.826616048812866,2.8830797481536865,0,0.06204379562043796,0.04,German,6,Felix Schmidt,Czech,2
GRU,275,2.903862476348877,2.882944450378418,0,0.06181818181818182,0.04,Arabic,0,طارق الحداد,Czech,2
GRU,276,2.8527321815490723,2.882680683135986,0,0.06159420289855073,0.04,Greek,7,Δημήτριος Κωνσταντίνου,Czech,2
GRU,277,2.7627410888671875,2.8814452028274538,1,0.06498194945848375,0.06,Czech,2,Matěj Procházka,Czech,2
GRU,278,2.8498830795288086,2.88134343624115,0,0.06474820143884892,0.06,Portuguese,13,José Jesus,Czech,2
GRU,279,2.843648672103882,2.8803474712371826,0,0.06451612903225806,0.06,German,6,Wolfgang Hoffmann,Czech,2
GRU,280,2.961541175842285,2.884746594429016,0,0.06428571428571428,0.04,Polish,12,Michał Lewandowski,Czech,2
GRU,281,2.9274744987487793,2.886560306549072,0,0.06405693950177936,0.04,Polish,12,Andrzej Wójcik,Czech,2
GRU,282,2.967841625213623,2.8866882276535035,0,0.06382978723404255,0.04,English,4,Joseph Taylor,Czech,2
GRU,283,2.9348886013031006,2.8857964134216307,0,0.0636042402826855,0.04,Arabic,0,كريم القحطاني,Czech,2
GRU,284,2.8410122394561768,2.8841590070724488,0,0.06338028169014084,0.04,Dutch,3,Lotte Meijer,Czech,2
GRU,285,2.8335418701171875,2.884250130653381,0,0.06315789473684211,0.04,Portuguese,13,Bruno Ferreira,Czech,2
GRU,286,2.962501049041748,2.88698579788208,0,0.06293706293706294,0.04,French,5,Jean-Luc d'Aubigné,Dutch,3
GRU,287,2.9434964656829834,2.889209280014038,0,0.0627177700348432,0.04,Spanish,16,Sergio Martínez,Czech,2
GRU,288,2.963603973388672,2.8911802911758424,0,0.0625,0.04,Chinese,1,赵娜,Czech,2
GRU,289,2.814250946044922,2.8898329448699953,0,0.06228373702422145,0.04,Greek,7,Θεόδωρος Παπαδάκης,Czech,2
GRU,290,2.9199204444885254,2.889208493232727,0,0.06206896551724138,0.04,Russian,14,Николай Петров,Czech,2
GRU,291,2.907764196395874,2.887821912765503,0,0.061855670103092786,0.04,Russian,14,Иван Михайлов,Czech,2
GRU,292,2.9343068599700928,2.8895562839508058,0,0.06164383561643835,0.04,Spanish,16,Daniel Pérez,Czech,2
GRU,293,2.879204750061035,2.887658534049988,0,0.06143344709897611,0.04,Japanese,10,加藤京子,German,6
GRU,294,2.9029202461242676,2.8887890434265135,0,0.061224489795918366,0.04,Russian,14,Павел Соколов,Czech,2
GRU,295,2.9257137775421143,2.8884817361831665,0,0.061016949152542375,0.04,Spanish,16,Jorge Martínez,Czech,2
GRU,296,2.9967992305755615,2.891556587219238,0,0.060810810810810814,0.04,Vietnamese,17,Huỳnh Nam,Czech,2
GRU,297,2.976254940032959,2.894369435310364,0,0.06060606060606061,0.04,French,5,Jules L'Hôpital,Dutch,3
GRU,298,2.981311321258545,2.896102604866028,0,0.06040268456375839,0.04,Scottish,15,Rory Murray,Czech,2
GRU,299,2.839195728302002,2.8951429319381714,0,0.06020066889632107,0.04,Irish,8,Ciarán Kennedy,Czech,2
GRU,300,2.8322389125823975,2.895137948989868,0,0.06,0.04,Greek,7,Νικόλαος Αλεξίου,Dutch,3
GRU,301,2.8288767337799072,2.8945016479492187,0,0.059800664451827246,0.04,Irish,8,Brian Kennedy,Czech,2
GRU,302,2.9142823219299316,2.8959071826934815,0,0.059602649006622516,0.04,Spanish,16,David Sánchez,Czech,2
GRU,303,2.821418523788452,2.895486354827881,0,0.0594059405940594,0.04,Greek,7,Μιχάλης Δημητρίου,Czech,2
GRU,304,2.891108751296997,2.8939015436172486,0,0.05921052631578947,0.04,Russian,14,Юрий Иванов,Czech,2
GRU,305,2.833115816116333,2.8932275581359863,0,0.05901639344262295,0.04,Italian,9,Alessandro Esposito,Czech,2
GRU,306,2.8297996520996094,2.890676326751709,0,0.058823529411764705,0.04,Irish,8,Declan O'Sullivan,Dutch,3
GRU,307,2.8816959857940674,2.8913411283493042,0,0.05863192182410423,0.04,Japanese,10,山本健一,Czech,2
GRU,308,2.781242609024048,2.8877412462234497,1,0.06168831168831169,0.06,Czech,2,Daniel Svoboda,Czech,2
GRU,309,2.9654338359832764,2.887595953941345,0,0.061488673139158574,0.06,English,4,J.R. Williams,Czech,2
GRU,310,2.95417857170105,2.8901341438293455,0,0.06129032258064516,0.06,Polish,12,Stanisław Szymański,Czech,2
GRU,311,2.9679999351501465,2.890421471595764,0,0.06109324758842444,0.06,English,4,James St. John,Czech,2
GRU,312,2.8221187591552734,2.890245213508606,0,0.060897435897435896,0.06,German,6,Lukas Müller,Czech,2
GRU,313,2.8315372467041016,2.88999698638916,0,0.06070287539936102,0.06,Portuguese,13,Carlos Costa,Czech,2
GRU,314,2.875295400619507,2.889940061569214,0,0.06050955414012739,0.06,Japanese,10,山本健一,Czech,2
GRU,315,2.885599374771118,2.889379415512085,0,0.06031746031746032,0.06,Russian,14,Виктор Попов,Czech,2
GRU,316,2.9299471378326416,2.891203284263611,0,0.060126582278481014,0.06,Chinese,1,张杰,Czech,2
GRU,317,2.827420949935913,2.8871865129470824,0,0.05993690851735016,0.06,Portuguese,13,Inês Oliveira,Czech,2
GRU,318,2.9421300888061523,2.8867436599731446,0,0.059748427672955975,0.06,Arabic,0,ياسر القحطاني,Czech,2
GRU,319,2.948544502258301,2.8902521753311157,0,0.05956112852664577,0.04,Polish,12,Andrzej Lewandowski,Czech,2
GRU,320,2.9148690700531006,2.8897661781311035,0,0.059375,0.04,Arabic,0,سعيد الغامدي,Czech,2
GRU,321,2.8274378776550293,2.8887835788726806,0,0.059190031152647975,0.04,Italian,9,Marco Greco,Czech,2
GRU,322,2.938307523727417,2.89054744720459,0,0.059006211180124224,0.04,Polish,12,Marcin Kamiński,Czech,2
GRU,323,2.9708638191223145,2.8933698177337646,0,0.058823529411764705,0.04,Vietnamese,17,Đặng Linh,Czech,2
GRU,324,2.986145496368408,2.8965604066848756,0,0.05864197530864197,0.04,Vietnamese,17,Vũ Nam,Czech,2
GRU,325,2.836174249649048,2.895206642150879,0,0.05846153846153846,0.04,Greek,7,Κωνσταντίνος Κωνσταντίνου,Czech,2
GRU,326,2.812364101409912,2.894399280548096,0,0.05828220858895705,0.04,Greek,7,Ανδρέας Δημητρίου,Czech,2
GRU,327,2.8397629261016846,2.8959397172927854,0,0.0581039755351682,0.02,Portuguese,13,Carlos Rodrigues,Czech,2
GRU,328,2.906869649887085,2.897079448699951,0,0.057926829268292686,0.02,Arabic,0,مصطفى الغامدي,Czech,2
GRU,329,2.863798141479492,2.8974824380874633,0,0.057750759878419454,0.02,Japanese,10,小林陽子,Dutch,3
GRU,330,2.9055163860321045,2.89636194229126,0,0.05757575757575758,0.02,Polish,12,Paweł Woźniak,Czech,2
GRU,331,2.9742462635040283,2.897297377586365,0,0.05740181268882175,0.02,French,5,J.-P. Richard,Czech,2
GRU,332,2.9828619956970215,2.897597784996033,0,0.0572289156626506,0.02,English,4,J.R. Wilson,Czech,2
GRU,333,2.94103741645813,2.897720761299133,0,0.057057057057057055,0.02,Vietnamese,17,Nguyễn Hiếu,Czech,2
GRU,334,2.9217987060546875,2.8993364906311037,0,0.05688622754491018,0.02,Polish,12,Wojciech Zieliński,Czech,2
GRU,335,2.908433437347412,2.900834321975708,0,0.056716417910447764,0.02,Arabic,0,أحمد الخطيب,Czech,2
GRU,336,2.8223867416381836,2.8980320358276366,0,0.05654761904761905,0.02,Portuguese,13,André Santos,Czech,2
GRU,337,2.895129442214966,2.897064695358276,0,0.05637982195845697,0.02,Russian,14,Виктор Сидоров,Czech,2
GRU,338,2.968717098236084,2.897166957855225,0,0.05621301775147929,0.02,Chinese,1,刘强,Czech,2
GRU,339,2.882871627807617,2.8985393714904784,0,0.05604719764011799,0.02,Polish,12,Krzysztof Kowalczyk,Czech,2
GRU,340,2.8357977867126465,2.896856918334961,0,0.05588235294117647,0.02,German,6,Lukas Meyer,Czech,2
GRU,341,2.8806416988372803,2.896314468383789,0,0.05571847507331378,0.02,Japanese,10,伊藤翔,Czech,2
GRU,342,2.8802614212036133,2.8952335596084593,0,0.05555555555555555,0.02,Polish,12,Wojciech Wójcik,Czech,2
GRU,343,2.809826135635376,2.8938459873199465,0,0.05539358600583091,0.02,Portuguese,13,Carlos Pereira,Czech,2
GRU,344,2.786339044570923,2.8915143632888793,1,0.05813953488372093,0.04,Czech,2,Jan Kučera,Czech,2
GRU,345,2.909189224243164,2.8911838722229004,0,0.057971014492753624,0.04,Arabic,0,طارق القحطاني,Czech,2
GRU,346,2.946310520172119,2.8901740980148314,0,0.057803468208092484,0.04,Vietnamese,17,Nguyễn Minh,Portuguese,13
GRU,347,2.8824291229248047,2.8882975816726684,0,0.05763688760806916,0.04,Korean,11,박하은,Czech,2
GRU,348,2.7646355628967285,2.883964066505432,1,0.0603448275862069,0.06,Czech,2,Václav Němec,Czech,2
GRU,349,3.0031635761260986,2.887243423461914,0,0.06017191977077364,0.06,Chinese,1,周娟,Czech,2
GRU,350,2.8840489387512207,2.8882796239852904,0,0.06,0.06,Arabic,0,عمر العتيبي,Czech,2
GRU,351,2.821402072906494,2.888130130767822,0,0.05982905982905983,0.06,German,6,Dieter Müller,Czech,2
GRU,352,2.9839720726013184,2.88952392578125,0,0.05965909090909091,0.06,English,4,John Brown,Czech,2
GRU,353,2.9456968307495117,2.8920094919204713,0,0.059490084985835696,0.06,English,4,John Davis,Czech,2
GRU,354,2.869774341583252,2.8915828037261964,0,0.059322033898305086,0.06,Dutch,3,Johan Visser,Czech,2
GRU,355,2.822660446166992,2.8913736963272094,0,0.059154929577464786,0.06,German,6,Hannah Meyer,Czech,2
GRU,356,2.8414103984832764,2.891605911254883,0,0.05898876404494382,0.06,Irish,8,Brian Kennedy,Czech,2
GRU,357,2.8711485862731934,2.8913949632644655,0,0.058823529411764705,0.06,Korean,11,박현우,Czech,2
GRU,358,2.866008996963501,2.8930902910232543,0,0.05865921787709497,0.04,Dutch,3,Lotte Meijer,Czech,2
GRU,359,2.9768974781036377,2.8933195638656617,0,0.0584958217270195,0.04,French,5,J.-P. Petit,Czech,2
GRU,360,2.851297378540039,2.8912619400024413,0,0.058333333333333334,0.04,Dutch,3,Daan Visser,Czech,2
GRU,361,2.8791990280151367,2.889485921859741,0,0.05817174515235457,0.04,Arabic,0,مصطفى العتيبي,German,6
GRU,362,2.902411699295044,2.8910917806625367,0,0.058011049723756904,0.04,Polish,12,Piotr Kamiński,Czech,2
GRU,363,2.808558464050293,2.8906322050094606,1,0.06060606060606061,0.06,German,6,Hannah Müller,German,6
GRU,364,2.80543851852417,2.8892350673675535,0,0.06043956043956044,0.06,Greek,7,Παναγιώτης Παπαδάκης,Czech,2
GRU,365,2.8366096019744873,2.8882552719116212,0,0.06027397260273973,0.06,Italian,9,Pietro Marino,Czech,2
GRU,366,2.843484878540039,2.886526026725769,0,0.060109289617486336,0.06,Dutch,3,Johan Visser,Czech,2
GRU,367,2.9690093994140625,2.8893577957153322,0,0.05994550408719346,0.06,Chinese,1,陈军,Czech,2
GRU,368,2.9708809852600098,2.889932813644409,0,0.059782608695652176,0.06,Vietnamese,17,Huỳnh Khang,Czech,2
GRU,369,2.876321315765381,2.888488349914551,0,0.05962059620596206,0.06,Korean,11,김하은,Czech,2
GRU,370,2.93222713470459,2.8888355112075805,0,0.05945945945945946,0.06,Spanish,16,Diego Gómez,Greek,7
GRU,371,2.873711585998535,2.889760985374451,0,0.05929919137466307,0.06,Japanese,10,佐藤直子,German,6
GRU,372,2.833925247192383,2.88767333984375,0,0.05913978494623656,0.06,Portuguese,13,Pedro Rodrigues,Czech,2
GRU,373,2.8458542823791504,2.8851731491088866,0,0.058981233243967826,0.06,Dutch,3,Thomas Bakker,Czech,2
GRU,374,2.8468050956726074,2.882386341094971,0,0.058823529411764705,0.06,Korean,11,장현우,German,6
GRU,375,2.897521495819092,2.8836132860183716,0,0.058666666666666666,0.06,Russian,14,Алексей Новиков,Czech,2
GRU,376,2.9621195793151855,2.886608395576477,0,0.05851063829787234,0.06,English,4,Daniel Miller,German,6
GRU,377,2.98451566696167,2.889503450393677,0,0.058355437665782495,0.06,French,5,Gabriel L'Hôpital,Dutch,3
GRU,378,2.9249260425567627,2.8898645782470704,0,0.0582010582010582,0.06,Spanish,16,Fernando Gómez,Greek,7
GRU,379,2.8653323650360107,2.8898952627182006,0,0.05804749340369393,0.06,Irish,8,Maeve Gallagher,Czech,2
GRU,380,2.9491333961486816,2.890767602920532,0,0.05789473684210526,0.06,Vietnamese,17,Đặng Thành,Portuguese,13
GRU,381,3.0129895210266113,2.891542468070984,0,0.05774278215223097,0.06,Scottish,15,Isla Murray,Czech,2
GRU,382,2.8114376068115234,2.888113980293274,0,0.05759162303664921,0.06,Portuguese,13,Rui Sousa,Czech,2
GRU,383,2.8463897705078125,2.8862210273742677,0,0.057441253263707574,0.06,Irish,8,Liam O'Sullivan,Dutch,3
GRU,384,2.80513858795166,2.883887825012207,0,0.057291666666666664,0.06,Greek,7,Ιωάννης Παπαδάκης,Czech,2
GRU,385,2.8350651264190674,2.88242045879364,0,0.05714285714285714,0.06,Irish,8,Michael Doyle,Portuguese,13
GRU,386,2.7950456142425537,2.8818736362457273,0,0.05699481865284974,0.06,Greek,7,Σπυρίδων Σταυρίδης,Czech,2
GRU,387,2.897798538208008,2.8819270181655883,0,0.056847545219638244,0.06,Russian,14,Борис Соколов,Czech,2
GRU,388,2.8762073516845703,2.880076823234558,0,0.05670103092783505,0.06,Polish,12,Michał Kowalczyk,Czech,2
GRU,389,2.8925843238830566,2.880271077156067,0,0.056555269922879174,0.06,Arabic,0,حسين الحسيني,German,6
GRU,390,2.895653247833252,2.881468186378479,0,0.05641025641025641,0.06,Japanese,10,高橋翔,Dutch,3
GRU,391,3.0424368381500244,2.884704089164734,0,0.056265984654731455,0.06,Scottish,15,Ross MacKenzie,Dutch,3
GRU,392,2.8602445125579834,2.8843037509918212,0,0.05612244897959184,0.06,Korean,11,최동현,Portuguese,13
GRU,393,2.860001802444458,2.885307264328003,0,0.05597964376590331,0.06,Japanese,10,田中陽子,Dutch,3
GRU,394,2.841982364654541,2.8864201307296753,0,0.05583756345177665,0.04,Irish,8,Liam Gallagher,Czech,2
GRU,395,2.883906364440918,2.88591447353363,0,0.05569620253164557,0.04,Arabic,0,كريم الحسيني,German,6
GRU,396,2.828645944595337,2.8835611820220945,0,0.05555555555555555,0.04,German,6,Peter Schmidt,Portuguese,13
GRU,397,2.790520668029785,2.881723012924194,0,0.055415617128463476,0.04,Greek,7,Κωνσταντίνος Σταυρίδης,Czech,2
GRU,398,2.827422618865967,2.882978754043579,0,0.05527638190954774,0.02,Portuguese,13,Pedro Rodrigues,Czech,2
GRU,399,2.9708056449890137,2.8823315954208373,0,0.05513784461152882,0.02,Vietnamese,17,Đặng Nam,Czech,2
GRU,400,2.8032383918762207,2.8807153844833375,0,0.055,0.02,Greek,7,Μαρία Αλεξίου,Portuguese,13
GRU,401,3.0819857120513916,2.8859270572662354,0,0.05486284289276808,0.02,Scottish,15,Fergus Douglas,Portuguese,13
GRU,402,2.9932291507720947,2.8861121988296508,0,0.05472636815920398,0.02,Scottish,15,Ross Murray,Czech,2
GRU,403,2.880095958709717,2.884800181388855,0,0.05459057071960298,0.02,Arabic,0,عمر الخطيب,Czech,2
GRU,404,2.8645992279052734,2.8846966791152955,0,0.054455445544554455,0.02,Italian,9,Riccardo Ferrari,Czech,2
GRU,405,2.9024784564971924,2.8862930393218993,0,0.05432098765432099,0.02,Polish,12,Stanisław Szymański,Czech,2
GRU,406,2.7953734397888184,2.8853723001480103,1,0.05665024630541872,0.04,Greek,7,Αικατερίνη Δημητρίου,Greek,7
GRU,407,2.896672010421753,2.8858827686309816,0,0.056511056511056514,0.04,Korean,11,조지훈,Greek,7
GRU,408,2.9717185497283936,2.887996959686279,0,0.056372549019607844,0.04,Vietnamese,17,Phan Ngọc,Czech,2
GRU,409,2.8583149909973145,2.8856253099441527,0,0.05623471882640587,0.04,Korean,11,강재현,Greek,7
GRU,410,2.9539635181427,2.887678632736206,0,0.05609756097560976,0.04,Vietnamese,17,Hoàng Đức,Czech,2
GRU,411,2.8511924743652344,2.887118501663208,0,0.05596107055961071,0.04,Korean,11,장민지,Portuguese,13
GRU,412,2.8933145999908447,2.886936559677124,0,0.055825242718446605,0.04,Russian,14,Евгений Смирнов,Czech,2
GRU,413,2.8543734550476074,2.8878528594970705,0,0.05569007263922518,0.02,Italian,9,Davide Esposito,Portuguese,13
GRU,414,2.769446611404419,2.8871330213546753,1,0.057971014492753624,0.04,Greek,7,Μιχάλης Παπαδάκης,Greek,7
GRU,415,2.82500958442688,2.886901021003723,0,0.05783132530120482,0.04,German,6,Hans Weber,Greek,7
GRU,416,2.857009172439575,2.887171506881714,0,0.057692307692307696,0.04,Dutch,3,Thomas Meijer,German,6
GRU,417,2.950275182723999,2.886796822547913,0,0.05755395683453238,0.04,Vietnamese,17,Đặng Ngọc,Czech,2
GRU,418,2.9970552921295166,2.8873203086853025,0,0.05741626794258373,0.04,French,5,Hugo Thomas,Czech,2
GRU,419,2.8471884727478027,2.886737651824951,0,0.057279236276849645,0.04,German,6,Stefan Hoffmann,Greek,7
GRU,420,3.0535504817962646,2.8891641187667845,0,0.05714285714285714,0.04,Scottish,15,Lachlan Campbell,Greek,7
GRU,421,2.944925308227539,2.890588393211365,0,0.057007125890736345,0.04,Spanish,16,Luis Pérez,Greek,7
GRU,422,2.8461339473724365,2.8908325672149657,0,0.05687203791469194,0.04,Italian,9,Domenico Russo,Portuguese,13
GRU,423,2.806819438934326,2.890051870346069,1,0.0591016548463357,0.06,German,6,Maximilian Fischer,German,6
GRU,424,2.7988550662994385,2.889092869758606,1,0.06132075471698113,0.08,Greek,7,Σπυρίδων Νικολάου,Greek,7
GRU,425,2.978276252746582,2.890707964897156,0,0.0611764705882353,0.08,French,5,Pierre Petit,Greek,7
GRU,426,2.8879265785217285,2.889224104881287,0,0.06103286384976526,0.08,Arabic,0,أحمد القحطاني,German,6
GRU,427,2.9103496074676514,2.8877407836914064,0,0.06088992974238876,0.08,Vietnamese,17,Trần Long,Dutch,3
GRU,428,2.8437817096710205,2.8861178970336914,0,0.06074766355140187,0.08,Irish,8,Brendan Murphy,German,6
GRU,429,2.9941327571868896,2.888693904876709,0,0.06060606060606061,0.08,Chinese,1,赵芳,Greek,7
GRU,430,2.831303834915161,2.8863373136520387,0,0.06046511627906977,0.08,Italian,9,Vincenzo Marino,Dutch,3
GRU,431,2.9770071506500244,2.885617666244507,0,0.060324825986078884,0.08,English,4,Michael Taylor,German,6
GRU,432,3.0425491333007812,2.890239896774292,0,0.06018518518518518,0.08,Scottish,15,Fraser MacLeod,German,6
GRU,433,2.86798095703125,2.890671720504761,0,0.06004618937644342,0.08,Arabic,0,حسين المالكي,German,6
GRU,434,2.8292429447174072,2.891153807640076,0,0.059907834101382486,0.08,Italian,9,Alessandro Colombo,Portuguese,13
GRU,435,2.9792163372039795,2.894036831855774,0,0.059770114942528735,0.08,Scottish,15,Murdo Murray,Czech,2
GRU,436,2.8840529918670654,2.895816979408264,0,0.05963302752293578,0.08,Japanese,10,高橋愛,Dutch,3
GRU,437,2.976184368133545,2.897384696006775,0,0.059496567505720827,0.08,Chinese,1,刘静,Greek,7
GRU,438,3.02388334274292,2.900338215827942,0,0.0593607305936073,0.08,Scottish,15,Iain MacLeod,German,6
GRU,439,2.8172526359558105,2.898831582069397,0,0.05922551252847381,0.08,Czech,2,Pavel Procházka,German,6
GRU,440,3.021188735961914,2.9013422918319702,0,0.05909090909090909,0.08,Scottish,15,Aileen MacDonald,German,6
GRU,441,2.9723918437957764,2.899941391944885,0,0.05895691609977324,0.08,Chinese,1,李霞,Greek,7
GRU,442,2.988467216491699,2.9025058460235598,0,0.058823529411764705,0.08,English,4,William Wilson,Greek,7
GRU,443,2.8264284133911133,2.9018343782424925,0,0.05869074492099323,0.08,Italian,9,Andrea Russo,Czech,2
GRU,444,2.766313314437866,2.9003209972381594,1,0.060810810810810814,0.1,Greek,7,Μιχάλης Παπαδάκης,Greek,7
GRU,445,2.944659471511841,2.901536059379578,0,0.060674157303370786,0.1,Vietnamese,17,Đặng Ngọc,Czech,2
GRU,446,2.8430800437927246,2.901824741363525,0,0.06053811659192825,0.1,Portuguese,13,Ricardo Martins,Greek,7
GRU,447,2.7568609714508057,2.9011515474319456,1,0.06263982102908278,0.12,Greek,7,Αικατερίνη Σταυρίδης,Greek,7
GRU,448,2.9484496116638184,2.9035720872879027,0,0.0625,0.12,Spanish,16,Rafael López,Greek,7
GRU,449,2.9013288021087646,2.902182550430298,0,0.062360801781737196,0.12,Russian,14,Михаил Попов,Czech,2
GRU,450,2.8492512702941895,2.9031028079986574,0,0.06222222222222222,0.12,Italian,9,Lorenzo Ricci,Czech,2
GRU,451,2.821218490600586,2.897887463569641,0,0.06208425720620843,0.12,Portuguese,13,Mário Pereira,Czech,2
GRU,452,2.967705011367798,2.897376980781555,0,0.061946902654867256,0.12,Chinese,1,赵超,German,6
GRU,453,2.8660895824432373,2.8970968532562256,0,0.06181015452538632,0.12,Dutch,3,Sem Meijer,Greek,7
GRU,454,2.804347276687622,2.8958918142318724,0,0.06167400881057269,0.12,German,6,Hans Schulz,Greek,7
GRU,455,2.8033876419067383,2.8939099979400633,1,0.06373626373626373,0.14,German,6,Thomas Fischer,German,6
GRU,456,2.8440659046173096,2.8948838472366334,0,0.06359649122807018,0.12,Czech,2,Jan Novotný,Greek,7
GRU,457,2.7746927738189697,2.8924442625045774,1,0.06564551422319474,0.14,Greek,7,Κωνσταντίνος Γεωργίου,Greek,7
GRU,458,2.870591163635254,2.8904217147827147,0,0.06550218340611354,0.14,Vietnamese,17,Nguyễn Tuấn,Greek,7
GRU,459,2.9802186489105225,2.892859787940979,0,0.06535947712418301,0.14,French,5,Arthur Martin,Greek,7
GRU,460,2.8102777004241943,2.889986071586609,1,0.06739130434782609,0.16,Portuguese,13,Ricardo Costa,Portuguese,13
GRU,461,3.0198817253112793,2.89335985660553,0,0.06724511930585683,0.16,Scottish,15,Ross Campbell,Greek,7
GRU,462,2.9886434078216553,2.895266432762146,0,0.0670995670995671,0.16,Chinese,1,张平,Greek,7
GRU,463,2.8140363693237305,2.8944596910476683,0,0.06695464362850972,0.16,Italian,9,Alessandro Greco,Czech,2
GRU,464,2.7994801998138428,2.895060362815857,1,0.06896551724137931,0.16,Italian,9,Giuseppe Marino,Italian,9
GRU,465,2.8975164890289307,2.896510500907898,0,0.06881720430107527,0.16,Russian,14,Сергей Иванов,Czech,2
GRU,466,2.7671642303466797,2.89471360206604,1,0.07081545064377683,0.18,Greek,7,Χρήστος Δημητρίου,Greek,7
GRU,467,2.8027167320251465,2.891762433052063,0,0.07066381156316917,0.18,German,6,Andreas Meyer,Greek,7
GRU,468,2.836151123046875,2.88854434967041,0,0.07051282051282051,0.18,Dutch,3,Lotte Janssen,Greek,7
GRU,469,2.7594289779663086,2.8867891597747803,1,0.07249466950959488,0.2,Greek,7,Αλέξανδρος Αλεξίου,Greek,7
GRU,470,2.9970736503601074,2.885659623146057,0,0.07234042553191489,0.2,English,4,Thomas Brown,Greek,7
GRU,471,2.950908660888672,2.8857792901992796,0,0.07218683651804671,0.2,English,4,Andrew Smith,Greek,7
GRU,472,2.961690664291382,2.888090424537659,0,0.07203389830508475,0.2,Chinese,1,张娜,Greek,7
GRU,473,2.829684257507324,2.8885477209091186,0,0.07188160676532769,0.18,Italian,9,Marco Ricci,Czech,2
GRU,474,2.7835683822631836,2.8882419872283935,1,0.07383966244725738,0.18,Italian,9,Marco Romano,Italian,9
GRU,475,2.8601062297821045,2.885878586769104,0,0.07368421052631578,0.18,Dutch,3,Lotte Bakker,Greek,7
GRU,476,2.773959159851074,2.883599238395691,1,0.07563025210084033,0.2,Italian,9,Giuseppe Marino,Italian,9
GRU,477,2.9067623615264893,2.8835274934768678,0,0.07547169811320754,0.2,Polish,12,Mateusz Wójcik,Czech,2
GRU,478,2.951138496398926,2.885674629211426,0,0.07531380753138076,0.2,Spanish,16,Sergio Sánchez,Greek,7
GRU,479,2.9586129188537598,2.884964232444763,0,0.07515657620041753,0.2,Scottish,15,Murdo Murray,Italian,9
GRU,480,2.8610410690307617,2.8855589771270753,0,0.075,0.2,Czech,2,Adam Veselý,Greek,7
GRU,481,2.9513871669769287,2.8850465774536134,0,0.07484407484407485,0.2,Chinese,1,杨勇,Greek,7
GRU,482,2.90407395362854,2.8822770738601684,0,0.07468879668049792,0.2,Japanese,10,中村誠,German,6
GRU,483,2.8637313842773438,2.88219208240509,0,0.07453416149068323,0.2,Irish,8,Oisín Murphy,Greek,7
GRU,484,2.8383946418762207,2.8823751163482667,0,0.0743801652892562,0.2,Czech,2,Břetislav Novotný,Greek,7
GRU,485,2.9012534618377686,2.8808158588409425,0,0.07422680412371134,0.2,Arabic,0,ياسر القحطاني,Greek,7
GRU,486,2.8623905181884766,2.880382609367371,0,0.07407407407407407,0.2,Irish,8,Fionn Gallagher,German,6
GRU,487,2.950667381286621,2.879872269630432,0,0.07392197125256673,0.2,Chinese,1,周明,Greek,7
GRU,488,2.9923195838928223,2.87924099445343,0,0.07377049180327869,0.2,French,5,Arthur Durand,German,6
GRU,489,2.941804885864258,2.8817320394515993,0,0.0736196319018405,0.2,Spanish,16,Fernando Gómez,Greek,7
GRU,490,2.8983778953552246,2.8792758226394652,0,0.07346938775510205,0.2,Russian,14,Игорь Смирнов,Czech,2
GRU,491,2.977027654647827,2.8793685388565065,0,0.07331975560081466,0.2,French,5,Hugo Dubois,Greek,7
GRU,492,2.83504319190979,2.876300058364868,0,0.07317073170731707,0.2,Portuguese,13,António Jesus,Greek,7
GRU,493,3.008021831512451,2.879931926727295,0,0.07302231237322515,0.2,Scottish,15,Duncan MacLeod,Italian,9
GRU,494,2.971562385559082,2.884036908149719,0,0.0728744939271255,0.18,Scottish,15,Iain Stewart,Greek,7
GRU,495,2.8157737255096436,2.8814591932296754,0,0.07272727272727272,0.18,Portuguese,13,Pedro Oliveira,Italian,9
GRU,496,2.8876795768737793,2.8823511838912963,0,0.07258064516129033,0.18,Japanese,10,小林陽子,German,6
GRU,497,2.839024066925049,2.883994445800781,0,0.07243460764587525,0.16,Dutch,3,Pieter de Vries,Greek,7
GRU,498,2.8812172412872314,2.8826497983932495,0,0.07228915662650602,0.16,Japanese,10,渡辺裕子,German,6
GRU,499,2.995281457901001,2.8845288515090943,0,0.07214428857715431,0.16,Scottish,15,Niall Campbell,Greek,7
GRU,500,2.9063162803649902,2.88567015171051,0,0.072,0.16,Polish,12,Bartosz Woźniak,Czech,2
GRU,501,2.9484755992889404,2.8882152938842776,0,0.0718562874251497,0.16,Vietnamese,17,Nguyễn Khang,Dutch,3
GRU,502,2.8965280055999756,2.8867917537689207,0,0.07171314741035857,0.16,Russian,14,Андрей Петров,Czech,2
GRU,503,2.8835370540618896,2.887140703201294,0,0.07157057654075547,0.16,Japanese,10,田中健,Greek,7
GRU,504,2.8763973712921143,2.888581705093384,0,0.07142857142857142,0.16,Japanese,10,鈴木美咲,German,6
GRU,505,2.92318058013916,2.890977563858032,0,0.07128712871287128,0.14,Polish,12,Wojciech Lewandowski,Dutch,3
GRU,506,2.8936712741851807,2.89196967124939,0,0.07114624505928854,0.14,Arabic,0,إبراهيم الشمري,German,6
GRU,507,2.9279632568359375,2.895035080909729,0,0.07100591715976332,0.12,Vietnamese,17,Huỳnh Thành,German,6
GRU,508,2.8018791675567627,2.8936608409881592,1,0.07283464566929133,0.14,Portuguese,13,Tiago Silva,Portuguese,13
GRU,509,2.8207061290740967,2.8904705905914305,0,0.07269155206286837,0.14,German,6,Markus Wagner,Italian,9
GRU,510,2.902432441711426,2.892313685417175,0,0.07254901960784314,0.12,Korean,11,윤민지,Portuguese,13
GRU,511,3.0120108127593994,2.8921562671661376,0,0.07240704500978473,0.12,Scottish,15,Alasdair Douglas,Portuguese,13
GRU,512,2.888666868209839,2.8901567363739016,0,0.072265625,0.12,Russian,14,Николай Новиков,Czech,2
GRU,513,2.9242284297943115,2.8923605775833128,0,0.07212475633528265,0.12,Chinese,1,张杰,Greek,7
GRU,514,2.867428779602051,2.8937195491790773,0,0.07198443579766536,0.1,Irish,8,Seán Gallagher,German,6
GRU,515,2.9963765144348145,2.895696749687195,0,0.07184466019417475,0.1,English,4,Anthony Brown,Greek,7
GRU,516,2.8802926540374756,2.8979593181610106,0,0.07170542635658915,0.08,Russian,14,Сергей Михайлов,Czech,2
GRU,517,2.9785916805267334,2.9014768171310426,0,0.07156673114119923,0.08,Scottish,15,Malcolm MacLeod,German,6
GRU,518,2.8880808353424072,2.902515411376953,0,0.07142857142857142,0.08,Arabic,0,أحمد الشمري,German,6
GRU,519,2.7596933841705322,2.9025206995010375,1,0.07321772639691715,0.08,Greek,7,Δημήτριος Σταυρίδης,Greek,7
GRU,520,2.983879566192627,2.902256817817688,0,0.07307692307692308,0.08,French,5,J.-P. Petit,Greek,7
GRU,521,2.908917188644409,2.901416988372803,0,0.07293666026871401,0.08,Vietnamese,17,Nguyễn Dũng,Dutch,3
GRU,522,2.9351694583892822,2.9008865642547605,0,0.07279693486590039,0.08,Vietnamese,17,Huỳnh Đức,Czech,2
GRU,523,2.849351644515991,2.901279911994934,0,0.07265774378585087,0.08,Czech,2,Štěpán Novotný,Greek,7
GRU,524,2.867716073989868,2.9029628658294677,0,0.07251908396946564,0.06,Dutch,3,Anne Bakker,German,6
GRU,525,2.8123795986175537,2.902008333206177,0,0.07238095238095238,0.06,Dutch,3,Dirk Smit,Greek,7
GRU,526,2.964857339859009,2.9058262968063353,0,0.07224334600760456,0.04,English,4,Joseph Davis,Dutch,3
GRU,527,2.797572612762451,2.9036425018310545,0,0.07210626185958255,0.04,Italian,9,Lorenzo Colombo,Portuguese,13
GRU,528,2.8563945293426514,2.9017476224899292,0,0.07196969696969698,0.04,Irish,8,Oisín Doyle,Greek,7
GRU,529,2.937514305114746,2.9013256502151488,0,0.07183364839319471,0.04,Scottish,15,Alasdair Fraser,German,6
GRU,530,2.7754862308502197,2.899614553451538,1,0.07358490566037736,0.06,Greek,7,Μαρία Αθανασίου,Greek,7
GRU,531,2.8736143112182617,2.8980590963363646,0,0.07344632768361582,0.06,Vietnamese,17,Trần Quân,Greek,7
GRU,532,2.927323341369629,2.8985240840911866,0,0.07330827067669173,0.06,Polish,12,Jakub Wiśniewski,Dutch,3
GRU,533,2.947683811187744,2.9002031326293944,0,0.07317073170731707,0.06,Spanish,16,Juan Díaz,Greek,7
GRU,534,2.95098614692688,2.902454962730408,0,0.07303370786516854,0.06,English,4,Paul Smith,Portuguese,13
GRU,535,2.8383841514587402,2.901197576522827,0,0.07289719626168224,0.06,Irish,8,Maeve Kennedy,Italian,9
GRU,536,2.818681478500366,2.900323395729065,0,0.07276119402985075,0.06,Portuguese,13,Rui Oliveira,Italian,9
GRU,537,2.953831195831299,2.9003866720199585,0,0.07262569832402235,0.06,Spanish,16,Javier Rodríguez,Greek,7
GRU,538,2.876845359802246,2.898077187538147,0,0.0724907063197026,0.06,Arabic,0,كريم العتيبي,German,6
GRU,539,2.827767848968506,2.8957964468002317,0,0.07235621521335807,0.06,Italian,9,Lorenzo Ricci,Czech,2
GRU,540,2.9698352813720703,2.897225594520569,0,0.07222222222222222,0.06,Scottish,15,Aileen MacLeod,Italian,9
GRU,541,2.887103319168091,2.895427107810974,0,0.07208872458410351,0.06,Russian,14,Роман Васильев,Greek,7
GRU,542,2.934767246246338,2.8974215888977053,0,0.07195571955719557,0.06,Scottish,15,Hamish Stewart,Portuguese,13
GRU,543,2.8856635093688965,2.894974422454834,0,0.0718232044198895,0.06,Japanese,10,中村花子,German,6
GRU,544,2.8919520378112793,2.893382215499878,0,0.07169117647058823,0.06,Vietnamese,17,Hoàng Phong,Dutch,3
GRU,545,2.8795182704925537,2.8946571063995363,0,0.07155963302752294,0.06,Russian,14,Андрей Кузнецов,Czech,2
GRU,546,2.816403865814209,2.8932315921783447,0,0.07142857142857142,0.06,German,6,Sophie Schulz,Greek,7
GRU,547,2.779212713241577,2.8920353651046753,1,0.07312614259597806,0.08,Greek,7,Παναγιώτης Βασιλείου,Greek,7
GRU,548,2.924623727798462,2.8929034948348997,0,0.072992700729927,0.08,Polish,12,Szymon Wiśniewski,Greek,7
GRU,549,2.803480863571167,2.8890674829483034,1,0.07468123861566485,0.1,Portuguese,13,Gonçalo Silva,Portuguese,13
GRU,550,2.878203868865967,2.888505234718323,0,0.07454545454545454,0.1,Japanese,10,加藤拓也,German,6
GRU,551,2.959657669067383,2.8887288761138916,0,0.07441016333938294,0.1,Scottish,15,Alasdair Robertson,Greek,7
GRU,552,2.886025905609131,2.8885188341140746,0,0.07427536231884058,0.1,Polish,12,Zbigniew Kowalczyk,Greek,7
GRU,553,2.9595744609832764,2.8900395822525025,0,0.07414104882459313,0.1,English,4,Richard Davis,Greek,7
GRU,554,2.933872938156128,2.891189093589783,0,0.0740072202166065,0.1,Chinese,1,李杰,Greek,7
GRU,555,2.950798988342285,2.891741461753845,0,0.07387387387387387,0.1,Spanish,16,Juan Pérez,Greek,7
GRU,556,2.867194652557373,2.891211929321289,0,0.0737410071942446,0.1,Japanese,10,鈴木裕子,German,6
GRU,557,2.870852470397949,2.8900697135925295,0,0.07360861759425494,0.1,Russian,14,Борис Петров,Czech,2
GRU,558,2.9432871341705322,2.8928978729248045,0,0.07347670250896057,0.08,Spanish,16,Pedro Martínez,Greek,7
GRU,559,2.8960249423980713,2.8944042491912843,0,0.07334525939177101,0.08,Arabic,0,خالد القحطاني,Greek,7
GRU,560,2.965125799179077,2.895658116340637,0,0.07321428571428572,0.08,English,4,William Miller,Greek,7
GRU,561,2.9311842918395996,2.894041585922241,0,0.07308377896613191,0.08,English,4,J.R. Smith,Portuguese,13
GRU,562,2.9554896354675293,2.895378041267395,0,0.07295373665480427,0.08,Scottish,15,Gordon Campbell,Greek,7
GRU,563,2.8713204860687256,2.8943198823928835,0,0.07282415630550622,0.08,Japanese,10,中村さくら,Greek,7
GRU,564,2.9081597328186035,2.8951345014572145,0,0.0726950354609929,0.08,Polish,12,Michał Szymański,Dutch,3
GRU,565,2.8535969257354736,2.8922789096832275,0,0.07256637168141593,0.08,Czech,2,Martin Černý,Greek,7
GRU,566,2.868403911590576,2.8920411348342894,0,0.07243816254416961,0.08,Vietnamese,17,Hoàng Quân,Greek,7
GRU,567,2.864090919494629,2.8897511196136474,0,0.07231040564373897,0.08,Japanese,10,小林太郎,Greek,7
GRU,568,2.9077515602111816,2.890144534111023,0,0.0721830985915493,0.08,Scottish,15,Aileen Fraser,German,6
GRU,569,2.9692275524139404,2.894335217475891,0,0.07205623901581722,0.06,Chinese,1,赵霞,Portuguese,13
GRU,570,2.835622787475586,2.89137008190155,0,0.07192982456140351,0.06,Czech,2,Jan Dvořák,Greek,7
GRU,571,2.8214731216430664,2.8896212005615234,0,0.07180385288966724,0.06,Italian,9,Vincenzo Ferrari,Czech,2
GRU,572,2.820606231689453,2.887329936027527,1,0.07342657342657342,0.08,Czech,2,Marek Procházka,Czech,2
GRU,573,2.866344928741455,2.887669801712036,0,0.07329842931937172,0.08,Dutch,3,Lucas Meijer,Italian,9
GRU,574,2.8607120513916016,2.887529721260071,0,0.07317073170731707,0.08,Dutch,3,Ruben Bakker,Italian,9
GRU,575,2.995527744293213,2.8911926841735838,0,0.07304347826086957,0.08,French,5,Pierre d'Aubigné,Dutch,3
GRU,576,2.8285763263702393,2.888467063903809,0,0.07291666666666667,0.08,Italian,9,Francesco Rossi,Dutch,3
GRU,577,2.9528589248657227,2.891572790145874,0,0.07279029462738301,0.08,Chinese,1,陈敏,Greek,7
GRU,578,2.9362566471099854,2.893170032501221,0,0.0726643598615917,0.08,Chinese,1,刘明,Greek,7
GRU,579,2.912937641143799,2.8926784992218018,0,0.07253886010362694,0.08,Korean,11,정지민,Greek,7
GRU,580,2.832540512084961,2.8938195848464967,0,0.07241379310344828,0.06,Portuguese,13,Filipe Santos,Dutch,3
GRU,581,2.7980775833129883,2.892308850288391,1,0.07401032702237521,0.08,Greek,7,Ευάγγελος Κωνσταντίνου,Greek,7
GRU,582,2.8329687118530273,2.890421757698059,0,0.07388316151202749,0.08,Portuguese,13,Carlos Martins,Dutch,3
GRU,583,3.0083396434783936,2.8916348743438722,0,0.07375643224699828,0.08,French,5,Charles Thomas,Portuguese,13
GRU,584,2.9878294467926025,2.8923717403411864,0,0.07363013698630137,0.08,French,5,Arthur Bernard,Italian,9
GRU,585,2.909489631652832,2.893793849945068,0,0.0735042735042735,0.08,Polish,12,Zbigniew Zieliński,Czech,2
GRU,586,2.788843870162964,2.8931970977783203,1,0.07508532423208192,0.1,Greek,7,Χρήστος Κωνσταντίνου,Greek,7
GRU,587,2.9419872760772705,2.8929602193832396,0,0.07495741056218058,0.1,English,4,J.R. Williams,Greek,7
GRU,588,2.876460313796997,2.892952518463135,0,0.07482993197278912,0.1,Russian,14,Антон Михайлов,Czech,2
GRU,589,2.869048833847046,2.8937781381607057,0,0.07470288624787776,0.1,Irish,8,Maeve Doyle,Greek,7
GRU,590,2.8834035396575928,2.892049503326416,0,0.07457627118644068,0.1,Irish,8,Niall O'Connor,Italian,9
GRU,591,2.892504930496216,2.8921575355529785,0,0.07445008460236886,0.1,Arabic,0,مصطفى الهاشمي,Greek,7
GRU,592,2.7897908687591553,2.889258008003235,1,0.07601351351351351,0.12,Italian,9,Matteo Marino,Italian,9
GRU,593,2.8987605571746826,2.8895199489593506,0,0.07588532883642496,0.12,Vietnamese,17,Lê Anh,Portuguese,13
GRU,594,2.822925090789795,2.888139410018921,0,0.07575757575757576,0.12,Czech,2,Adam Procházka,Italian,9
GRU,595,2.9279868602752686,2.889108781814575,0,0.07563025210084033,0.12,Korean,11,윤서준,Greek,7
GRU,596,2.781456232070923,2.8884098291397096,1,0.07718120805369127,0.14,Italian,9,Carlo Marino,Italian,9
GRU,597,2.8257710933685303,2.8893409967422485,0,0.07705192629815745,0.12,Portuguese,13,Bruno Jesus,Greek,7
GRU,598,2.8544578552246094,2.8879376792907716,0,0.07692307692307693,0.12,Irish,8,Brian Doyle,Greek,7
GRU,599,2.7955620288848877,2.8877793025970457,0,0.07679465776293823,0.1,Italian,9,Lorenzo Ferrari,Czech,2
GRU,600,2.9074671268463135,2.888364567756653,0,0.07666666666666666,0.1,Polish,12,Krzysztof Lewandowski,Italian,9
GRU,601,2.8487088680267334,2.88614559173584,0,0.07653910149750416,0.1,Dutch,3,Jan van den Berg,Italian,9
GRU,602,2.8970730304718018,2.886366534233093,0,0.07641196013289037,0.1,Polish,12,Michał Zieliński,Italian,9
GRU,603,2.910987138748169,2.885394787788391,0,0.07628524046434494,0.1,Korean,11,윤상현,Greek,7
GRU,604,2.7659425735473633,2.882036180496216,1,0.07781456953642384,0.12,Italian,9,Giuseppe Marino,Italian,9
GRU,605,2.793887138366699,2.878897943496704,1,0.07933884297520662,0.14,Italian,9,Domenico Rossi,Italian,9
GRU,606,2.8642609119415283,2.8788392686843873,0,0.07920792079207921,0.14,Polish,12,Łukasz Wójcik,Italian,9
GRU,607,2.8867950439453125,2.8791581201553345,0,0.07907742998352553,0.14,Arabic,0,خالد المالكي,Italian,9
GRU,608,2.9368090629577637,2.879028558731079,0,0.07894736842105263,0.14,Chinese,1,赵明,Portuguese,13
GRU,609,2.95731258392334,2.8802543115615844,0,0.07881773399014778,0.14,Scottish,15,Niall Campbell,Greek,7
GRU,610,2.783134698867798,2.876614489555359,1,0.08032786885245902,0.16,Greek,7,Ευάγγελος Βασιλείου,Greek,7
GRU,611,2.9063031673431396,2.87611686706543,0,0.08019639934533551,0.16,Korean,11,박서연,Greek,7
GRU,612,2.850024938583374,2.874007573127747,0,0.08006535947712418,0.16,German,6,Sophie Becker,Italian,9
GRU,613,2.8748698234558105,2.874078559875488,0,0.0799347471451876,0.16,Irish,8,Darragh O'Connor,Italian,9
GRU,614,2.959052085876465,2.8750964069366454,0,0.07980456026058631,0.16,English,4,James Taylor,Italian,9
GRU,615,2.818075656890869,2.8743859815597532,0,0.07967479674796749,0.16,Dutch,3,Jan Smit,Greek,7
GRU,616,2.98931884765625,2.8768042802810667,0,0.07954545454545454,0.16,Chinese,1,刘平,Greek,7
GRU,617,2.8778529167175293,2.877079520225525,0,0.07941653160453808,0.16,Russian,14,Дмитрий Иванов,Italian,9
GRU,618,2.9005537033081055,2.8769355630874633,0,0.07928802588996764,0.16,Korean,11,임상현,Greek,7
GRU,619,2.9583230018615723,2.876717472076416,0,0.0791599353796446,0.16,English,4,Michael Johnson,Italian,9
GRU,620,2.8002560138702393,2.876010136604309,1,0.08064516129032258,0.18,Italian,9,Carlo Bianchi,Italian,9
GRU,621,2.821190595626831,2.876004486083984,0,0.08051529790660225,0.18,Portuguese,13,Carlos Ferreira,Italian,9
GRU,622,2.856428384780884,2.876720929145813,0,0.08038585209003216,0.16,German,6,Johannes Schmidt,Italian,9
GRU,623,2.91011905670166,2.8775964117050172,0,0.08025682182985554,0.16,Vietnamese,17,Hoàng Minh,Italian,9
GRU,624,2.963223695755005,2.879646644592285,0,0.08012820512820513,0.16,Spanish,16,Javier Sánchez,Greek,7
GRU,625,2.8530242443084717,2.8767965745925905,0,0.08,0.16,Irish,8,Liam O'Brien,Italian,9
GRU,626,2.8364086151123047,2.8769532203674317,0,0.07987220447284345,0.16,Irish,8,Conor McCarthy,Italian,9
GRU,627,2.7556874752044678,2.8730097913742068,1,0.08133971291866028,0.18,Italian,9,Luca Greco,Italian,9
GRU,628,2.883970260620117,2.871964063644409,0,0.08121019108280254,0.18,Japanese,10,鈴木美咲,Italian,9
GRU,629,2.8725240230560303,2.871155791282654,0,0.08108108108108109,0.18,Russian,14,Юрий Иванов,Italian,9
GRU,630,2.9485890865325928,2.8734767627716065,0,0.08095238095238096,0.18,English,4,Anthony St. John,Italian,9
GRU,631,2.780146598815918,2.873118143081665,1,0.08240887480190175,0.18,Greek,7,Αθανάσιος Αλεξίου,Greek,7
GRU,632,2.892629384994507,2.8743113565444944,0,0.08227848101265822,0.18,Polish,12,Andrzej Zieliński,Italian,9
GRU,633,2.9138567447662354,2.8724216985702515,0,0.08214849921011058,0.18,Korean,11,이준영,Italian,9
GRU,634,2.860119104385376,2.8698674917221068,0,0.08201892744479496,0.18,Polish,12,Krzysztof Nowak,Italian,9
GRU,635,2.8298990726470947,2.8682756805419922,0,0.08188976377952756,0.18,Irish,8,Maeve McCarthy,Italian,9
GRU,636,2.8617208003997803,2.8697332191467284,0,0.08176100628930817,0.16,Dutch,3,Finn Bakker,Italian,9
GRU,637,2.8943727016448975,2.868780927658081,0,0.08163265306122448,0.16,Korean,11,장예준,Italian,9
GRU,638,2.835020065307617,2.8679521226882936,0,0.08150470219435736,0.16,Irish,8,Eoin Gallagher,Italian,9
GRU,639,2.874239206314087,2.8680559301376345,0,0.081377151799687,0.16,Polish,12,Krzysztof Szymański,Italian,9
GRU,640,2.8848018646240234,2.868083896636963,0,0.08125,0.16,Korean,11,이상현,Greek,7
GRU,641,2.7863729000091553,2.8659612560272216,1,0.08268330733229329,0.18,Greek,7,Γεώργιος Κωνσταντίνου,Greek,7
GRU,642,2.8934152126312256,2.868033742904663,0,0.08255451713395638,0.16,Arabic,0,نورالدين المالكي,Italian,9
GRU,643,2.9023685455322266,2.868105902671814,0,0.08242612752721618,0.16,Vietnamese,17,Hoàng Dũng,Italian,9
GRU,644,2.7648322582244873,2.866944046020508,1,0.08385093167701864,0.18,Greek,7,Αλέξανδρος Αλεξίου,Greek,7
GRU,645,2.8376593589782715,2.865137495994568,0,0.08372093023255814,0.18,Czech,2,Pavel Horák,Italian,9
GRU,646,2.8732666969299316,2.866973705291748,0,0.08359133126934984,0.16,Russian,14,Юрий Михайлов,Italian,9
GRU,647,2.7489705085754395,2.865437693595886,1,0.08500772797527048,0.18,Italian,9,Fabio Marino,Italian,9
GRU,648,2.8304855823516846,2.8649582481384277,0,0.08487654320987655,0.18,Portuguese,13,Luís Santos,Italian,9
GRU,649,2.932030200958252,2.867687611579895,0,0.0847457627118644,0.18,English,4,Daniel Smith,Portuguese,13
GRU,650,2.967772960662842,2.8688937282562255,0,0.08461538461538462,0.18,Chinese,1,刘秀英,Greek,7
GRU,651,2.965935230255127,2.8712382555007934,0,0.08448540706605223,0.18,Scottish,15,Iain MacLeod,Italian,9
GRU,652,2.8443267345428467,2.8701833295822143,0,0.0843558282208589,0.18,Dutch,3,Jan van den Berg,Italian,9
GRU,653,2.9384868144989014,2.870733323097229,0,0.08422664624808576,0.18,Vietnamese,17,Trần Nam,Italian,9
GRU,654,2.870811939239502,2.8728307104110717,0,0.08409785932721713,0.16,Polish,12,Marek Kamiński,Italian,9
GRU,655,2.8727030754089355,2.8744070291519166,0,0.08396946564885496,0.14,Korean,11,장도윤,Greek,7
GRU,656,2.8969640731811523,2.875061092376709,0,0.08384146341463415,0.14,Vietnamese,17,Huỳnh Hoàng,Italian,9
GRU,657,2.9481029510498047,2.8762872505187986,0,0.0837138508371385,0.14,English,4,Richard Miller,Italian,9
GRU,658,2.8273463249206543,2.874097995758057,0,0.08358662613981763,0.14,Dutch,3,Dirk Janssen,Greek,7
GRU,659,2.8211729526519775,2.8713752031326294,0,0.0834597875569044,0.14,Portuguese,13,Gonçalo Pereira,Italian,9
GRU,660,2.964158296585083,2.874995675086975,0,0.08333333333333333,0.12,Chinese,1,吴超,Dutch,3
GRU,661,2.888139247894287,2.874632396697998,0,0.0832072617246596,0.12,Korean,11,박지민,Greek,7
GRU,662,2.867189645767212,2.8749756908416746,0,0.08308157099697885,0.12,Russian,14,Михаил Попов,Italian,9
GRU,663,2.77901554107666,2.8730586051940916,1,0.08446455505279035,0.14,Greek,7,Σπυρίδων Νικολάου,Greek,7
GRU,664,2.8073935508728027,2.8700254344940186,0,0.08433734939759036,0.14,Dutch,3,Sem Smit,Greek,7
GRU,665,2.8835127353668213,2.8713341760635376,0,0.08421052631578947,0.14,Korean,11,조민지,Greek,7
GRU,666,2.8726181983947754,2.869000163078308,0,0.08408408408408409,0.14,Korean,11,김지민,Greek,7
GRU,667,2.8444628715515137,2.868332362174988,0,0.08395802098950525,0.14,Polish,12,Łukasz Wójcik,Italian,9
GRU,668,2.871861457824707,2.8677585172653197,0,0.08383233532934131,0.14,German,6,Matthias Schmidt,Greek,7
GRU,669,2.8639848232269287,2.865871753692627,0,0.08370702541106129,0.14,Russian,14,Антон Петров,Italian,9
GRU,670,2.8460350036621094,2.8667873334884644,0,0.08358208955223881,0.12,German,6,Jürgen Schulz,Greek,7
GRU,671,2.889669179916382,2.8681569051742555,0,0.08345752608047691,0.12,Arabic,0,كريم الحداد,Greek,7
GRU,672,2.8966221809387207,2.868960781097412,0,0.08333333333333333,0.12,Japanese,10,田中一郎,Italian,9
GRU,673,2.957345962524414,2.869905319213867,0,0.08320950965824665,0.12,English,4,William Wilson,Italian,9
GRU,674,2.840050220489502,2.867441849708557,0,0.0830860534124629,0.12,German,6,Felix Müller,Italian,9
GRU,675,2.8960838317871094,2.86830304145813,0,0.08296296296296296,0.12,Vietnamese,17,Lê Minh,Greek,7
GRU,676,2.8332769870758057,2.8682404088974,0,0.08284023668639054,0.12,German,6,Hannah Schneider,Italian,9
GRU,677,2.8965084552764893,2.8710568284988405,0,0.0827178729689808,0.1,Japanese,10,加藤健一,Greek,7
GRU,678,2.9492974281311035,2.87236337184906,0,0.08259587020648967,0.1,English,4,Matthew Wilson,Italian,9
GRU,679,2.885997772216797,2.8726328468322753,0,0.08247422680412371,0.1,Arabic,0,سعيد العتيبي,Italian,9
GRU,680,2.927051544189453,2.8722020959854127,0,0.08235294117647059,0.1,English,4,Anthony Johnson,Italian,9
GRU,681,2.916721820831299,2.87493360042572,0,0.08223201174743025,0.08,Vietnamese,17,Phạm Đức,Italian,9
GRU,682,3.0199666023254395,2.877480344772339,0,0.08211143695014662,0.08,French,5,Georges Bernard,Italian,9
GRU,683,2.895561695098877,2.8771144437789915,0,0.08199121522693997,0.08,Arabic,0,فهد الخطيب,Italian,9
GRU,684,2.8701162338256836,2.877314386367798,0,0.08187134502923976,0.08,Arabic,0,طارق الغامدي,Greek,7
GRU,685,2.77213978767395,2.8761592006683347,1,0.08321167883211679,0.1,Greek,7,Μιχάλης Βασιλείου,Greek,7
GRU,686,2.877927780151367,2.8764833402633667,0,0.08309037900874636,0.1,Japanese,10,佐藤健,Greek,7
GRU,687,3.01287579536438,2.8788534021377563,0,0.08296943231441048,0.1,French,5,Gabriel Petit,Greek,7
GRU,688,2.9305858612060547,2.880764718055725,0,0.08284883720930232,0.1,Chinese,1,李杰,Greek,7
GRU,689,2.843616008758545,2.880152254104614,0,0.08272859216255443,0.1,Portuguese,13,André Rodrigues,Greek,7
GRU,690,2.849412202835083,2.8794444608688354,0,0.08260869565217391,0.1,Dutch,3,Thomas Meijer,Italian,9
GRU,691,2.8592309951782227,2.8809016227722166,0,0.0824891461649783,0.08,Czech,2,Petr Kučera,Italian,9
GRU,692,2.862704277038574,2.880287404060364,0,0.08236994219653179,0.08,Russian,14,Юрий Новиков,Greek,7
GRU,693,2.868598461151123,2.879612002372742,0,0.08225108225108226,0.08,Korean,11,조도윤,Greek,7
GRU,694,2.846170425415039,2.8812387657165526,0,0.08213256484149856,0.06,Dutch,3,Sem Bakker,Italian,9
GRU,695,2.98685359954834,2.884222650527954,0,0.08201438848920864,0.06,Spanish,16,Pedro González,Greek,7
GRU,696,2.9752986431121826,2.886263289451599,0,0.08189655172413793,0.06,Chinese,1,周强,Greek,7
GRU,697,2.9792239665985107,2.8908683586120607,0,0.08177905308464849,0.04,Spanish,16,Rafael Rodríguez,Greek,7
GRU,698,2.8561408519744873,2.8913814640045166,0,0.08166189111747851,0.04,Russian,14,Артём Михайлов,Dutch,3
GRU,699,2.8644022941589355,2.8900289058685305,0,0.0815450643776824,0.04,Arabic,0,ياسر الحداد,Greek,7
GRU,700,2.9307572841644287,2.889288592338562,0,0.08142857142857143,0.04,Scottish,15,Callum Murray,Italian,9
GRU,701,2.832263469696045,2.8866151571273804,0,0.08131241084165478,0.04,Portuguese,13,Ricardo Jesus,Greek,7
GRU,702,2.813307523727417,2.8859947729110718,0,0.0811965811965812,0.04,Dutch,3,Dirk Janssen,Greek,7
GRU,703,2.845754384994507,2.884140124320984,0,0.08108108108108109,0.04,Russian,14,Сергей Иванов,Italian,9
GRU,704,2.874584674835205,2.884215579032898,0,0.08096590909090909,0.04,Czech,2,Pavel Černý,Dutch,3
GRU,705,2.9057910442352295,2.884877338409424,0,0.08085106382978724,0.04,English,4,Steven Smith,Portuguese,13
GRU,706,2.934173345565796,2.885621523857117,0,0.08073654390934844,0.04,English,4,Christopher Brown,Dutch,3
GRU,707,2.889681100845337,2.884453086853027,0,0.08062234794908062,0.04,Vietnamese,17,Đặng Cường,Dutch,3
GRU,708,2.8886449337005615,2.8856790590286256,0,0.08050847457627118,0.04,Japanese,10,伊藤彩,Greek,7
GRU,709,2.974316120147705,2.88874192237854,0,0.08039492242595205,0.04,Spanish,16,Pablo Rodríguez,Greek,7
GRU,710,2.8473799228668213,2.886406354904175,0,0.08028169014084507,0.04,Russian,14,Евгений Васильев,Dutch,3
GRU,711,2.8236327171325684,2.8851162242889403,0,0.08016877637130802,0.04,Portuguese,13,Pedro Santos,Dutch,3
GRU,712,2.7961506843566895,2.88369544506073,1,0.08146067415730338,0.06,Dutch,3,Bram Smit,Dutch,3
GRU,713,2.910281181335449,2.8863207578659056,0,0.08134642356241234,0.04,Vietnamese,17,Đặng Đức,Portuguese,13
GRU,714,2.8510451316833496,2.887193789482117,0,0.08123249299719888,0.04,German,6,Christian Meyer,Italian,9
GRU,715,2.8357722759246826,2.8862389802932737,0,0.08111888111888112,0.04,Russian,14,Сергей Сидоров,Dutch,3
GRU,716,2.8114497661590576,2.8850156116485595,0,0.08100558659217877,0.04,Portuguese,13,Miguel Oliveira,Dutch,3
GRU,717,2.816959857940674,2.884465551376343,1,0.08228730822873083,0.06,Russian,14,Андрей Попов,Russian,14
GRU,718,2.795417070388794,2.8829366636276244,1,0.08356545961002786,0.08,Portuguese,13,Miguel Sousa,Portuguese,13
GRU,719,2.7944695949554443,2.881546359062195,1,0.08484005563282336,0.1,Dutch,3,Jan van Dijk,Dutch,3
GRU,720,2.7930541038513184,2.880486741065979,0,0.08472222222222223,0.1,Portuguese,13,João Oliveira,Dutch,3
GRU,721,2.871554374694824,2.880124444961548,0,0.08460471567267684,0.1,Irish,8,Michael O'Sullivan,Dutch,3
GRU,722,2.913851737976074,2.880469036102295,0,0.08448753462603878,0.1,English,4,Mark Taylor,Italian,9
GRU,723,2.9878275394439697,2.881078667640686,0,0.08437067773167359,0.1,Scottish,15,Stuart MacDonald,Dutch,3
GRU,724,2.8646864891052246,2.8815713930130005,0,0.08425414364640885,0.1,Czech,2,Petr Svoboda,Portuguese,13
GRU,725,2.846982717514038,2.880589370727539,0,0.08413793103448276,0.1,Czech,2,Josef Procházka,Portuguese,13
GRU,726,2.8178603649139404,2.8802810382843016,0,0.08402203856749312,0.1,Dutch,3,Thomas Meijer,Portuguese,13
GRU,727,2.887143850326538,2.880093746185303,0,0.08390646492434663,0.1,Korean,11,이지호,Portuguese,13
GRU,728,2.91230845451355,2.8793539667129515,0,0.08379120879120878,0.1,Vietnamese,17,Nguyễn Ngọc,Dutch,3
GRU,729,2.8636579513549805,2.878907170295715,0,0.08367626886145405,0.1,Vietnamese,17,Vũ Dũng,Dutch,3
GRU,730,2.877650737762451,2.8779191541671754,0,0.08356164383561644,0.1,Japanese,10,小林陽子,Dutch,3
GRU,731,2.8151028156280518,2.8758867740631104,1,0.08481532147742818,0.12,Dutch,3,Dirk Bakker,Dutch,3
GRU,732,2.874249219894409,2.87297242641449,0,0.08469945355191257,0.12,Korean,11,장서준,Dutch,3
GRU,733,2.785611867904663,2.8707734298706056,0,0.08458390177353342,0.12,Portuguese,13,Carlos Sousa,Dutch,3
GRU,734,2.9939281940460205,2.8732496690750122,0,0.08446866485013624,0.12,Chinese,1,刘娟,Greek,7
GRU,735,2.8376047611236572,2.8745589685440063,0,0.08435374149659863,0.1,Italian,9,Lorenzo Bianchi,Dutch,3
GRU,736,2.7997100353240967,2.872994613647461,1,0.08559782608695653,0.12,Dutch,3,Bram Visser,Dutch,3
GRU,737,2.9764671325683594,2.8722664403915403,0,0.08548168249660787,0.12,Spanish,16,Miguel González,Dutch,3
GRU,738,2.9097697734832764,2.871850118637085,0,0.08536585365853659,0.12,English,4,Thomas Taylor,Italian,9
GRU,739,2.9652819633483887,2.8742834377288817,0,0.08525033829499323,0.12,Scottish,15,Stuart MacKenzie,Dutch,3
GRU,740,2.7636630535125732,2.8725684547424315,1,0.08648648648648649,0.14,Dutch,3,Lars van Dijk,Dutch,3
GRU,741,2.9024157524108887,2.873432149887085,0,0.08636977058029689,0.14,Vietnamese,17,Hoàng Nam,Dutch,3
GRU,742,2.783804416656494,2.871854152679443,1,0.0876010781671159,0.16,Dutch,3,Sem Meijer,Dutch,3
GRU,743,2.879460096359253,2.872071385383606,0,0.08748317631224764,0.16,Irish,8,Oisín Gallagher,Dutch,3
GRU,744,2.792656183242798,2.871001100540161,0,0.08736559139784947,0.16,Greek,7,Ανδρέας Αθανασίου,Dutch,3
GRU,745,2.8531579971313477,2.868327188491821,0,0.087248322147651,0.16,Vietnamese,17,Đặng Phong,Dutch,3
GRU,746,2.850701332092285,2.8658352422714235,0,0.0871313672922252,0.16,Vietnamese,17,Nguyễn Hiếu,Dutch,3
GRU,747,2.8651318550109863,2.863553400039673,0,0.08701472556894244,0.16,Irish,8,Fionn Murphy,Dutch,3
GRU,748,3.035404920578003,2.867138681411743,0,0.08689839572192513,0.16,French,5,Hugo Petit,Dutch,3
GRU,749,2.8340015411376953,2.866530666351318,0,0.08678237650200267,0.16,Italian,9,Fabio Bianchi,Dutch,3
GRU,750,2.908621072769165,2.866087942123413,0,0.08666666666666667,0.16,Korean,11,김지훈,Dutch,3
GRU,751,3.0255744457244873,2.869954161643982,0,0.08655126498002663,0.16,French,5,Noël Bernard,Dutch,3
GRU,752,2.8784680366516113,2.8712573719024657,0,0.08643617021276596,0.16,Polish,12,Stanisław Nowak,Dutch,3
GRU,753,2.906996726989746,2.8724822187423706,0,0.08632138114209828,0.16,English,4,Charles St. John,Dutch,3
GRU,754,2.9041595458984375,2.8730737161636353,0,0.08620689655172414,0.16,Arabic,0,عمر الخطيب,Dutch,3
GRU,755,2.974581718444824,2.874449529647827,0,0.08609271523178808,0.16,Spanish,16,Pablo González,Dutch,3
GRU,756,2.89117693901062,2.8735896015167235,0,0.08597883597883597,0.16,Polish,12,Marcin Kamiński,Dutch,3
GRU,757,2.8382925987243652,2.872561831474304,0,0.08586525759577279,0.16,Russian,14,Владимир Кузнецов,Dutch,3
GRU,758,3.026367664337158,2.875316286087036,0,0.08575197889182058,0.16,French,5,Mathieu Robert,Dutch,3
GRU,759,2.7907352447509766,2.8716446685791017,0,0.08563899868247694,0.16,Italian,9,Davide Greco,Dutch,3
GRU,760,2.9001107215881348,2.8726992845535277,0,0.08552631578947369,0.16,Japanese,10,加藤健一,Dutch,3
GRU,761,2.861523151397705,2.8734570932388306,0,0.08541392904073587,0.16,Czech,2,Adam Novák,Dutch,3
GRU,762,2.895819902420044,2.8754504776000975,0,0.08530183727034121,0.14,English,4,James Williams,Dutch,3
GRU,763,2.949465751647949,2.8762341690063478,0,0.08519003931847968,0.14,Chinese,1,吴杰,Dutch,3
GRU,764,2.857415199279785,2.8763615703582763,0,0.08507853403141362,0.14,Czech,2,Michal Dvořák,Dutch,3
GRU,765,2.8249075412750244,2.876144275665283,0,0.08496732026143791,0.14,Russian,14,Евгений Михайлов,Dutch,3
GRU,766,2.8180389404296875,2.8762760591506957,0,0.08485639686684072,0.14,Portuguese,13,Carlos Rodrigues,Dutch,3
GRU,767,2.810868263244629,2.876154227256775,0,0.0847457627118644,0.12,Russian,14,Виктор Попов,Dutch,3
GRU,768,2.867076873779297,2.877587423324585,0,0.08463541666666667,0.1,Irish,8,Michael O'Brien,Dutch,3
GRU,769,2.9720892906188965,2.881139817237854,0,0.08452535760728218,0.08,Spanish,16,Jorge Fernández,Dutch,3
GRU,770,2.878281354904175,2.8828443622589113,0,0.08441558441558442,0.08,Korean,11,강서준,Dutch,3
GRU,771,2.782965660095215,2.881072587966919,1,0.08560311284046693,0.1,Dutch,3,Joris van den Berg,Dutch,3
GRU,772,2.949763774871826,2.881790828704834,0,0.08549222797927461,0.1,Scottish,15,Ross Fraser,Dutch,3
GRU,773,2.8191168308258057,2.8784166145324708,0,0.08538163001293661,0.1,Italian,9,Luca Rossi,Dutch,3
GRU,774,2.7979319095611572,2.877081522941589,0,0.08527131782945736,0.1,Greek,7,Δημήτριος Αθανασίου,Dutch,3
GRU,775,2.9758589267730713,2.8796590471267702,0,0.08516129032258064,0.1,Chinese,1,王芳,Dutch,3
GRU,776,2.8713228702545166,2.8807282972335817,0,0.08505154639175258,0.1,German,6,Felix Fischer,Dutch,3
GRU,777,2.9037485122680664,2.881060390472412,0,0.08494208494208494,0.1,German,6,Lukas Hoffmann,Dutch,3
GRU,778,2.8999454975128174,2.8808131313323972,0,0.08483290488431877,0.1,English,4,Mark St. John,Dutch,3
GRU,779,2.885948419570923,2.8812589406967164,0,0.08472400513478819,0.1,Irish,8,Aidan Walsh,Dutch,3
GRU,780,2.8949990272521973,2.881605906486511,0,0.08461538461538462,0.1,Japanese,10,鈴木拓也,Dutch,3
GRU,781,2.9003043174743652,2.8833099365234376,0,0.08450704225352113,0.08,Arabic,0,يوسف الحسيني,Dutch,3
GRU,782,2.802119731903076,2.881867346763611,0,0.08439897698209718,0.08,Portuguese,13,Carlos Ferreira,Dutch,3
GRU,783,2.8932924270629883,2.8840209579467775,0,0.0842911877394636,0.08,English,4,Paul Jones,Dutch,3
GRU,784,2.856558322906494,2.881273560523987,0,0.08418367346938775,0.08,Vietnamese,17,Đặng Anh,Dutch,3
GRU,785,2.806084156036377,2.8806431484222412,0,0.0840764331210191,0.08,Greek,7,Βασίλειος Κωνσταντίνου,Dutch,3
GRU,786,2.8578715324401855,2.881806378364563,0,0.08396946564885496,0.06,Vietnamese,17,Võ Linh,Dutch,3
GRU,787,2.878980875015259,2.879856653213501,0,0.08386277001270648,0.06,Korean,11,김예은,Dutch,3
GRU,788,2.877351999282837,2.8792082977294924,0,0.08375634517766498,0.06,Polish,12,Mateusz Woźniak,Dutch,3
GRU,789,2.967533588409424,2.879253330230713,0,0.08365019011406843,0.06,Chinese,1,杨艳,Dutch,3
GRU,790,2.8916361331939697,2.881812791824341,0,0.08354430379746836,0.04,Arabic,0,سليم الهاشمي,Dutch,3
GRU,791,2.8742623329162598,2.8812497234344483,0,0.08343868520859671,0.04,Czech,2,Jan Černý,Dutch,3
GRU,792,2.8110926151275635,2.8817954874038696,0,0.08333333333333333,0.02,Portuguese,13,Miguel Martins,Dutch,3
GRU,793,2.8691189289093018,2.8815886640548705,0,0.0832282471626734,0.02,Polish,12,Piotr Woźniak,Dutch,3
GRU,794,2.786034107208252,2.8814562225341795,0,0.08312342569269521,0.02,Portuguese,13,André Pereira,Dutch,3
GRU,795,2.801409959793091,2.8804212617874145,1,0.08427672955974842,0.04,Dutch,3,Hendrik Bakker,Dutch,3
GRU,796,2.876213550567627,2.880931506156921,0,0.08417085427135679,0.04,Arabic,0,عمر الغامدي,Dutch,3
GRU,797,3.0238900184631348,2.8841066694259645,0,0.08406524466750313,0.04,French,5,Jean-Luc Dubois,Dutch,3
GRU,798,2.8212521076202393,2.879823613166809,0,0.08395989974937343,0.04,Russian,14,Павел Михайлов,Dutch,3
GRU,799,2.863725185394287,2.880418086051941,0,0.08385481852315395,0.04,Korean,11,이현우,Dutch,3
GRU,800,2.785290479660034,2.8779514741897585,0,0.08375,0.04,Portuguese,13,Rui Santos,Dutch,3
GRU,801,2.790435552597046,2.8732486963272095,0,0.08364544319600499,0.04,Greek,7,Θεόδωρος Αθανασίου,Dutch,3
GRU,802,2.885897159576416,2.8733972787857054,0,0.08354114713216958,0.04,Polish,12,Bartosz Lewandowski,Dutch,3
GRU,803,2.8517673015594482,2.8722926902770998,0,0.08343711083437111,0.04,Czech,2,Petr Procházka,Dutch,3
GRU,804,2.79679799079895,2.87014545917511,0,0.08333333333333333,0.04,Italian,9,Lorenzo Greco,Portuguese,13
GRU,805,2.8871943950653076,2.8683977127075195,0,0.08322981366459627,0.04,Japanese,10,高橋悠斗,Dutch,3
GRU,806,2.8931596279144287,2.8684373664855958,0,0.08312655086848635,0.04,Japanese,10,加藤さくら,Portuguese,13
GRU,807,3.0180623531341553,2.8720327615737915,0,0.08302354399008674,0.04,French,5,J.-P. Martin,Dutch,3
GRU,808,2.9736099243164062,2.8709776067733763,0,0.08292079207920793,0.04,Spanish,16,Carlos Gómez,Greek,7
GRU,809,2.7777864933013916,2.870718631744385,1,0.08405438813349815,0.06,Dutch,3,Sem Janssen,Dutch,3
GRU,810,2.9678452014923096,2.872073321342468,0,0.08395061728395062,0.06,Spanish,16,Jorge González,Dutch,3
GRU,811,2.8859174251556396,2.872561206817627,0,0.08384710234278668,0.06,Korean,11,정우진,Dutch,3
GRU,812,2.9179556369781494,2.873003921508789,0,0.08374384236453201,0.06,English,4,James Brown,Dutch,3
GRU,813,2.7689414024353027,2.869393434524536,1,0.08487084870848709,0.08,Dutch,3,Sophie Jansen,Dutch,3
GRU,814,2.8731024265289307,2.869707179069519,0,0.08476658476658476,0.08,Irish,8,Niall O'Brien,Dutch,3
GRU,815,3.010843276977539,2.8734258937835695,0,0.08466257668711656,0.08,French,5,Mathieu Dubois,Dutch,3
GRU,816,2.8879623413085938,2.8748243618011475,0,0.08455882352941177,0.08,English,4,Donald St. John,Dutch,3
GRU,817,2.8764808177948,2.876136612892151,0,0.08445532435740515,0.08,Czech,2,Lukáš Novotný,Dutch,3
GRU,818,2.948401689529419,2.8777631092071534,0,0.0843520782396088,0.08,Scottish,15,Aileen Murray,Dutch,3
GRU,819,2.8226561546325684,2.874774446487427,0,0.08424908424908426,0.08,Russian,14,Николай Михайлов,Dutch,3
GRU,820,2.8921916484832764,2.8750526523590088,0,0.08414634146341464,0.08,Japanese,10,小林太郎,Dutch,3
GRU,821,2.8864972591400146,2.8771232843399046,0,0.08404384896467722,0.06,Japanese,10,鈴木健一,Dutch,3
GRU,822,2.81221866607666,2.8743723821640015,0,0.08394160583941605,0.06,Russian,14,Роман Иванов,Dutch,3
GRU,823,2.9399049282073975,2.876788144111633,0,0.08383961117861483,0.06,Scottish,15,Niall Murray,Dutch,3
GRU,824,2.800356149673462,2.8768366289138796,0,0.08373786407766991,0.06,Italian,9,Lorenzo Esposito,Dutch,3
GRU,825,2.9669442176818848,2.876658334732056,0,0.08363636363636363,0.06,Chinese,1,陈勇,Dutch,3
GRU,826,2.970188856124878,2.8786356544494627,0,0.08353510895883777,0.06,Spanish,16,Sergio García,Dutch,3
GRU,827,2.7832064628601074,2.8762248134613038,0,0.08343409915356712,0.06,Italian,9,Vincenzo Romano,Dutch,3
GRU,828,2.8024847507476807,2.874275598526001,0,0.08333333333333333,0.06,Russian,14,Евгений Иванов,Dutch,3
GRU,829,2.947511911392212,2.875506868362427,0,0.08323281061519903,0.06,Chinese,1,陈涛,Dutch,3
GRU,830,2.8117239475250244,2.8738413667678833,0,0.08313253012048193,0.06,Italian,9,Giuseppe Rossi,Dutch,3
GRU,831,2.8885812759399414,2.8736069059371947,0,0.08303249097472924,0.06,Czech,2,Štěpán Veselý,Dutch,3
GRU,832,2.9606502056121826,2.876777515411377,0,0.0829326923076923,0.06,Spanish,16,Sergio López,Dutch,3
GRU,833,2.796482801437378,2.874841322898865,0,0.08283313325330131,0.06,Russian,14,Дмитрий Соколов,Dutch,3
GRU,834,2.886179208755493,2.875433740615845,0,0.08273381294964029,0.06,Vietnamese,17,Đặng Khang,Dutch,3
GRU,835,2.9381020069122314,2.8780740976333616,0,0.08263473053892216,0.06,Chinese,1,杨明,Portuguese,13
GRU,836,2.883798360824585,2.8785926342010497,0,0.08253588516746412,0.06,German,6,Klaus Weber,Dutch,3
GRU,837,2.9502198696136475,2.8800174140930177,0,0.08243727598566308,0.06,Scottish,15,Hamish Fraser,Dutch,3
GRU,838,2.875133752822876,2.8799730491638185,0,0.08233890214797136,0.06,English,4,Mark Smith,Dutch,3
GRU,839,2.7886950969696045,2.876396279335022,1,0.08343265792610251,0.08,Russian,14,Виктор Петров,Russian,14
GRU,840,2.873854637145996,2.8760406494140627,0,0.08333333333333333,0.08,Japanese,10,加藤一郎,Dutch,3
GRU,841,2.84627366065979,2.875480875968933,0,0.08323424494649227,0.08,Czech,2,Michal Kučera,Dutch,3
GRU,842,3.0160269737243652,2.879579563140869,0,0.0831353919239905,0.08,French,5,Jules Martin,Dutch,3
GRU,843,2.8006389141082764,2.8782099628448488,0,0.0830367734282325,0.08,Greek,7,Δημήτριος Σταυρίδης,Dutch,3
GRU,844,2.7743258476257324,2.8779757976531983,1,0.08412322274881516,0.1,Russian,14,Максим Попов,Russian,14
GRU,845,2.9555020332336426,2.8810576391220093,0,0.08402366863905325,0.08,Spanish,16,Manuel Sánchez,Dutch,3
GRU,846,3.0197410583496094,2.8839281892776487,0,0.08392434988179669,0.08,French,5,Marcel Robert,Dutch,3
GRU,847,2.8862767219543457,2.881175923347473,0,0.08382526564344746,0.08,Korean,11,최예준,Dutch,3
GRU,848,2.897944688796997,2.8827097749710084,0,0.08372641509433962,0.08,Polish,12,Tomasz Kamiński,Dutch,3
GRU,849,2.8770480155944824,2.8829762315750123,0,0.08362779740871613,0.08,Japanese,10,小林京子,Dutch,3
GRU,850,2.980618476867676,2.886882791519165,0,0.08352941176470588,0.08,Chinese,1,吴芳,Dutch,3
GRU,851,2.8501060009002686,2.8880762004852296,0,0.08343125734430082,0.08,Japanese,10,佐藤悠斗,Dutch,3
GRU,852,2.853888750076294,2.887436032295227,0,0.08333333333333333,0.08,Japanese,10,鈴木健,Dutch,3
GRU,853,2.8688759803771973,2.887778205871582,0,0.08323563892145369,0.08,Vietnamese,17,Võ Minh,Dutch,3
GRU,854,2.8668792247772217,2.8891798305511474,0,0.08313817330210772,0.08,Polish,12,Grzegorz Wójcik,Dutch,3
GRU,855,2.868969202041626,2.8888153266906738,0,0.08304093567251462,0.08,Irish,8,Declan Kennedy,Italian,9
GRU,856,2.8883402347564697,2.8887189388275147,0,0.08294392523364486,0.08,English,4,David Jones,Dutch,3
GRU,857,2.8825275897979736,2.886008243560791,0,0.08284714119019837,0.08,Czech,2,Michal Veselý,Dutch,3
GRU,858,2.878537178039551,2.884106788635254,0,0.08275058275058275,0.08,English,4,Charles Jones,Dutch,3
GRU,859,2.779188871383667,2.8841348361968993,0,0.08265424912689173,0.06,Italian,9,Francesco Marino,Dutch,3
GRU,860,2.883232593536377,2.882442584037781,0,0.08255813953488372,0.06,Polish,12,Adam Kowalski,Dutch,3
GRU,861,2.841641902923584,2.8815570735931395,0,0.08246225319396051,0.06,Czech,2,Václav Dvořák,Dutch,3
GRU,862,2.8543193340301514,2.8802843475341797,0,0.08236658932714618,0.06,Vietnamese,17,Hoàng Phong,Dutch,3
GRU,863,2.878314971923828,2.88247181892395,0,0.08227114716106605,0.04,Japanese,10,鈴木大輔,Dutch,3
GRU,864,2.952965021133423,2.88406907081604,0,0.08217592592592593,0.04,Spanish,16,Daniel Fernández,Dutch,3
GRU,865,2.8264429569244385,2.880381064414978,0,0.08208092485549133,0.04,Portuguese,13,Francisco Rodrigues,Dutch,3
GRU,866,2.8971827030181885,2.8805654716491698,0,0.08198614318706697,0.04,Korean,11,김성민,Dutch,3
GRU,867,2.8764970302581787,2.8805657958984376,0,0.08189158016147635,0.04,Korean,11,최민지,Portuguese,13
GRU,868,3.023899793624878,2.882075757980347,0,0.08179723502304148,0.04,French,5,Mathieu Thomas,Dutch,3
GRU,869,2.8311827182769775,2.882246289253235,0,0.08170310701956271,0.04,Japanese,10,加藤悠斗,Dutch,3
GRU,870,2.9806408882141113,2.8840152740478517,0,0.08160919540229886,0.04,Scottish,15,Iain MacKenzie,Dutch,3
GRU,871,2.80607533454895,2.88240683555603,1,0.08266360505166476,0.06,Greek,7,Ευάγγελος Παπαδάκης,Greek,7
GRU,872,2.861774444580078,2.8833979511260988,0,0.08256880733944955,0.06,English,4,J.R. Smith,Portuguese,13
GRU,873,2.786522626876831,2.8803303050994873,1,0.0836197021764032,0.08,Italian,9,Domenico Russo,Italian,9
GRU,874,2.9380860328674316,2.8830849027633665,0,0.08352402745995423,0.08,Spanish,16,Rafael Díaz,Dutch,3
GRU,875,2.873544692993164,2.881216912269592,0,0.08342857142857144,0.08,Vietnamese,17,Đặng Khang,Dutch,3
GRU,876,2.9433114528656006,2.880679364204407,0,0.08333333333333333,0.08,Spanish,16,Jorge García,Dutch,3
GRU,877,2.824843406677246,2.8815121030807496,0,0.08323831242873432,0.08,Japanese,10,加藤悠斗,Dutch,3
GRU,878,2.886016607284546,2.883182740211487,0,0.08314350797266515,0.08,English,4,Matthew Wilson,Dutch,3
GRU,879,2.8809990882873535,2.8818524837493897,0,0.08304891922639362,0.08,Polish,12,Szymon Kowalski,Dutch,3
GRU,880,3.0192906856536865,2.8860038185119627,0,0.08295454545454546,0.08,French,5,François Thomas,Dutch,3
GRU,881,3.007575273513794,2.88838369846344,0,0.08286038592508513,0.08,French,5,Émile L'Hôpital,Dutch,3
GRU,882,2.791264772415161,2.8849959897994997,1,0.08390022675736962,0.1,Russian,14,Игорь Иванов,Russian,14
GRU,883,2.8098347187042236,2.8852630281448364,0,0.08380520951302378,0.1,Portuguese,13,Tiago Oliveira,Dutch,3
GRU,884,2.806736469268799,2.8836741733551023,0,0.083710407239819,0.1,Greek,7,Αθανάσιος Αθανασίου,Dutch,3
GRU,885,2.7805819511413574,2.8805237722396853,1,0.0847457627118644,0.12,Italian,9,Marco Greco,Italian,9
GRU,886,2.7861196994781494,2.8785701990127563,1,0.08577878103837472,0.14,Russian,14,Юрий Сидоров,Russian,14
GRU,887,2.8555946350097656,2.8766776943206787,0,0.08568207440811725,0.14,Vietnamese,17,Phạm Bình,Portuguese,13
GRU,888,2.7714836597442627,2.8746046924591067,1,0.08671171171171171,0.16,Italian,9,Alessandro Colombo,Italian,9
GRU,889,2.9010651111602783,2.87685209274292,0,0.08661417322834646,0.14,German,6,Friedrich Weber,Italian,9
GRU,890,2.7679190635681152,2.8747333812713625,1,0.08764044943820225,0.16,Russian,14,Сергей Попов,Russian,14
GRU,891,2.763453483581543,2.8730769777297973,1,0.08866442199775533,0.18,Italian,9,Giuseppe Greco,Italian,9
GRU,892,2.878262519836426,2.8703216886520386,0,0.08856502242152467,0.18,Polish,12,Jakub Lewandowski,Dutch,3
GRU,893,2.9397544860839844,2.8731040000915526,0,0.08846584546472565,0.18,Spanish,16,Francisco Martínez,Italian,9
GRU,894,3.0054168701171875,2.877725820541382,0,0.0883668903803132,0.16,French,5,Louis Thomas,Portuguese,13
GRU,895,2.8914904594421387,2.876445589065552,0,0.08826815642458101,0.16,English,4,William Brown,Italian,9
GRU,896,2.9742841720581055,2.8755364513397215,0,0.08816964285714286,0.16,Chinese,1,吴静,Italian,9
GRU,897,2.9724464416503906,2.8772598457336427,0,0.08807134894091416,0.16,Scottish,15,Rory Stewart,Dutch,3
GRU,898,2.850060224533081,2.8763021564483644,0,0.08797327394209355,0.16,Vietnamese,17,Trần Hiếu,Italian,9
GRU,899,2.9284703731536865,2.8773306035995483,0,0.0878754171301446,0.16,Spanish,16,Juan Fernández,Italian,9
GRU,900,2.760828733444214,2.8729348087310793,1,0.08888888888888889,0.18,Italian,9,Andrea Russo,Italian,9
GRU,901,2.98671293258667,2.8756669473648073,0,0.08879023307436182,0.18,French,5,Hugo Petit,Russian,14
GRU,902,2.7801427841186523,2.874192028045654,1,0.08980044345898004,0.2,Russian,14,Игорь Васильев,Russian,14
GRU,903,2.8779706954956055,2.8743739223480222,0,0.08970099667774087,0.2,English,4,Daniel Miller,Italian,9
GRU,904,2.872836112976074,2.8744930601119996,0,0.08960176991150443,0.2,Czech,2,Matěj Novotný,Dutch,3
GRU,905,2.767062187194824,2.8724549198150635,1,0.09060773480662983,0.22,Russian,14,Евгений Кузнецов,Russian,14
GRU,906,2.933756113052368,2.8733632373809814,0,0.09050772626931568,0.22,Arabic,0,حسين الهاشمي,Italian,9
GRU,907,2.9797871112823486,2.875308427810669,0,0.09040793825799338,0.22,Chinese,1,杨芳,Italian,9
GRU,908,2.9227495193481445,2.8761926746368407,0,0.09030837004405286,0.22,Spanish,16,Pablo López,Italian,9
GRU,909,2.824063777923584,2.8770901727676392,0,0.09020902090209021,0.22,Greek,7,Αικατερίνη Νικολάου,Italian,9
GRU,910,2.8593251705169678,2.876612024307251,0,0.09010989010989011,0.22,Czech,2,Daniel Černý,Italian,9
GRU,911,2.8015329837799072,2.8758098459243775,0,0.09001097694840834,0.22,Greek,7,Χρήστος Παπαδόπουλος,Italian,9
GRU,912,2.846273183822632,2.875648922920227,0,0.08991228070175439,0.22,Japanese,10,鈴木裕子,Russian,14
GRU,913,2.849705934524536,2.8750767421722414,0,0.08981380065717415,0.22,Japanese,10,鈴木彩,Russian,14
GRU,914,2.846205949783325,2.872941560745239,0,0.08971553610503283,0.22,English,4,Charles Smith,Russian,14
GRU,915,2.7558491230010986,2.8715296840667723,1,0.0907103825136612,0.24,Italian,9,Alessandro Colombo,Italian,9
GRU,916,2.8498611450195312,2.8705832529067994,0,0.0906113537117904,0.24,English,4,Donald St. John,Italian,9
GRU,917,2.944467306137085,2.8719426584243775,0,0.09051254089422028,0.24,Scottish,15,Ross Murray,Italian,9
GRU,918,2.9385483264923096,2.870235629081726,0,0.09041394335511982,0.24,Arabic,0,محمد الخطيب,Italian,9
GRU,919,2.9082770347595215,2.871777515411377,0,0.09031556039173014,0.24,Arabic,0,حسن العتيبي,Italian,9
GRU,920,2.921086311340332,2.870586423873901,0,0.09021739130434783,0.24,German,6,Sophie Schmidt,Russian,14
GRU,921,2.8510067462921143,2.8714850521087647,0,0.09011943539630836,0.22,Vietnamese,17,Đặng Hiếu,Italian,9
GRU,922,2.92203688621521,2.8726903009414673,0,0.09002169197396963,0.22,Spanish,16,Javier Martínez,Italian,9
GRU,923,2.835881471633911,2.8736774778366088,0,0.08992416034669556,0.2,Dutch,3,Anne Meijer,Italian,9
GRU,924,2.7552685737609863,2.87002112865448,1,0.09090909090909091,0.22,Italian,9,Alessandro Esposito,Italian,9
GRU,925,2.7444820404052734,2.867439875602722,1,0.0918918918918919,0.24,Italian,9,Luca Russo,Italian,9
GRU,926,2.986039400100708,2.8682944345474244,0,0.091792656587473,0.24,Chinese,1,刘芳,Italian,9
GRU,927,2.8315117359161377,2.868427801132202,0,0.09169363538295577,0.24,Portuguese,13,Manuel Jesus,Russian,14
GRU,928,2.760765314102173,2.8659227752685545,1,0.09267241379310345,0.26,Russian,14,Павел Иванов,Russian,14
GRU,929,2.8101675510406494,2.8645061445236206,0,0.09257265877287406,0.26,Dutch,3,Bram Janssen,Italian,9
GRU,930,2.879044532775879,2.8617012214660646,0,0.09247311827956989,0.26,Vietnamese,17,Nguyễn Đức,Russian,14
GRU,931,2.9150431156158447,2.8598505783081056,0,0.09237379162191192,0.26,Spanish,16,Francisco Pérez,Italian,9
GRU,932,2.798754930496216,2.8600003814697263,0,0.09227467811158799,0.24,Greek,7,Νικόλαος Σταυρίδης,Italian,9
GRU,933,2.87138032913208,2.8612312936782835,0,0.09217577706323687,0.24,English,4,Donald Brown,Italian,9
GRU,934,2.8070738315582275,2.8612380409240723,0,0.09207708779443255,0.24,Portuguese,13,João Silva,Italian,9
GRU,935,2.923868417739868,2.8641037702560426,0,0.09197860962566845,0.22,Korean,11,최지훈,Portuguese,13
GRU,936,2.810004472732544,2.8645814657211304,0,0.09188034188034189,0.2,Portuguese,13,Rui Ferreira,Italian,9
GRU,937,2.8497366905212402,2.8644643068313598,0,0.09178228388473852,0.2,Czech,2,Filip Kučera,Italian,9
GRU,938,2.8964579105377197,2.866963791847229,0,0.09168443496801706,0.18,Korean,11,김하은,Russian,14
GRU,939,2.904890298843384,2.867040295600891,0,0.09158679446219382,0.18,Spanish,16,Álvaro Sánchez,Italian,9
GRU,940,2.8946635723114014,2.8695751857757568,0,0.09148936170212765,0.16,Spanish,16,Jorge Sánchez,Italian,9
GRU,941,2.8690378665924072,2.871686873435974,0,0.09139213602550478,0.14,Vietnamese,17,Nguyễn Hải,Dutch,3
GRU,942,2.89229416847229,2.8719675064086916,0,0.09129511677282377,0.14,Polish,12,Jan Lewandowski,Italian,9
GRU,943,2.9819841384887695,2.872812099456787,0,0.0911983032873807,0.14,Chinese,1,吴娜,Italian,9
GRU,944,2.8612735271453857,2.869929232597351,0,0.09110169491525423,0.14,Polish,12,Kamil Kowalczyk,Italian,9
GRU,945,2.9095096588134766,2.870289616584778,0,0.091005291005291,0.14,Irish,8,Brendan Kennedy,Italian,9
GRU,946,2.913754940032959,2.869079031944275,0,0.09090909090909091,0.14,Arabic,0,طارق الغامدي,Italian,9
GRU,947,2.8589529991149902,2.866809163093567,0,0.0908130939809926,0.14,Czech,2,Jiří Černý,Italian,9
GRU,948,2.7953312397003174,2.8657145833969118,0,0.09071729957805907,0.14,Greek,7,Χρήστος Σταυρίδης,Italian,9
GRU,949,2.830617666244507,2.863757529258728,0,0.09062170706006323,0.14,Dutch,3,Sophie Meijer,Italian,9
GRU,950,2.8508334159851074,2.865557622909546,0,0.09052631578947369,0.12,Japanese,10,鈴木誠,Russian,14
GRU,951,2.9589083194732666,2.865001530647278,0,0.0904311251314406,0.12,Chinese,1,陈勇,Italian,9
GRU,952,2.837625026702881,2.8661511754989624,0,0.09033613445378151,0.1,Vietnamese,17,Hoàng Hiếu,Italian,9
GRU,953,3.013103485107422,2.8688538312911986,0,0.09024134312696747,0.1,French,5,J.-P. L'Hôpital,Italian,9
GRU,954,2.7669904232025146,2.8667369174957273,1,0.09119496855345911,0.12,Russian,14,Сергей Михайлов,Russian,14
GRU,955,3.0384490489959717,2.8721646547317503,0,0.09109947643979058,0.1,Scottish,15,Angus Douglas,Italian,9
GRU,956,2.9961092472076416,2.873411717414856,0,0.09100418410041841,0.1,French,5,Mathieu Bernard,Italian,9
GRU,957,2.833259344100952,2.870481162071228,0,0.09090909090909091,0.1,Czech,2,Tomáš Němec,Russian,14
GRU,958,2.7562174797058105,2.8671505212783814,1,0.0918580375782881,0.12,Russian,14,Евгений Иванов,Russian,14
GRU,959,2.7767186164855957,2.8662036180496218,1,0.09280500521376434,0.14,Italian,9,Luca Ferrari,Italian,9
GRU,960,2.9585399627685547,2.868187913894653,0,0.09270833333333334,0.14,Chinese,1,张艳,Russian,14
GRU,961,2.958357810974121,2.871324410438538,0,0.09261186264308012,0.14,Chinese,1,陈伟,Italian,9
GRU,962,2.7424967288970947,2.869248881340027,1,0.09355509355509356,0.16,Italian,9,Luca Colombo,Italian,9
GRU,963,2.882307291030884,2.8699009084701537,0,0.09345794392523364,0.16,Polish,12,Szymon Lewandowski,Italian,9
GRU,964,3.0048391819000244,2.873073573112488,0,0.09336099585062241,0.16,Scottish,15,Ewan Campbell,Italian,9
GRU,965,2.939040422439575,2.8767373991012573,0,0.09326424870466321,0.14,Chinese,1,周杰,Italian,9
GRU,966,2.9190335273742676,2.878120846748352,0,0.09316770186335403,0.14,German,6,Johannes Fischer,Italian,9
GRU,967,2.9012513160705566,2.8772565269470216,0,0.09307135470527404,0.14,Korean,11,임민지,Portuguese,13
GRU,968,2.9553382396698,2.8775923252105713,0,0.09297520661157024,0.14,Chinese,1,吴磊,Italian,9
GRU,969,2.8611361980438232,2.876649508476257,0,0.09287925696594428,0.14,Japanese,10,田中美咲,Italian,9
GRU,970,2.806475877761841,2.8743572998046876,0,0.09278350515463918,0.14,Dutch,3,Lucas van Dijk,Italian,9
GRU,971,2.8123342990875244,2.8735838508605958,0,0.09268795056642637,0.14,Portuguese,13,António Costa,Italian,9
GRU,972,2.761007308959961,2.8703632593154906,1,0.09362139917695474,0.16,Russian,14,Сергей Кузнецов,Russian,14
GRU,973,2.8497154712677,2.8706399393081665,0,0.09352517985611511,0.16,Japanese,10,高橋愛,Italian,9
GRU,974,3.024137020111084,2.8760173082351685,0,0.09342915811088295,0.14,Scottish,15,Stuart Douglas,Italian,9
GRU,975,2.960237503051758,2.880332417488098,0,0.09333333333333334,0.12,Scottish,15,Ross Stewart,Italian,9
GRU,976,2.9072346687316895,2.878756322860718,0,0.0932377049180328,0.12,Spanish,16,Javier Rodríguez,Italian,9
GRU,977,2.830754280090332,2.8787411737442015,0,0.0931422722620266,0.12,Czech,2,Jakub Němec,Russian,14
GRU,978,2.820699691772461,2.8799398612976073,0,0.09304703476482618,0.1,Portuguese,13,João Santos,Italian,9
GRU,979,2.8207268714904785,2.880151047706604,0,0.09295199182839632,0.1,Portuguese,13,André Martins,Russian,14
GRU,980,3.0000948905944824,2.882572054862976,0,0.09285714285714286,0.1,French,5,J.-P. Durand,Italian,9
GRU,981,2.7937285900115967,2.880145764350891,1,0.09378185524974515,0.12,Italian,9,Antonio Bianchi,Italian,9
GRU,982,2.809105157852173,2.8803527688980104,0,0.09368635437881874,0.12,Dutch,3,Jan Jansen,Italian,9
GRU,983,2.849395990371704,2.879913082122803,0,0.0935910478128179,0.12,Japanese,10,小林美咲,Italian,9
GRU,984,2.7369463443756104,2.8785105323791504,1,0.09451219512195122,0.14,Italian,9,Vincenzo Esposito,Italian,9
GRU,985,2.749718189239502,2.8750275278091433,1,0.09543147208121827,0.16,Russian,14,Николай Соколов,Russian,14
GRU,986,2.7993462085723877,2.87481436252594,0,0.09533468559837728,0.16,Portuguese,13,António Ferreira,Italian,9
GRU,987,2.7462618350982666,2.8727448654174803,1,0.09625126646403243,0.18,Russian,14,Евгений Кузнецов,Russian,14
GRU,988,2.726914644241333,2.869354000091553,1,0.09716599190283401,0.2,Russian,14,Иван Иванов,Russian,14
GRU,989,2.8989880084991455,2.869235954284668,0,0.09706774519716886,0.2,Korean,11,윤하은,Russian,14
GRU,990,2.7889106273651123,2.8671208953857423,0,0.09696969696969697,0.2,Portuguese,13,Francisco Pereira,Italian,9
GRU,991,2.9686641693115234,2.8691134214401246,0,0.09687184661957618,0.2,Chinese,1,王平,Italian,9
GRU,992,2.867750883102417,2.868622555732727,0,0.0967741935483871,0.2,Polish,12,Adam Kowalczyk,Italian,9
GRU,993,2.8947196006774902,2.8668772649765013,0,0.09667673716012085,0.2,Spanish,16,Juan Díaz,Italian,9
GRU,994,2.9914603233337402,2.8694810009002687,0,0.096579476861167,0.2,French,5,Gabriel Martin,Italian,9
GRU,995,2.888841390609741,2.8690676355361937,0,0.0964824120603015,0.2,English,4,Mark Wilson,Italian,9
GRU,996,2.7197914123535156,2.865188364982605,1,0.09738955823293173,0.22,Russian,14,Дмитрий Иванов,Russian,14
GRU,997,2.852750778198242,2.86506432056427,0,0.09729187562688064,0.22,English,4,Paul Smith,Russian,14
GRU,998,2.8138675689697266,2.865435047149658,0,0.09719438877755511,0.22,Greek,7,Σοφία Σταυρίδης,Italian,9
GRU,999,2.899014711380005,2.866802988052368,0,0.0970970970970971,0.22,Korean,11,정예준,Russian,14
GRU,1000,2.8817498683929443,2.8674213171005247,0,0.097,0.22,Polish,12,Paweł Zieliński,Russian,14
GRU,1001,2.9212920665740967,2.8666689920425417,0,0.0969030969030969,0.22,Chinese,1,赵涛,Portuguese,13
GRU,1002,2.8633477687835693,2.8671834468841553,0,0.0968063872255489,0.22,English,4,Anthony Taylor,Italian,9
GRU,1003,2.7228312492370605,2.861378002166748,1,0.09770687936191426,0.24,Russian,14,Николай Кузнецов,Russian,14
GRU,1004,2.8888297080993652,2.863814787864685,0,0.09760956175298804,0.22,Korean,11,강지호,Italian,9
GRU,1005,2.8814690113067627,2.860675187110901,0,0.09751243781094528,0.22,Czech,2,Jakub Veselý,Russian,14
GRU,1006,2.8523194789886475,2.857799391746521,0,0.09741550695825049,0.22,English,4,Mark Davis,Russian,14
GRU,1007,2.9051687717437744,2.8592375802993772,0,0.09731876861966236,0.22,Korean,11,강지훈,Portuguese,13
GRU,1008,2.871844530105591,2.861550121307373,0,0.09722222222222222,0.2,Japanese,10,小林翔,Russian,14
GRU,1009,2.973754644393921,2.8654908418655394,0,0.09712586719524281,0.18,Irish,8,Conor Walsh,Russian,14
GRU,1010,2.805809259414673,2.862436227798462,0,0.09702970297029703,0.18,Dutch,3,Kees de Jong,Russian,14
GRU,1011,2.994142532348633,2.8631519222259523,0,0.09693372898120672,0.18,French,5,Gabriel Durand,Italian,9
GRU,1012,2.902148723602295,2.8663449621200563,0,0.09683794466403162,0.16,Spanish,16,Álvaro López,Russian,14
GRU,1013,2.8984146118164062,2.8666671085357667,0,0.09674234945705824,0.16,Vietnamese,17,Trần Khôi,Italian,9
GRU,1014,2.9228999614715576,2.865028324127197,0,0.09664694280078895,0.16,Irish,8,Saoirse Kennedy,Italian,9
GRU,1015,2.9124419689178467,2.8644963550567626,0,0.09655172413793103,0.16,Irish,8,Seán Kennedy,Italian,9
GRU,1016,2.7142605781555176,2.8604008960723877,1,0.09744094488188976,0.18,Russian,14,Николай Сидоров,Russian,14
GRU,1017,2.73812198638916,2.85713830947876,1,0.09832841691248771,0.2,Italian,9,Stefano Marino,Italian,9
GRU,1018,2.985944986343384,2.8577504444122312,0,0.09823182711198428,0.2,Scottish,15,Malcolm MacKenzie,Russian,14
GRU,1019,2.8075129985809326,2.856677980422974,0,0.09813542688910697,0.2,Dutch,3,Lucas Jansen,Russian,14
GRU,1020,2.8438777923583984,2.857426018714905,0,0.09803921568627451,0.2,Czech,2,Daniel Procházka,Russian,14
GRU,1021,2.9971225261688232,2.8611217832565305,0,0.0979431929480901,0.2,French,5,Benoît L'Hôpital,Italian,9
GRU,1022,2.7050817012786865,2.8600032711029053,1,0.09882583170254403,0.2,Russian,14,Андрей Петров,Russian,14
GRU,1023,2.8503992557525635,2.8600169467926024,0,0.09872922776148582,0.2,Japanese,10,小林拓也,Russian,14
GRU,1024,2.9094793796539307,2.8577237939834594,0,0.0986328125,0.2,Korean,11,임지훈,Russian,14
GRU,1025,2.8741674423217773,2.85600239276886,0,0.09853658536585366,0.2,Czech,2,Jan Veselý,Russian,14
GRU,1026,2.8987228870391846,2.85583215713501,0,0.09844054580896686,0.2,Vietnamese,17,Phạm Nam,Italian,9
GRU,1027,2.763136625289917,2.8544798040390016,1,0.09931840311587146,0.22,Italian,9,Alessandro Ferrari,Italian,9
GRU,1028,2.98948073387146,2.8578554248809813,0,0.09922178988326848,0.22,French,5,Lucien Robert,Russian,14
GRU,1029,2.9003348350524902,2.8594475841522216,0,0.09912536443148688,0.22,Spanish,16,Rafael González,Russian,14
GRU,1030,2.8145198822021484,2.855736083984375,0,0.09902912621359224,0.22,Dutch,3,Sander de Vries,Russian,14
GRU,1031,2.8733131885528564,2.8573277759552003,0,0.09893307468477207,0.2,English,4,James Brown,Russian,14
GRU,1032,3.0002496242523193,2.861150665283203,0,0.09883720930232558,0.2,Scottish,15,Fraser MacDonald,Italian,9
GRU,1033,2.9042365550994873,2.8622474765777586,0,0.09874152952565343,0.2,Korean,11,윤지훈,Portuguese,13
GRU,1034,2.8673477172851562,2.86485550403595,0,0.09864603481624758,0.18,Korean,11,강민지,Russian,14
GRU,1035,2.854973077774048,2.8669606018066407,0,0.09855072463768116,0.16,Vietnamese,17,Trần Minh,Russian,14
GRU,1036,2.836717128753662,2.8677080202102663,0,0.09845559845559845,0.16,Czech,2,Matěj Novák,Russian,14
GRU,1037,2.730116367340088,2.8673851108551025,1,0.09932497589199614,0.16,Italian,9,Andrea Romano,Italian,9
GRU,1038,2.9479362964630127,2.8718055438995362,0,0.09922928709055877,0.14,Scottish,15,Ross Fraser,Italian,9
GRU,1039,2.8016953468322754,2.869859690666199,0,0.09913378248315688,0.14,Portuguese,13,Bruno Sousa,Italian,9
GRU,1040,2.8182408809661865,2.8704462957382204,0,0.09903846153846153,0.14,Portuguese,13,Rui Martins,Russian,14
GRU,1041,2.8359251022338867,2.8677915143966675,0,0.0989433237271854,0.14,Czech,2,David Svoboda,Italian,9
GRU,1042,2.849987268447876,2.867436242103577,0,0.09884836852207293,0.14,Japanese,10,小林健,Italian,9
GRU,1043,2.816660165786743,2.8658750534057615,0,0.0987535953978907,0.14,Czech,2,Daniel Procházka,Italian,9
GRU,1044,2.7054457664489746,2.8601547622680665,1,0.09961685823754789,0.16,Russian,14,Николай Михайлов,Russian,14
GRU,1045,2.901308059692383,2.860404095649719,0,0.09952153110047847,0.16,Spanish,16,Javier López,Russian,14
GRU,1046,2.8482019901275635,2.8629723072052,0,0.0994263862332696,0.14,English,4,J.R. St. John,Russian,14
GRU,1047,2.8444008827209473,2.8628053092956542,0,0.09933142311365807,0.14,Vietnamese,17,Võ Dũng,Russian,14
GRU,1048,2.9907026290893555,2.866342010498047,0,0.09923664122137404,0.14,French,5,Noël L'Hôpital,Italian,9
GRU,1049,2.856226682662964,2.865486249923706,0,0.09914204003813155,0.14,English,4,Christopher Miller,Italian,9
GRU,1050,2.9110922813415527,2.866073098182678,0,0.09904761904761905,0.14,Spanish,16,Miguel García,Italian,9
GRU,1051,2.803898334503174,2.86372522354126,0,0.09895337773549001,0.14,Dutch,3,Joris Janssen,Russian,14
GRU,1052,2.8544461727142334,2.863547191619873,0,0.09885931558935361,0.14,English,4,Paul Brown,Russian,14
GRU,1053,2.98639178276062,2.8688184022903442,0,0.09876543209876543,0.12,French,5,Augustin Thomas,Russian,14
GRU,1054,2.8367106914520264,2.8677760219573973,0,0.09867172675521822,0.12,Japanese,10,加藤花子,Russian,14
GRU,1055,2.854980945587158,2.8672462606430056,0,0.0985781990521327,0.12,Greek,7,Βασίλειος Νικολάου,Russian,14
GRU,1056,2.8882498741149902,2.867964868545532,0,0.09848484848484848,0.12,Spanish,16,Luis Rodríguez,Russian,14
GRU,1057,2.822941780090332,2.8663203287124634,0,0.09839167455061495,0.12,Czech,2,Martin Dvořák,Russian,14
GRU,1058,2.954214334487915,2.86796772480011,0,0.09829867674858223,0.12,German,6,Klaus Schulz,Russian,14
GRU,1059,2.8852295875549316,2.86619722366333,0,0.09820585457979225,0.12,Vietnamese,17,Phạm Khôi,Italian,9
GRU,1060,2.834853410720825,2.8667781066894533,0,0.09811320754716982,0.12,English,4,James Taylor,Italian,9
GRU,1061,2.7783541679382324,2.862462339401245,0,0.09802073515551367,0.12,Italian,9,Stefano Ricci,Russian,14
GRU,1062,2.8299953937530518,2.8610192728042603,0,0.09792843691148775,0.12,Vietnamese,17,Trần Dũng,Russian,14
GRU,1063,2.872398853302002,2.8604989576339723,0,0.09783631232361242,0.12,Spanish,16,David Gómez,Russian,14
GRU,1064,2.9650471210479736,2.8613419008255003,0,0.09774436090225563,0.12,French,5,Louis Dubois,Russian,14
GRU,1065,2.820032835006714,2.8594937181472777,0,0.09765258215962441,0.12,English,4,Michael Williams,Russian,14
GRU,1066,2.846524715423584,2.8621390008926393,0,0.0975609756097561,0.1,Japanese,10,中村健,Czech,2
GRU,1067,2.961284875869751,2.866602258682251,0,0.09746954076850985,0.08,Chinese,1,王磊,Italian,9
GRU,1068,2.8129122257232666,2.8631416034698485,0,0.09737827715355805,0.08,Czech,2,Marek Novák,Russian,14
GRU,1069,2.974527359008789,2.866481890678406,0,0.09728718428437792,0.08,Irish,8,Oisín O'Connor,Italian,9
GRU,1070,3.0004642009735107,2.869613618850708,0,0.09719626168224299,0.08,German,6,Lukas Hoffmann,Russian,14
GRU,1071,2.825925588607788,2.8661896800994873,0,0.09710550887021475,0.08,Portuguese,13,Mário Martins,Russian,14
GRU,1072,2.9768691062927246,2.871625428199768,0,0.09701492537313433,0.06,Arabic,0,يوسف الحسيني,Russian,14
GRU,1073,2.8740246295928955,2.8720979356765746,0,0.09692451071761417,0.06,Vietnamese,17,Phạm Nam,Italian,9
GRU,1074,2.737377405166626,2.8686558961868287,1,0.09776536312849161,0.08,Italian,9,Carlo Colombo,Italian,9
GRU,1075,2.8410747051239014,2.8679940414428713,0,0.09767441860465116,0.08,Greek,7,Ευάγγελος Αλεξίου,Russian,14
GRU,1076,2.886741876602173,2.867754421234131,0,0.09758364312267657,0.08,Polish,12,Marek Wójcik,Russian,14
GRU,1077,2.7141566276550293,2.866774821281433,1,0.09842154131847725,0.08,Russian,14,Сергей Иванов,Russian,14
GRU,1078,2.9557011127471924,2.866099228858948,0,0.09833024118738404,0.08,Chinese,1,张伟,Russian,14
GRU,1079,2.7000670433044434,2.8620938730239867,1,0.09916589434661724,0.1,Russian,14,Виктор Попов,Russian,14
GRU,1080,2.9442148208618164,2.8646877717971804,0,0.09907407407407408,0.1,Scottish,15,Aileen Murray,Italian,9
GRU,1081,2.9477624893188477,2.8661767578125,0,0.09898242368177614,0.1,German,6,Thomas Weber,Italian,9
GRU,1082,2.821234941482544,2.8625964641571047,0,0.0988909426987061,0.1,English,4,James Jones,Russian,14
GRU,1083,2.836303234100342,2.8612377977371217,0,0.09879963065558633,0.1,Japanese,10,加藤愛,Russian,14
GRU,1084,2.868431568145752,2.8612594747543336,0,0.09870848708487084,0.1,Korean,11,강현우,Russian,14
GRU,1085,2.8080549240112305,2.860321111679077,0,0.09861751152073733,0.1,English,4,Donald St. John,Russian,14
GRU,1086,2.8761637210845947,2.861110043525696,0,0.09852670349907919,0.1,Korean,11,조도윤,Russian,14
GRU,1087,2.8303303718566895,2.8631143236160277,0,0.0984360625574977,0.08,Vietnamese,17,Trần Hoàng,Russian,14
GRU,1088,2.831449270248413,2.860784583091736,0,0.09834558823529412,0.08,Japanese,10,田中花子,Russian,14
GRU,1089,2.702510118484497,2.8588008785247805,1,0.09917355371900827,0.1,Russian,14,Игорь Петров,Russian,14
GRU,1090,2.947748899459839,2.8613910388946535,0,0.09908256880733946,0.1,Irish,8,Michael Doyle,Russian,14
GRU,1091,2.835334300994873,2.861379222869873,0,0.09899175068744272,0.1,Greek,7,Μαρία Παπαδάκης,Russian,14
GRU,1092,2.8123412132263184,2.860626301765442,0,0.0989010989010989,0.1,Dutch,3,Joris de Jong,Russian,14
GRU,1093,2.7912211418151855,2.8601175212860106,0,0.09881061299176579,0.1,Italian,9,Vincenzo Bianchi,Russian,14
GRU,1094,2.809809923171997,2.8622048044204713,0,0.09872029250457039,0.08,Portuguese,13,Manuel Pereira,Italian,9
GRU,1095,2.983443260192871,2.863847508430481,0,0.09863013698630137,0.08,French,5,Charles Robert,Russian,14
GRU,1096,2.8332271575927734,2.8635480117797854,0,0.09854014598540146,0.08,Japanese,10,高橋蓮,Italian,9
GRU,1097,2.9687492847442627,2.8660349798202516,0,0.09845031905195989,0.08,French,5,Gabriel Durand,Italian,9
GRU,1098,2.8890984058380127,2.864002895355225,0,0.09836065573770492,0.08,Spanish,16,Álvaro Martínez,Russian,14
GRU,1099,2.9992010593414307,2.866862382888794,0,0.09827115559599636,0.08,Scottish,15,Aileen Campbell,Italian,9
GRU,1100,2.9931812286376953,2.868504161834717,0,0.09818181818181818,0.08,Scottish,15,Fergus MacDonald,Italian,9
GRU,1101,2.8174707889556885,2.868775610923767,0,0.09809264305177112,0.08,Czech,2,Jan Procházka,Russian,14
GRU,1102,2.8810994625091553,2.8693086767196654,0,0.09800362976406533,0.08,Spanish,16,Rafael Martínez,Russian,14
GRU,1103,2.8359313011169434,2.866299467086792,0,0.09791477787851315,0.08,Greek,7,Ευάγγελος Γεωργίου,Russian,14
GRU,1104,2.8933932781219482,2.8674331188201903,0,0.09782608695652174,0.08,Korean,11,김예준,Russian,14
GRU,1105,2.9367012977600098,2.8690675258636475,0,0.09773755656108597,0.08,Chinese,1,刘杰,Russian,14
GRU,1106,2.993577241897583,2.8711740732192994,0,0.09764918625678119,0.08,Scottish,15,Murdo Graham,Italian,9
GRU,1107,2.9701128005981445,2.8741174936294556,0,0.0975609756097561,0.08,Scottish,15,Niall Campbell,Italian,9
GRU,1108,2.832740545272827,2.8716880178451536,0,0.09747292418772563,0.08,Vietnamese,17,Nguyễn Cường,Russian,14
GRU,1109,2.8424553871154785,2.870832533836365,0,0.09738503155996393,0.08,Dutch,3,Thomas Bakker,Italian,9
GRU,1110,2.8319027423858643,2.8707735204696654,0,0.0972972972972973,0.08,English,4,Joseph Brown,Russian,14
GRU,1111,2.8719682693481445,2.8726458024978636,0,0.09720972097209721,0.08,Korean,11,임지민,Russian,14
GRU,1112,2.8983724117279053,2.874013342857361,0,0.09712230215827339,0.08,Polish,12,Adam Kowalczyk,Russian,14
GRU,1113,2.9608237743377686,2.875781841278076,0,0.09703504043126684,0.08,Chinese,1,杨娜,Italian,9
GRU,1114,2.9317715167999268,2.875116329193115,0,0.09694793536804308,0.08,Chinese,1,赵丽,Russian,14
GRU,1115,2.843578577041626,2.8755872440338135,0,0.0968609865470852,0.08,Vietnamese,17,Lê Khang,Russian,14
GRU,1116,2.893047332763672,2.876517696380615,0,0.0967741935483871,0.08,Korean,11,윤지훈,Portuguese,13
GRU,1117,2.782512903213501,2.87294225692749,0,0.09668755595344673,0.08,Italian,9,Vincenzo Rossi,Russian,14
GRU,1118,2.9125499725341797,2.8749350118637085,0,0.09660107334525939,0.08,Polish,12,Mateusz Lewandowski,Italian,9
GRU,1119,2.703784227371216,2.869520149230957,1,0.09740840035746202,0.1,Russian,14,Олег Новиков,Russian,14
GRU,1120,2.822120189666748,2.8659532690048217,0,0.09732142857142857,0.1,Vietnamese,17,Phạm Linh,Russian,14
GRU,1121,2.813154935836792,2.865697855949402,0,0.09723461195361284,0.1,Dutch,3,Joris Jansen,Russian,14
GRU,1122,2.8273181915283203,2.862706837654114,0,0.09714795008912656,0.1,Dutch,3,Jan Bakker,Italian,9
GRU,1123,2.852976083755493,2.862285866737366,0,0.09706144256455922,0.1,Korean,11,정동현,Russian,14
GRU,1124,2.809988021850586,2.863738079071045,0,0.09697508896797152,0.08,Vietnamese,17,Hoàng Minh,Russian,14
GRU,1125,2.8115930557250977,2.863148446083069,0,0.09688888888888889,0.08,English,4,Christopher Williams,Russian,14
GRU,1126,2.883730888366699,2.8630882263183595,0,0.09680284191829484,0.08,Spanish,16,Carlos Martínez,Russian,14
GRU,1127,2.891831159591675,2.8666417169570924,0,0.09671694764862467,0.06,Spanish,16,José García,Italian,9
GRU,1128,2.9591848850250244,2.866711392402649,0,0.09663120567375887,0.06,Chinese,1,王洋,Russian,14
GRU,1129,2.8005452156066895,2.8687209558486937,0,0.09654561558901682,0.04,English,4,Robert St. John,Russian,14
GRU,1130,2.8231494426727295,2.866299648284912,0,0.09646017699115045,0.04,Japanese,10,山本花子,Russian,14
GRU,1131,2.8649380207061768,2.8646431589126586,0,0.09637488947833775,0.04,Spanish,16,Pedro Martínez,Russian,14
GRU,1132,2.8078601360321045,2.86437566280365,0,0.09628975265017668,0.04,English,4,Mark Wilson,Vietnamese,17
GRU,1133,2.851698398590088,2.864683566093445,0,0.09620476610767872,0.04,Spanish,16,Pablo Fernández,Russian,14
GRU,1134,2.817723035812378,2.8636693954467773,0,0.09611992945326278,0.04,Japanese,10,中村悠斗,Russian,14
GRU,1135,2.8134875297546387,2.8637780475616457,0,0.0960352422907489,0.04,Japanese,10,高橋花子,Russian,14
GRU,1136,2.9085826873779297,2.8644264268875124,0,0.09595070422535211,0.04,Polish,12,Stanisław Zieliński,Russian,14
GRU,1137,2.7837066650390625,2.86349395275116,0,0.09586631486367635,0.04,Italian,9,Luca Ricci,Russian,14
GRU,1138,2.80959415435791,2.86305685043335,0,0.09578207381370826,0.04,Japanese,10,山本美咲,Italian,9
GRU,1139,2.8425841331481934,2.8658583307266237,0,0.09569798068481124,0.02,Spanish,16,Pedro Sánchez,Russian,14
GRU,1140,2.990561008453369,2.8667145729064942,0,0.0956140350877193,0.02,Scottish,15,Angus Robertson,Italian,9
GRU,1141,2.7375755310058594,2.864759397506714,1,0.09640666082383874,0.04,Italian,9,Andrea Colombo,Italian,9
GRU,1142,2.9954700469970703,2.868421974182129,0,0.09632224168126094,0.04,Arabic,0,ماجد الغامدي,Italian,9
GRU,1143,2.833108901977539,2.869259729385376,0,0.09623797025371829,0.04,Japanese,10,小林大輔,Italian,9
GRU,1144,2.8276963233947754,2.8696174573898316,0,0.09615384615384616,0.04,Dutch,3,Kees Bakker,Italian,9
GRU,1145,2.729806900024414,2.8645447301864624,1,0.09694323144104804,0.06,Italian,9,Domenico Greco,Italian,9
GRU,1146,2.9891300201416016,2.867662787437439,0,0.0968586387434555,0.06,Arabic,0,كريم المالكي,Italian,9
GRU,1147,2.9692296981811523,2.867672395706177,0,0.0967741935483871,0.06,Scottish,15,Gordon Campbell,Italian,9
GRU,1148,2.8481898307800293,2.8668542242050172,0,0.09668989547038327,0.06,Greek,7,Κωνσταντίνος Σταυρίδης,Italian,9
GRU,1149,2.963693618774414,2.866144075393677,0,0.09660574412532637,0.06,Chinese,1,赵洋,Russian,14
GRU,1150,2.9510445594787598,2.8653013420104982,0,0.09652173913043478,0.06,Scottish,15,Duncan MacKenzie,Russian,14
GRU,1151,2.8328747749328613,2.8656094217300416,0,0.09643788010425716,0.06,Spanish,16,Antonio Gómez,Italian,9
GRU,1152,2.9051620960235596,2.8660906744003296,0,0.09635416666666667,0.06,Polish,12,Stanisław Kowalski,Italian,9
GRU,1153,2.8444974422454834,2.8662619972229004,0,0.09627059843885516,0.06,Greek,7,Βασίλειος Παπαδόπουλος,Italian,9
GRU,1154,2.810504198074341,2.8646042156219482,0,0.09618717504332755,0.06,Dutch,3,Daan de Vries,Russian,14
GRU,1155,2.9877617359161377,2.8656254243850707,0,0.09610389610389611,0.06,Arabic,0,كريم الهاشمي,Italian,9
GRU,1156,2.7950809001922607,2.8616554975509643,0,0.09602076124567474,0.06,Japanese,10,渡辺愛,Italian,9
GRU,1157,2.8152408599853516,2.8585580587387085,0,0.09593777009507347,0.06,English,4,David Miller,Italian,9
GRU,1158,2.9754891395568848,2.8614130306243895,0,0.09585492227979274,0.06,German,6,Dieter Meyer,Italian,9
GRU,1159,2.8257699012756348,2.8610793209075926,0,0.09577221742881795,0.06,Spanish,16,Sergio Díaz,Italian,9
GRU,1160,2.969058036804199,2.8638224267959593,0,0.09568965517241379,0.06,Scottish,15,Hamish Robertson,Italian,9
GRU,1161,2.9676785469055176,2.8657366323471067,0,0.09560723514211886,0.06,Chinese,1,周伟,Russian,14
GRU,1162,2.7974910736083984,2.863719005584717,0,0.09552495697074011,0.06,English,4,Matthew Davis,Russian,14
GRU,1163,2.968238592147827,2.863867301940918,0,0.09544282029234738,0.06,German,6,Wolfgang Becker,Italian,9
GRU,1164,2.804041862487793,2.8613127088546753,0,0.09536082474226804,0.06,Japanese,10,小林美咲,Italian,9
GRU,1165,2.9105324745178223,2.862651786804199,0,0.09527896995708154,0.06,Scottish,15,Ross Fraser,Japanese,10
GRU,1166,2.881723165512085,2.8624253034591676,0,0.09519725557461406,0.06,Polish,12,Jan Kowalczyk,Italian,9
GRU,1167,2.993910789489746,2.8666532611846924,0,0.09511568123393316,0.06,French,5,Pierre Richard,Italian,9
GRU,1168,2.821951150894165,2.864841284751892,0,0.09503424657534247,0.06,Vietnamese,17,Hoàng Hoàng,English,4
GRU,1169,2.8524396419525146,2.8678143930435183,0,0.0949529512403764,0.04,Vietnamese,17,Hoàng Khôi,Italian,9
GRU,1170,2.9934191703796387,2.871240372657776,0,0.09487179487179487,0.04,Irish,8,Brian Gallagher,Japanese,10
GRU,1171,2.9299232959747314,2.873575739860535,0,0.09479077711357814,0.04,Scottish,15,Iain MacKenzie,Japanese,10
GRU,1172,2.843057632446289,2.873890528678894,0,0.0947098976109215,0.04,Greek,7,Θεόδωρος Δημητρίου,Japanese,10
GRU,1173,2.7974636554718018,2.8727802801132203,0,0.09462915601023018,0.04,Vietnamese,17,Phạm Phong,English,4
GRU,1174,2.832580089569092,2.8732321214675904,0,0.09454855195911414,0.04,Greek,7,Μαρία Δημητρίου,Japanese,10
GRU,1175,2.7373814582824707,2.871747889518738,1,0.09531914893617022,0.06,Italian,9,Alessandro Greco,Italian,9
GRU,1176,2.9636712074279785,2.873346695899963,0,0.09523809523809523,0.06,German,6,Lukas Schulz,Italian,9
GRU,1177,2.911292791366577,2.8737359285354613,0,0.0951571792693288,0.06,Scottish,15,Angus Stewart,Japanese,10
GRU,1178,2.9004080295562744,2.872560391426086,0,0.09507640067911714,0.06,Scottish,15,Iain Stewart,Japanese,10
GRU,1179,2.834218978881836,2.8732338666915895,0,0.09499575911789652,0.06,Vietnamese,17,Đặng Đức,Russian,14
GRU,1180,3.0073139667510986,2.876917157173157,0,0.09491525423728814,0.06,Irish,8,Darragh Walsh,English,4
GRU,1181,2.820283889770508,2.876024074554443,0,0.09483488569009314,0.06,Dutch,3,Kees Visser,Italian,9
GRU,1182,2.7681939601898193,2.8752307510375976,1,0.09560067681895093,0.08,Vietnamese,17,Hoàng Quân,Vietnamese,17
GRU,1183,2.8785126209259033,2.875767035484314,0,0.09551986475063398,0.08,Polish,12,Jakub Kowalczyk,Italian,9
GRU,1184,2.812638521194458,2.8756653451919556,0,0.09543918918918919,0.08,English,4,Donald Brown,Vietnamese,17
GRU,1185,2.9772255420684814,2.8789401054382324,0,0.09535864978902954,0.08,Chinese,1,刘娟,Italian,9
GRU,1186,2.8705360889434814,2.8781791734695434,0,0.09527824620573355,0.08,Czech,2,Jiří Černý,Italian,9
GRU,1187,2.739755868911743,2.877300157546997,1,0.09604043807919124,0.1,Russian,14,Владимир Михайлов,Russian,14
GRU,1188,2.95752215385437,2.8802587175369263,0,0.09595959595959595,0.1,Irish,8,Brendan Kennedy,Italian,9
GRU,1189,2.9075236320495605,2.8815575075149535,0,0.095878889823381,0.1,Scottish,15,Ross MacKenzie,Russian,14
GRU,1190,2.968850612640381,2.881123299598694,0,0.0957983193277311,0.1,German,6,Felix Wagner,English,4
GRU,1191,2.973098039627075,2.885833749771118,0,0.09571788413098237,0.08,Irish,8,Conor Gallagher,English,4
GRU,1192,2.9136393070220947,2.8841971349716187,0,0.09563758389261745,0.08,Irish,8,Michael Kelly,Italian,9
GRU,1193,2.8164756298065186,2.883864469528198,0,0.09555741827326068,0.08,Dutch,3,Sophie Visser,English,4
GRU,1194,2.832239866256714,2.883955340385437,0,0.09547738693467336,0.08,Greek,7,Ιωάννης Δημητρίου,Japanese,10
GRU,1195,2.9537272453308105,2.888433747291565,0,0.09539748953974896,0.06,Chinese,1,吴艳,Dutch,3
GRU,1196,2.842128276824951,2.885493712425232,0,0.09531772575250837,0.06,Spanish,16,Rafael González,Italian,9
GRU,1197,2.8252739906311035,2.882614598274231,0,0.09523809523809523,0.06,Greek,7,Αθανάσιος Παπαδόπουλος,Italian,9
GRU,1198,2.816201686859131,2.881974835395813,0,0.09515859766277128,0.06,Dutch,3,Dirk Bakker,Italian,9
GRU,1199,2.802257537841797,2.8787461137771606,0,0.0950792326939116,0.06,Japanese,10,加藤直子,Dutch,3
GRU,1200,2.917823314666748,2.87808168888092,0,0.095,0.06,Scottish,15,Fergus MacLeod,Italian,9
GRU,1201,2.7804460525512695,2.8770331144332886,1,0.09575353871773522,0.08,English,4,John Smith,English,4
GRU,1202,2.7927944660186768,2.874785761833191,0,0.0956738768718802,0.08,Vietnamese,17,Lê Anh,English,4
GRU,1203,2.8749284744262695,2.8753943824768067,0,0.09559434746467166,0.08,Portuguese,13,Rui Jesus,Russian,14
GRU,1204,2.86857008934021,2.876555700302124,0,0.09551495016611296,0.08,Scottish,15,Callum Fraser,English,4
GRU,1205,3.008633852005005,2.8769731426239016,0,0.0954356846473029,0.08,German,6,Johannes Hoffmann,Vietnamese,17
GRU,1206,2.7982068061828613,2.8770356607437133,0,0.09535655058043117,0.08,Italian,9,Antonio Bianchi,English,4
GRU,1207,2.7309072017669678,2.8753489875793456,1,0.09610604805302403,0.1,Italian,9,Domenico Marino,Italian,9
GRU,1208,2.9606940746307373,2.875053086280823,0,0.09602649006622517,0.1,Chinese,1,周超,Japanese,10
GRU,1209,2.8482658863067627,2.8755030059814453,0,0.09594706368899918,0.1,Czech,2,Jakub Horák,Italian,9
GRU,1210,2.8347647190093994,2.8728171396255493,0,0.09586776859504133,0.1,Greek,7,Μαρία Κωνσταντίνου,Japanese,10
GRU,1211,2.927133321762085,2.8720062351226807,0,0.0957886044591247,0.1,Chinese,1,张静,Italian,9
GRU,1212,2.861536979675293,2.8732871532440187,0,0.09570957095709572,0.1,Portuguese,13,Pedro Ferreira,Italian,9
GRU,1213,2.941171407699585,2.8727458095550538,0,0.09563066776586975,0.1,Chinese,1,杨芳,Italian,9
GRU,1214,2.888105869293213,2.874427089691162,0,0.09555189456342669,0.1,Scottish,15,Gordon MacKenzie,Italian,9
GRU,1215,2.7690396308898926,2.8715972328186035,1,0.0962962962962963,0.12,Italian,9,Giovanni Rossi,Italian,9
GRU,1216,2.992825984954834,2.8738192892074585,0,0.0962171052631579,0.12,Arabic,0,وليد العتيبي,Italian,9
GRU,1217,2.791283369064331,2.86976674079895,0,0.0961380443714051,0.12,Dutch,3,Dirk van Dijk,Italian,9
GRU,1218,2.71706485748291,2.867669014930725,1,0.09688013136288999,0.14,Italian,9,Riccardo Romano,Italian,9
GRU,1219,2.8432130813598633,2.867484483718872,0,0.09680065627563576,0.14,Vietnamese,17,Phan Nam,Italian,9
GRU,1220,2.8962135314941406,2.865540370941162,0,0.09672131147540984,0.14,Scottish,15,Ross MacLeod,Italian,9
GRU,1221,2.8519880771636963,2.8639816665649414,0,0.09664209664209664,0.14,Spanish,16,Álvaro Martínez,Italian,9
GRU,1222,2.968848466873169,2.866497483253479,0,0.09656301145662848,0.14,Irish,8,Eoin O'Brien,Italian,9
GRU,1223,2.782733201980591,2.8662028741836547,0,0.0964840556009812,0.14,Dutch,3,Johan van Dijk,Italian,9
GRU,1224,3.0189056396484375,2.869929385185242,0,0.09640522875816994,0.14,French,5,Gabriel L'Hôpital,Italian,9
GRU,1225,2.74872088432312,2.8701561737060546,1,0.09714285714285714,0.14,Russian,14,Борис Михайлов,Russian,14
GRU,1226,2.933980941772461,2.8695623683929443,0,0.09706362153344208,0.14,Irish,8,Conor Kennedy,Italian,9
GRU,1227,2.999439001083374,2.8713252925872803,0,0.09698451507742462,0.14,French,5,Charles Martin,Italian,9
GRU,1228,2.8144304752349854,2.8696057415008545,0,0.09690553745928339,0.14,Japanese,10,田中由美,Italian,9
GRU,1229,2.9555118083953857,2.8720315980911253,0,0.096826688364524,0.14,German,6,Jürgen Schneider,Italian,9
GRU,1230,2.9122045040130615,2.8701294088363647,0,0.09674796747967479,0.14,Polish,12,Mateusz Kamiński,Italian,9
GRU,1231,2.8432700634002686,2.87058913230896,0,0.0966693744922827,0.14,Spanish,16,Daniel López,Italian,9
GRU,1232,2.8560702800750732,2.872346658706665,0,0.09659090909090909,0.12,Czech,2,Pavel Procházka,Italian,9
GRU,1233,2.7943248748779297,2.8706629037857057,0,0.09651257096512571,0.12,Dutch,3,Bram de Vries,Italian,9
GRU,1234,2.8082501888275146,2.8705751371383665,0,0.09643435980551053,0.12,English,4,Robert Davis,Dutch,3
GRU,1235,2.8070578575134277,2.8671717834472656,0,0.09635627530364373,0.12,Japanese,10,田中直子,Dutch,3
GRU,1236,2.992687702178955,2.869614815711975,0,0.09627831715210355,0.12,Arabic,0,حسين العتيبي,Italian,9
GRU,1237,2.881743907928467,2.8724545764923097,0,0.09620048504446241,0.1,Polish,12,Jan Wójcik,Italian,9
GRU,1238,2.742525339126587,2.868154640197754,1,0.09693053311793215,0.12,Russian,14,Максим Новиков,Russian,14
GRU,1239,2.959583044052124,2.869195828437805,0,0.09685230024213075,0.12,Irish,8,Cian O'Sullivan,Italian,9
GRU,1240,2.759617805480957,2.8650111722946168,1,0.09758064516129032,0.14,Italian,9,Giovanni Ricci,Italian,9
GRU,1241,2.9828999042510986,2.8652072095870973,0,0.09750201450443191,0.14,Arabic,0,حسين العتيبي,Italian,9
GRU,1242,2.902158260345459,2.8649775886535647,0,0.09742351046698873,0.14,Korean,11,장하은,Vietnamese,17
GRU,1243,2.829636812210083,2.8652408123016357,0,0.09734513274336283,0.14,Greek,7,Ευάγγελος Παπαδόπουλος,Italian,9
GRU,1244,2.800625801086426,2.86460853099823,0,0.0972668810289389,0.14,Dutch,3,Lotte Bakker,Italian,9
GRU,1245,2.7407994270324707,2.860349974632263,1,0.09799196787148594,0.16,Italian,9,Alessandro Ferrari,Italian,9
GRU,1246,2.8987326622009277,2.8614820623397828,0,0.09791332263242375,0.16,Polish,12,Kamil Szymański,Italian,9
GRU,1247,2.834606647491455,2.8616687154769895,0,0.09783480352846832,0.16,Spanish,16,Alejandro Díaz,Italian,9
GRU,1248,2.700301170349121,2.8593507051467895,1,0.0985576923076923,0.18,Italian,9,Riccardo Marino,Italian,9
GRU,1249,2.766127347946167,2.858628101348877,0,0.09847878302642114,0.18,Dutch,3,Hendrik Smit,Italian,9
GRU,1250,2.747494697570801,2.855221529006958,1,0.0992,0.2,Italian,9,Paolo Bianchi,Italian,9
GRU,1251,2.822312593460083,2.856058859825134,0,0.0991207034372502,0.18,Greek,7,Μαρία Γεωργίου,Italian,9
GRU,1252,2.810404062271118,2.8564110517501833,0,0.09904153354632587,0.18,English,4,Robert Davis,Italian,9
GRU,1253,2.81274151802063,2.8551673126220702,0,0.09896249002394254,0.18,English,4,Steven Miller,Italian,9
GRU,1254,2.8981027603149414,2.855757966041565,0,0.09888357256778309,0.18,Korean,11,강동현,Italian,9
GRU,1255,2.8086001873016357,2.8517572927474975,0,0.09880478087649402,0.18,Vietnamese,17,Phan Anh,English,4
GRU,1256,2.842451333999634,2.852642183303833,0,0.09872611464968153,0.18,Vietnamese,17,Võ Khôi,Italian,9
GRU,1257,3.0127854347229004,2.8582797479629516,0,0.09864757358790771,0.16,German,6,Maximilian Hoffmann,Dutch,3
GRU,1258,2.8153185844421387,2.8553722381591795,0,0.0985691573926868,0.16,Greek,7,Στέφανος Αλεξίου,Italian,9
GRU,1259,2.8662257194519043,2.8557314348220824,0,0.09849086576648133,0.16,Czech,2,Filip Kučera,Italian,9
GRU,1260,2.7641234397888184,2.854318609237671,1,0.0992063492063492,0.18,Russian,14,Олег Васильев,Russian,14
GRU,1261,2.9117114543914795,2.8540101718902586,0,0.09912767644726407,0.18,Korean,11,김민지,Dutch,3
GRU,1262,2.764932155609131,2.8520780754089357,0,0.09904912836767037,0.18,Dutch,3,Sem de Jong,Italian,9
GRU,1263,2.8110601902008057,2.84947585105896,0,0.09897070467141726,0.18,Vietnamese,17,Phan Khang,Dutch,3
GRU,1264,2.9560585021972656,2.850834903717041,0,0.09889240506329114,0.18,German,6,Michael Becker,Italian,9
GRU,1265,2.7893917560577393,2.851241946220398,0,0.09881422924901186,0.16,Vietnamese,17,Trần Thành,English,4
GRU,1266,3.0188515186309814,2.851762456893921,0,0.09873617693522907,0.16,French,5,Charles Robert,Italian,9
GRU,1267,2.845341205596924,2.852843613624573,0,0.09865824782951854,0.16,Spanish,16,Manuel Martínez,Italian,9
GRU,1268,2.758629322052002,2.8536749029159547,1,0.09936908517350158,0.16,Dutch,3,Lucas Smit,Dutch,3
GRU,1269,2.997135877609253,2.856753358840942,0,0.09929078014184398,0.16,German,6,Wolfgang Hoffmann,Dutch,3
GRU,1270,2.9137630462646484,2.8571043491363524,0,0.09921259842519685,0.16,Scottish,15,Duncan MacLeod,Italian,9
GRU,1271,2.8368537425994873,2.8568016624450685,0,0.0991345397324941,0.16,Spanish,16,Miguel Martínez,Italian,9
GRU,1272,2.9468045234680176,2.8563607835769655,0,0.09905660377358491,0.16,Chinese,1,杨超,Dutch,3
GRU,1273,2.8013579845428467,2.8567332792282105,0,0.09897879025923016,0.16,English,4,Daniel Davis,Dutch,3
GRU,1274,2.8780670166015625,2.853916506767273,0,0.0989010989010989,0.16,Portuguese,13,Bruno Costa,Dutch,3
GRU,1275,2.93727707862854,2.8576876306533814,0,0.0988235294117647,0.14,Chinese,1,赵敏,Dutch,3
GRU,1276,2.7452971935272217,2.8539139556884767,1,0.09952978056426333,0.16,Russian,14,Максим Михайлов,Russian,14
GRU,1277,2.7028558254241943,2.847982292175293,1,0.10023492560689115,0.18,Italian,9,Domenico Greco,Italian,9
GRU,1278,3.003899574279785,2.851771674156189,0,0.10015649452269171,0.18,Arabic,0,أحمد الهاشمي,Italian,9
GRU,1279,2.955763101577759,2.8517767000198364,0,0.10007818608287725,0.18,Irish,8,Seán Murphy,Italian,9
GRU,1280,2.9431674480438232,2.8523959589004515,0,0.1,0.18,German,6,Andreas Becker,Italian,9
GRU,1281,2.867056131362915,2.8528716802597045,0,0.09992193598750976,0.18,Czech,2,Marek Novák,Italian,9
GRU,1282,2.87705659866333,2.85329140663147,0,0.0998439937597504,0.18,Portuguese,13,Jorge Oliveira,Italian,9
GRU,1283,2.859687566757202,2.854598660469055,0,0.09976617303195635,0.18,Czech,2,Břetislav Kučera,Italian,9
GRU,1284,2.9421334266662598,2.85727632522583,0,0.09968847352024922,0.18,Chinese,1,王秀英,Vietnamese,17
GRU,1285,2.9140477180480957,2.8594161224365235,0,0.09961089494163425,0.18,Scottish,15,Hamish MacDonald,Italian,9
GRU,1286,2.6954939365386963,2.8534722471237184,1,0.10031104199066875,0.2,Italian,9,Davide Romano,Italian,9
GRU,1287,3.019892692565918,2.8562352228164674,0,0.10023310023310024,0.2,French,5,Noël L'Hôpital,Italian,9
GRU,1288,2.7924916744232178,2.8572345495224,0,0.10015527950310558,0.18,English,4,Steven St. John,Italian,9
GRU,1289,2.870326042175293,2.8554494094848635,0,0.10007757951900698,0.18,Portuguese,13,Ricardo Oliveira,Italian,9
GRU,1290,2.9101510047912598,2.8584600734710692,0,0.1,0.16,Polish,12,Bartosz Kamiński,Italian,9
GRU,1291,2.8828938007354736,2.856459951400757,0,0.09992254066615028,0.16,Polish,12,Marek Kowalczyk,Italian,9
GRU,1292,2.844343423843384,2.855303654670715,0,0.0998452012383901,0.16,Czech,2,Filip Horák,Italian,9
GRU,1293,2.8337526321411133,2.855385971069336,0,0.09976798143851508,0.16,Vietnamese,17,Trần Nam,Italian,9
GRU,1294,2.921128749847412,2.8577960300445557,0,0.09969088098918083,0.16,Korean,11,이서준,Italian,9
GRU,1295,3.006526470184326,2.8631105709075926,0,0.09961389961389962,0.14,French,5,Pierre Durand,Italian,9
GRU,1296,2.8939476013183594,2.8630148696899416,0,0.09953703703703703,0.14,Polish,12,Kamil Lewandowski,Italian,9
GRU,1297,2.7863214015960693,2.8620491647720336,0,0.09946029298380879,0.14,English,4,Richard St. John,Italian,9
GRU,1298,2.827072858810425,2.86458459854126,0,0.09938366718027734,0.12,Greek,7,Γεώργιος Παπαδόπουλος,Italian,9
GRU,1299,2.9860076904296875,2.86898220539093,0,0.09930715935334873,0.12,Arabic,0,وليد العتيبي,Italian,9
GRU,1300,2.7487895488739014,2.8690081024169922,1,0.1,0.12,Russian,14,Максим Михайлов,Russian,14
GRU,1301,2.7764408588409424,2.8680906677246094,0,0.09992313604919292,0.12,Vietnamese,17,Huỳnh Hùng,Dutch,3
GRU,1302,2.7511794567108154,2.866906175613403,1,0.10061443932411675,0.14,Vietnamese,17,Hoàng Quân,Vietnamese,17
GRU,1303,2.8154184818267822,2.8669597148895263,0,0.10053722179585571,0.14,Greek,7,Νικόλαος Δημητρίου,Italian,9
GRU,1304,2.747838258743286,2.8639544248580933,1,0.10122699386503067,0.16,Russian,14,Дмитрий Кузнецов,Russian,14
GRU,1305,2.8030717372894287,2.863843855857849,0,0.10114942528735632,0.16,English,4,Christopher Brown,Vietnamese,17
GRU,1306,2.993711233139038,2.866869053840637,0,0.10107197549770292,0.16,German,6,Dieter Hoffmann,Vietnamese,17
GRU,1307,2.773451805114746,2.862082381248474,0,0.1009946442234124,0.16,Dutch,3,Daan de Jong,Italian,9
GRU,1308,2.891889810562134,2.863613805770874,0,0.10091743119266056,0.16,Portuguese,13,Filipe Martins,Dutch,3
GRU,1309,2.978641986846924,2.8658621311187744,0,0.10084033613445378,0.16,Arabic,0,أحمد العتيبي,Italian,9
GRU,1310,2.9308459758758545,2.869196581840515,0,0.10076335877862595,0.14,German,6,Felix Müller,Italian,9
GRU,1311,2.7832236289978027,2.8666268253326415,0,0.10068649885583524,0.14,Dutch,3,Joris Visser,Italian,9
GRU,1312,2.922492742538452,2.869778037071228,0,0.10060975609756098,0.14,Chinese,1,杨涛,Dutch,3
GRU,1313,2.9484825134277344,2.8725264835357667,0,0.10053313023610053,0.14,Chinese,1,刘娜,Italian,9
GRU,1314,2.934264898300171,2.872090611457825,0,0.1004566210045662,0.14,Chinese,1,杨娜,Italian,9
GRU,1315,2.735384464263916,2.871010465621948,1,0.10114068441064639,0.16,Russian,14,Юрий Сидоров,Russian,14
GRU,1316,2.8122570514678955,2.8668785762786864,0,0.10106382978723404,0.16,Vietnamese,17,Lê Ngọc,Italian,9
GRU,1317,2.89719820022583,2.8679157161712645,0,0.10098709187547457,0.16,Chinese,1,李明,Italian,9
GRU,1318,2.852302074432373,2.869789171218872,0,0.10091047040971168,0.14,Spanish,16,Miguel Rodríguez,Italian,9
GRU,1319,2.8161404132843018,2.866169261932373,0,0.10083396512509477,0.14,Greek,7,Χρήστος Σταυρίδης,Italian,9
GRU,1320,2.854628562927246,2.864986572265625,0,0.10075757575757575,0.14,Japanese,10,中村愛,Italian,9
GRU,1321,2.8436806201934814,2.865123109817505,0,0.10068130204390613,0.14,Japanese,10,田中太郎,Italian,9
GRU,1322,2.7120046615600586,2.860427112579346,1,0.10136157337367625,0.16,Italian,9,Riccardo Russo,Italian,9
GRU,1323,2.8371245861053467,2.8611424446105955,0,0.10128495842781557,0.16,Spanish,16,Pedro González,Italian,9
GRU,1324,2.867338180541992,2.860927867889404,0,0.10120845921450151,0.16,Portuguese,13,Bruno Pereira,Italian,9
GRU,1325,2.9673891067504883,2.861530108451843,0,0.10113207547169811,0.16,Irish,8,Michael Murphy,Italian,9
GRU,1326,2.772381067276001,2.862071785926819,0,0.10105580693815988,0.14,Vietnamese,17,Vũ Linh,English,4
GRU,1327,3.010523796081543,2.8682251453399656,0,0.10097965335342879,0.12,French,5,Arthur d'Aubigné,Italian,9
GRU,1328,2.881437301635742,2.865775899887085,0,0.10090361445783133,0.12,Portuguese,13,António Martins,Dutch,3
GRU,1329,2.9278945922851562,2.8652185297012327,0,0.10082768999247554,0.12,Scottish,15,Murdo MacDonald,Italian,9
GRU,1330,2.9170541763305664,2.8646962642669678,0,0.10075187969924812,0.12,Korean,11,장성민,Dutch,3
GRU,1331,2.900791883468628,2.8653709793090822,0,0.10067618332081142,0.12,Polish,12,Bartosz Lewandowski,Italian,9
GRU,1332,2.8451836109161377,2.864733519554138,0,0.1006006006006006,0.12,Japanese,10,小林健一,Vietnamese,17
GRU,1333,2.8444974422454834,2.8644297170639037,0,0.1005251312828207,0.12,Portuguese,13,Carlos Costa,Italian,9
GRU,1334,2.8074886798858643,2.8617368221282957,0,0.10044977511244378,0.12,English,4,Steven Brown,Vietnamese,17
GRU,1335,2.8920891284942627,2.861297650337219,0,0.10037453183520599,0.12,Polish,12,Marcin Wiśniewski,Italian,9
GRU,1336,2.7662925720214844,2.862713623046875,0,0.10029940119760479,0.1,Vietnamese,17,Phan Bình,English,4
GRU,1337,2.815842390060425,2.8586326169967653,0,0.10022438294689603,0.1,Greek,7,Ελένη Γεωργίου,Italian,9
GRU,1338,2.711026906967163,2.8570033216476443,1,0.10089686098654709,0.12,Italian,9,Andrea Greco,Italian,9
GRU,1339,2.8022077083587646,2.8556409549713133,0,0.10082150858849888,0.12,English,4,Andrew Miller,Italian,9
GRU,1340,2.920973777770996,2.8558574104309082,0,0.10074626865671642,0.12,Chinese,1,赵敏,Italian,9
GRU,1341,2.8367531299591064,2.8549345970153808,0,0.10067114093959731,0.12,Portuguese,13,Miguel Costa,Italian,9
GRU,1342,2.7949583530426025,2.8539468955993654,0,0.10059612518628912,0.12,Vietnamese,17,Phan Ngọc,Italian,9
GRU,1343,2.775547981262207,2.852782802581787,1,0.10126582278481013,0.14,English,4,J.R. Jones,English,4
GRU,1344,2.806194543838501,2.8504841184616088,0,0.10119047619047619,0.14,Greek,7,Αλέξανδρος Δημητρίου,Italian,9
GRU,1345,2.945390462875366,2.84926139831543,0,0.10111524163568773,0.14,German,6,Jürgen Weber,Italian,9
GRU,1346,2.86712646484375,2.8487249755859376,0,0.10104011887072809,0.14,Czech,2,Daniel Procházka,Italian,9
GRU,1347,2.9356138706207275,2.8517108249664305,0,0.10096510764662213,0.14,Korean,11,이준영,Vietnamese,17
GRU,1348,2.7797303199768066,2.8507639741897584,0,0.10089020771513353,0.14,Vietnamese,17,Đặng Hải,Italian,9
GRU,1349,2.930922031402588,2.8496622610092164,0,0.10081541882876205,0.14,German,6,Johannes Müller,Italian,9
GRU,1350,2.9905030727386475,2.8544965314865114,0,0.10074074074074074,0.12,Irish,8,Brian O'Sullivan,Vietnamese,17
GRU,1351,2.927891969680786,2.857525553703308,0,0.10066617320503331,0.12,Chinese,1,王霞,Vietnamese,17
GRU,1352,2.9775328636169434,2.8620526218414306,0,0.10059171597633136,0.1,German,6,Friedrich Hoffmann,Vietnamese,17
GRU,1353,2.779796838760376,2.8613401889801025,0,0.10051736881005174,0.1,Vietnamese,17,Lê Ngọc,Italian,9
GRU,1354,2.914238214492798,2.864668188095093,0,0.10044313146233383,0.08,Scottish,15,Niall MacKenzie,Italian,9
GRU,1355,2.851435422897339,2.865635461807251,0,0.1003690036900369,0.08,Japanese,10,田中彩,Vietnamese,17
GRU,1356,3.0470616817474365,2.866702470779419,0,0.10029498525073746,0.08,Arabic,0,ماجد النجار,Italian,9
GRU,1357,2.968087673187256,2.8705951881408693,0,0.10022107590272661,0.08,German,6,Stefan Hoffmann,Vietnamese,17
GRU,1358,2.8060529232025146,2.8688784503936766,0,0.10014727540500737,0.08,Dutch,3,Sander Meijer,Italian,9
GRU,1359,2.9169397354125977,2.8676444053649903,0,0.10007358351729213,0.08,Scottish,15,Callum Campbell,Italian,9
GRU,1360,2.9108495712280273,2.867244477272034,0,0.1,0.08,German,6,Peter Meyer,Italian,9
GRU,1361,2.810159206390381,2.8677831888198853,0,0.09992652461425422,0.08,Greek,7,Δημήτριος Βασιλείου,Dutch,3
GRU,1362,2.840013027191162,2.8661335945129394,0,0.09985315712187959,0.08,Japanese,10,加藤健一,Vietnamese,17
GRU,1363,2.7721734046936035,2.862607412338257,0,0.09977989728539985,0.08,Italian,9,Stefano Bianchi,Vietnamese,17
GRU,1364,2.7690980434417725,2.8593040752410888,0,0.09970674486803519,0.08,Russian,14,Павел Васильев,Vietnamese,17
GRU,1365,2.913876533508301,2.8628739166259765,0,0.09963369963369964,0.06,Korean,11,최예은,Vietnamese,17
GRU,1366,2.98679780960083,2.8663647317886354,0,0.09956076134699854,0.06,Irish,8,Ciarán O'Sullivan,Vietnamese,17
GRU,1367,2.851924180984497,2.8654592514038084,0,0.09948792977322604,0.06,Spanish,16,Francisco Sánchez,Italian,9
GRU,1368,2.7444007396698,2.863301224708557,1,0.10014619883040936,0.08,Russian,14,Борис Петров,Russian,14
GRU,1369,2.928631067276001,2.865551037788391,0,0.10007304601899196,0.08,Scottish,15,Ross Robertson,Vietnamese,17
GRU,1370,2.858164072036743,2.865621747970581,0,0.1,0.08,Japanese,10,高橋大輔,Vietnamese,17
GRU,1371,2.8960094451904297,2.86666832447052,0,0.099927060539752,0.08,Korean,11,정민수,Vietnamese,17
GRU,1372,2.8429274559020996,2.8692867803573607,0,0.09985422740524781,0.06,Portuguese,13,Gonçalo Silva,Italian,9
GRU,1373,2.804414749145508,2.868632583618164,0,0.09978150036416605,0.06,Greek,7,Ανδρέας Σταυρίδης,Italian,9
GRU,1374,2.7749924659729004,2.866785669326782,0,0.09970887918486172,0.06,English,4,William Smith,Vietnamese,17
GRU,1375,2.9776501655578613,2.8669908905029295,0,0.09963636363636363,0.06,Irish,8,Patrick Gallagher,Italian,9
GRU,1376,2.843780755996704,2.868418884277344,0,0.09956395348837209,0.06,Portuguese,13,Ricardo Pereira,Italian,9
GRU,1377,2.7754054069519043,2.863716516494751,1,0.10021786492374728,0.08,English,4,Christopher Williams,English,4
GRU,1378,2.8337342739105225,2.8627624559402465,0,0.10014513788098693,0.08,Japanese,10,高橋健一,Vietnamese,17
GRU,1379,2.902050256729126,2.8622455692291258,0,0.10007251631617115,0.08,Polish,12,Paweł Zieliński,Italian,9
GRU,1380,2.8089523315429688,2.860083532333374,0,0.1,0.08,Greek,7,Χρήστος Κωνσταντίνου,Italian,9
GRU,1381,2.7474417686462402,2.857016530036926,1,0.10065170166545981,0.1,Vietnamese,17,Võ Hoàng,Vietnamese,17
GRU,1382,2.8133671283721924,2.8563802003860475,0,0.10057887120115774,0.1,Japanese,10,田中裕子,Vietnamese,17
GRU,1383,2.925891637802124,2.8580080842971802,0,0.1005061460592914,0.1,Scottish,15,Fergus Robertson,Vietnamese,17
GRU,1384,2.853534460067749,2.858928999900818,0,0.10043352601156069,0.1,Scottish,15,Stuart Murray,Italian,9
GRU,1385,3.033726215362549,2.8617617416381838,0,0.1003610108303249,0.1,French,5,Gabriel L'Hôpital,Italian,9
GRU,1386,2.9318857192993164,2.86507360458374,0,0.10028860028860029,0.1,Korean,11,박준영,Vietnamese,17
GRU,1387,2.7670717239379883,2.8640981912612915,0,0.10021629416005767,0.1,English,4,William St. John,Vietnamese,17
GRU,1388,2.778573989868164,2.8654491329193115,0,0.10014409221902017,0.08,Vietnamese,17,Phan Hải,Italian,9
GRU,1389,3.0193631649017334,2.869792242050171,0,0.10007199424046076,0.08,French,5,Jean-Luc Durand,Italian,9
GRU,1390,2.910942554473877,2.8695916175842284,0,0.1,0.08,Chinese,1,黄涛,Vietnamese,17
GRU,1391,2.948948621749878,2.871835527420044,0,0.09992810927390366,0.08,Chinese,1,王平,Vietnamese,17
GRU,1392,2.9132819175720215,2.874201998710632,0,0.09985632183908046,0.08,Chinese,1,周明,Vietnamese,17
GRU,1393,3.010514497756958,2.878901329040527,0,0.09978463747307968,0.06,Arabic,0,حسن الهاشمي,Vietnamese,17
GRU,1394,2.7755160331726074,2.8782877588272093,0,0.09971305595408896,0.06,English,4,John Taylor,Italian,9
GRU,1395,2.7966153621673584,2.875312256813049,0,0.0996415770609319,0.06,Greek,7,Ελένη Παπαδόπουλος,Italian,9
GRU,1396,2.74550724029541,2.8728798723220823,1,0.10028653295128939,0.08,English,4,Robert Smith,English,4
GRU,1397,2.928433418273926,2.8727362632751463,0,0.10021474588403723,0.08,German,6,Stefan Wagner,English,4
GRU,1398,2.7590746879577637,2.8723231506347657,0,0.10014306151645208,0.08,Russian,14,Олег Кузнецов,English,4
GRU,1399,2.920748710632324,2.8721196842193604,0,0.10007147962830593,0.08,Chinese,1,赵霞,Vietnamese,17
GRU,1400,2.932011365890503,2.8709498500823973,0,0.1,0.08,Scottish,15,Hamish Douglas,English,4
GRU,1401,2.8936474323272705,2.8702649593353273,0,0.09992862241256245,0.08,Scottish,15,Ewan MacDonald,Italian,9
GRU,1402,3.0011138916015625,2.8707365798950195,0,0.09985734664764621,0.08,Arabic,0,وليد الحسيني,Vietnamese,17
GRU,1403,2.7736473083496094,2.8706135892868043,1,0.10049893086243764,0.1,Vietnamese,17,Huỳnh Hải,Vietnamese,17
GRU,1404,2.9960174560546875,2.872249174118042,0,0.10042735042735043,0.1,Arabic,0,خالد الحداد,Vietnamese,17
GRU,1405,2.856119155883789,2.872342848777771,0,0.100355871886121,0.1,Spanish,16,David Díaz,Vietnamese,17
GRU,1406,2.9604878425598145,2.8706113719940185,0,0.10028449502133713,0.1,Irish,8,Maeve McCarthy,English,4
GRU,1407,2.7767462730407715,2.866784543991089,0,0.10021321961620469,0.1,Italian,9,Davide Rossi,English,4
GRU,1408,2.8464832305908203,2.867593150138855,0,0.10014204545454546,0.1,Spanish,16,Sergio Gómez,Vietnamese,17
GRU,1409,2.851133346557617,2.8662770223617553,0,0.10007097232079488,0.1,Portuguese,13,Pedro Ferreira,Italian,9
GRU,1410,2.812753200531006,2.864315094947815,0,0.1,0.1,Dutch,3,Johan Jansen,Vietnamese,17
GRU,1411,2.8437118530273438,2.864986147880554,0,0.09992912827781715,0.1,Spanish,16,Sergio Fernández,Vietnamese,17
GRU,1412,2.792220115661621,2.864030289649963,1,0.10056657223796034,0.12,Greek,7,Ανδρέας Γεωργίου,Greek,7
GRU,1413,2.836796998977661,2.8653227615356447,0,0.10049539985845718,0.12,Spanish,16,David Rodríguez,Vietnamese,17
GRU,1414,2.9166321754455566,2.86827344417572,0,0.10042432814710042,0.12,Korean,11,최재현,Vietnamese,17
GRU,1415,2.909317970275879,2.868182272911072,0,0.10035335689045936,0.12,Polish,12,Jan Kowalski,Vietnamese,17
GRU,1416,2.91556978225708,2.8667577123641967,0,0.10028248587570622,0.12,Korean,11,강준영,Vietnamese,17
GRU,1417,2.7489755153656006,2.864698739051819,1,0.10091743119266056,0.14,Russian,14,Артём Соколов,Russian,14
GRU,1418,2.784122943878174,2.865493183135986,1,0.10155148095909731,0.14,Greek,7,Αικατερίνη Αλεξίου,Greek,7
GRU,1419,2.7704949378967285,2.862330460548401,1,0.102184637068358,0.16,Greek,7,Μαρία Δημητρίου,Greek,7
GRU,1420,2.8895230293273926,2.862957639694214,0,0.10211267605633803,0.16,Czech,2,Ondřej Horák,Vietnamese,17
GRU,1421,2.9080731868743896,2.863198914527893,0,0.10204081632653061,0.16,Chinese,1,李敏,Vietnamese,17
GRU,1422,2.886496067047119,2.8640702867507937,0,0.1019690576652602,0.16,Polish,12,Stanisław Kowalczyk,Vietnamese,17
GRU,1423,2.890775442123413,2.8657975006103515,0,0.10189739985945186,0.16,Polish,12,Piotr Zieliński,Vietnamese,17
GRU,1424,2.8978588581085205,2.868254828453064,0,0.10182584269662921,0.16,Scottish,15,Ross MacDonald,Italian,9
GRU,1425,2.994502544403076,2.8685918760299685,0,0.10175438596491228,0.16,Arabic,0,مصطفى الشمري,Vietnamese,17
GRU,1426,3.021012544631958,2.8721365118026734,0,0.10168302945301542,0.16,French,5,Augustin Bernard,Italian,9
GRU,1427,2.8378565311431885,2.873385534286499,0,0.10161177295024527,0.14,Scottish,15,Malcolm Murray,Italian,9
GRU,1428,2.840576171875,2.8735223722457888,0,0.1015406162464986,0.14,Japanese,10,中村健,Vietnamese,17
GRU,1429,2.8123364448547363,2.871728096008301,0,0.10146955913226033,0.14,Dutch,3,Sem Janssen,Vietnamese,17
GRU,1430,2.9159226417541504,2.8738675022125246,0,0.10139860139860139,0.14,Chinese,1,张霞,Vietnamese,17
GRU,1431,2.932929754257202,2.8775772619247437,0,0.1013277428371768,0.12,German,6,Felix Schulz,Vietnamese,17
GRU,1432,2.8748691082000732,2.8788073015213014,0,0.10125698324022346,0.12,Scottish,15,Iain Campbell,Vietnamese,17
GRU,1433,2.9296987056732178,2.878883442878723,0,0.10118632240055828,0.12,Chinese,1,王平,Vietnamese,17
GRU,1434,2.962235689163208,2.881057467460632,0,0.10111576011157601,0.12,Irish,8,Aoife McCarthy,English,4
GRU,1435,2.879833221435547,2.8779796075820925,0,0.10104529616724739,0.12,Chinese,1,张丽,Vietnamese,17
GRU,1436,2.8224925994873047,2.875791745185852,0,0.100974930362117,0.12,Japanese,10,佐藤健,Vietnamese,17
GRU,1437,2.9191343784332275,2.878832998275757,0,0.10090466249130133,0.12,German,6,Christian Becker,English,4
GRU,1438,2.7645864486694336,2.8785532474517823,0,0.10083449235048679,0.12,English,4,Matthew St. John,Vietnamese,17
GRU,1439,2.875148057937622,2.8756689453125,0,0.10076441973592773,0.12,Polish,12,Szymon Nowak,Vietnamese,17
GRU,1440,2.773292303085327,2.872915940284729,1,0.10138888888888889,0.14,Italian,9,Andrea Ferrari,Italian,9
GRU,1441,2.778473138809204,2.8695064306259157,1,0.10201249132546843,0.16,Greek,7,Αλέξανδρος Βασιλείου,Greek,7
GRU,1442,2.8779983520507812,2.8688007593154907,0,0.10194174757281553,0.16,Polish,12,Adam Szymański,Vietnamese,17
GRU,1443,2.7901718616485596,2.864393906593323,1,0.10256410256410256,0.18,Vietnamese,17,Hoàng Đức,Vietnamese,17
GRU,1444,2.8518762588500977,2.8659211111068728,0,0.10249307479224377,0.18,Polish,12,Adam Woźniak,Vietnamese,17
GRU,1445,2.7758219242095947,2.865505242347717,0,0.10242214532871972,0.18,English,4,Steven Taylor,Italian,9
GRU,1446,2.900092124938965,2.868596940040588,0,0.10235131396957123,0.16,Czech,2,Jiří Kučera,English,4
GRU,1447,2.9244794845581055,2.868517861366272,0,0.1022805805114029,0.16,Korean,11,김지호,Italian,9
GRU,1448,2.8317322731018066,2.869971013069153,0,0.10220994475138122,0.16,Dutch,3,Sander Bakker,English,4
GRU,1449,2.7726986408233643,2.8670100116729738,1,0.1028295376121463,0.18,Greek,7,Σοφία Παπαδόπουλος,Greek,7
GRU,1450,2.838534116744995,2.8651404666900633,0,0.10275862068965518,0.18,Japanese,10,中村誠,Vietnamese,17
GRU,1451,2.8441364765167236,2.8641502475738525,0,0.10268780151619572,0.18,Polish,12,Zbigniew Woźniak,Vietnamese,17
GRU,1452,2.814779043197632,2.860423550605774,0,0.10261707988980716,0.18,Japanese,10,佐藤愛,Italian,9
GRU,1453,2.97464919090271,2.8644435882568358,0,0.10254645560908465,0.16,Irish,8,Michael Doyle,English,4
GRU,1454,2.8678863048553467,2.861880965232849,0,0.10247592847317744,0.16,Scottish,15,Aileen MacKenzie,English,4
GRU,1455,2.9358978271484375,2.863476538658142,0,0.10240549828178694,0.16,Korean,11,윤지훈,Vietnamese,17
GRU,1456,2.8503799438476562,2.861274380683899,0,0.10233516483516483,0.16,Polish,12,Łukasz Kamiński,Vietnamese,17
GRU,1457,3.026568651199341,2.86627082824707,0,0.10226492793411118,0.16,French,5,Mathieu d'Aubigné,Vietnamese,17
GRU,1458,2.8432884216308594,2.866206932067871,0,0.10219478737997256,0.16,Polish,12,Piotr Kowalski,Vietnamese,17
GRU,1459,2.747234344482422,2.864128952026367,1,0.10281014393420151,0.18,Italian,9,Carlo Esposito,Italian,9
GRU,1460,2.9027693271636963,2.865929274559021,0,0.10273972602739725,0.18,Czech,2,Petr Svoboda,Italian,9
GRU,1461,2.926879405975342,2.867592625617981,0,0.1026694045174538,0.18,Irish,8,Aoife Kelly,Italian,9
GRU,1462,2.816800117492676,2.868084225654602,0,0.10259917920656635,0.16,Polish,12,Andrzej Woźniak,Vietnamese,17
GRU,1463,2.758946418762207,2.866527214050293,0,0.10252904989747096,0.16,English,4,Charles St. John,Vietnamese,17
GRU,1464,2.8110625743865967,2.864415822029114,0,0.10245901639344263,0.16,Polish,12,Piotr Kowalczyk,Vietnamese,17
GRU,1465,2.902355432510376,2.8642765712738036,0,0.10238907849829351,0.16,Korean,11,이상현,Vietnamese,17
GRU,1466,2.8901147842407227,2.8637674713134764,0,0.10231923601637108,0.16,Czech,2,Petr Novák,Vietnamese,17
GRU,1467,2.737882375717163,2.863545608520508,1,0.1029311520109066,0.16,Italian,9,Matteo Romano,Italian,9
GRU,1468,2.895570993423462,2.8657745695114136,0,0.10286103542234333,0.14,Korean,11,임수빈,Italian,9
GRU,1469,2.920872688293457,2.868782124519348,0,0.10279101429543908,0.12,Irish,8,Oisín Kelly,Italian,9
GRU,1470,2.7576515674591064,2.8661446952819825,0,0.10272108843537416,0.12,English,4,Robert Johnson,Vietnamese,17
GRU,1471,3.0204668045043945,2.8683925676345825,0,0.1026512576478586,0.12,French,5,Jules Richard,Italian,9
GRU,1472,2.772456169128418,2.8661117696762086,1,0.10326086956521739,0.14,Russian,14,Андрей Соколов,Russian,14
GRU,1473,2.7656726837158203,2.8636097145080566,0,0.10319076714188731,0.14,Vietnamese,17,Phan Linh,English,4
GRU,1474,2.8903870582580566,2.8634602785110475,0,0.10312075983717775,0.14,Portuguese,13,Miguel Santos,English,4
GRU,1475,3.0154078006744385,2.8638783836364747,0,0.10305084745762712,0.14,Arabic,0,علي الخطيب,Vietnamese,17
GRU,1476,2.9196040630340576,2.861850214004517,0,0.10298102981029811,0.14,Korean,11,윤지훈,Vietnamese,17
GRU,1477,2.925654888153076,2.863606181144714,0,0.1029113067027759,0.14,Czech,2,David Veselý,Italian,9
GRU,1478,2.827399730682373,2.8633426523208616,0,0.10284167794316644,0.14,Japanese,10,伊藤健一,Vietnamese,17
GRU,1479,2.977195978164673,2.8666398429870608,0,0.10277214334009466,0.14,Arabic,0,ماجد العتيبي,Vietnamese,17
GRU,1480,2.869027853012085,2.8657019472122194,0,0.10270270270270271,0.14,Portuguese,13,Inês Oliveira,English,4
GRU,1481,2.875396728515625,2.8645512866973877,0,0.10263335584064821,0.14,Czech,2,Lukáš Němec,English,4
GRU,1482,2.7529122829437256,2.8621121501922606,1,0.10323886639676114,0.16,Vietnamese,17,Phạm Cường,Vietnamese,17
GRU,1483,2.8560543060302734,2.8606392621994017,0,0.10316925151719487,0.16,Spanish,16,Daniel González,Vietnamese,17
GRU,1484,2.8253679275512695,2.857901906967163,0,0.10309973045822103,0.16,Polish,12,Krzysztof Wiśniewski,Vietnamese,17
GRU,1485,2.772151231765747,2.8557482671737673,0,0.10303030303030303,0.16,English,4,Thomas Brown,Vietnamese,17
GRU,1486,2.743635416030884,2.8541711235046385,1,0.10363391655450875,0.18,Italian,9,Gabriele Esposito,Italian,9
GRU,1487,2.886871814727783,2.85352587223053,0,0.10356422326832548,0.18,Scottish,15,Stuart MacLeod,Italian,9
GRU,1488,2.898930788040161,2.8562127590179442,0,0.10349462365591398,0.18,Czech,2,Pavel Novotný,Vietnamese,17
GRU,1489,2.862896203994751,2.855967721939087,0,0.10342511752854265,0.18,Portuguese,13,Francisco Pereira,English,4
GRU,1490,2.8524463176727295,2.857550802230835,0,0.10335570469798658,0.16,Portuguese,13,Bruno Pereira,English,4
GRU,1491,2.8816256523132324,2.8596138525009156,0,0.10328638497652583,0.14,Scottish,15,Isla MacDonald,Italian,9
GRU,1492,2.9014785289764404,2.860083456039429,0,0.1032171581769437,0.14,Korean,11,최성민,Vietnamese,17
GRU,1493,2.7874562740325928,2.8600291442871093,0,0.10314802411252512,0.12,Greek,7,Κωνσταντίνος Σταυρίδης,English,4
GRU,1494,2.89046311378479,2.8608008813858032,0,0.10307898259705489,0.12,Scottish,15,Murdo Graham,English,4
GRU,1495,2.937131404876709,2.8640270709991453,0,0.10301003344481606,0.12,German,6,Felix Meyer,English,4
GRU,1496,2.8298864364624023,2.8626229572296142,0,0.10294117647058823,0.12,Dutch,3,Lucas Jansen,English,4
GRU,1497,2.777721881866455,2.8596878051757812,0,0.10287241148964596,0.12,Italian,9,Andrea Rossi,English,4
GRU,1498,2.8078904151916504,2.859210968017578,0,0.102803738317757,0.12,Polish,12,Paweł Kowalczyk,Vietnamese,17
GRU,1499,2.796945095062256,2.859695897102356,0,0.1027351567711808,0.1,Polish,12,Tomasz Kowalczyk,Vietnamese,17
GRU,1500,2.7876365184783936,2.858677945137024,0,0.10266666666666667,0.1,Russian,14,Борис Кузнецов,English,4
GRU,1501,2.8650364875793457,2.8590959453582765,0,0.10259826782145237,0.1,Portuguese,13,Miguel Jesus,English,4
GRU,1502,2.7722225189208984,2.8582448148727417,0,0.10252996005326231,0.1,English,4,Steven Brown,Vietnamese,17
GRU,1503,2.839841365814209,2.8555486583709717,0,0.10246174318030606,0.1,Japanese,10,中村誠,English,4
GRU,1504,2.938815116882324,2.856967234611511,0,0.1023936170212766,0.1,German,6,Klaus Wagner,English,4
GRU,1505,2.8157148361206055,2.8545635747909546,0,0.10232558139534884,0.1,Japanese,10,高橋裕子,English,4
GRU,1506,2.7900843620300293,2.8533576631546023,0,0.10225763612217796,0.1,Polish,12,Piotr Kowalczyk,Vietnamese,17
GRU,1507,2.732203245162964,2.8474703550338747,1,0.1028533510285335,0.12,Italian,9,Gabriele Greco,Italian,9
GRU,1508,2.8868823051452637,2.8483422327041628,0,0.10278514588859416,0.12,Scottish,15,Gordon Graham,English,4
GRU,1509,2.7944095134735107,2.8492857360839845,0,0.10271703114645461,0.1,Greek,7,Νικόλαος Νικολάου,Italian,9
GRU,1510,2.7694590091705322,2.846619529724121,1,0.10331125827814569,0.12,Polish,12,Wojciech Wójcik,Polish,12
GRU,1511,2.770174741744995,2.843485436439514,1,0.10390469887491727,0.14,Polish,12,Adam Kowalczyk,Polish,12
GRU,1512,2.835524082183838,2.8438599157333373,0,0.10383597883597884,0.14,Dutch,3,Johan Visser,English,4
GRU,1513,2.9260430335998535,2.8472018480300902,0,0.1037673496364838,0.14,German,6,Matthias Becker,English,4
GRU,1514,2.7761828899383545,2.8465042543411254,1,0.10435931307793923,0.16,Vietnamese,17,Lê Hiếu,Vietnamese,17
GRU,1515,2.7629735469818115,2.8437166166305543,1,0.10495049504950495,0.18,Vietnamese,17,Nguyễn Hiếu,Vietnamese,17
GRU,1516,2.773477077484131,2.841383862495422,0,0.10488126649076517,0.18,Russian,14,Алексей Новиков,Vietnamese,17
GRU,1517,2.9175710678100586,2.8449776363372803,0,0.10481212920237311,0.16,German,6,Markus Meyer,English,4
GRU,1518,2.723203182220459,2.8415302801132203,1,0.10540184453227931,0.18,Italian,9,Stefano Marino,Italian,9
GRU,1519,2.8746883869171143,2.8406065940856933,0,0.10533245556287031,0.18,Czech,2,Martin Procházka,Italian,9
GRU,1520,2.862832546234131,2.842710213661194,0,0.10526315789473684,0.18,Scottish,15,Rory MacLeod,Italian,9
GRU,1521,2.7186636924743652,2.8366741514205933,1,0.10585141354372124,0.2,Italian,9,Andrea Esposito,Italian,9
GRU,1522,3.0127501487731934,2.841480031013489,0,0.10578186596583443,0.18,Irish,8,Ronan O'Connor,Italian,9
GRU,1523,2.7533960342407227,2.841234498023987,0,0.1057124097176625,0.18,English,4,Michael St. John,Vietnamese,17
GRU,1524,2.853179454803467,2.840490345954895,0,0.10564304461942257,0.18,Portuguese,13,Bruno Oliveira,Italian,9
GRU,1525,2.866884231567383,2.837519874572754,0,0.10557377049180328,0.18,Czech,2,Filip Procházka,Italian,9
GRU,1526,2.8754098415374756,2.836635990142822,0,0.10550458715596331,0.18,Scottish,15,Iain Graham,English,4
GRU,1527,2.7855145931243896,2.8338331842422484,0,0.1054354944335298,0.18,Polish,12,Marek Lewandowski,Italian,9
GRU,1528,2.868821144104004,2.834661612510681,0,0.10536649214659685,0.18,Spanish,16,Rafael Gómez,Italian,9
GRU,1529,2.8732151985168457,2.8325819969177246,0,0.105297580117724,0.18,Portuguese,13,Inês Rodrigues,English,4
GRU,1530,2.9081778526306152,2.8333649969100954,0,0.10522875816993464,0.18,Chinese,1,陈杰,Vietnamese,17
GRU,1531,2.750570058822632,2.8308684635162353,1,0.10581319399085565,0.2,Vietnamese,17,Vũ Long,Vietnamese,17
GRU,1532,2.8719794750213623,2.833249807357788,0,0.10574412532637076,0.18,Czech,2,Ondřej Svoboda,Italian,9
GRU,1533,2.783290147781372,2.83179452419281,1,0.10632746249184605,0.2,Greek,7,Βασίλειος Αλεξίου,Greek,7
GRU,1534,2.903717517852783,2.83336151599884,0,0.10625814863102999,0.2,Korean,11,박현우,Vietnamese,17
GRU,1535,2.924196243286133,2.836402416229248,0,0.10618892508143322,0.2,Chinese,1,赵静,Italian,9
GRU,1536,2.7596213817596436,2.8367221355438232,1,0.10677083333333333,0.2,Polish,12,Grzegorz Woźniak,Polish,12
GRU,1537,2.8320958614349365,2.8356266164779664,0,0.10670136629798309,0.2,Japanese,10,渡辺拓也,Italian,9
GRU,1538,2.827608108520508,2.8342001628875733,0,0.10663198959687907,0.2,Dutch,3,Willem de Jong,Vietnamese,17
GRU,1539,2.8310208320617676,2.8335626554489135,0,0.10656270305393112,0.2,Dutch,3,Kees van den Berg,English,4
GRU,1540,2.7901451587677,2.832316632270813,1,0.10714285714285714,0.22,Greek,7,Μιχάλης Κωνσταντίνου,Greek,7
GRU,1541,2.8735175132751465,2.8321544694900513,0,0.10707332900713822,0.22,Spanish,16,Carlos Pérez,Italian,9
GRU,1542,2.764202117919922,2.829408941268921,1,0.10765239948119326,0.24,Greek,7,Στέφανος Αθανασίου,Greek,7
GRU,1543,2.886107921600342,2.831381974220276,0,0.10758263123784835,0.24,Korean,11,강민수,Vietnamese,17
GRU,1544,2.7787203788757324,2.8291471195220947,0,0.10751295336787564,0.24,Russian,14,Роман Новиков,Vietnamese,17
GRU,1545,2.861149549484253,2.8276274824142456,0,0.10744336569579288,0.24,Spanish,16,Sergio Fernández,Italian,9
GRU,1546,2.895958662033081,2.8289489269256594,0,0.1073738680465718,0.24,Korean,11,김동현,Vietnamese,17
GRU,1547,2.8590505123138428,2.830575499534607,0,0.10730446024563671,0.24,Scottish,15,Fraser MacLeod,Italian,9
GRU,1548,2.721444845199585,2.8288465881347657,1,0.1078811369509044,0.26,Italian,9,Fabio Romano,Italian,9
GRU,1549,2.8705663681030273,2.830319013595581,0,0.1078114912846998,0.26,Czech,2,Michal Svoboda,Italian,9
GRU,1550,2.7684388160705566,2.829935059547424,1,0.10838709677419354,0.28,English,4,Charles Jones,English,4
GRU,1551,2.774590253829956,2.8281261348724365,0,0.10831721470019343,0.28,Italian,9,Francesco Bianchi,English,4
GRU,1552,2.7756335735321045,2.8281943559646607,1,0.10889175257731959,0.3,Russian,14,Максим Сидоров,Russian,14
GRU,1553,2.8559679985046387,2.828516888618469,0,0.10882163554410818,0.3,Spanish,16,Daniel Sánchez,Italian,9
GRU,1554,2.9193739891052246,2.828128066062927,0,0.10875160875160875,0.3,Korean,11,조지훈,Vietnamese,17
GRU,1555,2.836373805999756,2.82854124546051,0,0.10868167202572347,0.3,Dutch,3,Joris Bakker,Italian,9
GRU,1556,2.773620367050171,2.828211965560913,1,0.10925449871465295,0.32,Russian,14,Алексей Кузнецов,Russian,14
GRU,1557,2.865375280380249,2.8308754062652586,0,0.10918432883750803,0.3,Czech,2,Matěj Dvořák,Vietnamese,17
GRU,1558,2.963982105255127,2.832417402267456,0,0.10911424903722722,0.3,Chinese,1,周芳,Italian,9
GRU,1559,2.804494857788086,2.8326191091537476,0,0.10904425914047466,0.3,Dutch,3,Dirk de Jong,Vietnamese,17
GRU,1560,2.8252978324890137,2.833735885620117,0,0.10897435897435898,0.28,Japanese,10,小林裕子,Italian,9
GRU,1561,2.797940254211426,2.834291195869446,0,0.10890454836643178,0.26,Dutch,3,Ruben Smit,Vietnamese,17
GRU,1562,3.0632357597351074,2.8388454294204712,0,0.1088348271446863,0.26,French,5,Hugo L'Hôpital,Italian,9
GRU,1563,2.7805092334747314,2.835934753417969,1,0.10940499040307101,0.28,Greek,7,Σπυρίδων Κωνσταντίνου,Greek,7
GRU,1564,3.0438880920410156,2.841288857460022,0,0.10933503836317135,0.26,French,5,Augustin Dubois,Italian,9
GRU,1565,3.044713258743286,2.8469236516952514,0,0.10926517571884985,0.24,French,5,Émile Robert,English,4
GRU,1566,2.783925771713257,2.847132625579834,0,0.10919540229885058,0.24,Vietnamese,17,Huỳnh Khang,English,4
GRU,1567,2.7602038383483887,2.8439852809906006,1,0.10976388002552648,0.26,Russian,14,Юрий Сидоров,Russian,14
GRU,1568,2.784780502319336,2.845216827392578,0,0.1096938775510204,0.24,Polish,12,Piotr Szymański,Italian,9
GRU,1569,3.04071044921875,2.848537268638611,0,0.10962396430847673,0.24,French,5,Gabriel Thomas,English,4
GRU,1570,2.853233575820923,2.8483452892303465,0,0.10955414012738854,0.24,Portuguese,13,José Costa,Italian,9
GRU,1571,3.0381369590759277,2.854734754562378,0,0.109484404837683,0.22,Arabic,0,إبراهيم القحطاني,Vietnamese,17
GRU,1572,2.9345855712890625,2.8531714630126954,0,0.10941475826972011,0.22,German,6,Maximilian Meyer,Italian,9
GRU,1573,2.8494229316711426,2.855092000961304,0,0.10934520025429116,0.22,Portuguese,13,Inês Oliveira,Italian,9
GRU,1574,3.02701473236084,2.858568706512451,0,0.10927573062261753,0.22,Arabic,0,محمد القحطاني,Vietnamese,17
GRU,1575,2.920166015625,2.8596343421936035,0,0.10920634920634921,0.22,German,6,Markus Schneider,Italian,9
GRU,1576,2.9787943363189697,2.8617020320892332,0,0.10913705583756345,0.22,Irish,8,Ciarán Kennedy,Italian,9
GRU,1577,2.9004855155944824,2.8640014505386353,0,0.10906785034876347,0.22,Czech,2,Ondřej Veselý,Italian,9
GRU,1578,2.801377773284912,2.8626525831222533,0,0.10899873257287707,0.22,Dutch,3,Sophie Janssen,English,4
GRU,1579,3.030839443206787,2.8658050680160523,0,0.10892970234325522,0.22,French,5,Marcel Robert,English,4
GRU,1580,2.8420417308807373,2.8644823455810546,0,0.10886075949367088,0.22,Japanese,10,高橋拓也,Italian,9
GRU,1581,2.7574028968811035,2.864619002342224,1,0.10942441492726122,0.22,Russian,14,Евгений Петров,Russian,14
GRU,1582,3.0199358463287354,2.8675781297683716,0,0.10935524652338811,0.22,Irish,8,Brendan O'Connor,Italian,9
GRU,1583,2.8311030864715576,2.8685343885421752,0,0.10928616550852811,0.2,Scottish,15,Rory Fraser,English,4
GRU,1584,2.8608646392822266,2.867677330970764,0,0.10921717171717171,0.2,Japanese,10,中村大輔,Vietnamese,17
GRU,1585,2.782224178314209,2.8648378896713256,0,0.10914826498422713,0.2,Polish,12,Marek Zieliński,Italian,9
GRU,1586,2.7709286212921143,2.865064034461975,1,0.10970996216897856,0.2,Polish,12,Łukasz Zieliński,Polish,12
GRU,1587,2.7966811656951904,2.8643557405471802,0,0.10964083175803403,0.2,Dutch,3,Lars van Dijk,Polish,12
GRU,1588,2.895317316055298,2.865709924697876,0,0.10957178841309824,0.2,Korean,11,강하은,Vietnamese,17
GRU,1589,3.0178701877593994,2.8694469118118286,0,0.10950283196979232,0.2,French,5,Lucien d'Aubigné,Vietnamese,17
GRU,1590,2.764514923095703,2.868934307098389,1,0.11006289308176101,0.2,Italian,9,Stefano Ricci,Italian,9
GRU,1591,2.852163314819336,2.8685072231292725,0,0.10999371464487744,0.2,Czech,2,David Horák,Polish,12
GRU,1592,2.782414436340332,2.8688714694976807,1,0.11055276381909548,0.2,English,4,James Jones,English,4
GRU,1593,2.799085855484009,2.867131028175354,0,0.11048336472065286,0.2,Dutch,3,Pieter van den Berg,English,4
GRU,1594,2.71832537651062,2.8659231281280517,1,0.11104140526976161,0.22,Italian,9,Giovanni Russo,Italian,9
GRU,1595,3.0184648036956787,2.8690694332122804,0,0.11097178683385579,0.22,French,5,Nicolas Robert,Italian,9
GRU,1596,2.78082537651062,2.866766767501831,0,0.11090225563909774,0.22,English,4,Christopher Davis,Italian,9
GRU,1597,2.763792037963867,2.8648615980148318,0,0.110832811521603,0.22,Polish,12,Marcin Kamiński,Italian,9
GRU,1598,2.7725703716278076,2.865884108543396,0,0.11076345431789737,0.2,English,4,Joseph Wilson,Italian,9
GRU,1599,2.7532331943511963,2.8635374450683595,1,0.11131957473420888,0.22,Polish,12,Jakub Kamiński,Polish,12
GRU,1600,3.002596616744995,2.8682206010818483,0,0.11125,0.2,French,5,Émile Durand,Italian,9
GRU,1601,2.760828971862793,2.867945375442505,1,0.11180512179887571,0.22,Vietnamese,17,Võ Quân,Vietnamese,17
GRU,1602,2.99066424369812,2.872245988845825,0,0.11173533083645443,0.2,French,5,Benoît Dubois,Italian,9
GRU,1603,2.9832775592803955,2.8747921800613403,0,0.11166562694946974,0.2,French,5,Étienne Durand,Italian,9
GRU,1604,2.712813377380371,2.870660967826843,1,0.11221945137157108,0.22,Italian,9,Pietro Russo,Italian,9
GRU,1605,2.9821653366088867,2.873576798439026,0,0.11214953271028037,0.22,French,5,Arthur Robert,English,4
GRU,1606,2.757718801498413,2.8732587671279908,1,0.11270236612702367,0.22,Russian,14,Сергей Соколов,Russian,14
GRU,1607,2.949205160140991,2.8749353647232057,0,0.11263223397635345,0.22,Chinese,1,陈艳,Dutch,3
GRU,1608,3.0190932750701904,2.876037588119507,0,0.11256218905472637,0.22,Arabic,0,خالد الحسيني,Vietnamese,17
GRU,1609,2.7599360942840576,2.875146412849426,1,0.11311373523927906,0.24,English,4,Charles Williams,English,4
GRU,1610,2.748220205307007,2.873604860305786,1,0.11366459627329192,0.26,Polish,12,Krzysztof Zieliński,Polish,12
GRU,1611,2.8703839778900146,2.875053734779358,0,0.11359404096834265,0.26,Spanish,16,Francisco Gómez,Italian,9
GRU,1612,2.828117609024048,2.8703513717651368,0,0.11352357320099256,0.26,Scottish,15,Ewan Murray,Italian,9
GRU,1613,2.816779613494873,2.8710767793655396,0,0.1134531928084315,0.24,Scottish,15,Fraser Murray,Italian,9
GRU,1614,2.774165153503418,2.8656823205947877,0,0.11338289962825279,0.24,Russian,14,Борис Васильев,English,4
GRU,1615,2.965259552001953,2.864093246459961,0,0.11331269349845201,0.24,French,5,Augustin Bernard,Italian,9
GRU,1616,3.0258285999298096,2.868931303024292,0,0.11324257425742575,0.24,Arabic,0,ماجد القحطاني,Vietnamese,17
GRU,1617,2.7819883823394775,2.869366993904114,1,0.11379097093382808,0.24,Greek,7,Στέφανος Δημητρίου,Greek,7
GRU,1618,2.9450292587280273,2.8725719690322875,0,0.11372064276885044,0.24,Chinese,1,刘勇,Italian,9
GRU,1619,2.7876052856445312,2.867509865760803,1,0.11426806670784435,0.26,Greek,7,Ελένη Κωνσταντίνου,Greek,7
GRU,1620,2.7458672523498535,2.865362539291382,1,0.11481481481481481,0.28,Italian,9,Carlo Ferrari,Italian,9
GRU,1621,2.743415117263794,2.859468102455139,1,0.11536088834053054,0.3,Russian,14,Артём Соколов,Russian,14
GRU,1622,2.8779163360595703,2.8583347177505494,0,0.11528976572133169,0.3,Scottish,15,Alasdair Graham,English,4
GRU,1623,2.873779535293579,2.858821849822998,0,0.11521873074553296,0.3,Spanish,16,Javier Fernández,Italian,9
GRU,1624,2.8054146766662598,2.8543898487091064,0,0.11514778325123153,0.3,Dutch,3,Daan van den Berg,English,4
GRU,1625,2.7816874980926514,2.8516202783584594,0,0.11507692307692308,0.3,Vietnamese,17,Hoàng Minh,English,4
GRU,1626,2.7697291374206543,2.847438974380493,0,0.11500615006150061,0.3,Vietnamese,17,Đặng Minh,English,4
GRU,1627,2.9378764629364014,2.8481867933273315,0,0.11493546404425323,0.3,Chinese,1,周涛,Vietnamese,17
GRU,1628,2.7584965229034424,2.847329168319702,1,0.11547911547911548,0.32,Russian,14,Юрий Васильев,Russian,14
GRU,1629,2.9415745735168457,2.845543870925903,0,0.11540822590546347,0.32,German,6,Andreas Meyer,Italian,9
GRU,1630,2.8027143478393555,2.8447573232650756,0,0.11533742331288344,0.32,Dutch,3,Daan Meijer,Italian,9
GRU,1631,2.767627477645874,2.8449618148803713,1,0.11587982832618025,0.32,Greek,7,Μαρία Δημητρίου,Greek,7
GRU,1632,2.909911632537842,2.8427613306045534,0,0.11580882352941177,0.32,Chinese,1,杨明,English,4
GRU,1633,3.023315191268921,2.8466055727005006,0,0.1157379056950398,0.32,Irish,8,Eoin O'Sullivan,Vietnamese,17
GRU,1634,2.865828514099121,2.846704850196838,0,0.11566707466340269,0.32,Czech,2,David Procházka,Italian,9
GRU,1635,2.795366048812866,2.8469676876068117,0,0.11559633027522936,0.32,Dutch,3,Anne Meijer,Italian,9
GRU,1636,2.760728359222412,2.8467636823654177,1,0.11613691931540342,0.32,Greek,7,Αθανάσιος Γεωργίου,Greek,7
GRU,1637,2.939242124557495,2.8496149015426635,0,0.11606597434331094,0.32,Korean,11,임지훈,Vietnamese,17
GRU,1638,2.875014066696167,2.849208836555481,0,0.115995115995116,0.32,Portuguese,13,António Ferreira,Italian,9
GRU,1639,2.766961097717285,2.8441906547546387,1,0.11653447223917023,0.34,English,4,Matthew Williams,English,4
GRU,1640,2.930448055267334,2.8475093173980714,0,0.11646341463414635,0.32,German,6,Maximilian Müller,Italian,9
GRU,1641,2.9092447757720947,2.8486509466171266,0,0.11639244363193176,0.32,Korean,11,조서연,Greek,7
GRU,1642,3.0096426010131836,2.8531955099105835,0,0.11632155907429964,0.3,Irish,8,Ciarán Gallagher,English,4
GRU,1643,2.762852907180786,2.852470850944519,1,0.11685940353012782,0.32,Vietnamese,17,Lê Dũng,Vietnamese,17
GRU,1644,2.8535916805267334,2.855176177024841,0,0.11678832116788321,0.3,Japanese,10,加藤太郎,Vietnamese,17
GRU,1645,2.715529441833496,2.849117469787598,1,0.11732522796352583,0.32,Italian,9,Paolo Esposito,Italian,9
GRU,1646,2.9770493507385254,2.8530419492721557,0,0.1172539489671932,0.32,Irish,8,Brendan McCarthy,English,4
GRU,1647,2.7795169353485107,2.8533564472198485,0,0.11718275652701882,0.32,Dutch,3,Lucas Jansen,English,4
GRU,1648,2.860896110534668,2.855122961997986,0,0.1171116504854369,0.32,Portuguese,13,Ricardo Silva,Italian,9
GRU,1649,3.01027250289917,2.8602637481689452,0,0.1170406306852638,0.3,Irish,8,Fionn O'Connor,Italian,9
GRU,1650,2.7805285453796387,2.855822386741638,0,0.11696969696969697,0.3,English,4,J.R. Taylor,Italian,9
GRU,1651,2.7719061374664307,2.856043930053711,0,0.11689884918231375,0.28,English,4,Michael Brown,Vietnamese,17
GRU,1652,2.736393928527832,2.8509585237503052,1,0.11743341404358354,0.3,English,4,Robert St. John,English,4
GRU,1653,2.8437297344207764,2.8481675672531126,0,0.11736237144585603,0.3,Japanese,10,田中直子,English,4
GRU,1654,2.767676830291748,2.8492648363113404,0,0.11729141475211609,0.28,Polish,12,Paweł Lewandowski,Italian,9
GRU,1655,2.742471694946289,2.8444709634780883,1,0.11782477341389729,0.3,English,4,Joseph Wilson,English,4
GRU,1656,3.003758192062378,2.849391751289368,0,0.11775362318840579,0.28,Irish,8,Seán O'Connor,English,4
GRU,1657,2.863401174545288,2.847675671577454,0,0.11768255884127941,0.28,Portuguese,13,Bruno Oliveira,English,4
GRU,1658,2.7420542240142822,2.8421348905563355,1,0.11821471652593486,0.3,Russian,14,Юрий Иванов,Russian,14
GRU,1659,2.868980646133423,2.844315781593323,0,0.11814345991561181,0.28,Czech,2,Tomáš Procházka,English,4
GRU,1660,2.8786239624023438,2.8469238567352293,0,0.1180722891566265,0.26,Spanish,16,Juan Díaz,Italian,9
GRU,1661,2.9936161041259766,2.8493884992599487,0,0.11800120409391933,0.26,Irish,8,Maeve O'Connor,English,4
GRU,1662,2.901803731918335,2.8508622217178345,0,0.11793020457280386,0.26,Korean,11,강서연,Italian,9
GRU,1663,2.853188991546631,2.8515904092788698,0,0.11785929043896573,0.26,Scottish,15,Duncan Stewart,English,4
GRU,1664,3.0366835594177246,2.8568407773971556,0,0.11778846153846154,0.26,Arabic,0,نورالدين القحطاني,Vietnamese,17
GRU,1665,2.8670902252197266,2.8548773908615113,0,0.11771771771771772,0.26,Czech,2,Ondřej Němec,English,4
GRU,1666,2.736781358718872,2.8490964460372923,1,0.11824729891956783,0.28,Russian,14,Андрей Михайлов,Russian,14
GRU,1667,2.906344413757324,2.8515835666656493,0,0.11817636472705459,0.26,Korean,11,김서연,Italian,9
GRU,1668,2.781707525253296,2.8483171319961547,0,0.11810551558752998,0.26,Vietnamese,17,Huỳnh Bình,English,4
GRU,1669,2.9416251182556152,2.8513975286483766,0,0.11803475134811264,0.24,German,6,Stefan Meyer,English,4
GRU,1670,2.938514232635498,2.8552504682540896,0,0.11796407185628742,0.22,German,6,Michael Wagner,English,4
GRU,1671,2.978512763977051,2.8599524211883547,0,0.11789347695990425,0.2,Irish,8,Liam O'Sullivan,English,4
GRU,1672,2.782611846923828,2.8580463314056397,0,0.11782296650717704,0.2,Italian,9,Fabio Bianchi,English,4
GRU,1673,2.7700600624084473,2.855971941947937,0,0.1177525403466826,0.2,Vietnamese,17,Vũ Hoàng,English,4
GRU,1674,2.745216131210327,2.8547679710388185,0,0.11768219832735961,0.2,English,4,William Wilson,Vietnamese,17
GRU,1675,2.8480072021484375,2.856094365119934,0,0.11761194029850747,0.2,Scottish,15,Gordon Stewart,English,4
GRU,1676,2.9416234493255615,2.8595322513580324,0,0.1175417661097852,0.2,Chinese,1,王艳,English,4
GRU,1677,2.7863197326660156,2.8565011167526246,0,0.1174716756112105,0.2,Dutch,3,Jan Smit,English,4
GRU,1678,2.7296929359436035,2.8559250450134277,1,0.11799761620977355,0.2,Russian,14,Артём Иванов,Russian,14
GRU,1679,2.7894556522369385,2.8528826665878295,0,0.1179273377010125,0.2,Dutch,3,Jan de Vries,English,4
GRU,1680,2.7138054370880127,2.851104488372803,1,0.11845238095238095,0.22,Russian,14,Павел Попов,Russian,14
GRU,1681,3.0237271785736084,2.8562264823913575,0,0.11838191552647234,0.2,Arabic,0,عبدالله الهاشمي,Vietnamese,17
GRU,1682,2.944295883178711,2.8569141674041747,0,0.11831153388822829,0.2,German,6,Lukas Schulz,Italian,9
GRU,1683,2.749185800552368,2.851431579589844,0,0.11824123588829472,0.2,English,4,Richard Taylor,Italian,9
GRU,1684,2.750810146331787,2.849131212234497,0,0.11817102137767221,0.2,Italian,9,Alessandro Ferrari,English,4
GRU,1685,2.9173526763916016,2.8515709447860718,0,0.11810089020771514,0.2,Irish,8,Conor Kelly,English,4
GRU,1686,2.9099528789520264,2.854555435180664,0,0.11803084223013048,0.18,Korean,11,최성민,Dutch,3
GRU,1687,2.8920106887817383,2.853610806465149,0,0.11796087729697688,0.18,Czech,2,Daniel Černý,Dutch,3
GRU,1688,2.9950976371765137,2.856012477874756,0,0.1178909952606635,0.18,French,5,Marcel Martin,English,4
GRU,1689,2.7762444019317627,2.8561981439590456,0,0.11782119597394908,0.16,Polish,12,Jan Szymański,English,4
GRU,1690,2.7104837894439697,2.851798858642578,1,0.11834319526627218,0.18,Italian,9,Domenico Greco,Italian,9
GRU,1691,2.7792723178863525,2.8491994094848634,1,0.11886457717327026,0.2,Greek,7,Ανδρέας Αθανασίου,Greek,7
GRU,1692,2.8617868423461914,2.8462422943115233,0,0.11879432624113476,0.2,Czech,2,Jan Němec,English,4
GRU,1693,2.770310163497925,2.846391439437866,0,0.11872415829887774,0.18,Dutch,3,Jan de Jong,English,4
GRU,1694,2.9304537773132324,2.8479286813735962,0,0.11865407319952774,0.18,German,6,Klaus Wagner,English,4
GRU,1695,2.8609347343444824,2.850836787223816,0,0.11858407079646018,0.16,Czech,2,Adam Svoboda,Italian,9
GRU,1696,2.7853033542633057,2.8470018672943116,1,0.11910377358490566,0.18,Greek,7,Σπυρίδων Κωνσταντίνου,Greek,7
GRU,1697,2.7164487838745117,2.8457405042648314,1,0.11962286387743076,0.2,Russian,14,Андрей Иванов,Russian,14
GRU,1698,3.024143934249878,2.8490054607391357,0,0.11955241460541814,0.2,Arabic,0,نورالدين الشمري,Italian,9
GRU,1699,2.868536949157715,2.8461707496643065,0,0.11948204826368453,0.2,Japanese,10,鈴木拓也,Italian,9
GRU,1700,2.8956518173217773,2.8484732151031493,0,0.11941176470588236,0.2,Portuguese,13,Filipe Jesus,English,4
GRU,1701,2.742967367172241,2.8478944396972654,1,0.11992945326278659,0.22,English,4,Robert Davis,English,4
GRU,1702,2.8774914741516113,2.8507163906097412,0,0.11985898942420682,0.2,Czech,2,Břetislav Novotný,Dutch,3
GRU,1703,2.7750749588012695,2.849343295097351,0,0.11978860833822666,0.2,Polish,12,Andrzej Kowalski,Italian,9
GRU,1704,2.772094964981079,2.8494316577911376,0,0.11971830985915492,0.2,Dutch,3,Kees Jansen,English,4
GRU,1705,2.852863073348999,2.851639485359192,0,0.11964809384164223,0.18,Japanese,10,伊藤誠,English,4
GRU,1706,2.708911895751953,2.8457425594329835,1,0.1201641266119578,0.2,Italian,9,Pietro Russo,Italian,9
GRU,1707,2.7499403953552246,2.843473343849182,1,0.12067955477445812,0.22,Polish,12,Zbigniew Woźniak,Polish,12
GRU,1708,2.7440319061279297,2.843512897491455,0,0.12060889929742388,0.2,English,4,William Taylor,Italian,9
GRU,1709,2.7140519618988037,2.8404143238067627,1,0.1211234640140433,0.22,English,4,Paul Smith,English,4
GRU,1710,2.9033432006835938,2.8409087085723876,0,0.12105263157894737,0.22,Spanish,16,David Pérez,Italian,9
GRU,1711,3.009507417678833,2.841226534843445,0,0.12098188194038574,0.22,Arabic,0,وليد المالكي,English,4
GRU,1712,2.9948673248291016,2.8430878067016603,0,0.12091121495327103,0.22,French,5,Lucien Richard,English,4
GRU,1713,2.9173500537872314,2.844371027946472,0,0.12084063047285463,0.22,Korean,11,임성민,Dutch,3
GRU,1714,2.940183162689209,2.842441020011902,0,0.12077012835472578,0.22,German,6,Hans Schulz,Italian,9
GRU,1715,2.7361295223236084,2.8398218059539797,1,0.12128279883381925,0.24,English,4,David Miller,English,4
GRU,1716,2.720341444015503,2.8394930076599123,1,0.12179487179487179,0.24,Russian,14,Олег Сидоров,Russian,14
GRU,1717,2.8523428440093994,2.8384129762649537,0,0.12172393709959231,0.24,Czech,2,Lukáš Svoboda,Italian,9
GRU,1718,2.693269968032837,2.8366442251205446,1,0.12223515715948778,0.26,English,4,Matthew St. John,English,4
GRU,1719,2.779132604598999,2.833394374847412,0,0.12216404886561955,0.26,Dutch,3,Thomas Visser,English,4
GRU,1720,2.752422571182251,2.829672541618347,0,0.12209302325581395,0.26,Polish,12,Mateusz Kowalczyk,English,4
GRU,1721,2.877842664718628,2.8276591396331785,0,0.12202208018593841,0.26,Portuguese,13,João Oliveira,English,4
GRU,1722,2.709033966064453,2.8261875820159914,1,0.12253193960511034,0.28,English,4,Michael Brown,English,4
GRU,1723,2.9969985485076904,2.830726351737976,0,0.122460824143935,0.28,Irish,8,Declan O'Connor,English,4
GRU,1724,2.8475537300109863,2.8327731037139894,0,0.12238979118329467,0.28,Czech,2,Tomáš Dvořák,English,4
GRU,1725,2.7942538261413574,2.8316980361938477,0,0.12231884057971014,0.28,Vietnamese,17,Vũ Minh,English,4
GRU,1726,2.713543176651001,2.8271364307403566,1,0.12282734646581692,0.3,Italian,9,Giuseppe Greco,Italian,9
GRU,1727,3.0149731636047363,2.831709499359131,0,0.12275622466705269,0.3,Arabic,0,إبراهيم الشمري,English,4
GRU,1728,2.737180709838867,2.831859254837036,0,0.12268518518518519,0.28,Italian,9,Marco Ferrari,English,4
GRU,1729,2.9025800228118896,2.834121742248535,0,0.12261422787738577,0.28,Spanish,16,Pablo Pérez,Italian,9
GRU,1730,2.884755849838257,2.83754075050354,0,0.12254335260115606,0.26,Spanish,16,Javier González,English,4
GRU,1731,2.7301199436187744,2.8316686058044436,0,0.12247255921432698,0.26,Polish,12,Kamil Wójcik,English,4
GRU,1732,2.9805898666381836,2.8323944854736327,0,0.12240184757505773,0.26,Chinese,1,刘芳,English,4
GRU,1733,2.868547201156616,2.8347817134857176,0,0.12233121754183497,0.26,Scottish,15,Aileen Stewart,English,4
GRU,1734,2.7765462398529053,2.83529643535614,0,0.12226066897347174,0.26,Dutch,3,Pieter van den Berg,English,4
GRU,1735,2.9155781269073486,2.835260944366455,0,0.12219020172910663,0.26,Scottish,15,Duncan Douglas,English,4
GRU,1736,2.839426279067993,2.833850412368774,0,0.12211981566820276,0.26,Czech,2,Daniel Kučera,English,4
GRU,1737,2.9990406036376953,2.8359910106658934,0,0.12204951065054692,0.26,Arabic,0,كريم الغامدي,English,4
GRU,1738,2.8608033657073975,2.833305125236511,0,0.12197928653624857,0.26,Japanese,10,鈴木京子,English,4
GRU,1739,2.7467715740203857,2.8327156686782837,0,0.12190914318573894,0.26,Polish,12,Paweł Zieliński,English,4
GRU,1740,2.8770503997802734,2.8360470008850096,0,0.12183908045977011,0.24,Portuguese,13,Tiago Oliveira,English,4
GRU,1741,2.8459441661834717,2.837380437850952,0,0.12176909821941413,0.22,Vietnamese,17,Võ Nam,English,4
GRU,1742,3.011073112487793,2.840366163253784,0,0.12169919632606199,0.22,French,5,Nicolas L'Hôpital,English,4
GRU,1743,2.892765522003174,2.8428152704238894,0,0.12162937464142283,0.22,Scottish,15,Stuart Robertson,English,4
GRU,1744,2.8336594104766846,2.840879383087158,0,0.12155963302752294,0.22,Czech,2,Martin Novák,English,4
GRU,1745,2.822380304336548,2.8401082944869995,0,0.12148997134670488,0.22,Czech,2,Tomáš Novák,English,4
GRU,1746,2.985787868499756,2.8441179847717284,0,0.12142038946162657,0.2,Irish,8,Michael O'Brien,English,4
GRU,1747,2.9298956394195557,2.8483869218826294,0,0.12135088723526044,0.18,Chinese,1,王明,English,4
GRU,1748,2.744046449661255,2.842784972190857,0,0.12128146453089245,0.18,Polish,12,Mateusz Lewandowski,English,4
GRU,1749,2.700746774673462,2.8394291687011717,1,0.12178387650085763,0.2,Italian,9,Alessandro Marino,Italian,9
GRU,1750,2.8874096870422363,2.839264326095581,0,0.12171428571428572,0.2,Spanish,16,Pedro Díaz,Italian,9
GRU,1751,2.8653109073638916,2.841711196899414,0,0.12164477441462021,0.18,Portuguese,13,Jorge Costa,English,4
GRU,1752,2.7344274520874023,2.83884991645813,1,0.12214611872146118,0.2,Polish,12,Piotr Kowalski,Polish,12
GRU,1753,2.7722361087799072,2.8387931394577026,0,0.12207644038790645,0.2,Vietnamese,17,Phan Quân,English,4
GRU,1754,2.7177162170410156,2.8377055644989015,1,0.1225769669327252,0.22,English,4,Daniel Brown,English,4
GRU,1755,2.8220391273498535,2.8370890855789184,0,0.1225071225071225,0.22,Czech,2,Václav Dvořák,Polish,12
GRU,1756,2.810650587081909,2.8391238594055177,0,0.1224373576309795,0.2,Czech,2,Josef Kučera,English,4
GRU,1757,2.9733035564422607,2.843591122627258,0,0.12236767216846899,0.18,German,6,Hannah Schmidt,English,4
GRU,1758,2.769078254699707,2.844092049598694,0,0.1222980659840728,0.18,Vietnamese,17,Hoàng Dũng,English,4
GRU,1759,2.722712755203247,2.8442652654647826,1,0.12279704377487209,0.18,Polish,12,Łukasz Zieliński,Polish,12
GRU,1760,2.8040647506713867,2.8422796964645385,0,0.12272727272727273,0.18,Czech,2,Václav Dvořák,Polish,12
GRU,1761,2.856912136077881,2.8392277908325196,0,0.12265758091993186,0.18,Portuguese,13,Miguel Sousa,English,4
GRU,1762,2.8138558864593506,2.8356075620651247,0,0.12258796821793416,0.18,Greek,7,Στέφανος Παπαδόπουλος,English,4
GRU,1763,2.8098089694976807,2.8334567403793334,0,0.12251843448667045,0.18,Greek,7,Ιωάννης Παπαδάκης,English,4
GRU,1764,2.8804244995117188,2.8322615671157836,0,0.12244897959183673,0.18,Portuguese,13,Luís Santos,English,4
GRU,1765,2.736920118331909,2.8322773790359497,0,0.12237960339943343,0.16,Russian,14,Павел Соколов,English,4
GRU,1766,2.9954922199249268,2.837780394554138,0,0.12231030577576443,0.14,Chinese,1,刘平,English,4
GRU,1767,2.9981818199157715,2.8406971740722655,0,0.12224108658743633,0.14,French,5,Jules Bernard,English,4
GRU,1768,3.016519546508789,2.8471621656417847,0,0.12217194570135746,0.12,Arabic,0,أحمد القحطاني,English,4
GRU,1769,2.718440294265747,2.8459483194351196,1,0.12266817410966648,0.14,English,4,J.R. Taylor,English,4
GRU,1770,3.052536725997925,2.851950602531433,0,0.12259887005649718,0.14,Arabic,0,أحمد النجار,English,4
GRU,1771,2.857365846633911,2.8515410661697387,0,0.1225296442687747,0.14,Scottish,15,Hamish Stewart,English,4
GRU,1772,2.8908157348632812,2.8551767015457155,0,0.12246049661399548,0.12,Spanish,16,Luis Sánchez,English,4
GRU,1773,2.990401268005371,2.855044755935669,0,0.12239142695995488,0.12,Irish,8,Liam O'Brien,English,4
GRU,1774,2.9429214000701904,2.856952109336853,0,0.12232243517474634,0.12,Korean,11,이예준,English,4
GRU,1775,2.9467549324035645,2.8600021314620974,0,0.12225352112676056,0.12,Irish,8,Fionn Kennedy,English,4
GRU,1776,2.8000078201293945,2.861731424331665,0,0.12218468468468469,0.1,Dutch,3,Sophie Meijer,English,4
GRU,1777,2.9818227291107178,2.8610684156417845,0,0.1221159257175014,0.1,Arabic,0,حسن الغامدي,English,4
GRU,1778,2.852351188659668,2.8633718252182008,0,0.1220472440944882,0.1,Portuguese,13,Luís Pereira,English,4
GRU,1779,2.937208414077759,2.864064393043518,0,0.12197863968521641,0.1,Spanish,16,Pedro García,English,4
GRU,1780,2.9373152256011963,2.865115580558777,0,0.12191011235955056,0.1,Irish,8,Liam Kennedy,English,4
GRU,1781,2.8048453330993652,2.8666100883483887,0,0.12184166198764738,0.1,Czech,2,Ondřej Kučera,English,4
GRU,1782,2.7612905502319336,2.8622241020202637,0,0.12177328843995511,0.1,Russian,14,Иван Васильев,English,4
GRU,1783,2.9272499084472656,2.8633981561660766,0,0.12170499158721257,0.1,Korean,11,김수빈,English,4
GRU,1784,2.8957626819610596,2.8657824850082396,0,0.12163677130044843,0.1,Scottish,15,Fergus Graham,English,4
GRU,1785,3.008589506149292,2.867642712593079,0,0.12156862745098039,0.1,French,5,Mathieu Robert,English,4
GRU,1786,2.98799729347229,2.8706141328811645,0,0.12150055991041434,0.1,French,5,Étienne Petit,English,4
GRU,1787,2.7936880588531494,2.8665070819854734,0,0.12143256855064354,0.1,Dutch,3,Kees Visser,English,4
GRU,1788,2.7860019207000732,2.865011053085327,0,0.12136465324384788,0.1,Dutch,3,Anne de Vries,English,4
GRU,1789,2.931817054748535,2.8687119626998903,0,0.12129681386249301,0.1,Spanish,16,Alejandro García,English,4
GRU,1790,2.952444076538086,2.870219836235046,0,0.1212290502793296,0.1,Chinese,1,王敏,English,4
GRU,1791,2.8036327362060547,2.869373607635498,0,0.12116136236739251,0.1,Greek,7,Θεόδωρος Παπαδόπουλος,English,4
GRU,1792,2.8482110500335693,2.8661163663864135,0,0.12109375,0.1,Scottish,15,Niall Stewart,English,4
GRU,1793,2.735727310180664,2.8629756021499633,1,0.12158393753485779,0.12,Polish,12,Zbigniew Kowalski,Polish,12
GRU,1794,2.9862356185913086,2.8660271263122556,0,0.12151616499442586,0.12,French,5,Hugo Martin,English,4
GRU,1795,2.7900032997131348,2.8653795862197877,0,0.12144846796657381,0.12,Vietnamese,17,Đặng Cường,English,4
GRU,1796,2.8523154258728027,2.8627101373672486,0,0.12138084632516703,0.12,Portuguese,13,Filipe Ferreira,English,4
GRU,1797,2.8826067447662354,2.861764359474182,0,0.1213132999443517,0.12,Japanese,10,田中直子,English,4
GRU,1798,2.8325672149658203,2.8635347747802733,0,0.12124582869855395,0.12,Portuguese,13,Carlos Sousa,English,4
GRU,1799,2.889019250869751,2.8673002243041994,0,0.12117843246247915,0.1,Japanese,10,田中美咲,English,4
GRU,1800,2.8464841842651367,2.8664817142486574,0,0.12111111111111111,0.1,Czech,2,Jakub Veselý,Dutch,3
GRU,1801,2.9361352920532227,2.867898201942444,0,0.12104386451971128,0.1,Korean,11,이서준,English,4
GRU,1802,2.867431879043579,2.870558290481567,0,0.12097669256381798,0.08,Spanish,16,Luis Gómez,English,4
GRU,1803,2.9381630420684814,2.873876829147339,0,0.1209095951192457,0.08,Chinese,1,张丽,English,4
GRU,1804,2.8004612922668457,2.8755317306518555,0,0.12084257206208426,0.06,Greek,7,Σπυρίδων Κωνσταντίνου,English,4
GRU,1805,2.9584274291992188,2.878259496688843,0,0.12077562326869806,0.06,Chinese,1,杨娜,English,4
GRU,1806,2.788597822189331,2.8778184413909913,0,0.12070874861572536,0.06,Czech,2,Václav Procházka,English,4
GRU,1807,2.731334686279297,2.872979063987732,1,0.12119535141117875,0.08,Italian,9,Vincenzo Greco,Italian,9
GRU,1808,2.784303903579712,2.873283576965332,0,0.12112831858407079,0.08,Italian,9,Carlo Bianchi,English,4
GRU,1809,2.83091402053833,2.875447602272034,0,0.12106135986733002,0.06,Czech,2,Petr Veselý,Italian,9
GRU,1810,2.740518093109131,2.8741766691207884,1,0.12154696132596685,0.08,Russian,14,Андрей Иванов,Russian,14
GRU,1811,2.9249985218048096,2.875538396835327,0,0.12147984538928769,0.08,Korean,11,박도윤,English,4
GRU,1812,2.754115581512451,2.8743435907363892,0,0.12141280353200883,0.08,Italian,9,Davide Ricci,English,4
GRU,1813,2.7017154693603516,2.8721817207336424,1,0.12189740761169332,0.1,Italian,9,Giovanni Greco,Italian,9
GRU,1814,2.779435634613037,2.870161943435669,1,0.12238147739801543,0.12,Greek,7,Αικατερίνη Αθανασίου,Greek,7
GRU,1815,2.911324977874756,2.8736500406265257,0,0.12231404958677686,0.12,Korean,11,윤도윤,English,4
GRU,1816,2.89241886138916,2.8715885734558104,0,0.1222466960352423,0.12,Scottish,15,Stuart Robertson,English,4
GRU,1817,3.0163331031799316,2.8719515991210938,0,0.12217941662080352,0.12,German,6,Thomas Hoffmann,English,4
GRU,1818,2.8474340438842773,2.8685698890686036,0,0.12211221122112212,0.12,Vietnamese,17,Đặng Nam,English,4
GRU,1819,2.794544219970703,2.870091967582703,0,0.12204507971412865,0.1,Greek,7,Αικατερίνη Παπαδάκης,Italian,9
GRU,1820,2.997774600982666,2.8689967250823973,0,0.12197802197802197,0.1,Arabic,0,خالد الهاشمي,Italian,9
GRU,1821,3.046083927154541,2.87277108669281,0,0.12191103789126853,0.1,Arabic,0,مصطفى النجار,Italian,9
GRU,1822,2.7769951820373535,2.8704946756362917,0,0.12184412733260154,0.1,Vietnamese,17,Hoàng Hùng,English,4
GRU,1823,2.9708902835845947,2.870104455947876,0,0.12177729018102029,0.1,Arabic,0,حسن الغامدي,English,4
GRU,1824,2.9772984981536865,2.8707919979095458,0,0.12171052631578948,0.1,Arabic,0,ماجد القحطاني,Vietnamese,17
GRU,1825,2.727893590927124,2.866414771080017,1,0.12219178082191781,0.12,Polish,12,Jakub Woźniak,Polish,12
GRU,1826,2.7011420726776123,2.8644374561309816,1,0.12267250821467689,0.14,Italian,9,Fabio Russo,Italian,9
GRU,1827,2.954287528991699,2.863886752128601,0,0.12260536398467432,0.14,German,6,Maximilian Wagner,English,4
GRU,1828,2.764772415161133,2.8621351766586303,1,0.12308533916849015,0.16,Greek,7,Χρήστος Αθανασίου,Greek,7
GRU,1829,2.8754961490631104,2.8609009313583376,0,0.12301804264625478,0.16,Scottish,15,Rory MacDonald,Italian,9
GRU,1830,2.7233245372772217,2.856621117591858,1,0.12349726775956284,0.18,English,4,Robert St. John,English,4
GRU,1831,2.9278178215026855,2.8590805673599244,0,0.12342981977061715,0.18,Irish,8,Conor Kelly,Italian,9
GRU,1832,2.9801459312438965,2.8634576749801637,0,0.12336244541484716,0.18,Chinese,1,张平,English,4
GRU,1833,2.8823258876800537,2.8625591945648194,0,0.12329514457174032,0.18,Spanish,16,Diego Martínez,Italian,9
GRU,1834,2.9110920429229736,2.8628657817840577,0,0.12322791712104689,0.18,Korean,11,강하은,Polish,12
GRU,1835,2.835350275039673,2.859400997161865,0,0.12316076294277929,0.18,Czech,2,Jiří Veselý,Italian,9
GRU,1836,2.793273448944092,2.8555065202713013,0,0.12309368191721133,0.18,Dutch,3,Lars Janssen,English,4
GRU,1837,2.743253231048584,2.85449782371521,0,0.12302667392487751,0.18,English,4,Michael Taylor,Italian,9
GRU,1838,2.7322282791137695,2.8534223508834837,1,0.1235038084874864,0.2,Polish,12,Szymon Nowak,Polish,12
GRU,1839,2.9527170658111572,2.8538403511047363,0,0.12343665035345297,0.2,Chinese,1,杨艳,English,4
GRU,1840,2.7303273677825928,2.8493980169296265,1,0.12391304347826088,0.22,English,4,James Brown,English,4
GRU,1841,2.698568820953369,2.8472967386245727,1,0.12438891906572515,0.24,Italian,9,Fabio Esposito,Italian,9
GRU,1842,2.892606496810913,2.8481846475601196,0,0.1243213897937025,0.24,Japanese,10,渡辺太郎,English,4
GRU,1843,2.8719425201416016,2.8509089517593384,0,0.12425393380358112,0.22,Japanese,10,伊藤花子,English,4
GRU,1844,2.7519850730895996,2.8462239408493044,0,0.12418655097613883,0.22,Russian,14,Евгений Смирнов,English,4
GRU,1845,2.7790422439575195,2.846004719734192,0,0.12411924119241192,0.22,Greek,7,Σοφία Παπαδόπουλος,Italian,9
GRU,1846,2.983531951904297,2.848629050254822,0,0.12405200433369447,0.22,German,6,Friedrich Schmidt,English,4
GRU,1847,2.78833270072937,2.8467435693740843,0,0.12398484028153763,0.22,Dutch,3,Lotte Jansen,English,4
GRU,1848,2.788867473602295,2.845869574546814,0,0.12391774891774891,0.22,Dutch,3,Willem de Vries,English,4
GRU,1849,2.735396385192871,2.8427971172332764,1,0.12439156300703083,0.24,Russian,14,Юрий Попов,Russian,14
GRU,1850,2.8654375076293945,2.8431761837005616,0,0.12432432432432433,0.24,Japanese,10,渡辺健,Italian,9
GRU,1851,2.7652931213378906,2.839759340286255,0,0.1242571582928147,0.24,Dutch,3,Sophie Janssen,English,4
GRU,1852,2.918536901473999,2.8407814407348635,0,0.12419006479481641,0.24,Korean,11,임하은,Italian,9
GRU,1853,2.939575672149658,2.840809693336487,0,0.124123043712898,0.24,German,6,Maximilian Meyer,English,4
GRU,1854,2.6936533451080322,2.8386735343933105,1,0.12459546925566344,0.26,Italian,9,Vincenzo Romano,Italian,9
GRU,1855,2.9260904788970947,2.838026795387268,0,0.12452830188679245,0.26,Irish,8,Niall Kelly,Italian,9
GRU,1856,2.824467420578003,2.8387441873550414,0,0.12446120689655173,0.26,Czech,2,Jan Novotný,Dutch,3
GRU,1857,2.680468797683716,2.83772686958313,1,0.12493268712977922,0.26,Italian,9,Alessandro Greco,Italian,9
GRU,1858,2.922675609588623,2.840494303703308,0,0.12486544671689989,0.26,Chinese,1,张明,English,4
GRU,1859,2.879070281982422,2.84145742893219,0,0.12479827864443249,0.26,Japanese,10,鈴木彩,Italian,9
GRU,1860,2.7887253761291504,2.8424215745925903,0,0.12473118279569892,0.24,Czech,2,Pavel Němec,Italian,9
GRU,1861,2.7778828144073486,2.8394792604446413,0,0.1246641590542719,0.24,Greek,7,Θεόδωρος Νικολάου,Italian,9
GRU,1862,2.744229793548584,2.8392815446853636,0,0.12459720730397422,0.24,Polish,12,Wojciech Lewandowski,Italian,9
GRU,1863,2.9807488918304443,2.844862213134766,0,0.12453032742887815,0.22,Chinese,1,吴娟,Italian,9
GRU,1864,2.6748692989349365,2.842770886421204,1,0.125,0.22,Italian,9,Fabio Esposito,Italian,9
GRU,1865,3.0109293460845947,2.8447629737854006,0,0.12493297587131368,0.22,French,5,Gabriel Martin,English,4
GRU,1866,2.7287402153015137,2.8414894008636473,0,0.12486602357984995,0.22,Polish,12,Kamil Kamiński,Italian,9
GRU,1867,2.8079864978790283,2.8373224687576295,0,0.12479914301017675,0.22,Vietnamese,17,Đặng Linh,English,4
GRU,1868,2.783507823944092,2.836043944358826,0,0.1247323340471092,0.22,Vietnamese,17,Phạm Dũng,English,4
GRU,1869,2.7867343425750732,2.835887746810913,0,0.12466559657570893,0.22,Dutch,3,Anne Bakker,English,4
GRU,1870,2.756070137023926,2.831053657531738,0,0.12459893048128343,0.22,Dutch,3,Sem Jansen,English,4
GRU,1871,2.7429261207580566,2.824990501403809,0,0.12453233564938536,0.22,Dutch,3,Hendrik de Jong,English,4
GRU,1872,2.9923436641693115,2.8292974710464476,0,0.12446581196581197,0.22,Chinese,1,周平,Italian,9
GRU,1873,2.7833800315856934,2.8255472660064695,0,0.12439935931660438,0.22,Greek,7,Αθανάσιος Παπαδάκης,Italian,9
GRU,1874,2.938535690307617,2.824772009849548,0,0.12433297758804696,0.22,German,6,Klaus Meyer,English,4
GRU,1875,2.902163028717041,2.8282573986053468,0,0.12426666666666666,0.2,Korean,11,장지민,Dutch,3
GRU,1876,2.8282341957092285,2.830799241065979,0,0.1242004264392324,0.18,Czech,2,Michal Veselý,Italian,9
GRU,1877,2.9674534797668457,2.831062560081482,0,0.1241342567927544,0.18,Irish,8,Aoife Murphy,English,4
GRU,1878,3.0015461444854736,2.8357980346679685,0,0.12406815761448349,0.16,Arabic,0,وليد الحداد,English,4
GRU,1879,2.947705030441284,2.837242212295532,0,0.1240021287919106,0.16,German,6,Dieter Schulz,Italian,9
GRU,1880,2.749835729598999,2.8377724361419676,1,0.12446808510638298,0.16,Russian,14,Максим Петров,Russian,14
GRU,1881,2.800992965698242,2.835235939025879,0,0.12440191387559808,0.16,Czech,2,Martin Černý,Dutch,3
GRU,1882,2.739281177520752,2.830418643951416,1,0.12486716259298619,0.18,Dutch,3,Thomas de Jong,Dutch,3
GRU,1883,2.735048532485962,2.8274730968475343,1,0.1253319171534785,0.2,Russian,14,Максим Иванов,Russian,14
GRU,1884,3.0106303691864014,2.8294638633728026,0,0.12526539278131635,0.2,French,5,François Dubois,Italian,9
GRU,1885,2.870873212814331,2.830174322128296,0,0.12519893899204243,0.2,Portuguese,13,Pedro Sousa,Italian,9
GRU,1886,2.7347524166107178,2.8290039014816286,0,0.12513255567338283,0.2,Polish,12,Marcin Lewandowski,Dutch,3
GRU,1887,2.971216917037964,2.833563175201416,0,0.12506624271330152,0.2,Arabic,0,سليم الغامدي,Italian,9
GRU,1888,2.8707964420318604,2.836334538459778,0,0.125,0.18,Portuguese,13,Carlos Ferreira,Italian,9
GRU,1889,2.918499231338501,2.835650181770325,0,0.12493382742191636,0.18,Korean,11,박수빈,Italian,9
GRU,1890,2.9977478981018066,2.840998592376709,0,0.12486772486772486,0.16,French,5,Jules Petit,Dutch,3
GRU,1891,2.9731807708740234,2.8464908313751223,0,0.12480169222633528,0.14,Irish,8,Aidan Doyle,Italian,9
GRU,1892,2.7339084148406982,2.843316869735718,1,0.12526427061310783,0.16,English,4,Thomas Smith,English,4
GRU,1893,2.759342908859253,2.8410648775100706,1,0.12572636027469625,0.18,Greek,7,Αλέξανδρος Αλεξίου,Greek,7
GRU,1894,2.6808559894561768,2.839642295837402,1,0.12618796198521648,0.2,Italian,9,Francesco Colombo,Italian,9
GRU,1895,2.9021060466766357,2.842103571891785,0,0.12612137203166227,0.2,Portuguese,13,João Martins,English,4
GRU,1896,2.899639129638672,2.840425715446472,0,0.1260548523206751,0.2,Scottish,15,Rory MacDonald,Italian,9
GRU,1897,2.7836925983428955,2.8403329133987425,0,0.12598840274117026,0.2,Czech,2,Marek Dvořák,Polish,12
GRU,1898,2.7297449111938477,2.839150462150574,0,0.12592202318229714,0.2,Polish,12,Kamil Kowalski,Italian,9
GRU,1899,2.8551793098449707,2.8415461206436157,0,0.12585571353343866,0.18,Portuguese,13,Gonçalo Ferreira,Italian,9
GRU,1900,2.9068844318389893,2.8423750591278076,0,0.12578947368421053,0.18,Spanish,16,Daniel Rodríguez,Italian,9
GRU,1901,2.853317975997925,2.8441355562210084,0,0.12572330352446082,0.18,Vietnamese,17,Nguyễn Đức,Italian,9
GRU,1902,2.7065417766571045,2.8398956537246702,1,0.12618296529968454,0.2,Polish,12,Andrzej Woźniak,Polish,12
GRU,1903,2.9065451622009277,2.839235043525696,0,0.1261166579085654,0.2,Korean,11,조현우,Dutch,3
GRU,1904,2.8461849689483643,2.8422856760025024,0,0.12605042016806722,0.18,Vietnamese,17,Phan Đức,Italian,9
GRU,1905,2.9123504161834717,2.84201087474823,0,0.12598425196850394,0.18,Korean,11,윤성민,Dutch,3
GRU,1906,2.8944573402404785,2.8434106731414794,0,0.1259181532004197,0.18,Spanish,16,Carlos López,Italian,9
GRU,1907,2.6844959259033203,2.8434912157058716,1,0.1263765076035658,0.18,Polish,12,Mateusz Wójcik,Polish,12
GRU,1908,2.999189853668213,2.8450215005874635,0,0.12631027253668764,0.18,French,5,François Martin,English,4
GRU,1909,2.924487352371216,2.8459298419952392,0,0.12624410686223153,0.18,Japanese,10,中村大輔,Italian,9
GRU,1910,2.770014524459839,2.845555624961853,0,0.1261780104712042,0.18,Greek,7,Χρήστος Παπαδόπουλος,Italian,9
GRU,1911,2.962883234024048,2.849255633354187,0,0.1261119832548404,0.18,Irish,8,Aidan Murphy,English,4
GRU,1912,2.8581461906433105,2.8515339612960817,0,0.1260460251046025,0.18,Scottish,15,Rory Fraser,English,4
GRU,1913,2.9015660285949707,2.8499503040313723,0,0.12598013591217982,0.18,Korean,11,임서연,Italian,9
GRU,1914,2.747343063354492,2.851399779319763,1,0.12643678160919541,0.18,Greek,7,Γεώργιος Γεωργίου,Greek,7
GRU,1915,2.7657618522644043,2.8464964294433592,0,0.12637075718015667,0.18,Dutch,3,Hendrik van den Berg,English,4
GRU,1916,2.734571933746338,2.846613063812256,1,0.1268267223382046,0.2,Greek,7,Βασίλειος Δημητρίου,Greek,7
GRU,1917,2.781425952911377,2.846081852912903,0,0.1267605633802817,0.2,Vietnamese,17,Đặng Hùng,Dutch,3
GRU,1918,2.9508821964263916,2.849429340362549,0,0.1266944734098019,0.2,Chinese,1,周明,Polish,12
GRU,1919,2.7309179306030273,2.848313012123108,1,0.12714955706096925,0.22,Greek,7,Χρήστος Βασιλείου,Greek,7
GRU,1920,2.704019546508789,2.847272000312805,1,0.12760416666666666,0.24,Polish,12,Łukasz Kowalczyk,Polish,12
GRU,1921,3.0094754695892334,2.8526029872894285,0,0.12753774076002083,0.24,French,5,Étienne Thomas,English,4
GRU,1922,2.7202939987182617,2.8471619939804076,1,0.1279916753381894,0.26,Greek,7,Θεόδωρος Βασιλείου,Greek,7
GRU,1923,2.8830947875976562,2.8491562891006468,0,0.12792511700468018,0.26,Japanese,10,加藤蓮,Dutch,3
GRU,1924,2.8924546241760254,2.8482346677780153,0,0.12785862785862787,0.26,Korean,11,윤도윤,Dutch,3
GRU,1925,2.994422674179077,2.8500798606872557,0,0.1277922077922078,0.26,Arabic,0,محمد القحطاني,Polish,12
GRU,1926,2.911447525024414,2.8517441272735597,0,0.1277258566978193,0.26,Korean,11,윤정훈,Dutch,3
GRU,1927,2.7595088481903076,2.847585234642029,0,0.1276595744680851,0.26,English,4,William Wilson,Italian,9
GRU,1928,2.9527828693389893,2.846609969139099,0,0.1275933609958506,0.26,German,6,Michael Wagner,English,4
GRU,1929,2.758859872817993,2.842833065986633,1,0.12804561949196475,0.28,Vietnamese,17,Phạm Tuấn,Vietnamese,17
GRU,1930,2.986656904220581,2.847569489479065,0,0.12797927461139896,0.26,French,5,Étienne Durand,Dutch,3
GRU,1931,2.9486238956451416,2.8505221080780028,0,0.12791299844640083,0.26,Chinese,1,李敏,English,4
GRU,1932,2.969794273376465,2.855132369995117,0,0.12784679089026915,0.24,Chinese,1,张平,Dutch,3
GRU,1933,2.7251741886138916,2.854934883117676,1,0.12829798241076049,0.24,Greek,7,Αλέξανδρος Παπαδόπουλος,Greek,7
GRU,1934,2.8964080810546875,2.8526504373550416,0,0.1282316442605998,0.24,Spanish,16,Carlos Sánchez,Greek,7
GRU,1935,2.968360662460327,2.8546001863479615,0,0.1281653746770026,0.24,Arabic,0,خالد الغامدي,Polish,12
GRU,1936,2.9789717197418213,2.8594845724105835,0,0.128099173553719,0.24,German,6,Johannes Schmidt,Dutch,3
GRU,1937,2.877351999282837,2.8576072740554808,0,0.12803304078471864,0.24,Japanese,10,加藤直子,Dutch,3
GRU,1938,2.9879205226898193,2.85994975566864,0,0.12796697626418987,0.24,French,5,Benoît Robert,English,4
GRU,1939,2.9225540161132812,2.8600308513641357,0,0.12790097988653945,0.24,Chinese,1,王丽,Dutch,3
GRU,1940,2.7555723190307617,2.8551873397827148,0,0.12783505154639174,0.24,English,4,Christopher Wilson,Italian,9
GRU,1941,2.727360963821411,2.8502709436416627,1,0.12828438948995363,0.26,English,4,Andrew St. John,English,4
GRU,1942,2.7609565258026123,2.8508119058609007,0,0.1282183316168898,0.24,Dutch,3,Lucas Janssen,English,4
GRU,1943,2.892559766769409,2.853476243019104,0,0.12815234173957799,0.22,Korean,11,김예은,Polish,12
GRU,1944,2.8687241077423096,2.8572336053848266,0,0.12808641975308643,0.2,Korean,11,임민수,Dutch,3
GRU,1945,2.705974817276001,2.853310980796814,1,0.12853470437017994,0.22,Polish,12,Łukasz Zieliński,Polish,12
GRU,1946,2.7628955841064453,2.8505761098861693,0,0.12846865364850976,0.22,Dutch,3,Kees van Dijk,Polish,12
GRU,1947,2.7764806747436523,2.8504318714141847,0,0.12840267077555212,0.22,Italian,9,Antonio Bianchi,English,4
GRU,1948,2.7372186183929443,2.8505813455581666,1,0.12885010266940453,0.24,English,4,James Williams,English,4
GRU,1949,2.895991802215576,2.8513975954055786,0,0.12878399179066188,0.24,Portuguese,13,Manuel Jesus,English,4
GRU,1950,2.9445250034332275,2.8521504068374632,0,0.12871794871794873,0.24,Scottish,15,Fraser Douglas,English,4
GRU,1951,2.8833513259887695,2.8527510738372803,0,0.12865197334700154,0.24,Japanese,10,高橋健,Polish,12
GRU,1952,2.774672746658325,2.854113693237305,0,0.1285860655737705,0.22,Vietnamese,17,Võ Quân,English,4
GRU,1953,2.884287118911743,2.853668532371521,0,0.12852022529441884,0.22,Korean,11,박하은,Polish,12
GRU,1954,2.9844348430633545,2.856433529853821,0,0.1284544524053224,0.22,French,5,Noël Robert,English,4
GRU,1955,2.7007553577423096,2.8522016286849974,1,0.1289002557544757,0.24,Italian,9,Francesco Greco,Italian,9
GRU,1956,2.6920735836029053,2.848153953552246,1,0.12934560327198363,0.26,Italian,9,Marco Russo,Italian,9
GRU,1957,2.979905843734741,2.8540621519088747,0,0.12927950945324476,0.24,French,5,François L'Hôpital,Italian,9
GRU,1958,2.981635808944702,2.8537110710144042,0,0.12921348314606743,0.24,Arabic,0,مصطفى الشمري,Italian,9
GRU,1959,2.6914336681365967,2.849049997329712,1,0.1296579887697805,0.26,Polish,12,Stanisław Woźniak,Polish,12
GRU,1960,2.9404711723327637,2.8524591302871705,0,0.12959183673469388,0.26,Chinese,1,张强,Italian,9
GRU,1961,2.872232437133789,2.8506461143493653,0,0.1295257521672616,0.26,Japanese,10,中村悠斗,Polish,12
GRU,1962,2.7178711891174316,2.8478406143188475,1,0.12996941896024464,0.28,Greek,7,Νικόλαος Αλεξίου,Greek,7
GRU,1963,2.750096559524536,2.844811224937439,0,0.12990320937340805,0.28,Dutch,3,Bram Janssen,English,4
GRU,1964,2.7337489128112793,2.8445393419265748,1,0.13034623217922606,0.28,English,4,William Jones,English,4
GRU,1965,2.813772439956665,2.84549955368042,0,0.13027989821882952,0.28,Czech,2,Jan Dvořák,Polish,12
GRU,1966,2.8946421146392822,2.848700957298279,0,0.13021363173957273,0.26,Korean,11,정지훈,English,4
GRU,1967,2.969130277633667,2.8524550437927245,0,0.13014743263853584,0.26,French,5,Benoît d'Aubigné,Dutch,3
GRU,1968,2.799813985824585,2.8494336795806885,0,0.13008130081300814,0.26,Czech,2,Petr Němec,English,4
GRU,1969,2.867310047149658,2.852161521911621,0,0.13001523616048755,0.24,Japanese,10,渡辺誠,English,4
GRU,1970,2.9558050632476807,2.8571972322463988,0,0.1299492385786802,0.22,Arabic,0,يوسف العتيبي,Italian,9
GRU,1971,2.9477245807647705,2.8559622144699097,0,0.12988330796549974,0.22,German,6,Wolfgang Fischer,English,4
GRU,1972,2.8130624294281006,2.8578175830841066,0,0.12981744421906694,0.2,Czech,2,Michal Černý,Dutch,3
GRU,1973,2.94262957572937,2.8590082788467406,0,0.12975164723770907,0.2,Irish,8,Fionn Kelly,Italian,9
GRU,1974,2.9812936782836914,2.860785059928894,0,0.12968591691995948,0.2,Arabic,0,كريم الحداد,Polish,12
GRU,1975,2.697448492050171,2.854845576286316,1,0.130126582278481,0.22,Polish,12,Grzegorz Kamiński,Polish,12
GRU,1976,2.875746250152588,2.8541315507888796,0,0.13006072874493926,0.22,Portuguese,13,António Ferreira,Italian,9
GRU,1977,2.9013712406158447,2.85696879863739,0,0.12999494183105717,0.22,Portuguese,13,Miguel Rodrigues,English,4
GRU,1978,2.690715789794922,2.851727457046509,1,0.13043478260869565,0.24,Polish,12,Mateusz Kowalczyk,Polish,12
GRU,1979,2.785360813140869,2.852257475852966,0,0.1303688731682668,0.22,Vietnamese,17,Hoàng Phong,English,4
GRU,1980,2.7514917850494385,2.8475541734695433,0,0.1303030303030303,0.22,Dutch,3,Willem Janssen,English,4
GRU,1981,2.716820240020752,2.8429181003570556,1,0.13074204946996468,0.24,Greek,7,Δημήτριος Γεωργίου,Greek,7
GRU,1982,2.7854013442993164,2.8392302417755126,0,0.1306760847628658,0.24,Russian,14,Сергей Иванов,English,4
GRU,1983,2.927920341491699,2.843285164833069,0,0.13061018658598084,0.22,Chinese,1,刘明,Polish,12
GRU,1984,2.947010040283203,2.8442972040176393,0,0.1305443548387097,0.22,Arabic,0,أحمد الغامدي,Polish,12
GRU,1985,2.9364752769470215,2.843659496307373,0,0.1304785894206549,0.22,Irish,8,Oisín Kelly,Polish,12
GRU,1986,2.810481548309326,2.840289692878723,0,0.13041289023162134,0.22,Czech,2,Ondřej Černý,Dutch,3
GRU,1987,2.969398260116577,2.842130618095398,0,0.1303472571716155,0.22,French,5,Noël Robert,English,4
GRU,1988,2.963286876678467,2.841637945175171,0,0.13028169014084506,0.22,French,5,Gabriel L'Hôpital,Polish,12
GRU,1989,2.8220362663269043,2.839627590179443,0,0.13021618903971846,0.22,Czech,2,Jan Veselý,Dutch,3
GRU,1990,2.790644645690918,2.8403290367126464,0,0.13015075376884422,0.22,Czech,2,Jakub Černý,Dutch,3
GRU,1991,2.9399352073669434,2.8445805215835573,0,0.13008538422903063,0.2,Scottish,15,Alasdair Robertson,English,4
GRU,1992,2.9477055072784424,2.8483155012130736,0,0.13002008032128515,0.2,Arabic,0,سعيد الهاشمي,Polish,12
GRU,1993,2.946521520614624,2.849394736289978,0,0.12995484194681384,0.2,French,5,Nicolas Dubois,Polish,12
GRU,1994,2.8624563217163086,2.849269380569458,0,0.12988966900702106,0.2,Portuguese,13,João Ferreira,Italian,9
GRU,1995,2.925049066543579,2.8536508655548096,0,0.12982456140350876,0.18,Chinese,1,李丽,Czech,2
GRU,1996,2.914917469024658,2.8566913032531738,0,0.12975951903807614,0.18,Japanese,10,高橋大輔,Polish,12
GRU,1997,2.9466421604156494,2.8600945329666136,0,0.12969454181271908,0.18,German,6,Jürgen Meyer,English,4
GRU,1998,2.8403170108795166,2.8621565008163454,0,0.12962962962962962,0.16,Vietnamese,17,Đặng Đức,Czech,2
GRU,1999,2.7824692726135254,2.859886050224304,0,0.1295647823911956,0.16,Vietnamese,17,Phạm Hoàng,English,4
GRU,2000,2.707475423812866,2.855145058631897,1,0.13,0.18,Italian,9,Riccardo Esposito,Italian,9
